codigo_region,region,edificio_id,nombre_comuna,setpoint_c,wall_u_multiplier,window_u_multiplier,infiltration_multiplier,heating_demand_kwh,redpe_mid_m3st_per_consumer,simulated_wood_volume_stere,relative_volume_error,assigned_fuel_energy_kwh,unallocated_fuel_energy_kwh,unmet_heating_energy_kwh,storage_spill_energy_kwh,wood_mass_kg,event_count,selection_score,u_wall_1,u_window,n_air_infiltration,thermal_zone,model_persons,model_area_m2
12,Magallanes,2577343,Natales,22.0,1.0,1.0,1.0,19725.995518649404,23.345,14.125714285714286,-0.394914787504207,26368.0,17212.0,6547.549436810647,0.0,6328.320000000001,1648,0.4249632016244945,0.5825,4.033895857539418,0.8,I,3,76.0
12,Magallanes,2577343,Natales,22.0,1.0,1.0,1.5,22774.940310761733,23.345,15.882857142857143,-0.3196462992993299,29648.0,13932.0,7954.835209794117,0.0,7115.52,1853,0.3561531153149064,0.5825,4.033895857539418,1.2000000000000002,I,3,76.0
12,Magallanes,2577343,Natales,22.0,1.0,1.0,2.0,25825.03467207252,23.345,17.305714285714288,-0.25869718202123415,32304.0,11276.0,9675.114806568949,0.0,7752.960000000001,2019,0.3030988103212293,0.5825,4.033895857539418,1.6,I,3,76.0
12,Magallanes,2577343,Natales,22.0,1.0,1.0,2.5,28876.068564921956,23.345,18.642857142857142,-0.20141969831410825,34800.0,8780.0,11484.000197957184,0.0,8352.0,2175,0.25412277402754185,0.5825,4.033895857539418,2.0,I,3,76.0
12,Magallanes,2577343,Natales,22.0,1.0,1.0,3.0,31927.831566726854,23.345,19.645714285714284,-0.15846158553376374,36672.0,6908.0,13597.315374153932,0.0,8801.28,2292,0.2208632164385546,0.5825,4.033895857539418,2.4000000000000004,I,3,76.0
12,Magallanes,2577343,Natales,22.0,1.0,1.5,1.0,22058.862882069774,23.345,15.548571428571428,-0.3339656702261114,29024.0,14556.0,7551.0185038087175,0.0,6965.76,1814,0.36861926592968514,0.5825,6.050843786309128,0.8,I,3,76.0
12,Magallanes,2577343,Natales,22.0,1.0,1.5,1.5,25062.479011256397,23.345,16.911428571428573,-0.2755866964476944,31568.0,12012.0,9280.866575853126,0.0,7576.320000000001,1973,0.3181790166673049,0.5825,6.050843786309128,1.2000000000000002,I,3,76.0
12,Magallanes,2577343,Natales,22.0,1.0,1.5,2.0,28066.998702184417,23.345,18.36,-0.21353608909830799,34272.0,9308.0,10939.271408611748,0.0,8225.28,2142,0.2637392621529741,0.5825,6.050843786309128,1.6,I,3,76.0
12,Magallanes,2577343,Natales,22.0,1.0,1.5,2.5,31072.260507108076,23.345,19.388571428571428,-0.16947648624667258,36192.0,7388.0,12982.107874281768,0.0,8686.08,2262,0.22905476928605656,0.5825,6.050843786309128,2.0,I,3,76.0
12,Magallanes,2577343,Natales,22.0,1.0,1.5,3.0,34077.9131976173,23.345,20.502857142857145,-0.12174524982406741,38272.0,5308.0,14945.194195925611,0.0,9185.28,2392,0.1903326486121611,0.5825,6.050843786309128,2.4000000000000004,I,3,76.0
12,Magallanes,2577343,Natales,22.0,1.0,2.0,1.0,24327.152617689335,23.345,16.68,-0.28550010708931245,31136.0,12444.0,8761.82299891642,0.0,7472.64,1946,0.3257104007970519,0.5825,8.067791715078837,0.8,I,3,76.0
12,Magallanes,2577343,Natales,22.0,1.0,2.0,1.5,27286.452534558848,23.345,18.085714285714285,-0.22528531652541073,33760.0,9820.0,10415.044329555003,0.0,8102.4,2110,0.2730826746234144,0.5825,8.067791715078837,1.2000000000000002,I,3,76.0
12,Magallanes,2577343,Natales,22.0,1.0,2.0,2.0,30246.555771430947,23.345,19.165714285714287,-0.17902273353119347,35776.0,7804.0,12364.732820725436,0.0,8586.24,2236,0.23576772123530285,0.5825,8.067791715078837,1.6,I,3,76.0
12,Magallanes,2577343,Natales,22.0,1.0,2.0,2.5,33206.968698926976,23.345,20.314285714285713,-0.12982284368020072,37920.0,5660.0,14250.616324308925,0.0,9100.8,2370,0.19522264324104938,0.5825,8.067791715078837,2.0,I,3,76.0
12,Magallanes,2577343,Natales,22.0,1.0,2.0,3.0,36167.78725602274,23.345,21.171428571428567,-0.09310650797050468,39520.0,4060.0,16408.875897047656,0.0,9484.8,2470,0.1684111242947252,0.5825,8.067791715078837,2.4000000000000004,I,3,76.0
12,Magallanes,2577343,Natales,22.0,1.0,2.5,1.0,26533.05121432878,23.345,17.708571428571428,-0.24144050423767707,33056.0,10524.0,10013.941050372345,0.0,7933.4400000000005,2066,0.2873970946478301,0.5825,10.084739643848547,0.8,I,3,76.0
12,Magallanes,2577343,Natales,22.0,1.0,2.5,1.5,29449.284094637624,23.345,18.925714285714285,-0.18930330752990848,35328.0,8252.0,11791.76651436886,0.0,8478.72,2208,0.24341880323605286,0.5825,10.084739643848547,1.2000000000000002,I,3,76.0
12,Magallanes,2577343,Natales,22.0,1.0,2.5,2.0,32365.740956273352,23.345,19.99714285714286,-0.14340788789278805,37328.0,6252.0,13705.726962360286,0.0,8958.720000000001,2333,0.206307047885263,0.5825,10.084739643848547,1.6,I,3,76.0
12,Magallanes,2577343,Natales,22.0,1.0,2.5,2.5,35282.57011277913,23.345,20.914285714285715,-0.10412140868341334,39040.0,4540.0,15764.041331538121,0.0,9369.6,2440,0.1764667108015323,0.5825,10.084739643848547,2.0,I,3,76.0
12,Magallanes,2577343,Natales,22.0,1.0,2.5,3.0,38199.82900162731,23.345,21.737142857142857,-0.06887372640210504,40576.0,3004.0,17918.785442523742,0.0,9738.24,2536,0.15110771191162198,0.5825,10.084739643848547,2.4000000000000004,I,3,76.0
12,Magallanes,2577343,Natales,22.0,1.0,3.0,1.0,28679.080544436714,23.345,18.771428571428572,-0.19591224795765375,35040.0,8540.0,11165.845402750241,0.0,8409.6,2190,0.24715522823645247,0.5825,12.101687572618255,0.8,I,3,76.0
12,Magallanes,2577343,Natales,22.0,1.0,3.0,1.5,31552.83858641901,23.345,19.654285714285717,-0.15809442217666664,36688.0,6892.0,13213.138963722917,0.0,8805.12,2293,0.21873296721440375,0.5825,12.101687572618255,1.2000000000000002,I,3,76.0
12,Magallanes,2577343,Natales,22.0,1.0,3.0,2.0,34426.9240067448,23.345,20.76,-0.1107303491111586,38752.0,4828.0,15052.752474315324,0.0,9300.480000000001,2422,0.17981136092536387,0.5825,12.101687572618255,1.6,I,3,76.0
12,Magallanes,2577343,Natales,22.0,1.0,3.0,2.5,37301.40850885981,23.345,21.46285714285714,-0.08062295382920796,40064.0,3516.0,17269.408508859808,0.0,9615.359999999999,2504,0.15987677901901892,0.5825,12.101687572618255,2.0,I,3,76.0
12,Magallanes,2577343,Natales,22.0,1.0,3.0,3.0,40176.13274373311,23.345,22.23428571428571,-0.04757825169048137,41504.0,2076.0,19429.017414394802,0.0,9960.96,2594,0.13674308608421612,0.5825,12.101687572618255,2.4000000000000004,I,3,76.0
12,Magallanes,2577343,Natales,22.0,1.5,1.0,1.0,21665.579674103366,23.345,15.19714285714286,-0.34901936786708676,28368.0,15212.0,7486.752056842032,0.0,6808.320000000001,1773,0.3833780280637,0.87375,4.033895857539418,0.8,I,3,76.0
12,Magallanes,2577343,Natales,22.0,1.5,1.0,1.5,24642.627048978422,23.345,16.697142857142858,-0.2847657803751185,31168.0,12412.0,9062.145989267954,0.0,7480.320000000001,1948,0.32635433470861075,0.87375,4.033895857539418,1.2000000000000002,I,3,76.0
12,Magallanes,2577343,Natales,22.0,1.5,1.0,2.0,27620.704920623255,23.345,18.025714285714287,-0.2278554600250894,33648.0,9932.0,10798.466107491124,0.0,8075.52,2103,0.2774124407845714,0.87375,4.033895857539418,1.6,I,3,76.0
12,Magallanes,2577343,Natales,22.0,1.5,1.0,2.5,30599.649869970024,23.345,19.114285714285717,-0.18122571367377519,35680.0,7900.0,12767.342545742908,0.0,8563.2,2230,0.23981838253904783,0.87375,4.033895857539418,2.0,I,3,76.0
12,Magallanes,2577343,Natales,22.0,1.5,1.0,3.0,33579.37862205362,23.345,20.202857142857145,-0.1345959673224611,37712.0,5868.0,14728.702188215531,0.0,9050.880000000001,2357,0.2021898277548408,0.87375,4.033895857539418,2.4000000000000004,I,3,76.0
12,Magallanes,2577343,Natales,22.0,1.5,1.5,1.0,23922.957134128912,23.345,16.388571428571428,-0.29798366123060915,30592.0,12988.0,8630.73862729745,0.0,7342.08,1912,0.3375923745270637,0.87375,6.050843786309128,0.8,I,3,76.0
12,Magallanes,2577343,Natales,22.0,1.5,1.5,1.5,26856.57822290581,23.345,17.717142857142857,-0.24107334088058008,33072.0,10508.0,10322.64847038107,0.0,7937.28,2067,0.28844667025360016,0.87375,6.050843786309128,1.2000000000000002,I,3,76.0
12,Magallanes,2577343,Natales,22.0,1.5,1.5,2.0,29791.054358095185,23.345,18.84857142857143,-0.19260777774378113,35184.0,8396.0,12207.088664372466,0.0,8444.16,2199,0.2486292952489324,0.87375,6.050843786309128,1.6,I,3,76.0
12,Magallanes,2577343,Natales,22.0,1.5,1.5,2.5,32726.32093852475,23.345,19.945714285714285,-0.14561086803537007,37232.0,6348.0,14116.011358480951,0.0,8935.68,2327,0.21039293025877967,0.87375,6.050843786309128,2.0,I,3,76.0
12,Magallanes,2577343,Natales,22.0,1.5,1.5,3.0,35662.03817649709,23.345,20.888571428571428,-0.10522289875470427,38992.0,4588.0,16169.210186399285,0.0,9358.08,2437,0.1794276265491021,0.87375,6.050843786309128,2.4000000000000004,I,3,76.0
12,Magallanes,2577343,Natales,22.0,1.5,2.0,1.0,26119.014371833775,23.345,17.425714285714285,-0.2535568950218768,32528.0,11052.0,9857.368142653491,0.0,7806.72,2033,0.2987949314727877,0.87375,8.067791715078837,0.8,I,3,76.0
12,Magallanes,2577343,Natales,22.0,1.5,2.0,1.5,29010.22097402974,23.345,18.642857142857142,-0.20141969831410825,34800.0,8780.0,11618.575514847138,0.0,8352.0,2175,0.25474037529826216,0.87375,8.067791715078837,1.2000000000000002,I,3,76.0
12,Magallanes,2577343,Natales,22.0,1.5,2.0,2.0,31902.27431364917,23.345,19.62857142857143,-0.15919591224795757,36640.0,6940.0,13588.294440119058,0.0,8793.6,2290,0.22155614373083532,0.87375,8.067791715078837,1.6,I,3,76.0
12,Magallanes,2577343,Natales,22.0,1.5,2.0,2.5,34794.73562208576,23.345,20.65714285714286,-0.11513630939632215,38560.0,5020.0,15518.27958661017,0.0,9254.4,2410,0.18635374669145832,0.87375,8.067791715078837,2.0,I,3,76.0
12,Magallanes,2577343,Natales,22.0,1.5,2.0,3.0,37687.40476707601,23.345,21.437142857142856,-0.08172444390049874,40016.0,3564.0,17680.438346478153,0.0,9603.84,2501,0.1628645923469336,0.87375,8.067791715078837,2.4000000000000004,I,3,76.0
12,Magallanes,2577343,Natales,22.0,1.5,2.5,1.0,28255.85980838083,23.345,18.394285714285715,-0.21206743566992006,34336.0,9244.0,11096.514083017173,0.0,8240.640000000001,2146,0.2629922364180484,0.87375,10.084739643848547,0.8,I,3,76.0
12,Magallanes,2577343,Natales,22.0,1.5,2.5,1.5,31105.882825221408,23.345,19.422857142857143,-0.16800783281828466,36256.0,7324.0,12984.208866566318,0.0,8701.44,2266,0.22759575785989236,0.87375,10.084739643848547,1.2000000000000002,I,3,76.0
12,Magallanes,2577343,Natales,22.0,1.5,2.5,2.0,33956.28204729588,23.345,20.47714285714286,-0.12284673989535834,38224.0,5356.0,14848.164680655236,0.0,9173.76,2389,0.19098884490066004,0.87375,10.084739643848547,1.6,I,3,76.0
12,Magallanes,2577343,Natales,22.0,1.5,2.5,2.5,36806.91294554279,23.345,21.24,-0.09016920111372888,39648.0,3932.0,16984.325948253223,0.0,9515.52,2478,0.16811470798960415,0.87375,10.084739643848547,2.0,I,3,76.0
12,Magallanes,2577343,Natales,22.0,1.5,2.5,3.0,39657.874966694144,23.345,22.011428571428574,-0.05712449897500213,41088.0,2492.0,19113.874966694155,0.0,9861.12,2568,0.14484306238341954,0.87375,10.084739643848547,2.4000000000000004,I,3,76.0
12,Magallanes,2577343,Natales,22.0,1.5,3.0,1.0,30335.868253011595,23.345,19.165714285714287,-0.17902273353119347,35776.0,7804.0,12454.477741193086,0.0,8586.24,2236,0.2361795841103265,0.87375,12.101687572618255,0.8,I,3,76.0
12,Magallanes,2577343,Natales,22.0,1.5,3.0,1.5,33145.35212093518,23.345,20.228571428571428,-0.13349447725117033,37760.0,5820.0,14269.548196514861,0.0,9062.4,2360,0.1989811601172321,0.87375,12.101687572618255,1.2000000000000002,I,3,76.0
12,Magallanes,2577343,Natales,22.0,1.5,3.0,2.0,35955.07916157404,23.345,21.077142857142857,-0.09714530489857111,39344.0,4236.0,16284.846864115774,0.0,9442.56,2459,0.1718807196030951,0.87375,12.101687572618255,1.6,I,3,76.0
12,Magallanes,2577343,Natales,22.0,1.5,3.0,2.5,38765.10564008918,23.345,21.78857142857143,-0.0666707462595232,40672.0,2908.0,18429.105640089183,0.0,9761.28,2542,0.1512467244150495,0.87375,12.101687572618255,2.0,I,3,76.0
12,Magallanes,2577343,Natales,22.0,1.5,3.0,3.0,41575.40946010876,23.345,22.431428571428572,-0.039133494477251084,41872.0,1708.0,20644.32044101241,0.0,10049.28,2617,0.1338756718109473,0.87375,12.101687572618255,2.4000000000000004,I,3,76.0
12,Magallanes,2577343,Natales,22.0,2.0,1.0,1.0,23524.575511620464,23.345,16.08,-0.31120154208609985,30016.0,13564.0,8521.394993630607,0.0,7203.84,1876,0.3503084488948681,1.165,4.033895857539418,0.8,I,3,76.0
12,Magallanes,2577343,Natales,22.0,2.0,1.0,1.5,26432.90217207366,23.345,17.4,-0.25465838509316774,32480.0,11100.0,10196.080916896924,0.0,7795.2,2030,0.30145086291279566,1.165,4.033895857539418,1.2000000000000002,I,3,76.0
12,Magallanes,2577343,Natales,22.0,2.0,1.0,2.0,29342.120840903863,23.345,18.625714285714285,-0.20215402502830218,34768.0,8812.0,11959.600127878753,0.0,8344.32,2173,0.25703975301306015,1.165,4.033895857539418,1.6,I,3,76.0
12,Magallanes,2577343,Natales,22.0,2.0,1.0,2.5,32252.136357276075,23.345,19.594285714285714,-0.16066456567634546,36576.0,7004.0,13971.634814886762,0.0,8778.24,2286,0.2247840462403049,1.165,4.033895857539418,2.0,I,3,76.0
12,Magallanes,2577343,Natales,22.0,2.0,1.0,3.0,35163.00116392136,23.345,20.622857142857146,-0.1166049628247099,38496.0,5084.0,15920.214481999408,0.0,9239.04,2406,0.18966698431162782,1.165,4.033895857539418,2.4000000000000004,I,3,76.0
12,Magallanes,2577343,Natales,22.0,2.0,1.5,1.0,25710.778773852468,23.345,17.125714285714285,-0.2664076125202705,31968.0,11612.0,9730.221390067243,0.0,7672.320000000001,1998,0.3110621393218641,1.165,6.050843786309128,0.8,I,3,76.0
12,Magallanes,2577343,Natales,22.0,2.0,1.5,1.5,28577.451950804112,23.345,18.377142857142857,-0.21280176238411402,34304.0,9276.0,11427.241275736695,0.0,8232.960000000001,2144,0.26524435658207957,1.165,6.050843786309128,1.2000000000000002,I,3,76.0
12,Magallanes,2577343,Natales,22.0,2.0,1.5,2.0,31444.93008722604,23.345,19.345714285714283,-0.17131230303215744,36112.0,7468.0,13396.770048644697,0.0,8666.88,2257,0.2327935790699945,1.165,6.050843786309128,1.6,I,3,76.0
12,Magallanes,2577343,Natales,22.0,2.0,1.5,2.5,34313.18438501244,23.345,20.40857142857143,-0.12578404675213398,38096.0,5484.0,15270.76789833268,0.0,9143.04,2381,0.19586558827729544,1.165,6.050843786309128,2.0,I,3,76.0
12,Magallanes,2577343,Natales,22.0,2.0,1.5,3.0,37182.04070565404,23.345,21.205714285714286,-0.09163785454211662,39584.0,3996.0,17393.15525390254,0.0,9500.16,2474,0.1714595858587873,1.165,6.050843786309128,2.4000000000000004,I,3,76.0
12,Magallanes,2577343,Natales,22.0,2.0,2.0,1.0,27838.666477907307,23.345,18.068571428571428,-0.2260196432396047,33728.0,9852.0,10976.723383929004,0.0,8094.72,2108,0.276394693188797,1.165,8.067791715078837,0.8,I,3,76.0
12,Magallanes,2577343,Natales,22.0,2.0,2.0,1.5,30664.748427210772,23.345,19.08857142857143,-0.1823272037450661,35632.0,7948.0,12856.90414270858,0.0,8551.68,2227,0.24133089416594072,1.165,8.067791715078837,1.2000000000000002,I,3,76.0
12,Magallanes,2577343,Natales,22.0,2.0,2.0,2.0,33491.57719397157,23.345,20.15142857142857,-0.13679894746504295,37616.0,5964.0,14689.493668980429,0.0,9027.84,2351,0.20421286976417297,1.165,8.067791715078837,1.6,I,3,76.0
12,Magallanes,2577343,Natales,22.0,2.0,2.0,2.5,36319.05943374506,23.345,21.00857142857143,-0.10008261175534676,39216.0,4364.0,16714.543443954768,0.0,9411.84,2451,0.17679001627097213,1.165,8.067791715078837,2.0,I,3,76.0
12,Magallanes,2577343,Natales,22.0,2.0,2.0,3.0,39146.58899104585,23.345,21.72,-0.069608053116299,40544.0,3036.0,18875.617966776128,0.0,9730.56,2534,0.1562331929362904,1.165,8.067791715078837,2.4000000000000004,I,3,76.0
12,Magallanes,2577343,Natales,22.0,2.0,2.5,1.0,29910.330634388516,23.345,18.891428571428573,-0.19077196095829624,35264.0,8316.0,12286.774053736874,0.0,8463.36,2204,0.2471591755234035,1.165,10.084739643848547,0.8,I,3,76.0
12,Magallanes,2577343,Natales,22.0,2.0,2.5,1.5,32696.88189521731,23.345,19.877142857142854,-0.14854817489214586,37104.0,6476.0,14151.103907508717,0.0,8904.96,2319,0.21349128598672465,1.165,10.084739643848547,1.2000000000000002,I,3,76.0
12,Magallanes,2577343,Natales,22.0,2.0,2.5,2.0,35484.076749957145,23.345,20.751428571428573,-0.11109751246825557,38736.0,4844.0,16119.905855273548,0.0,9296.640000000001,2421,0.18507596981232877,1.165,10.084739643848547,1.6,I,3,76.0
12,Magallanes,2577343,Natales,22.0,2.0,2.5,2.5,38271.308367347454,23.345,21.53142857142857,-0.07768564697243216,40192.0,3388.0,18176.71286406183,0.0,9646.08,2512,0.16110332877170627,1.165,10.084739643848547,2.0,I,3,76.0
12,Magallanes,2577343,Natales,22.0,2.0,2.5,3.0,41058.93579702709,23.345,22.217142857142857,-0.04831257840467517,41472.0,2108.0,20322.93579702709,0.0,9953.28,2592,0.1415798376842855,1.165,10.084739643848547,2.4000000000000004,I,3,76.0
12,Magallanes,2577343,Natales,22.0,2.0,3.0,1.0,31927.852875849832,23.345,19.66285714285714,-0.15772725881956995,36704.0,6876.0,13582.35841375091,0.0,8808.96,2294,0.22006024832737586,1.165,12.101687572618255,0.8,I,3,76.0
12,Magallanes,2577343,Natales,22.0,2.0,3.0,1.5,34675.82375606967,23.345,20.640000000000004,-0.11587063611051596,38528.0,5052.0,15415.966703203887,0.0,9246.720000000001,2408,0.18661853286684404,1.165,12.101687572618255,1.2000000000000002,I,3,76.0
12,Magallanes,2577343,Natales,22.0,2.0,3.0,2.0,37423.868372472825,23.345,21.385714285714283,-0.0839274240430806,39920.0,3660.0,17465.62425709982,0.0,9580.8,2495,0.1640817345391789,1.165,12.101687572618255,1.6,I,3,76.0
12,Magallanes,2577343,Natales,22.0,2.0,3.0,2.5,40172.24541503813,23.345,22.08,-0.054187192118226625,41216.0,2364.0,19564.245415038135,0.0,9891.84,2576,0.14397262311886055,1.165,12.101687572618255,2.0,I,3,76.0
12,Magallanes,2577343,Natales,22.0,2.0,3.0,3.0,42920.88772665109,23.345,22.56857142857143,-0.03325888076369962,42128.0,1452.0,21861.869508076168,0.0,10110.720000000001,2633,0.13358870870347092,1.165,12.101687572618255,2.4000000000000004,I,3,76.0
12,Magallanes,2577343,Natales,22.0,2.5,1.0,1.0,25308.38225378307,23.345,16.84285714285714,-0.27852400330447025,31440.0,12140.0,9592.874164270968,0.0,7545.6,1965,0.32254820782154675,1.45625,4.033895857539418,0.8,I,3,76.0
12,Magallanes,2577343,Natales,22.0,2.5,1.0,1.5,28150.822462789405,23.345,18.017142857142858,-0.22822262338218638,33632.0,9948.0,11337.693349863222,0.0,8071.679999999999,2102,0.28025425876476195,1.45625,4.033895857539418,1.2000000000000002,I,3,76.0
12,Magallanes,2577343,Natales,22.0,2.5,1.0,2.0,30994.164464011865,23.345,19.097142857142856,-0.18196004038796929,35648.0,7932.0,13171.39522763591,0.0,8555.52,2228,0.2424070125203048,1.45625,4.033895857539418,1.6,I,3,76.0
12,Magallanes,2577343,Natales,22.0,2.5,1.0,2.5,33838.2421228764,23.345,20.09142857142857,-0.13936909096472178,37504.0,6076.0,15093.586998370054,0.0,9000.96,2344,0.20863750307289092,1.45625,4.033895857539418,2.0,I,3,76.0
12,Magallanes,2577343,Natales,22.0,2.5,1.0,3.0,36683.180054408134,23.345,20.931428571428572,-0.10338708196921939,39072.0,4508.0,17152.319411680353,0.0,9377.28,2442,0.18210355471671988,1.45625,4.033895857539418,2.4000000000000004,I,3,76.0
12,Magallanes,2577343,Natales,22.0,2.5,1.5,1.0,27427.260965625377,23.345,17.759999999999998,-0.23923752409509536,33152.0,10428.0,10854.396579310187,0.0,7956.48,2072,0.28905118439482086,1.45625,6.050843786309128,0.8,I,3,76.0
12,Magallanes,2577343,Natales,22.0,2.5,1.5,1.5,30229.8434624777,23.345,18.839999999999996,-0.19297494110087826,35168.0,8412.0,12647.363639974335,0.0,8440.32,2198,0.25101699543761224,1.45625,6.050843786309128,1.2000000000000002,I,3,76.0
12,Magallanes,2577343,Natales,22.0,2.5,1.5,2.0,33033.20137677551,23.345,19.834285714285716,-0.15038399167763045,37024.0,6556.0,14528.87083626653,0.0,8885.76,2314,0.2170607738541634,1.45625,6.050843786309128,1.6,I,3,76.0
12,Magallanes,2577343,Natales,22.0,2.5,1.5,2.5,35837.29299581253,23.345,20.708571428571428,-0.11293332925374044,38656.0,4924.0,16514.80826008526,0.0,9277.44,2416,0.18872409685394817,1.45625,6.050843786309128,2.0,I,3,76.0
12,Magallanes,2577343,Natales,22.0,2.5,1.5,3.0,38642.11526704593,23.345,21.488571428571433,-0.07952146375791673,40112.0,3468.0,18589.220123268507,0.0,9626.880000000001,2507,0.16483224908728117,1.45625,6.050843786309128,2.4000000000000004,I,3,76.0
12,Magallanes,2577343,Natales,22.0,2.5,2.0,1.0,29490.717539075675,23.345,18.634285714285713,-0.20178686167120521,34784.0,8796.0,12100.502832455746,0.0,8348.16,2174,0.2573192289610434,1.45625,8.067791715078837,0.8,I,3,76.0
12,Magallanes,2577343,Natales,22.0,2.5,2.0,1.5,32254.457243556575,23.345,19.60285714285714,-0.16029740231924863,36592.0,6988.0,13966.432666146911,0.0,8782.08,2287,0.2243930088642092,1.45625,8.067791715078837,1.2000000000000002,I,3,76.0
12,Magallanes,2577343,Natales,22.0,2.5,2.0,2.0,35018.80194499031,23.345,20.528571428571425,-0.12064375975277679,38320.0,5260.0,15864.66418647974,0.0,9196.8,2395,0.1934508464277641,1.45625,8.067791715078837,1.6,I,3,76.0
12,Magallanes,2577343,Natales,22.0,2.5,2.0,2.5,37783.98647382096,23.345,21.3,-0.08759905761405004,39760.0,3820.0,17907.457596303746,0.0,9542.4,2485,0.16978105667923474,1.45625,8.067791715078837,2.0,I,3,76.0
12,Magallanes,2577343,Natales,22.0,2.5,2.0,3.0,40549.21433403081,23.345,21.94285714285714,-0.06006180583177809,40960.0,2620.0,20070.2856450179,0.0,9830.4,2560,0.15216958758954724,1.45625,8.067791715078837,2.4000000000000004,I,3,76.0
12,Magallanes,2577343,Natales,22.0,2.5,2.5,1.0,31500.788296527968,23.345,19.32,-0.17241379310344823,36064.0,7516.0,13477.05177798772,0.0,8655.36,2254,0.23426350296112478,1.45625,10.084739643848547,0.8,I,3,76.0
12,Magallanes,2577343,Natales,22.0,2.5,2.5,1.5,34226.46510216179,23.345,20.331428571428575,-0.12908851696600662,37952.0,5628.0,15256.631680420622,0.0,9108.480000000001,2372,0.19910518369579377,1.45625,10.084739643848547,1.2000000000000002,I,3,76.0
12,Magallanes,2577343,Natales,22.0,2.5,2.5,2.0,36953.03788676753,23.345,21.154285714285717,-0.09384083468469832,39488.0,4092.0,17212.85146928598,0.0,9477.12,2468,0.17283510485122416,1.45625,10.084739643848547,1.6,I,3,76.0
12,Magallanes,2577343,Natales,22.0,2.5,2.5,2.5,39679.62374450292,23.345,21.831428571428575,-0.06483492947403831,40752.0,2828.0,19305.066011839644,0.0,9780.480000000001,2547,0.1534309185141468,1.45625,10.084739643848547,2.0,I,3,76.0
12,Magallanes,2577343,Natales,22.0,2.5,2.5,3.0,42406.55793353401,23.345,22.388571428571428,-0.04096931126273596,41792.0,1788.0,21510.557933534,0.0,10030.08,2612,0.1396868786493078,1.45625,10.084739643848547,2.4000000000000004,I,3,76.0
12,Magallanes,2577343,Natales,22.0,2.5,3.0,1.0,33459.11288052991,23.345,20.125714285714288,-0.13790043753633374,37568.0,6012.0,14681.562231183962,0.0,9016.320000000002,2348,0.20527796039628768,1.45625,12.101687572618255,0.8,I,3,76.0
12,Magallanes,2577343,Natales,22.0,2.5,3.0,1.5,36148.0518869474,23.345,20.948571428571427,-0.10265275525502558,39104.0,4476.0,16600.18537726147,0.0,9384.96,2444,0.1788353407403926,1.45625,12.101687572618255,1.2000000000000002,I,3,76.0
12,Magallanes,2577343,Natales,22.0,2.5,3.0,2.0,38837.04457151478,23.345,21.65142857142857,-0.07254535997307465,40416.0,3164.0,18630.8342334238,0.0,9699.84,2526,0.15804712332059095,1.45625,12.101687572618255,1.6,I,3,76.0
12,Magallanes,2577343,Natales,22.0,2.5,3.0,2.5,41526.332432940326,23.345,22.294285714285714,-0.04500810819080254,41616.0,1964.0,20718.332432940322,0.0,9987.84,2601,0.1400899458821303,1.45625,12.101687572618255,2.0,I,3,76.0
12,Magallanes,2577343,Natales,22.0,2.5,3.0,3.0,44215.849177907614,23.345,22.69714285714286,-0.02775143040724514,42368.0,1212.0,23036.943202581824,0.0,10168.320000000002,2648,0.1334739783768726,1.45625,12.101687572618255,2.4000000000000004,I,3,76.0
12,Magallanes,2577343,Natales,22.0,3.0,1.0,1.0,27021.975911581605,23.345,17.46,-0.2520882415934889,32592.0,10988.0,10730.164310076945,0.0,7822.08,2037,0.30133176756906005,1.7475,4.033895857539418,0.8,I,3,76.0
12,Magallanes,2577343,Natales,22.0,3.0,1.0,1.5,29801.240656210997,23.345,18.514285714285712,-0.20692714867056272,34560.0,9020.0,12523.83297769091,0.0,8294.4,2160,0.2644022885406449,1.7475,4.033895857539418,1.2000000000000002,I,3,76.0
12,Magallanes,2577343,Natales,22.0,3.0,1.0,2.0,32581.286921980274,23.345,19.482857142857142,-0.165437689318606,36368.0,7212.0,14398.283321843475,0.0,8728.32,2273,0.23151517129126997,1.7475,4.033895857539418,1.6,I,3,76.0
12,Magallanes,2577343,Natales,22.0,3.0,1.0,2.5,35362.22897862635,23.345,20.39142857142857,-0.1265183734663281,38064.0,5516.0,16337.429271127097,0.0,9135.359999999999,2379,0.2014951025674162,1.7475,4.033895857539418,2.0,I,3,76.0
12,Magallanes,2577343,Natales,22.0,3.0,1.0,3.0,38143.99393472345,23.345,21.248571428571424,-0.08980203775663205,39664.0,3916.0,18317.091822435388,0.0,9519.359999999999,2479,0.17386395525289358,1.7475,4.033895857539418,2.4000000000000004,I,3,76.0
12,Magallanes,2577343,Natales,22.0,3.0,1.5,1.0,29077.173354190265,23.345,18.325714285714287,-0.2150047425266957,34208.0,9372.0,11976.03083822521,0.0,8209.92,2138,0.2699658753317678,1.7475,6.050843786309128,0.8,I,3,76.0
12,Magallanes,2577343,Natales,22.0,3.0,1.5,1.5,31818.095986193028,23.345,19.32,-0.17241379310344823,36064.0,7516.0,13787.370639045765,0.0,8655.36,2254,0.23568763724776107,1.7475,6.050843786309128,1.2000000000000002,I,3,76.0
12,Magallanes,2577343,Natales,22.0,3.0,1.5,2.0,34560.03437838578,23.345,20.245714285714286,-0.13276015053697637,37792.0,5788.0,15671.558128493702,0.0,9070.08,2362,0.20468102308628203,1.7475,6.050843786309128,1.6,I,3,76.0
12,Magallanes,2577343,Natales,22.0,3.0,1.5,2.5,37302.61870673631,23.345,21.077142857142857,-0.09714530489857111,39344.0,4236.0,17636.090208608344,0.0,9442.56,2459,0.17808192815973836,1.7475,6.050843786309128,2.0,I,3,76.0
12,Magallanes,2577343,Natales,22.0,3.0,1.5,3.0,40046.028726898425,23.345,21.754285714285718,-0.06813939968791094,40608.0,2972.0,19745.1682319622,0.0,9745.920000000002,2538,0.15875513273959613,1.7475,6.050843786309128,2.4000000000000004,I,3,76.0
12,Magallanes,2577343,Natales,22.0,3.0,2.0,1.0,31079.45165087115,23.345,19.08,-0.18269436710216325,35616.0,7964.0,13272.991507340801,0.0,8547.84,2226,0.2436075910917952,1.7475,8.067791715078837,0.8,I,3,76.0
12,Magallanes,2577343,Natales,22.0,3.0,2.0,1.5,33783.40180637267,23.345,20.03142857142857,-0.14193923446440046,37392.0,6188.0,15095.230890943565,0.0,8974.08,2337,0.2112151908248574,1.7475,8.067791715078837,1.2000000000000002,I,3,76.0
12,Magallanes,2577343,Natales,22.0,3.0,2.0,2.0,36487.86849390832,23.345,20.905714285714286,-0.10448857204051032,39024.0,4556.0,16981.691271688826,0.0,9365.76,2439,0.18242198769764123,1.7475,8.067791715078837,1.6,I,3,76.0
12,Magallanes,2577343,Natales,22.0,3.0,2.0,2.5,39193.20035058837,23.345,21.59142857142857,-0.07511550347275348,40304.0,3276.0,19044.702301889483,0.0,9672.96,2519,0.16251661545939636,1.7475,8.067791715078837,2.0,I,3,76.0
12,Magallanes,2577343,Natales,22.0,3.0,2.0,3.0,41898.80855202726,23.345,22.14857142857143,-0.05124988526145082,41344.0,2236.0,21227.962818058204,0.0,9922.56,2584,0.14867054986933612,1.7475,8.067791715078837,2.4000000000000004,I,3,76.0
12,Magallanes,2577343,Natales,22.0,3.0,2.5,1.0,33031.16217481119,23.345,19.808571428571426,-0.1514854817489215,36976.0,6604.0,14551.279156103483,0.0,8874.24,2311,0.21826510155664747,1.7475,10.084739643848547,0.8,I,3,76.0
12,Magallanes,2577343,Natales,22.0,3.0,2.5,1.5,35698.522190478194,23.345,20.65714285714286,-0.11513630939632215,38560.0,5020.0,16424.6657127586,0.0,9254.4,2410,0.19051338930801834,1.7475,10.084739643848547,1.2000000000000002,I,3,76.0
12,Magallanes,2577343,Natales,22.0,3.0,2.5,2.0,38366.77428557684,23.345,21.36,-0.08502891411437137,39872.0,3708.0,18434.615420236652,0.0,9569.28,2492,0.16963017808975756,1.7475,10.084739643848547,1.6,I,3,76.0
12,Magallanes,2577343,Natales,22.0,3.0,2.5,2.5,41035.32308003844,23.345,21.97714285714286,-0.05859315240339003,41024.0,2556.0,20524.8462419894,0.0,9845.76,2564,0.15278703143959654,1.7475,10.084739643848547,2.0,I,3,76.0
12,Magallanes,2577343,Natales,22.0,3.0,2.5,3.0,43703.959686811046,23.345,22.534285714285712,-0.034727534192087677,42064.0,1516.0,22671.959686811042,0.0,10095.359999999999,2629,0.13877507750007778,1.7475,10.084739643848547,2.4000000000000004,I,3,76.0
12,Magallanes,2577343,Natales,22.0,3.0,3.0,1.0,34933.47073076802,23.345,20.46,-0.12358106660955229,38192.0,5388.0,15843.90468982793,0.0,9166.08,2387,0.19629288253349875,1.7475,12.101687572618255,0.8,I,3,76.0
12,Magallanes,2577343,Natales,22.0,3.0,3.0,1.5,37565.57440439007,23.345,21.282857142857143,-0.08833338432824399,39728.0,3852.0,17705.732662332484,0.0,9534.720000000001,2483,0.16958961499521272,1.7475,12.101687572618255,1.2000000000000002,I,3,76.0
12,Magallanes,2577343,Natales,22.0,3.0,3.0,2.0,40198.01618698081,23.345,21.874285714285715,-0.06299911268855359,40832.0,2748.0,19783.882143856743,0.0,9799.68,2552,0.1537925139912463,1.7475,12.101687572618255,1.6,I,3,76.0
12,Magallanes,2577343,Natales,22.0,3.0,3.0,2.5,42830.5165572688,23.345,22.397142857142864,-0.04060214790563868,41808.0,1772.0,21926.516557268795,0.0,10033.920000000002,2613,0.14122865803537155,1.7475,12.101687572618255,2.0,I,3,76.0
12,Magallanes,2577343,Natales,22.0,3.0,3.0,3.0,45463.3644897113,23.345,22.84285714285714,-0.02150965333659701,42640.0,940.0,24148.60940535501,0.0,10233.6,2665,0.13233392779898806,1.7475,12.101687572618255,2.4000000000000004,I,3,76.0
12,Magallanes,2577343,Natales,24.0,1.0,1.0,1.0,20457.56904886246,23.345,14.562857142857144,-0.37618945629226197,27184.0,16396.0,6871.1229670237,0.0,6524.160000000001,1699,0.40772283383711605,0.5825,4.033895857539418,0.8,I,3,76.0
12,Magallanes,2577343,Natales,24.0,1.0,1.0,1.5,23599.976903479208,23.345,16.122857142857143,-0.30936572530061496,30096.0,13484.0,8555.871802511598,0.0,7223.04,1881,0.3486308551882313,0.5825,4.033895857539418,1.2000000000000002,I,3,76.0
12,Magallanes,2577343,Natales,24.0,1.0,1.0,2.0,26743.56525640252,23.345,17.442857142857143,-0.25282256830768285,32560.0,11020.0,10465.645390898942,0.0,7814.4,2035,0.3008521478895963,0.5825,4.033895857539418,1.6,I,3,76.0
12,Magallanes,2577343,Natales,24.0,1.0,1.0,2.5,29888.13692180709,23.345,18.642857142857142,-0.20141969831410825,34800.0,8780.0,12496.068554842323,0.0,8352.0,2175,0.25876741999764347,0.5825,4.033895857539418,2.0,I,3,76.0
12,Magallanes,2577343,Natales,24.0,1.0,1.0,3.0,33033.53060043748,23.345,19.645714285714284,-0.15846158553376374,36672.0,6908.0,14703.014407864557,0.0,8801.28,2292,0.22593755803428947,0.5825,4.033895857539418,2.4000000000000004,I,3,76.0
12,Magallanes,2577343,Natales,24.0,1.0,1.5,1.0,22853.647366128098,23.345,15.865714285714285,-0.32038062601352385,29616.0,13964.0,8049.802987867043,0.0,7107.84,1851,0.357323273961514,0.5825,6.050843786309128,0.8,I,3,76.0
12,Magallanes,2577343,Natales,24.0,1.0,1.5,1.5,25949.409342668445,23.345,17.1,-0.26750910259156124,31920.0,11660.0,9991.796907265174,0.0,7660.8,1995,0.3133640677465184,0.5825,6.050843786309128,1.2000000000000002,I,3,76.0
12,Magallanes,2577343,Natales,24.0,1.0,1.5,2.0,29046.107708547996,23.345,18.377142857142857,-0.21280176238411402,34304.0,9276.0,11902.380414975329,0.0,8232.960000000001,2144,0.2674248941646341,0.5825,6.050843786309128,1.6,I,3,76.0
12,Magallanes,2577343,Natales,24.0,1.0,1.5,2.5,32143.676635685573,23.345,19.388571428571428,-0.16947648624667258,36192.0,7388.0,14053.524002859265,0.0,8686.08,2262,0.2339717776778762,0.5825,6.050843786309128,2.0,I,3,76.0
12,Magallanes,2577343,Natales,24.0,1.0,1.5,3.0,35241.63644840872,23.345,20.502857142857145,-0.12174524982406741,38272.0,5308.0,16108.917446717027,0.0,9185.28,2392,0.19567327849188304,0.5825,6.050843786309128,2.4000000000000004,I,3,76.0
12,Magallanes,2577343,Natales,24.0,1.0,2.0,1.0,25183.36096410846,23.345,16.885714285714286,-0.27668818651898536,31520.0,12060.0,9426.031345335545,0.0,7564.8,1970,0.3199467057724757,0.5825,8.067791715078837,0.8,I,3,76.0
12,Magallanes,2577343,Natales,24.0,1.0,2.0,1.5,28233.562964479617,23.345,18.12857142857143,-0.22344949973992587,33840.0,9740.0,11322.154759475774,0.0,8121.6,2115,0.27540982447363754,0.5825,8.067791715078837,1.2000000000000002,I,3,76.0
12,Magallanes,2577343,Natales,24.0,1.0,2.0,2.0,31284.64472473591,23.345,19.165714285714287,-0.17902273353119347,35776.0,7804.0,13402.821774030395,0.0,8586.24,2236,0.24053178251710625,0.5825,8.067791715078837,1.6,I,3,76.0
12,Magallanes,2577343,Natales,24.0,1.0,2.0,2.5,34336.07811754349,23.345,20.314285714285713,-0.12982284368020072,37920.0,5660.0,15379.725742925442,0.0,9100.8,2370,0.2004044212062468,0.5825,8.067791715078837,2.0,I,3,76.0
12,Magallanes,2577343,Natales,24.0,1.0,2.0,3.0,37387.91713995082,23.345,21.171428571428567,-0.09310650797050468,39520.0,4060.0,17629.005780975727,0.0,9484.8,2470,0.17401061894331665,0.5825,8.067791715078837,2.4000000000000004,I,3,76.0
12,Magallanes,2577343,Natales,24.0,1.0,2.5,1.0,27449.040251821574,23.345,17.828571428571426,-0.2363002172383197,33280.0,10300.0,10817.930087865137,0.0,7987.2,2080,0.28594652328634695,0.5825,10.084739643848547,0.8,I,3,76.0
12,Magallanes,2577343,Natales,24.0,1.0,2.5,1.5,30454.962186564102,23.345,18.925714285714285,-0.18930330752990848,35328.0,8252.0,12797.44460629534,0.0,8478.72,2208,0.24803412261157595,0.5825,10.084739643848547,1.2000000000000002,I,3,76.0
12,Magallanes,2577343,Natales,24.0,1.0,2.5,2.0,33461.188232592336,23.345,19.99714285714286,-0.14340788789278805,37328.0,6252.0,14801.17423867928,0.0,8958.720000000001,2333,0.21133434148929692,0.5825,10.084739643848547,1.6,I,3,76.0
12,Magallanes,2577343,Natales,24.0,1.0,2.5,2.5,36467.78657349063,23.345,20.914285714285715,-0.10412140868341334,39040.0,4540.0,16949.257792249628,0.0,9369.6,2440,0.1819059786340771,0.5825,10.084739643848547,2.0,I,3,76.0
12,Magallanes,2577343,Natales,24.0,1.0,2.5,3.0,39474.81464673133,23.345,21.737142857142857,-0.06887372640210504,40576.0,3004.0,19193.77108762776,0.0,9738.24,2536,0.15695895397267762,0.5825,10.084739643848547,2.4000000000000004,I,3,76.0
12,Magallanes,2577343,Natales,24.0,1.0,3.0,1.0,29653.22681096418,23.345,18.771428571428572,-0.19591224795765375,35040.0,8540.0,12139.991669277715,0.0,8409.6,2190,0.2516258398313468,0.5825,12.101687572618255,0.8,I,3,76.0
12,Magallanes,2577343,Natales,24.0,1.0,3.0,1.5,32615.536693220816,23.345,19.654285714285717,-0.15809442217666664,36688.0,6892.0,14275.837070524718,0.0,8805.12,2293,0.22360996632776675,0.5825,12.101687572618255,1.2000000000000002,I,3,76.0
12,Magallanes,2577343,Natales,24.0,1.0,3.0,2.0,35578.17395382094,23.345,20.76,-0.1107303491111586,38752.0,4828.0,16204.002421391458,0.0,9300.480000000001,2422,0.18509474755719557,0.5825,12.101687572618255,1.6,I,3,76.0
12,Magallanes,2577343,Natales,24.0,1.0,3.0,2.5,38541.210296210265,23.345,21.46285714285714,-0.08062295382920796,40064.0,3516.0,18509.210296210265,0.0,9615.359999999999,2504,0.16556655316931934,0.5825,12.101687572618255,2.0,I,3,76.0
12,Magallanes,2577343,Natales,24.0,1.0,3.0,3.0,41504.48637135791,23.345,22.23428571428571,-0.04757825169048137,41504.0,2076.0,20757.371042019597,0.0,9960.96,2594,0.14283924775298526,0.5825,12.101687572618255,2.4000000000000004,I,3,76.0
12,Magallanes,2577343,Natales,24.0,1.5,1.0,1.0,22450.992962420958,23.345,15.53142857142857,-0.3346999969403054,28992.0,14588.0,7960.165345159623,0.0,6958.08,1812,0.3712312743389269,0.87375,4.033895857539418,0.8,I,3,76.0
12,Magallanes,2577343,Natales,24.0,1.5,1.0,1.5,25519.3731612977,23.345,16.885714285714286,-0.27668818651898536,31520.0,12060.0,9762.892101587231,0.0,7564.8,1970,0.321492647747013,0.87375,4.033895857539418,1.2000000000000002,I,3,76.0
12,Magallanes,2577343,Natales,24.0,1.5,1.0,2.0,28588.82195907187,23.345,18.077142857142857,-0.22565247988250772,33744.0,9836.0,11718.583145939738,0.0,8098.56,2109,0.2794321180006341,0.87375,4.033895857539418,1.6,I,3,76.0
12,Magallanes,2577343,Natales,24.0,1.5,1.0,2.5,31659.25287376258,23.345,19.114285714285717,-0.18122571367377519,35680.0,7900.0,13826.945549535463,0.0,8563.2,2230,0.24468117741648038,0.87375,4.033895857539418,2.0,I,3,76.0
12,Magallanes,2577343,Natales,24.0,1.5,1.0,3.0,34730.4775984429,23.345,20.194285714285716,-0.13496313067955806,37696.0,5884.0,15887.80116460481,0.0,9047.04,2356,0.20787639898889634,0.87375,4.033895857539418,2.4000000000000004,I,3,76.0
12,Magallanes,2577343,Natales,24.0,1.5,1.5,1.0,24769.38738902981,23.345,16.60285714285714,-0.28880457730318526,30992.0,12588.0,9277.168882198352,0.0,7438.08,1937,0.3313799278410391,0.87375,6.050843786309128,0.8,I,3,76.0
12,Magallanes,2577343,Natales,24.0,1.5,1.5,1.5,27793.125071756356,23.345,17.802857142857142,-0.23740170730961047,33232.0,10348.0,11179.195319231614,0.0,7975.679999999999,2077,0.288705953841192,0.87375,6.050843786309128,1.2000000000000002,I,3,76.0
12,Magallanes,2577343,Natales,24.0,1.5,1.5,2.0,30817.782237279753,23.345,18.84857142857143,-0.19260777774378113,35184.0,8396.0,13233.816543557035,0.0,8444.16,2199,0.2533412175948919,0.87375,6.050843786309128,1.6,I,3,76.0
12,Magallanes,2577343,Natales,24.0,1.5,1.5,2.5,33843.28049220321,23.345,19.945714285714285,-0.14561086803537007,37232.0,6348.0,15232.97091215941,0.0,8935.68,2327,0.21551894932109478,0.87375,6.050843786309128,2.0,I,3,76.0
12,Magallanes,2577343,Natales,24.0,1.5,1.5,3.0,36869.22940466944,23.345,20.888571428571428,-0.10522289875470427,38992.0,4588.0,17376.401414571632,0.0,9358.08,2437,0.1849677423277728,0.87375,6.050843786309128,2.4000000000000004,I,3,76.0
12,Magallanes,2577343,Natales,24.0,1.5,2.0,1.0,27024.8489409923,23.345,17.545714285714283,-0.24841660802251944,32752.0,10828.0,10651.202711812015,0.0,7860.48,2047,0.2972977586044929,0.87375,8.067791715078837,0.8,I,3,76.0
12,Magallanes,2577343,Natales,24.0,1.5,2.0,1.5,30004.96988721732,23.345,18.65142857142857,-0.20105253495701125,34816.0,8764.0,12605.324428034719,0.0,8355.84,2176,0.25890166037249873,0.87375,8.067791715078837,1.2000000000000002,I,3,76.0
12,Magallanes,2577343,Natales,24.0,1.5,2.0,2.0,32986.02506732931,23.345,19.62857142857143,-0.15919591224795757,36640.0,6940.0,14672.0451937992,0.0,8793.6,2290,0.22652975893817878,0.87375,8.067791715078837,1.6,I,3,76.0
12,Magallanes,2577343,Natales,24.0,1.5,2.0,2.5,35967.48821625847,23.345,20.65714285714286,-0.11513630939632215,38560.0,5020.0,16691.032180782877,0.0,9254.4,2410,0.19173581458578004,0.87375,8.067791715078837,2.0,I,3,76.0
12,Magallanes,2577343,Natales,24.0,1.5,2.0,3.0,38949.159201741284,23.345,21.437142857142856,-0.08172444390049874,40016.0,3564.0,18942.19278114343,0.0,9603.84,2501,0.16865511292823362,0.87375,8.067791715078837,2.4000000000000004,I,3,76.0
12,Magallanes,2577343,Natales,24.0,1.5,2.5,1.0,29219.489763685364,23.345,18.41142857142857,-0.21133310895572627,34368.0,9212.0,12044.14403832171,0.0,8248.32,2148,0.2666068310223702,0.87375,10.084739643848547,0.8,I,3,76.0
12,Magallanes,2577343,Natales,24.0,1.5,2.5,1.5,32157.317860857664,23.345,19.422857142857143,-0.16800783281828466,36256.0,7324.0,14035.643902202573,0.0,8701.44,2266,0.23242106779856264,0.87375,10.084739643848547,1.2000000000000002,I,3,76.0
12,Magallanes,2577343,Natales,24.0,1.5,2.5,2.0,35095.52216326385,23.345,20.47714285714286,-0.12284673989535834,38224.0,5356.0,15987.40479662321,0.0,9173.76,2389,0.19621711528142172,0.87375,10.084739643848547,1.6,I,3,76.0
12,Magallanes,2577343,Natales,24.0,1.5,2.5,2.5,38033.958141842486,23.345,21.24,-0.09016920111372888,39648.0,3932.0,18211.371144552915,0.0,9515.52,2478,0.17374593881245726,0.87375,10.084739643848547,2.0,I,3,76.0
12,Magallanes,2577343,Natales,24.0,1.5,2.5,3.0,40972.725243325556,23.345,22.011428571428574,-0.05712449897500213,41088.0,2492.0,20428.72524332556,0.0,9861.12,2568,0.15087725364836405,0.87375,10.084739643848547,2.4000000000000004,I,3,76.0
12,Magallanes,2577343,Natales,24.0,1.5,3.0,1.0,31355.845104171975,23.345,19.165714285714287,-0.17902273353119347,35776.0,7804.0,13474.454592353468,0.0,8586.24,2236,0.24086052422579407,0.87375,12.101687572618255,0.8,I,3,76.0
12,Magallanes,2577343,Natales,24.0,1.5,3.0,1.5,34251.96904963012,23.345,20.228571428571428,-0.13349447725117033,37760.0,5820.0,15376.1651252098,0.0,9062.4,2360,0.20405971417273894,0.87375,12.101687572618255,1.2000000000000002,I,3,76.0
12,Magallanes,2577343,Natales,24.0,1.5,3.0,2.0,37148.33616780354,23.345,21.077142857142857,-0.09714530489857111,39344.0,4236.0,17478.103870345276,0.0,9442.56,2459,0.1773568875986412,0.87375,12.101687572618255,1.6,I,3,76.0
12,Magallanes,2577343,Natales,24.0,1.5,3.0,2.5,40045.00272385324,23.345,21.78857142857143,-0.0666707462595232,40672.0,2908.0,19709.002723853246,0.0,9761.28,2542,0.15712050635063493,0.87375,12.101687572618255,2.0,I,3,76.0
12,Magallanes,2577343,Natales,24.0,1.5,3.0,3.0,42941.94662140738,23.345,22.431428571428572,-0.039133494477251084,41872.0,1708.0,22010.857602311025,0.0,10049.28,2617,0.14014706768657198,0.87375,12.101687572618255,2.4000000000000004,I,3,76.0
12,Magallanes,2577343,Natales,24.0,2.0,1.0,1.0,24361.395306797072,23.345,16.302857142857142,-0.30165529480157877,30432.0,13148.0,9150.214788807218,0.0,7303.679999999999,1902,0.34364801985347054,1.165,4.033895857539418,0.8,I,3,76.0
12,Magallanes,2577343,Natales,24.0,2.0,1.0,1.5,27359.06650783399,23.345,17.494285714285713,-0.25061958816510116,32656.0,10924.0,11034.245252657247,0.0,7837.4400000000005,2041,0.30125862099051304,1.165,4.033895857539418,1.2000000000000002,I,3,76.0
12,Magallanes,2577343,Natales,24.0,2.0,1.0,2.0,30357.682866174004,23.345,18.634285714285713,-0.20178686167120521,34784.0,8796.0,12967.162153148893,0.0,8348.16,2174,0.26129655489354986,1.165,4.033895857539418,1.6,I,3,76.0
12,Magallanes,2577343,Natales,24.0,2.0,1.0,2.5,33357.15482021427,23.345,19.594285714285714,-0.16066456567634546,36576.0,7004.0,15076.653277824957,0.0,8778.24,2286,0.22985526451904836,1.165,4.033895857539418,2.0,I,3,76.0
12,Magallanes,2577343,Natales,24.0,2.0,1.0,3.0,36357.47606452761,23.345,20.622857142857146,-0.1166049628247099,38496.0,5084.0,17114.689382605655,0.0,9239.04,2406,0.19514874154249628,1.165,4.033895857539418,2.4000000000000004,I,3,76.0
12,Magallanes,2577343,Natales,24.0,2.0,1.5,1.0,26606.630583908896,23.345,17.254285714285714,-0.260900162163816,32208.0,11372.0,10506.073200123668,0.0,7729.92,2013,0.3091152755191334,1.165,6.050843786309128,0.8,I,3,76.0
12,Magallanes,2577343,Natales,24.0,2.0,1.5,1.5,29561.456946136874,23.345,18.402857142857144,-0.2117002723128231,34352.0,9228.0,12387.246271069456,0.0,8244.48,2147,0.268548580119475,1.165,6.050843786309128,1.2000000000000002,I,3,76.0
12,Magallanes,2577343,Natales,24.0,2.0,1.5,2.0,32517.182586424213,23.345,19.345714285714283,-0.17131230303215744,36112.0,7468.0,14469.022547842871,0.0,8666.88,2257,0.23771442578499302,1.165,6.050843786309128,1.6,I,3,76.0
12,Magallanes,2577343,Natales,24.0,2.0,1.5,2.5,35473.68438807603,23.345,20.40857142857143,-0.12578404675213398,38096.0,5484.0,16431.26790139627,0.0,9143.04,2381,0.2011914258315111,1.165,6.050843786309128,2.0,I,3,76.0
12,Magallanes,2577343,Natales,24.0,2.0,1.5,3.0,38430.78821258304,23.345,21.205714285714286,-0.09163785454211662,39584.0,3996.0,18641.90276083154,0.0,9500.16,2474,0.17719041425222007,1.165,6.050843786309128,2.4000000000000004,I,3,76.0
12,Magallanes,2577343,Natales,24.0,2.0,2.0,1.0,28791.964791114016,23.345,18.111428571428572,-0.2241838264541198,33808.0,9772.0,11890.021697135715,0.0,8113.92,2113,0.27875024085125477,1.165,8.067791715078837,0.8,I,3,76.0
12,Magallanes,2577343,Natales,24.0,2.0,2.0,1.5,31705.108766647198,23.345,19.08857142857143,-0.1823272037450661,35632.0,7948.0,13897.264482145003,0.0,8551.68,2227,0.24610537943182612,1.165,8.067791715078837,1.2000000000000002,I,3,76.0
12,Magallanes,2577343,Natales,24.0,2.0,2.0,2.0,34619.00834336381,23.345,20.15142857142857,-0.13679894746504295,37616.0,5964.0,15816.924818372661,0.0,9027.84,2351,0.20938694571365546,1.165,8.067791715078837,1.6,I,3,76.0
12,Magallanes,2577343,Natales,24.0,2.0,2.0,2.5,37533.5613930931,23.345,21.00857142857143,-0.10008261175534676,39216.0,4364.0,17929.045403302807,0.0,9411.84,2451,0.1823636829040517,1.165,8.067791715078837,2.0,I,3,76.0
12,Magallanes,2577343,Natales,24.0,2.0,2.0,3.0,40448.16176034969,23.345,21.72,-0.069608053116299,40544.0,3036.0,20177.190736079974,0.0,9730.56,2534,0.1622064502529671,1.165,8.067791715078837,2.4000000000000004,I,3,76.0
12,Magallanes,2577343,Natales,24.0,2.0,2.5,1.0,30919.63812402827,23.345,18.891428571428573,-0.19077196095829624,35264.0,8316.0,13296.08154337663,0.0,8463.36,2204,0.2517911511527737,1.165,10.084739643848547,0.8,I,3,76.0
12,Magallanes,2577343,Natales,24.0,2.0,2.5,1.5,33792.11446810434,23.345,19.877142857142854,-0.14854817489214586,37104.0,6476.0,15246.336480395756,0.0,8904.96,2319,0.21851759426064404,1.165,10.084739643848547,1.2000000000000002,I,3,76.0
12,Magallanes,2577343,Natales,24.0,2.0,2.5,2.0,36665.23440609146,23.345,20.751428571428573,-0.11109751246825557,38736.0,4844.0,17301.063511407865,0.0,9296.640000000001,2421,0.1904966107307974,1.165,10.084739643848547,1.6,I,3,76.0
12,Magallanes,2577343,Natales,24.0,2.0,2.5,2.5,39538.39110672905,23.345,21.53142857142857,-0.07768564697243216,40192.0,3388.0,19443.795603443425,0.0,9646.08,2512,0.16691830233472416,1.165,10.084739643848547,2.0,I,3,76.0
12,Magallanes,2577343,Natales,24.0,2.0,2.5,3.0,42411.94361965596,23.345,22.217142857142857,-0.04831257840467517,41472.0,2108.0,21675.943619655965,0.0,9953.28,2592,0.14778914389185263,1.165,10.084739643848547,2.4000000000000004,I,3,76.0
12,Magallanes,2577343,Natales,24.0,2.0,3.0,1.0,32991.72324079642,23.345,19.66285714285714,-0.15772725881956995,36704.0,6876.0,14646.2287786975,0.0,8808.96,2294,0.2249426272394759,1.165,12.101687572618255,0.8,I,3,76.0
12,Magallanes,2577343,Natales,24.0,2.0,3.0,1.5,35824.50323818132,23.345,20.640000000000004,-0.11587063611051596,38528.0,5052.0,16564.646185315527,0.0,9246.720000000001,2408,0.19189012296373087,1.165,12.101687572618255,1.2000000000000002,I,3,76.0
12,Magallanes,2577343,Natales,24.0,2.0,3.0,2.0,38657.35697174953,23.345,21.385714285714283,-0.0839274240430806,39920.0,3660.0,18699.11285637652,0.0,9580.8,2495,0.1697425358208526,1.165,12.101687572618255,1.6,I,3,76.0
12,Magallanes,2577343,Natales,24.0,2.0,3.0,2.5,41490.543131479884,23.345,22.08,-0.054187192118226625,41216.0,2364.0,20882.543131479888,0.0,9891.84,2576,0.1500226355853211,1.165,12.101687572618255,2.0,I,3,76.0
12,Magallanes,2577343,Natales,24.0,2.0,3.0,3.0,44323.994560257896,23.345,22.56857142857143,-0.03325888076369962,42128.0,1452.0,23264.976341682977,0.0,10110.720000000001,2633,0.14002793235471833,1.165,12.101687572618255,2.4000000000000004,I,3,76.0
12,Magallanes,2577343,Natales,24.0,2.5,1.0,1.0,26194.418692812535,23.345,16.97142857142857,-0.27301655294801574,31680.0,11900.0,10358.910603300432,0.0,7603.2,1980,0.32055629871809577,1.45625,4.033895857539418,0.8,I,3,76.0
12,Magallanes,2577343,Natales,24.0,2.5,1.0,1.5,29124.26413019479,23.345,18.068571428571428,-0.2260196432396047,33728.0,9852.0,12263.135017268607,0.0,8094.72,2108,0.2822983720935221,1.45625,4.033895857539418,1.2000000000000002,I,3,76.0
12,Magallanes,2577343,Natales,24.0,2.5,1.0,2.0,32055.111977977765,23.345,19.097142857142856,-0.18196004038796929,35648.0,7932.0,14232.342741601813,0.0,8555.52,2228,0.2472759777060134,1.45625,4.033895857539418,1.6,I,3,76.0
12,Magallanes,2577343,Natales,24.0,2.5,1.0,2.5,34986.69548340282,23.345,20.09142857142857,-0.13936909096472178,37504.0,6076.0,16242.040358896471,0.0,9000.96,2344,0.21390805543877628,1.45625,4.033895857539418,2.0,I,3,76.0
12,Magallanes,2577343,Natales,24.0,2.5,1.0,3.0,37919.13926149507,23.345,20.931428571428572,-0.10338708196921939,39072.0,4508.0,18388.278618767286,0.0,9377.28,2442,0.18777569426278198,1.45625,4.033895857539418,2.4000000000000004,I,3,76.0
12,Magallanes,2577343,Natales,24.0,2.5,1.5,1.0,28370.398567391843,23.345,17.820000000000004,-0.23666738059541637,33264.0,10316.0,11741.534181076651,0.0,7983.360000000001,2079,0.29055234700696597,1.45625,6.050843786309128,0.8,I,3,76.0
12,Magallanes,2577343,Natales,24.0,2.5,1.5,1.5,31259.31279401281,23.345,18.84857142857143,-0.19260777774378113,35184.0,8396.0,13668.832971509448,0.0,8444.16,2199,0.25533762157815215,1.45625,6.050843786309128,1.2000000000000002,I,3,76.0
12,Magallanes,2577343,Natales,24.0,2.5,1.5,2.0,34149.01942672356,23.345,19.82571428571429,-0.15075115503472727,37008.0,6572.0,15652.68888621458,0.0,8881.920000000002,2313,0.22258543170390846,1.45625,6.050843786309128,1.6,I,3,76.0
12,Magallanes,2577343,Natales,24.0,2.5,1.5,2.5,37039.45976417352,23.345,20.708571428571428,-0.11293332925374044,38656.0,4924.0,17716.97502844625,0.0,9277.44,2416,0.1942411540745126,1.45625,6.050843786309128,2.0,I,3,76.0
12,Magallanes,2577343,Natales,24.0,2.5,1.5,3.0,39930.63075381986,23.345,21.488571428571433,-0.07952146375791673,40112.0,3468.0,19877.735610042433,0.0,9626.880000000001,2507,0.17074558312479343,1.45625,6.050843786309128,2.4000000000000004,I,3,76.0
12,Magallanes,2577343,Natales,24.0,2.5,2.0,1.0,30489.530322938932,23.345,18.66,-0.2006853715999143,34832.0,8748.0,13075.315616319003,0.0,8359.68,2177,0.2606914093067477,1.45625,8.067791715078837,0.8,I,3,76.0
12,Magallanes,2577343,Natales,24.0,2.5,2.0,1.5,33338.49182072212,23.345,19.60285714285714,-0.16029740231924863,36592.0,6988.0,15050.467243312463,0.0,8782.08,2287,0.22936792661164176,1.45625,8.067791715078837,1.2000000000000002,I,3,76.0
12,Magallanes,2577343,Natales,24.0,2.5,2.0,2.0,36188.05831545815,23.345,20.528571428571425,-0.12064375975277679,38320.0,5260.0,17033.92055694759,0.0,9196.8,2395,0.19881686923853903,1.45625,8.067791715078837,1.6,I,3,76.0
12,Magallanes,2577343,Natales,24.0,2.5,2.0,2.5,39038.464637591096,23.345,21.3,-0.08759905761405004,39760.0,3820.0,19161.935760073888,0.0,9542.4,2485,0.17553818455335196,1.45625,8.067791715078837,2.0,I,3,76.0
12,Magallanes,2577343,Natales,24.0,2.5,2.0,3.0,41888.914291103254,23.345,21.94285714285714,-0.06006180583177809,40960.0,2620.0,21409.985602090335,0.0,9830.4,2560,0.1583178205270068,1.45625,8.067791715078837,2.4000000000000004,I,3,76.0
12,Magallanes,2577343,Natales,24.0,2.5,2.5,1.0,32553.858316717506,23.345,19.32,-0.17241379310344823,36064.0,7516.0,14530.121798177255,0.0,8655.36,2254,0.23909631627085187,1.45625,10.084739643848547,0.8,I,3,76.0
12,Magallanes,2577343,Natales,24.0,2.5,2.5,1.5,35363.65902628719,23.345,20.331428571428575,-0.12908851696600662,37952.0,5628.0,16393.82560454602,0.0,9108.480000000001,2372,0.20432406356786995,1.45625,10.084739643848547,1.2000000000000002,I,3,76.0
12,Magallanes,2577343,Natales,24.0,2.5,2.5,2.0,38174.35571482879,23.345,21.154285714285717,-0.09384083468469832,39488.0,4092.0,18434.169297347238,0.0,9477.12,2468,0.17844005128564938,1.45625,10.084739643848547,1.6,I,3,76.0
12,Magallanes,2577343,Natales,24.0,2.5,2.5,2.5,40985.065476500036,23.345,21.831428571428575,-0.06483492947403831,40752.0,2828.0,20610.50774383677,0.0,9780.480000000001,2547,0.15942193151092116,1.45625,10.084739643848547,2.0,I,3,76.0
12,Magallanes,2577343,Natales,24.0,2.5,2.5,3.0,43796.12356946698,23.345,22.388571428571428,-0.04096931126273596,41792.0,1788.0,22900.12356946698,0.0,10030.08,2612,0.14606395820843115,1.45625,10.084739643848547,2.4000000000000004,I,3,76.0
12,Magallanes,2577343,Natales,24.0,2.5,3.0,1.0,34565.0599548909,23.345,20.125714285714288,-0.13790043753633374,37568.0,6012.0,15787.50930554496,0.0,9016.320000000002,2348,0.2103534403153377,1.45625,12.101687572618255,0.8,I,3,76.0
12,Magallanes,2577343,Natales,24.0,2.5,3.0,1.5,37337.05290371592,23.345,20.948571428571427,-0.10265275525502558,39104.0,4476.0,17789.186394029988,0.0,9384.96,2444,0.18429197688894017,1.45625,12.101687572618255,1.2000000000000002,I,3,76.0
12,Magallanes,2577343,Natales,24.0,2.5,3.0,2.0,40109.09953069083,23.345,21.65142857142857,-0.07254535997307465,40416.0,3164.0,19902.889192599843,0.0,9699.84,2526,0.1638849156986361,1.45625,12.101687572618255,1.6,I,3,76.0
12,Magallanes,2577343,Natales,24.0,2.5,3.0,2.5,42881.44133452389,23.345,22.294285714285714,-0.04500810819080254,41616.0,1964.0,22073.441334523883,0.0,9987.84,2601,0.14630889448967305,1.45625,12.101687572618255,2.0,I,3,76.0
12,Magallanes,2577343,Natales,24.0,2.5,3.0,3.0,45654.0120218987,23.345,22.69714285714286,-0.02775143040724514,42368.0,1212.0,24475.10604657291,0.0,10168.320000000002,2648,0.14007408321391293,1.45625,12.101687572618255,2.4000000000000004,I,3,76.0
12,Magallanes,2577343,Natales,24.0,3.0,1.0,1.0,27955.119518050957,23.345,17.52857142857143,-0.24915093473671324,32720.0,10860.0,11599.307916546297,0.0,7852.8,2045,0.30238318768093675,1.7475,4.033895857539418,0.8,I,3,76.0
12,Magallanes,2577343,Natales,24.0,3.0,1.0,1.5,30819.998135666392,23.345,18.54,-0.2058256585992718,34608.0,8972.0,13518.590457146302,0.0,8305.92,2163,0.2678660003025591,1.7475,4.033895857539418,1.2000000000000002,I,3,76.0
12,Magallanes,2577343,Natales,24.0,3.0,1.0,2.0,33685.682906628186,23.345,19.482857142857142,-0.165437689318606,36368.0,7212.0,15502.679306491382,0.0,8728.32,2273,0.23658353285459216,1.7475,4.033895857539418,1.6,I,3,76.0
12,Magallanes,2577343,Natales,24.0,3.0,1.0,2.5,36552.26346846677,23.345,20.39142857142857,-0.1265183734663281,38064.0,5516.0,17527.463760967523,0.0,9135.359999999999,2379,0.2069564815937605,1.7475,4.033895857539418,2.0,I,3,76.0
12,Magallanes,2577343,Natales,24.0,3.0,1.0,3.0,39419.666929756386,23.345,21.248571428571424,-0.08980203775663205,39664.0,3916.0,19592.764817468327,0.0,9519.359999999999,2479,0.17971835174225997,1.7475,4.033895857539418,2.4000000000000004,I,3,76.0
12,Magallanes,2577343,Natales,24.0,3.0,1.5,1.0,30065.66183420831,23.345,18.368571428571432,-0.21316892574121085,34288.0,9292.0,12924.519318243258,0.0,8229.12,2143,0.27248291985889445,1.7475,6.050843786309128,0.8,I,3,76.0
12,Magallanes,2577343,Natales,24.0,3.0,1.5,1.5,32891.11438884658,23.345,19.32,-0.17241379310344823,36064.0,7516.0,14860.38904169932,0.0,8655.36,2254,0.24061199889371587,1.7475,6.050843786309128,1.2000000000000002,I,3,76.0
12,Magallanes,2577343,Natales,24.0,3.0,1.5,2.0,35717.582703674845,23.345,20.245714285714286,-0.13276015053697637,37792.0,5788.0,16829.106453782762,0.0,9070.08,2362,0.2099933146204218,1.7475,6.050843786309128,1.6,I,3,76.0
12,Magallanes,2577343,Natales,24.0,3.0,1.5,2.5,38544.69695466088,23.345,21.077142857142857,-0.09714530489857111,39344.0,4236.0,18878.16845653292,0.0,9442.56,2459,0.18378214958206318,1.7475,6.050843786309128,2.0,I,3,76.0
12,Magallanes,2577343,Natales,24.0,3.0,1.5,3.0,41372.636897458506,23.345,21.754285714285718,-0.06813939968791094,40608.0,2972.0,21071.776402522282,0.0,9745.920000000002,2538,0.1648432840501059,1.7475,6.050843786309128,2.4000000000000004,I,3,76.0
12,Magallanes,2577343,Natales,24.0,3.0,2.0,1.0,32121.89444980957,23.345,19.08857142857143,-0.1823272037450661,35632.0,7948.0,14307.434306279214,0.0,8551.68,2227,0.2479877558619969,1.7475,8.067791715078837,0.8,I,3,76.0
12,Magallanes,2577343,Natales,24.0,3.0,2.0,1.5,34909.29427960385,23.345,20.03142857142857,-0.14193923446440046,37392.0,6188.0,16221.12336417475,0.0,8974.08,2337,0.2163822053876439,1.7475,8.067791715078837,1.2000000000000002,I,3,76.0
12,Magallanes,2577343,Natales,24.0,3.0,2.0,2.0,37697.21064143227,23.345,20.905714285714286,-0.10448857204051032,39024.0,4556.0,18191.033419212774,0.0,9365.76,2439,0.18797197460688375,1.7475,8.067791715078837,1.6,I,3,76.0
12,Magallanes,2577343,Natales,24.0,3.0,2.0,2.5,40485.99217240509,23.345,21.59142857142857,-0.07511550347275348,40304.0,3276.0,20337.494123706205,0.0,9672.96,2519,0.16844957471509495,1.7475,8.067791715078837,2.0,I,3,76.0
12,Magallanes,2577343,Natales,24.0,3.0,2.0,3.0,43275.05004813675,23.345,22.14857142857143,-0.05124988526145082,41344.0,2236.0,22604.20431416769,0.0,9922.56,2584,0.15498648147149072,1.7475,8.067791715078837,2.4000000000000004,I,3,76.0
12,Magallanes,2577343,Natales,24.0,3.0,2.5,1.0,34126.19767727004,23.345,19.808571428571426,-0.1514854817489215,36976.0,6604.0,15646.31465856233,0.0,8874.24,2311,0.22329050542291112,1.7475,10.084739643848547,0.8,I,3,76.0
12,Magallanes,2577343,Natales,24.0,3.0,2.5,1.5,36875.954380518924,23.345,20.65714285714286,-0.11513630939632215,38560.0,5020.0,17602.097902799327,0.0,9254.4,2410,0.19591693308975644,1.7475,10.084739643848547,1.2000000000000002,I,3,76.0
12,Magallanes,2577343,Natales,24.0,3.0,2.5,2.0,39626.60316319945,23.345,21.36,-0.08502891411437137,39872.0,3708.0,19694.444297859267,0.0,9569.28,2492,0.1754118617869701,1.7475,10.084739643848547,1.6,I,3,76.0
12,Magallanes,2577343,Natales,24.0,3.0,2.5,2.5,42377.54864524293,23.345,21.97714285714286,-0.05859315240339003,41024.0,2556.0,21867.07180719389,0.0,9845.76,2564,0.1589468550522835,1.7475,10.084739643848547,2.0,I,3,76.0
12,Magallanes,2577343,Natales,24.0,3.0,2.5,3.0,45128.58193959742,23.345,22.534285714285712,-0.034727534192087677,42064.0,1516.0,24096.581939597414,0.0,10095.359999999999,2629,0.1453130410282392,1.7475,10.084739643848547,2.4000000000000004,I,3,76.0
12,Magallanes,2577343,Natales,24.0,3.0,3.0,1.0,36079.78822257005,23.345,20.46,-0.12358106660955229,38192.0,5388.0,16990.22218162996,0.0,9166.08,2387,0.2015536328400707,1.7475,12.101687572618255,0.8,I,3,76.0
12,Magallanes,2577343,Natales,24.0,3.0,3.0,1.5,38793.261839574276,23.345,21.282857142857143,-0.08833338432824399,39728.0,3852.0,18933.420097516693,0.0,9534.720000000001,2483,0.17522379322001402,1.7475,12.101687572618255,1.2000000000000002,I,3,76.0
12,Magallanes,2577343,Natales,24.0,3.0,3.0,2.0,41507.073565547194,23.345,21.874285714285715,-0.06299911268855359,40832.0,2748.0,21092.93952242313,0.0,9799.68,2552,0.159800120134277,1.7475,12.101687572618255,1.6,I,3,76.0
12,Magallanes,2577343,Natales,24.0,3.0,3.0,2.5,44220.94387921736,23.345,22.397142857142864,-0.04060214790563868,41808.0,1772.0,23316.943879217364,0.0,10033.920000000002,2613,0.14760969209663163,1.7475,12.101687572618255,2.0,I,3,76.0
12,Magallanes,2577343,Natales,24.0,3.0,3.0,3.0,46935.161755042034,23.345,22.84285714285714,-0.02150965333659701,42640.0,940.0,25620.406670685756,0.0,10233.6,2665,0.1390883897784775,1.7475,12.101687572618255,2.4000000000000004,I,3,76.0
14,Los Rios,2334311,Corral,22.0,1.0,1.0,1.0,8128.400605123327,14.16,8.297142857142859,-0.41404358353510884,15488.0,10942.0,1858.0142721926343,770.4880356351659,3717.1200000000003,484,0.4281034720874557,0.7045,6.248714153442176,0.6,G,4,56.0
14,Los Rios,2334311,Corral,22.0,1.0,1.0,1.5,9196.224609132823,14.16,9.102857142857143,-0.35714285714285715,16992.0,9438.0,2209.6919998800445,824.5541700899564,4078.0800000000004,531,0.373863946812778,0.7045,6.248714153442176,0.8999999999999999,G,4,56.0
14,Los Rios,2334311,Corral,22.0,1.0,1.0,2.0,10274.839991163293,14.16,9.737142857142857,-0.3123486682808717,18176.0,8254.0,2725.1012700878487,873.0018298658458,4362.24,568,0.33296994160730264,0.7045,6.248714153442176,1.2,G,4,56.0
14,Los Rios,2334311,Corral,22.0,1.0,1.0,2.5,11360.824521086975,14.16,10.56,-0.2542372881355932,19712.0,6718.0,3161.561263102583,1000.4719036461397,4730.88,616,0.2781613234220297,0.7045,6.248714153442176,1.5,G,4,56.0
14,Los Rios,2334311,Corral,22.0,1.0,1.0,3.0,12452.8968048923,14.16,11.297142857142857,-0.20217917675544794,21088.0,5342.0,3640.2870878471067,1083.2114383899836,5061.12,659,0.22972580625107494,0.7045,6.248714153442176,1.7999999999999998,G,4,56.0
14,Los Rios,2334311,Corral,22.0,1.0,1.5,1.0,10222.262444270153,14.16,9.805714285714288,-0.307506053268765,18304.0,8126.0,2622.788417498069,885.4246931679347,4392.960000000001,572,0.32735310901979087,0.7045,9.373071230163264,0.6,G,4,56.0
14,Los Rios,2334311,Corral,22.0,1.0,1.5,1.5,11279.93477676438,14.16,10.577142857142858,-0.2530266343825665,19744.0,6686.0,3076.7553989479184,1014.2266585204098,4738.56,617,0.27630893025050385,0.7045,9.373071230163264,0.8999999999999999,G,4,56.0
14,Los Rios,2334311,Corral,22.0,1.0,1.5,2.0,12342.896024447336,14.16,11.228571428571428,-0.20702179176755456,20960.0,5470.0,3587.4849461218078,1078.7604375112116,5030.4,655,0.2341688590859186,0.7045,9.373071230163264,1.2,G,4,56.0
14,Los Rios,2334311,Corral,22.0,1.0,1.5,2.5,13409.555484902163,14.16,12.0,-0.15254237288135594,22400.0,4030.0,4020.18295426253,1177.8508333260777,5376.0,700,0.182963734623789,0.7045,9.373071230163264,1.5,G,4,56.0
14,Los Rios,2334311,Corral,22.0,1.0,1.5,3.0,14479.872705201145,14.16,12.788571428571426,-0.0968523002421309,23872.0,2558.0,4419.591483936298,1263.1180481782408,5729.28,746,0.13029604964762692,0.7045,9.373071230163264,1.7999999999999998,G,4,56.0
14,Los Rios,2334311,Corral,22.0,1.0,2.0,1.0,12250.581143076164,14.16,11.211428571428572,-0.2082324455205811,20928.0,5502.0,3504.0830708282074,1073.4865399798832,5022.72,654,0.23474839762673477,0.7045,12.497428306884352,0.6,G,4,56.0
14,Los Rios,2334311,Corral,22.0,1.0,2.0,1.5,13289.501072601935,14.16,12.0,-0.15254237288135594,22400.0,4030.0,3907.6544023990464,1186.2905046552523,5376.0,700,0.18211221323246488,0.7045,12.497428306884352,0.8999999999999999,G,4,56.0
14,Los Rios,2334311,Corral,22.0,1.0,2.0,2.0,14331.881267426292,14.16,12.72,-0.10169491525423725,23744.0,2686.0,4326.841827113556,1255.3196324509831,5698.56,742,0.13443681330276966,0.7045,12.497428306884352,1.2,G,4,56.0
14,Los Rios,2334311,Corral,22.0,1.0,2.0,2.5,15376.492611486108,14.16,13.32,-0.05932203389830507,24864.0,1566.0,4820.582563882846,1280.5608646991273,5967.360000000001,777,0.09580014637566298,0.7045,12.497428306884352,1.5,G,4,56.0
14,Los Rios,2334311,Corral,22.0,1.0,2.0,3.0,16422.53422014412,14.16,13.714285714285715,-0.031476997578692434,25600.0,830.0,5503.170639576134,1297.957488988853,6144.0,800,0.07312036223685464,0.7045,12.497428306884352,1.7999999999999998,G,4,56.0
14,Los Rios,2334311,Corral,22.0,1.0,2.5,1.0,14202.701888379594,14.16,12.634285714285717,-0.10774818401937028,23584.0,2846.0,4268.370851910423,1246.7918945046695,5660.160000000001,737,0.14004762292902162,0.7045,15.62178538360544,0.6,G,4,56.0
14,Los Rios,2334311,Corral,22.0,1.0,2.5,1.5,15219.830405762505,14.16,13.32,-0.05932203389830507,24864.0,1566.0,4682.806285812201,1298.8565453944948,5967.360000000001,777,0.09475757143755745,0.7045,15.62178538360544,0.8999999999999999,G,4,56.0
14,Los Rios,2334311,Corral,22.0,1.0,2.5,2.0,16238.355981662178,14.16,13.714285714285715,-0.031476997578692434,25600.0,830.0,5326.266922994849,1308.0729221228194,6144.0,800,0.07178170376858914,0.7045,15.62178538360544,1.2,G,4,56.0
14,Los Rios,2334311,Corral,22.0,1.0,2.5,2.5,17257.932375138822,14.16,14.158928571428572,-7.566585956416751e-05,26430.0,0.0,5991.136867346454,1403.563183896554,6343.2,826,0.04541154832151236,0.7045,15.62178538360544,1.5,G,4,56.0
14,Los Rios,2334311,Corral,22.0,1.0,2.5,3.0,18278.955020757494,14.16,14.158928571428572,-7.566585956416751e-05,26430.0,0.0,7010.838426850412,1452.746649655147,6343.2,826,0.053127791677577134,0.7045,15.62178538360544,1.7999999999999998,G,4,56.0
14,Los Rios,2334311,Corral,22.0,1.0,3.0,1.0,16073.789477484015,14.16,13.68,-0.03389830508474579,25536.0,894.0,5205.645848863995,1320.234945554417,6128.64,798,0.07329025248439766,0.7045,18.746142460326528,0.6,G,4,56.0
14,Los Rios,2334311,Corral,22.0,1.0,3.0,1.5,17066.86398274942,14.16,14.158928571428572,-7.566585956416751e-05,26430.0,0.0,5795.304297269442,1388.459878766748,6343.2,826,0.04392965221801625,0.7045,18.746142460326528,0.8999999999999999,G,4,56.0
14,Los Rios,2334311,Corral,22.0,1.0,3.0,2.0,18061.43435329016,14.16,14.158928571428572,-7.566585956416751e-05,26430.0,0.0,6787.508988061789,1440.8645093121709,6343.2,826,0.05143782240940744,0.7045,18.746142460326528,1.2,G,4,56.0
14,Los Rios,2334311,Corral,22.0,1.0,3.0,2.5,19057.170868312463,14.16,14.158928571428572,-7.566585956416751e-05,26430.0,0.0,7743.270777126642,1442.0671129723055,6343.2,826,0.05867022338606165,0.7045,18.746142460326528,1.5,G,4,56.0
14,Los Rios,2334311,Corral,22.0,1.0,3.0,3.0,20053.378591978424,14.16,14.158928571428572,-7.566585956416751e-05,26430.0,0.0,8712.068382923166,1455.1006987827855,6343.2,826,0.06600126845451813,0.7045,18.746142460326528,1.7999999999999998,G,4,56.0
14,Los Rios,2334311,Corral,22.0,1.5,1.0,1.0,9284.797260036841,14.16,9.068571428571428,-0.3595641646489105,16928.0,9502.0,2341.782907641548,835.0488346523783,4062.7200000000003,529,0.37728480715849466,1.05675,6.248714153442176,0.6,G,4,56.0
14,Los Rios,2334311,Corral,22.0,1.5,1.0,1.5,10324.130336220933,14.16,9.72,-0.31355932203389825,18144.0,8286.0,2796.38804970046,876.679073274873,4354.56,567,0.3347200337228915,1.05675,6.248714153442176,0.8999999999999999,G,4,56.0
14,Los Rios,2334311,Corral,22.0,1.5,1.0,2.0,11371.185057022392,14.16,10.388571428571428,-0.2663438256658596,19392.0,7038.0,3310.54919818351,976.7297983324578,4654.08,606,0.29139527627640455,1.05675,6.248714153442176,1.2,G,4,56.0
14,Los Rios,2334311,Corral,22.0,1.5,1.0,2.5,12424.335695204725,14.16,11.142857142857142,-0.21307506053268768,20800.0,5630.0,3727.1532555203426,1050.4170743119753,4992.0,650,0.24127902009016283,1.05675,6.248714153442176,1.5,G,4,56.0
14,Los Rios,2334311,Corral,22.0,1.5,1.0,3.0,13481.556048021299,14.16,11.811428571428573,-0.1658595641646488,22048.0,4382.0,4216.170445473181,1124.4965468287417,5291.52,689,0.1977639943233562,1.05675,6.248714153442176,1.7999999999999998,G,4,56.0
14,Los Rios,2334311,Corral,22.0,1.5,1.5,1.0,11299.297688374107,14.16,10.422857142857143,-0.2639225181598063,19456.0,6974.0,3208.791103972658,982.6589583739507,4669.4400000000005,608,0.2882039491395464,1.05675,9.373071230163264,0.6,G,4,56.0
14,Los Rios,2334311,Corral,22.0,1.5,1.5,1.5,12325.414025736856,14.16,11.108571428571429,-0.21549636803874092,20736.0,5694.0,3654.677786592758,1048.4217503480936,4976.64,648,0.24315189423316208,1.05675,9.373071230163264,0.8999999999999999,G,4,56.0
14,Los Rios,2334311,Corral,22.0,1.5,1.5,2.0,13355.52247458774,14.16,11.845714285714285,-0.16343825665859568,22112.0,4318.0,4082.3476927546685,1147.6660122055737,5306.88,691,0.1943300288322973,1.05675,9.373071230163264,1.2,G,4,56.0
14,Los Rios,2334311,Corral,22.0,1.5,1.5,2.5,14389.166765795213,14.16,12.651428571428571,-0.10653753026634384,23616.0,2814.0,4443.936454052989,1241.2957442065992,5667.84,738,0.14016550192016897,1.05675,9.373071230163264,1.5,G,4,56.0
14,Los Rios,2334311,Corral,22.0,1.5,1.5,3.0,15425.69345105905,14.16,13.182857142857143,-0.06900726392251814,24608.0,1822.0,4979.899420549584,1256.727705788203,5905.92,769,0.10669095231108859,1.05675,9.373071230163264,1.7999999999999998,G,4,56.0
14,Los Rios,2334311,Corral,22.0,1.5,2.0,1.0,13246.984212889127,14.16,11.82857142857143,-0.16464891041162225,22080.0,4350.0,3987.2914828942344,1146.1416924810528,5299.2,690,0.19482137717586162,1.05675,12.497428306884352,0.6,G,4,56.0
14,Los Rios,2334311,Corral,22.0,1.5,2.0,1.5,14254.49298065728,14.16,12.548571428571428,-0.11380145278450368,23424.0,3006.0,4387.186003218607,1226.4277045794056,5621.76,732,0.14699998478010418,1.05675,12.497428306884352,0.8999999999999999,G,4,56.0
14,Los Rios,2334311,Corral,22.0,1.5,2.0,2.0,15264.500576221822,14.16,13.165714285714285,-0.07021791767554482,24576.0,1854.0,4844.491585454301,1265.9404678537126,5898.240000000001,768,0.10687695350947823,1.05675,12.497428306884352,1.2,G,4,56.0
14,Los Rios,2334311,Corral,22.0,1.5,2.0,2.5,16277.08582205058,14.16,13.611428571428572,-0.03874092009685226,25408.0,1022.0,5451.4694338614545,1291.716961633557,6097.92,794,0.07999305353507742,1.05675,12.497428306884352,1.5,G,4,56.0
14,Los Rios,2334311,Corral,22.0,1.5,2.0,3.0,17291.14656657977,14.16,14.158928571428572,-7.566585956416751e-05,26430.0,0.0,6040.486182498265,1393.8894548648693,6343.2,826,0.04578498241271033,1.05675,12.497428306884352,1.7999999999999998,G,4,56.0
14,Los Rios,2334311,Corral,22.0,1.5,2.5,1.0,15121.927373219489,14.16,13.182857142857143,-0.06900726392251814,24608.0,1822.0,4725.729125376543,1303.947729662071,5905.92,769,0.10476760539339627,1.05675,15.62178538360544,0.6,G,4,56.0
14,Los Rios,2334311,Corral,22.0,1.5,2.5,1.5,16108.640974845444,14.16,13.645714285714286,-0.03631961259079903,25472.0,958.0,5282.657656666068,1321.798219283616,6113.28,796,0.07629432054892288,1.05675,15.62178538360544,0.8999999999999999,G,4,56.0
14,Los Rios,2334311,Corral,22.0,1.5,2.5,2.0,17096.655320823626,14.16,14.108571428571429,-0.0036319612590799155,26336.0,94.0,5893.626152013209,1387.0542244723408,6320.64,823,0.048229964679535525,1.05675,15.62178538360544,1.2,G,4,56.0
14,Los Rios,2334311,Corral,22.0,1.5,2.5,2.5,18085.578581576516,14.16,14.158928571428572,-7.566585956416751e-05,26430.0,0.0,6819.6178769742455,1437.115422784156,6343.2,826,0.051680795462093455,1.05675,15.62178538360544,1.5,G,4,56.0
14,Los Rios,2334311,Corral,22.0,1.5,2.5,3.0,19075.811049857824,14.16,14.158928571428572,-7.566585956416751e-05,26430.0,0.0,7774.464667285482,1447.0604619125172,6343.2,826,0.05890627249812249,1.05675,15.62178538360544,1.7999999999999998,G,4,56.0
14,Los Rios,2334311,Corral,22.0,1.5,3.0,1.0,16921.44141604589,14.16,14.091428571428574,-0.004842615012106344,26304.0,126.0,5733.388208630537,1386.250552599175,6312.960000000001,822,0.048228072512148244,1.05675,18.746142460326528,0.6,G,4,56.0
14,Los Rios,2334311,Corral,22.0,1.5,3.0,1.5,17885.449467700048,14.16,14.158928571428572,-7.566585956416751e-05,26430.0,0.0,6621.533871367642,1435.2802485885668,6343.2,826,0.05018186238902041,1.05675,18.746142460326528,0.8999999999999999,G,4,56.0
14,Los Rios,2334311,Corral,22.0,1.5,3.0,2.0,18850.744515501454,14.16,14.158928571428572,-7.566585956416751e-05,26430.0,0.0,7545.999167811129,1435.0856814449148,6343.2,826,0.05717743784451407,1.05675,18.746142460326528,1.2,G,4,56.0
14,Los Rios,2334311,Corral,22.0,1.5,3.0,2.5,19817.102179824626,14.16,14.158928571428572,-7.566585956416751e-05,26430.0,0.0,8487.366825625622,1454.110286267276,6343.2,826,0.06430091614806681,1.05675,18.746142460326528,1.5,G,4,56.0
14,Los Rios,2334311,Corral,22.0,1.5,3.0,3.0,20784.49630452756,14.16,14.158928571428572,-7.566585956416751e-05,26430.0,0.0,9344.778380100017,1366.42790850849,6343.2,826,0.07078908530791846,1.05675,18.746142460326528,1.7999999999999998,G,4,56.0
14,Los Rios,2334311,Corral,22.0,2.0,1.0,1.0,10383.750686770434,14.16,9.72,-0.31355932203389825,18144.0,8286.0,2860.8220217661838,874.926416262053,4354.56,567,0.33520761580435743,1.409,6.248714153442176,0.6,G,4,56.0
14,Los Rios,2334311,Corral,22.0,2.0,1.0,1.5,11393.378346037214,14.16,10.285714285714285,-0.27360774818401945,19200.0,7230.0,3390.2268510101476,939.6066935061452,4608.0,600,0.2992621322249589,1.409,6.248714153442176,0.8999999999999999,G,4,56.0
14,Los Rios,2334311,Corral,22.0,2.0,1.0,2.0,12409.43537802018,14.16,11.005714285714287,-0.22276029055690064,20544.0,5886.0,3803.479581984343,1019.0875902853323,4930.56,642,0.25154182352689186,1.409,6.248714153442176,1.2,G,4,56.0
14,Los Rios,2334311,Corral,22.0,2.0,1.0,2.5,13429.906295395098,14.16,11.691428571428572,-0.1743341404358353,21824.0,4606.0,4256.5922949382675,1100.485947466438,5237.76,682,0.20654444913760048,1.409,6.248714153442176,1.5,G,4,56.0
14,Los Rios,2334311,Corral,22.0,2.0,1.0,3.0,14454.648082784224,14.16,12.411428571428573,-0.12348668280871662,23168.0,3262.0,4692.522620299189,1196.585067513127,5560.320000000001,724,0.1589957453913817,1.409,6.248714153442176,1.7999999999999998,G,4,56.0
14,Los Rios,2334311,Corral,22.0,2.0,1.5,1.0,12320.612276229425,14.16,10.98857142857143,-0.2239709443099273,20512.0,5918.0,3724.5227099034514,1014.9579741567107,4922.88,641,0.2521549981116939,1.409,9.373071230163264,0.6,G,4,56.0
14,Los Rios,2334311,Corral,22.0,2.0,1.5,1.5,13315.756520907511,14.16,11.708571428571428,-0.17312348668280875,21856.0,4574.0,4151.095293310169,1122.914495119294,5245.4400000000005,683,0.20453548284860648,1.409,9.373071230163264,0.8999999999999999,G,4,56.0
14,Los Rios,2334311,Corral,22.0,2.0,1.5,2.0,14314.832908376324,14.16,12.377142857142859,-0.12590799031476985,23104.0,3326.0,4583.398914519689,1195.3649427985831,5544.960000000001,722,0.16059129651620527,1.409,9.373071230163264,1.2,G,4,56.0
14,Los Rios,2334311,Corral,22.0,2.0,1.5,2.5,15316.72604748832,14.16,13.01142857142857,-0.08111380145278456,24288.0,2142.0,4998.092921754105,1217.6359574483477,5829.12,759,0.11893516294922123,1.409,9.373071230163264,1.5,G,4,56.0
14,Los Rios,2334311,Corral,22.0,2.0,1.5,3.0,16321.423502557656,14.16,13.508571428571427,-0.04600484261501222,25216.0,1214.0,5573.844249632684,1271.8833771770526,6051.84,788,0.08818300568449905,1.409,9.373071230163264,1.7999999999999998,G,4,56.0
14,Los Rios,2334311,Corral,22.0,2.0,2.0,1.0,14192.229902456085,14.16,12.411428571428573,-0.12348668280871662,23168.0,3262.0,4421.666556877694,1187.5618018476166,5560.320000000001,724,0.15694613462012558,1.409,12.497428306884352,0.6,G,4,56.0
14,Los Rios,2334311,Corral,22.0,2.0,2.0,1.5,15169.513496606918,14.16,12.959999999999999,-0.08474576271186449,24192.0,2238.0,4911.902749164248,1231.2971063519772,5806.08,756,0.12191490950841574,1.409,12.497428306884352,0.8999999999999999,G,4,56.0
14,Los Rios,2334311,Corral,22.0,2.0,2.0,2.0,16149.012814548847,14.16,13.525714285714285,-0.04479418886198554,25248.0,1182.0,5414.262338818806,1293.476805902046,6059.52,789,0.08576477031350885,1.409,12.497428306884352,1.2,G,4,56.0
14,Los Rios,2334311,Corral,22.0,2.0,2.0,2.5,17131.12992126278,14.16,14.057142857142857,-0.007263922518159831,26240.0,190.0,5978.066176955016,1378.9559025043848,6297.6,820,0.05250089699379371,1.409,12.497428306884352,1.5,G,4,56.0
14,Los Rios,2334311,Corral,22.0,2.0,2.0,3.0,18114.939917149783,14.16,14.158928571428572,-7.566585956416751e-05,26430.0,0.0,6838.286033594041,1409.7859791728645,6343.2,826,0.05182206036273512,1.409,12.497428306884352,1.7999999999999998,G,4,56.0
14,Los Rios,2334311,Corral,22.0,2.0,2.5,1.0,15995.116948011335,14.16,13.491428571428573,-0.04721549636803865,25184.0,1246.0,5292.823517124938,1294.6311378086682,6044.160000000001,787,0.08726713100386868,1.409,15.62178538360544,0.6,G,4,56.0
14,Los Rios,2334311,Corral,22.0,2.0,2.5,1.5,16952.9116944478,14.16,14.022857142857145,-0.00968523002421294,26176.0,254.0,5826.706020274982,1374.1391032382717,6282.240000000001,818,0.05377683819882499,1.409,15.62178538360544,0.8999999999999999,G,4,56.0
14,Los Rios,2334311,Corral,22.0,2.0,2.5,2.0,17912.004277543194,14.16,14.158928571428572,-7.566585956416751e-05,26430.0,0.0,6621.022604098673,1391.3140219951742,6343.2,826,0.05017799354854391,1.409,15.62178538360544,1.2,G,4,56.0
14,Los Rios,2334311,Corral,22.0,2.0,2.5,2.5,18872.068014091747,14.16,14.158928571428572,-7.566585956416751e-05,26430.0,0.0,7563.992091034743,1419.6195126858147,6343.2,826,0.05731359314700074,1.409,15.62178538360544,1.5,G,4,56.0
14,Los Rios,2334311,Corral,22.0,2.0,2.5,3.0,19832.953149071054,14.16,14.158928571428572,-7.566585956416751e-05,26430.0,0.0,8480.301099988725,1419.8251539287185,6343.2,826,0.06424744868202899,1.409,15.62178538360544,1.7999999999999998,G,4,56.0
14,Los Rios,2334311,Corral,22.0,2.0,3.0,1.0,17727.620002307547,14.16,14.158928571428572,-7.566585956416751e-05,26430.0,0.0,6441.740643318042,1388.5413876987955,6343.2,826,0.04882133852939423,1.409,18.746142460326528,0.6,G,4,56.0
14,Los Rios,2334311,Corral,22.0,2.0,3.0,1.5,18664.29981999043,14.16,14.158928571428572,-7.566585956416751e-05,26430.0,0.0,7354.941118555308,1412.4071383050887,6343.2,826,0.0557316712969861,1.409,18.746142460326528,0.8999999999999999,G,4,56.0
14,Los Rios,2334311,Corral,22.0,2.0,3.0,2.0,19601.58351237618,14.16,14.158928571428572,-7.566585956416751e-05,26430.0,0.0,8269.242384688469,1429.4262799176747,6343.2,826,0.06265033392379776,1.409,18.746142460326528,1.2,G,4,56.0
14,Los Rios,2334311,Corral,22.0,2.0,3.0,2.5,20539.962231922553,14.16,14.158928571428572,-7.566585956416751e-05,26430.0,0.0,9126.057740216878,1381.0562011317106,6343.2,826,0.06913399155170855,1.409,18.746142460326528,1.5,G,4,56.0
14,Los Rios,2334311,Corral,22.0,2.0,3.0,3.0,21479.55736054644,14.16,14.158928571428572,-7.566585956416751e-05,26430.0,0.0,10016.846884583227,1360.3257028919843,6343.2,826,0.07587473422568772,1.409,18.746142460326528,1.7999999999999998,G,4,56.0
14,Los Rios,2334311,Corral,22.0,2.5,1.0,1.0,11428.071573232302,14.16,10.165714285714287,-0.2820823244552057,18976.0,7454.0,3502.945602067694,903.851467386998,4554.240000000001,593,0.3085896691549234,1.76125,6.248714153442176,0.6,G,4,56.0
14,Los Rios,2334311,Corral,22.0,2.5,1.0,1.5,12408.47578056288,14.16,10.98857142857143,-0.2239709443099273,20512.0,5918.0,3826.595487427078,1020.790243456184,4922.88,641,0.2529273990010138,1.76125,6.248714153442176,0.8999999999999999,G,4,56.0
14,Los Rios,2334311,Corral,22.0,2.5,1.0,2.0,13393.925445335777,14.16,11.605714285714287,-0.18038740920096846,21664.0,4766.0,4286.685075929919,1080.9585375719319,5199.360000000001,677,0.21282543474716537,1.76125,6.248714153442176,1.2,G,4,56.0
14,Los Rios,2334311,Corral,22.0,2.5,1.0,2.5,14383.49149095897,14.16,12.12,-0.14406779661016955,22624.0,3806.0,4823.419285673818,1125.6956531644173,5429.76,707,0.18056737501103085,1.76125,6.248714153442176,1.5,G,4,56.0
14,Los Rios,2334311,Corral,22.0,2.5,1.0,3.0,15376.570324671397,14.16,12.874285714285714,-0.09079903147699764,24032.0,2398.0,5187.117158842764,1213.4601511636035,5767.679999999999,751,0.1300507693418691,1.76125,6.248714153442176,1.7999999999999998,G,4,56.0
14,Los Rios,2334311,Corral,22.0,2.5,1.5,1.0,13290.410047969855,14.16,11.571428571428571,-0.1828087167070218,21600.0,4830.0,4214.350082009129,1081.8641158171818,5184.0,675,0.21469937188681093,1.76125,9.373071230163264,0.6,G,4,56.0
14,Los Rios,2334311,Corral,22.0,2.5,1.5,1.5,14256.185128669864,14.16,12.085714285714284,-0.14648910411622293,22560.0,3870.0,4730.66904269634,1126.7940521448281,5414.4,705,0.18228682672459479,1.76125,9.373071230163264,0.8999999999999999,G,4,56.0
14,Los Rios,2334311,Corral,22.0,2.5,1.5,2.0,15225.061176990112,14.16,12.857142857142856,-0.09200968523002431,24000.0,2430.0,5045.347137662966,1207.2774869148382,5760.0,750,0.13018862686954732,1.76125,9.373071230163264,1.2,G,4,56.0
14,Los Rios,2334311,Corral,22.0,2.5,1.5,2.5,16196.973315111052,14.16,13.37142857142857,-0.055690072639225284,24960.0,1470.0,5558.790814770005,1245.69857724104,5990.4,780,0.09775432398065553,1.76125,9.373071230163264,1.5,G,4,56.0
14,Los Rios,2334311,Corral,22.0,2.5,1.5,3.0,17171.39005959335,14.16,13.920000000000002,-0.01694915254237277,25984.0,446.0,6091.049034896005,1324.107952219934,6236.160000000001,812,0.06304108621544129,1.76125,9.373071230163264,1.7999999999999998,G,4,56.0
14,Los Rios,2334311,Corral,22.0,2.5,2.0,1.0,15090.640084881341,14.16,12.805714285714286,-0.0956416464891041,23904.0,2526.0,4963.0496331582035,1212.7641720137442,5736.960000000001,747,0.13319782986525397,1.76125,12.497428306884352,0.6,G,4,56.0
14,Los Rios,2334311,Corral,22.0,2.5,2.0,1.5,16039.065079094462,14.16,13.30285714285714,-0.06053268765133188,24832.0,1598.0,5476.276979644853,1257.831583319083,5959.679999999999,776,0.10197254372128914,1.76125,12.497428306884352,0.8999999999999999,G,4,56.0
14,Los Rios,2334311,Corral,22.0,2.5,2.0,2.0,16989.779330850404,14.16,13.868571428571427,-0.020581113801452937,25888.0,542.0,5957.4996490670765,1323.5539374857156,6213.12,809,0.06566245810010657,1.76125,12.497428306884352,1.2,G,4,56.0
14,Los Rios,2334311,Corral,22.0,2.5,2.0,2.5,17942.575458217903,14.16,14.158928571428572,-7.566585956416751e-05,26430.0,0.0,6650.432194066379,1369.872051553913,6343.2,826,0.050400540578189816,1.76125,12.497428306884352,1.5,G,4,56.0
14,Los Rios,2334311,Corral,22.0,2.5,2.0,3.0,18897.44385527153,14.16,14.158928571428572,-7.566585956416751e-05,26430.0,0.0,7588.270797811881,1407.428990952819,6343.2,826,0.05749731397013458,1.76125,12.497428306884352,1.7999999999999998,G,4,56.0
14,Los Rios,2334311,Corral,22.0,2.5,2.5,1.0,16826.08327560812,14.16,13.834285714285715,-0.023002421307506047,25824.0,606.0,5848.577043399696,1344.1226283293379,6197.76,807,0.06725953098135921,1.76125,15.62178538360544,0.6,G,4,56.0
14,Los Rios,2334311,Corral,22.0,2.5,2.5,1.5,17756.104398227515,14.16,14.158928571428572,-7.566585956416751e-05,26430.0,0.0,6484.962397082903,1387.9046103527858,6343.2,826,0.04914840439216275,1.76125,15.62178538360544,0.8999999999999999,G,4,56.0
14,Los Rios,2334311,Corral,22.0,2.5,2.5,2.0,18687.779720080587,14.16,14.158928571428572,-7.566585956416751e-05,26430.0,0.0,7390.439013030959,1412.9165982538852,6343.2,826,0.05600028949203454,1.76125,15.62178538360544,1.2,G,4,56.0
14,Los Rios,2334311,Corral,22.0,2.5,2.5,2.5,19620.43152534148,14.16,14.158928571428572,-7.566585956416751e-05,26430.0,0.0,8253.914722497804,1384.2142318694428,6343.2,826,0.0625343470740765,1.76125,15.62178538360544,1.5,G,4,56.0
14,Los Rios,2334311,Corral,22.0,2.5,2.5,3.0,20553.968608100262,14.16,14.158928571428572,-7.566585956416751e-05,26430.0,0.0,9143.051587446525,1378.3548487160647,6343.2,826,0.06926258668776338,1.76125,15.62178538360544,1.7999999999999998,G,4,56.0
14,Los Rios,2334311,Corral,22.0,2.5,3.0,1.0,18495.860049179675,14.16,14.158928571428572,-7.566585956416751e-05,26430.0,0.0,7196.218514939357,1406.474101723496,6343.2,826,0.054530592192816967,1.76125,18.746142460326528,0.6,G,4,56.0
14,Los Rios,2334311,Corral,22.0,2.5,3.0,1.5,19406.26118168824,14.16,14.158928571428572,-7.566585956416751e-05,26430.0,0.0,8064.482826850823,1406.2373247852552,6343.2,826,0.06110088588870395,1.76125,18.746142460326528,0.8999999999999999,G,4,56.0
14,Los Rios,2334311,Corral,22.0,2.5,3.0,2.0,20317.49078033606,14.16,14.158928571428572,-7.566585956416751e-05,26430.0,0.0,8916.021688144254,1383.5626069001983,6343.2,826,0.06754461544824562,1.76125,18.746142460326528,1.2,G,4,56.0
14,Los Rios,2334311,Corral,22.0,2.5,3.0,2.5,21229.378539960417,14.16,14.158928571428572,-7.566585956416751e-05,26430.0,0.0,9763.49867061384,1343.1313189994548,6343.2,826,0.0739576081267896,1.76125,18.746142460326528,1.5,G,4,56.0
14,Los Rios,2334311,Corral,22.0,2.5,3.0,3.0,22142.304415159564,14.16,14.158928571428572,-7.566585956416751e-05,26430.0,0.0,10621.679991078978,1312.8504714183696,6343.2,826,0.08045160222792572,1.76125,18.746142460326528,1.7999999999999998,G,4,56.0
14,Los Rios,2334311,Corral,22.0,3.0,1.0,1.0,12421.74613854331,14.16,10.902857142857142,-0.2300242130750606,20352.0,6078.0,3920.6715707556177,1018.6894949125527,4884.48,636,0.25969255640276107,2.1135,6.248714153442176,0.6,G,4,56.0
14,Los Rios,2334311,Corral,22.0,3.0,1.0,1.5,13373.492775785584,14.16,11.537142857142857,-0.18523002421307505,21536.0,4894.0,4334.395901682229,1078.3716150456567,5168.64,673,0.21802908514143093,2.1135,6.248714153442176,0.8999999999999999,G,4,56.0
14,Los Rios,2334311,Corral,22.0,3.0,1.0,2.0,14329.887082784246,14.16,11.982857142857144,-0.1537530266343825,22368.0,4062.0,4874.603315840798,1097.2630931778851,5368.320000000001,699,0.19063992270582253,2.1135,6.248714153442176,1.2,G,4,56.0
14,Los Rios,2334311,Corral,22.0,3.0,1.0,2.5,15289.660765270544,14.16,12.668571428571429,-0.10532687651331717,23648.0,2782.0,5263.821880686146,1179.4561152021652,5675.52,739,0.14515905116852826,2.1135,6.248714153442176,1.5,G,4,56.0
14,Los Rios,2334311,Corral,22.0,3.0,1.0,3.0,16252.496080416953,14.16,13.30285714285714,-0.06053268765133188,24832.0,1598.0,5663.4551484211515,1223.2398264121346,5959.679999999999,776,0.10338895059814347,2.1135,6.248714153442176,1.7999999999999998,G,4,56.0
14,Los Rios,2334311,Corral,22.0,3.0,1.5,1.0,14213.623511696669,14.16,11.94857142857143,-0.15617433414043574,22304.0,4126.0,4800.227877646096,1109.5515074190541,5352.960000000001,697,0.19249841948017163,2.1135,9.373071230163264,0.6,G,4,56.0
14,Los Rios,2334311,Corral,22.0,3.0,1.5,1.5,15150.924652941505,14.16,12.651428571428571,-0.10653753026634384,23616.0,2814.0,5138.421011928912,1177.174236265213,5667.84,738,0.14542077666762204,2.1135,9.373071230163264,0.8999999999999999,G,4,56.0
14,Los Rios,2334311,Corral,22.0,3.0,1.5,2.0,16090.83699011657,14.16,13.234285714285715,-0.06537530266343823,24704.0,1726.0,5562.718649888203,1221.3435242194555,5928.960000000001,772,0.1074692765558953,2.1135,9.373071230163264,1.2,G,4,56.0
14,Los Rios,2334311,Corral,22.0,3.0,1.5,2.5,17033.999110662677,14.16,13.714285714285715,-0.031476997578692434,25600.0,830.0,6126.582313272733,1300.2165140995794,6144.0,800,0.07783781720239832,2.1135,9.373071230163264,1.5,G,4,56.0
14,Los Rios,2334311,Corral,22.0,3.0,1.5,3.0,17979.58012852122,14.16,14.125714285714286,-0.002421307506053235,26368.0,62.0,6690.364599955752,1317.3947726083923,6328.320000000001,824,0.05304835707060679,2.1135,9.373071230163264,1.7999999999999998,G,4,56.0
14,Los Rios,2334311,Corral,22.0,3.0,2.0,1.0,15946.050120865326,14.16,13.217142857142857,-0.0665859564164649,24672.0,1758.0,5439.540164624314,1224.1353880338525,5921.28,771,0.10774781918320206,2.1135,12.497428306884352,0.6,G,4,56.0
14,Los Rios,2334311,Corral,22.0,3.0,2.0,1.5,16866.97400116637,14.16,13.68,-0.03389830508474579,25536.0,894.0,5987.292185462149,1295.108342636839,6128.64,798,0.07920509422937044,2.1135,12.497428306884352,0.8999999999999999,G,4,56.0
14,Los Rios,2334311,Corral,22.0,3.0,2.0,2.0,17790.244382302702,14.16,14.108571428571429,-0.0036319612590799155,26336.0,94.0,6522.7222756791325,1321.8968391303865,6320.64,823,0.05299043477916415,2.1135,12.497428306884352,1.2,G,4,56.0
14,Los Rios,2334311,Corral,22.0,3.0,2.0,2.5,18715.510998481957,14.16,14.158928571428572,-7.566585956416751e-05,26430.0,0.0,7408.537530463563,1393.9304137256304,6343.2,826,0.0561372438426407,2.1135,12.497428306884352,1.5,G,4,56.0
14,Los Rios,2334311,Corral,22.0,3.0,2.0,3.0,19642.4845028061,14.16,14.158928571428572,-7.566585956416751e-05,26430.0,0.0,8254.972817223623,1352.1914043508286,6343.2,826,0.06254235384460861,2.1135,12.497428306884352,1.7999999999999998,G,4,56.0
14,Los Rios,2334311,Corral,22.0,3.0,2.5,1.0,17618.415071213192,14.16,14.091428571428574,-0.004842615012106344,26304.0,126.0,6376.968887712336,1331.7266879055785,6312.960000000001,822,0.053098149538873936,2.1135,15.62178538360544,0.6,G,4,56.0
14,Los Rios,2334311,Corral,22.0,3.0,2.5,1.5,18521.989926650538,14.16,14.158928571428572,-7.566585956416751e-05,26430.0,0.0,7221.3790054916335,1396.7197558552969,6343.2,826,0.05472098561356821,2.1135,15.62178538360544,0.8999999999999999,G,4,56.0
14,Los Rios,2334311,Corral,22.0,3.0,2.5,2.0,19427.162730954115,14.16,14.158928571428572,-7.566585956416751e-05,26430.0,0.0,8076.621972548972,1386.0473871030458,6343.2,826,0.06119274472864455,2.1135,15.62178538360544,1.2,G,4,56.0
14,Los Rios,2334311,Corral,22.0,3.0,2.5,2.5,20333.80924489391,14.16,14.158928571428572,-7.566585956416751e-05,26430.0,0.0,8902.711638358014,1335.140342699462,6343.2,826,0.06744389619144471,2.1135,15.62178538360544,1.5,G,4,56.0
14,Los Rios,2334311,Corral,22.0,3.0,2.5,3.0,21241.394880471787,14.16,14.158928571428572,-7.566585956416751e-05,26430.0,0.0,9756.06277320947,1317.1845055584092,6343.2,826,0.07390133951230327,2.1135,15.62178538360544,1.7999999999999998,G,4,56.0
14,Los Rios,2334311,Corral,22.0,3.0,3.0,1.0,19229.2830779099,14.16,14.158928571428572,-7.566585956416751e-05,26430.0,0.0,7904.4511710252455,1407.854837989451,6343.2,826,0.05988990097893795,2.1135,18.746142460326528,0.6,G,4,56.0
14,Los Rios,2334311,Corral,22.0,3.0,3.0,1.5,20114.66139070999,14.16,14.158928571428572,-7.566585956416751e-05,26430.0,0.0,8720.515411172999,1368.7623350985573,6343.2,826,0.06606518845640866,2.1135,18.746142460326528,0.8999999999999999,G,4,56.0
14,Los Rios,2334311,Corral,22.0,3.0,3.0,2.0,21000.966048337155,14.16,14.158928571428572,-7.566585956416751e-05,26430.0,0.0,9535.320002748758,1332.1540961596604,6343.2,826,0.07223094397344051,2.1135,18.746142460326528,1.2,G,4,56.0
14,Los Rios,2334311,Corral,22.0,3.0,3.0,2.5,21887.872328068494,14.16,14.158928571428572,-7.566585956416751e-05,26430.0,0.0,10370.221874278359,1307.0078106530962,6343.2,826,0.0785487787939445,2.1135,18.746142460326528,1.5,G,4,56.0
14,Los Rios,2334311,Corral,22.0,3.0,3.0,3.0,22775.547633833627,14.16,14.158928571428572,-7.566585956416751e-05,26430.0,0.0,11230.517096247268,1294.1843631984827,6343.2,826,0.08505876912288061,2.1135,18.746142460326528,1.7999999999999998,G,4,56.0
14,Los Rios,2334311,Corral,24.0,1.0,1.0,1.0,8732.8290088013,14.16,8.914285714285713,-0.3704600484261502,16640.0,9790.0,1974.6860481402246,858.9927235317259,3993.6,520,0.3854028108032991,0.7045,6.248714153442176,0.6,G,4,56.0
14,Los Rios,2334311,Corral,24.0,1.0,1.0,1.5,9850.719507175641,14.16,9.6,-0.3220338983050848,17920.0,8510.0,2462.2111218166697,890.5816611957024,4300.8,560,0.3406658402030543,0.7045,6.248714153442176,0.8999999999999999,G,4,56.0
14,Los Rios,2334311,Corral,24.0,1.0,1.0,2.0,10979.395715834446,14.16,10.165714285714287,-0.2820823244552057,18976.0,7454.0,3088.49556861829,937.833073317451,4554.240000000001,593,0.305453460048231,0.7045,6.248714153442176,1.2,G,4,56.0
14,Los Rios,2334311,Corral,24.0,1.0,1.0,2.5,12115.394590545067,14.16,10.98857142857143,-0.2239709443099273,20512.0,5918.0,3578.3490604217513,1071.1801379071337,4922.88,641,0.25104887893286904,0.7045,6.248714153442176,1.5,G,4,56.0
14,Los Rios,2334311,Corral,24.0,1.0,1.0,3.0,13257.419194723152,14.16,11.982857142857144,-0.1537530266343825,22368.0,4062.0,3903.5425793368454,1186.4350100697982,5368.320000000001,699,0.18329175216852436,0.7045,6.248714153442176,1.7999999999999998,G,4,56.0
14,Los Rios,2334311,Corral,24.0,1.0,1.5,1.0,10909.690585877735,14.16,10.217142857142857,-0.2784503631961259,19072.0,7358.0,2981.2148652077244,946.5264742090151,4577.28,596,0.30100968869902206,0.7045,9.373071230163264,0.6,G,4,56.0
14,Los Rios,2334311,Corral,24.0,1.0,1.5,1.5,12016.05646656185,14.16,10.954285714285716,-0.22639225181598055,20448.0,5982.0,3502.193223104993,1064.751532526002,4907.52,639,0.25289390314481136,0.7045,9.373071230163264,0.8999999999999999,G,4,56.0
14,Los Rios,2334311,Corral,24.0,1.0,1.5,2.0,13127.649516949854,14.16,11.93142857142857,-0.15738498789346253,22272.0,4158.0,3821.6678443304836,1187.7300712319695,5345.28,696,0.18630415432804812,0.7045,9.373071230163264,1.2,G,4,56.0
14,Los Rios,2334311,Corral,24.0,1.0,1.5,2.5,14242.94020434697,14.16,12.754285714285714,-0.09927360774818401,23808.0,2622.0,4229.617682853463,1261.004784860706,5713.92,744,0.13127979528396505,0.7045,9.373071230163264,1.5,G,4,56.0
14,Los Rios,2334311,Corral,24.0,1.0,1.5,3.0,15361.88865158824,14.16,13.37142857142857,-0.055690072639225284,24960.0,1470.0,4798.2299796357065,1309.8680818067983,5990.4,780,0.09199903956798583,0.7045,9.373071230163264,1.7999999999999998,G,4,56.0
14,Los Rios,2334311,Corral,24.0,1.0,2.0,1.0,13016.550763680681,14.16,11.742857142857144,-0.1707021791767554,21920.0,4510.0,3854.439704567581,1160.1434389400765,5260.8,685,0.1998693354731427,0.7045,12.497428306884352,0.6,G,4,56.0
14,Los Rios,2334311,Corral,24.0,1.0,2.0,1.5,14102.890345359041,14.16,12.668571428571429,-0.10532687651331717,23648.0,2782.0,4163.612470396749,1257.1497366603387,5675.52,739,0.1368335921425018,0.7045,12.497428306884352,0.8999999999999999,G,4,56.0
14,Los Rios,2334311,Corral,24.0,1.0,2.0,2.0,15192.69019233599,14.16,13.32,-0.05932203389830507,24864.0,1566.0,4669.377290986189,1302.8135752515332,5967.360000000001,777,0.094655952104784,0.7045,12.497428306884352,1.2,G,4,56.0
14,Los Rios,2334311,Corral,24.0,1.0,2.0,2.5,16284.72118854839,14.16,13.902857142857142,-0.018159806295399577,25952.0,478.0,5261.985605300406,1363.7872355501431,6228.48,811,0.057978085563658424,0.7045,12.497428306884352,1.5,G,4,56.0
14,Los Rios,2334311,Corral,24.0,1.0,2.0,3.0,17378.182449358992,14.16,14.158928571428572,-7.566585956416751e-05,26430.0,0.0,6089.840480465626,1385.5357385321174,6343.2,826,0.04615845420966349,0.7045,12.497428306884352,1.7999999999999998,G,4,56.0
14,Los Rios,2334311,Corral,24.0,1.0,2.5,1.0,15043.334788934593,14.16,13.285714285714286,-0.06174334140435831,24800.0,1630.0,4545.906520609417,1296.4471321762685,5952.0,775,0.09614293671733158,0.7045,15.62178538360544,0.6,G,4,56.0
14,Los Rios,2334311,Corral,24.0,1.0,2.5,1.5,16106.730285404215,14.16,13.937142857142856,-0.015738498789346342,26016.0,414.0,5068.644663054636,1379.1467017330247,6243.84,813,0.05409373649691075,0.7045,15.62178538360544,0.8999999999999999,G,4,56.0
14,Los Rios,2334311,Corral,24.0,1.0,2.5,2.0,17171.522840390604,14.16,14.158928571428572,-7.566585956416751e-05,26430.0,0.0,5891.054521979515,1385.3793303794419,6343.2,826,0.044654209347869234,0.7045,15.62178538360544,1.2,G,4,56.0
14,Los Rios,2334311,Corral,24.0,1.0,2.5,2.5,18237.366212953955,14.16,14.158928571428572,-7.566585956416751e-05,26430.0,0.0,6929.2289438644275,1420.9926566587478,6343.2,826,0.05251023978210997,0.7045,15.62178538360544,1.5,G,4,56.0
14,Los Rios,2334311,Corral,24.0,1.0,2.5,3.0,19304.65583765934,14.16,14.158928571428572,-7.566585956416751e-05,26430.0,0.0,7943.470448786032,1404.1541145450656,6343.2,826,0.060185166039556835,0.7045,15.62178538360544,1.7999999999999998,G,4,56.0
14,Los Rios,2334311,Corral,24.0,1.0,3.0,1.0,16985.541979509133,14.16,14.158928571428572,-7.566585956416751e-05,26430.0,0.0,5734.029762630734,1409.534444107357,6343.2,826,0.04346597810043237,0.7045,18.746142460326528,0.6,G,4,56.0
14,Los Rios,2334311,Corral,24.0,1.0,3.0,1.5,18023.785499117064,14.16,14.158928571428572,-7.566585956416751e-05,26430.0,0.0,6744.443505088635,1441.6105354084843,6343.2,826,0.05111193907249369,0.7045,18.746142460326528,0.8999999999999999,G,4,56.0
14,Los Rios,2334311,Corral,24.0,1.0,3.0,2.0,19063.524884000333,14.16,14.158928571428572,-7.566585956416751e-05,26430.0,0.0,7724.406734823735,1418.1375529437942,6343.2,826,0.05852747618740174,0.7045,18.746142460326528,1.2,G,4,56.0
14,Los Rios,2334311,Corral,24.0,1.0,3.0,2.5,20104.43041336517,14.16,14.158928571428572,-7.566585956416751e-05,26430.0,0.0,8646.594262619517,1340.6699296659626,6343.2,826,0.06550581540643907,0.7045,18.746142460326528,1.5,G,4,56.0
14,Los Rios,2334311,Corral,24.0,1.0,3.0,3.0,21145.80715137366,14.16,14.158928571428572,-7.566585956416751e-05,26430.0,0.0,9676.448145596318,1358.573465319261,6343.2,826,0.07329888300369068,0.7045,18.746142460326528,1.7999999999999998,G,4,56.0
14,Los Rios,2334311,Corral,24.0,1.5,1.0,1.0,9942.586781851549,14.16,9.582857142857144,-0.3232445520581113,17888.0,8542.0,2577.2698378517093,896.7425805169694,4293.12,559,0.34274716150080303,1.05675,6.248714153442176,0.6,G,4,56.0
14,Los Rios,2334311,Corral,24.0,1.5,1.0,1.5,11030.373859027346,14.16,10.08,-0.288135593220339,18816.0,7614.0,3181.2069966532954,898.9810068699719,4515.84,588,0.3122082908870306,1.05675,6.248714153442176,0.8999999999999999,G,4,56.0
14,Los Rios,2334311,Corral,24.0,1.5,1.0,2.0,12125.985992858983,14.16,10.817142857142857,-0.23607748184019375,20192.0,6238.0,3701.752504883498,1021.0955950060319,4846.08,631,0.26408922989076883,1.05675,6.248714153442176,1.2,G,4,56.0
14,Los Rios,2334311,Corral,24.0,1.5,1.0,2.5,13227.641508832057,14.16,11.777142857142858,-0.16828087167070216,21984.0,4446.0,4030.7444460061765,1147.9399135733304,5276.160000000001,687,0.1987821538954935,1.05675,6.248714153442176,1.5,G,4,56.0
14,Los Rios,2334311,Corral,24.0,1.5,1.0,3.0,14333.265439440971,14.16,12.565714285714286,-0.11259079903147699,23456.0,2974.0,4427.801767539264,1192.0520904740345,5629.4400000000005,733,0.14609667695458908,1.05675,6.248714153442176,1.7999999999999998,G,4,56.0
14,Los Rios,2334311,Corral,24.0,1.5,1.5,1.0,12036.225256301364,14.16,10.799999999999999,-0.23728813559322043,20160.0,6270.0,3621.761581905258,1019.4671220910301,4838.4,630,0.26469457964850046,1.05675,9.373071230163264,0.6,G,4,56.0
14,Los Rios,2334311,Corral,24.0,1.5,1.5,1.5,13109.671880102109,14.16,11.725714285714284,-0.1719128329297822,21888.0,4542.0,3954.700874663182,1145.2771071756094,5253.12,684,0.20183868139488387,1.05675,9.373071230163264,0.8999999999999999,G,4,56.0
14,Los Rios,2334311,Corral,24.0,1.5,1.5,2.0,14186.911090114516,14.16,12.582857142857142,-0.11138014527845044,23488.0,2942.0,4301.457613872931,1227.0017544675204,5637.12,734,0.14392995696118166,1.05675,9.373071230163264,1.2,G,4,56.0
14,Los Rios,2334311,Corral,24.0,1.5,1.5,2.5,15267.670828668588,14.16,13.268571428571429,-0.06295399515738499,24768.0,1662.0,4797.161954653923,1298.017597777221,5944.320000000001,774,0.09925488017179229,1.05675,9.373071230163264,1.5,G,4,56.0
14,Los Rios,2334311,Corral,24.0,1.5,1.5,3.0,16351.312961279025,14.16,13.799999999999999,-0.025423728813559407,25760.0,670.0,5411.392861726128,1344.3173021496236,6182.4,805,0.06637259647701857,1.05675,9.373071230163264,1.7999999999999998,G,4,56.0
14,Los Rios,2334311,Corral,24.0,1.5,2.0,1.0,14059.033779549856,14.16,12.497142857142858,-0.11743341404358347,23328.0,3102.0,4240.446709953733,1215.6523421157178,5598.72,729,0.14952154654417926,1.05675,12.497428306884352,0.6,G,4,56.0
14,Los Rios,2334311,Corral,24.0,1.5,2.0,1.5,15112.519885857,14.16,13.182857142857143,-0.06900726392251814,24608.0,1822.0,4709.768921199869,1288.1753681053838,5905.92,769,0.10464683199818874,1.05675,12.497428306884352,0.8999999999999999,G,4,56.0
14,Los Rios,2334311,Corral,24.0,1.5,2.0,2.0,16168.504819960533,14.16,13.748571428571429,-0.029055690072639195,25664.0,766.0,5268.753519328952,1336.2390906550945,6159.360000000001,802,0.0689251832192828,1.05675,12.497428306884352,1.2,G,4,56.0
14,Los Rios,2334311,Corral,24.0,1.5,2.0,2.5,17227.06740432828,14.16,14.158928571428572,-7.566585956416751e-05,26430.0,0.0,5931.140417924239,1355.3889400653043,6343.2,826,0.04495754567737907,1.05675,12.497428306884352,1.5,G,4,56.0
14,Los Rios,2334311,Corral,24.0,1.5,2.0,3.0,18287.105487396464,14.16,14.158928571428572,-7.566585956416751e-05,26430.0,0.0,6960.973003452336,1385.5096913294747,6343.2,826,0.052750452113460015,1.05675,12.497428306884352,1.7999999999999998,G,4,56.0
14,Los Rios,2334311,Corral,24.0,1.5,2.5,1.0,16005.335986214559,14.16,13.782857142857143,-0.02663438256658596,25728.0,702.0,5102.365762738811,1362.8059057751755,6174.72,804,0.06524479318133293,1.05675,15.62178538360544,0.6,G,4,56.0
14,Los Rios,2334311,Corral,24.0,1.5,2.5,1.5,17036.942504460952,14.16,14.158928571428572,-7.566585956416751e-05,26430.0,0.0,5763.120297492046,1372.992896522192,6343.2,826,0.04368611078950776,1.05675,15.62178538360544,0.8999999999999999,G,4,56.0
14,Los Rios,2334311,Corral,24.0,1.5,2.5,2.0,18069.849767059575,14.16,14.158928571428572,-7.566585956416751e-05,26430.0,0.0,6782.164063888064,1420.6876509837666,6343.2,826,0.05139737652084351,1.05675,15.62178538360544,1.2,G,4,56.0
14,Los Rios,2334311,Corral,24.0,1.5,2.5,2.5,19103.6659444329,14.16,14.158928571428572,-7.566585956416751e-05,26430.0,0.0,7743.010105939602,1390.5638995945683,6343.2,826,0.0586682508458646,1.05675,15.62178538360544,1.5,G,4,56.0
14,Los Rios,2334311,Corral,24.0,1.5,2.5,3.0,20138.791329334657,14.16,14.158928571428572,-7.566585956416751e-05,26430.0,0.0,8669.765870185247,1322.6989248758305,6343.2,826,0.06568115863432956,1.05675,15.62178538360544,1.7999999999999998,G,4,56.0
14,Los Rios,2334311,Corral,24.0,1.5,3.0,1.0,17872.92048977291,14.16,14.158928571428572,-7.566585956416751e-05,26430.0,0.0,6589.9863518418,1418.255092129236,6343.2,826,0.049943137307477896,1.05675,18.746142460326528,0.6,G,4,56.0
14,Los Rios,2334311,Corral,24.0,1.5,3.0,1.5,18880.787011773136,14.16,14.158928571428572,-7.566585956416751e-05,26430.0,0.0,7537.042837797162,1401.5721450741798,6343.2,826,0.057109663875433724,1.05675,18.746142460326528,0.8999999999999999,G,4,56.0
14,Los Rios,2334311,Corral,24.0,1.5,3.0,2.0,19889.940529920605,14.16,14.158928571428572,-7.566585956416751e-05,26430.0,0.0,8459.232979507306,1354.0312023309125,6343.2,826,0.06408802287437541,1.05675,18.746142460326528,1.2,G,4,56.0
14,Los Rios,2334311,Corral,24.0,1.5,3.0,2.5,20900.156664589842,14.16,14.158928571428572,-7.566585956416751e-05,26430.0,0.0,9405.102331866146,1323.810030225325,6343.2,826,0.07124556621420773,1.05675,18.746142460326528,1.5,G,4,56.0
14,Los Rios,2334311,Corral,24.0,1.5,3.0,3.0,21911.409259638847,14.16,14.158928571428572,-7.566585956416751e-05,26430.0,0.0,10372.725705352646,1297.6161206941492,6343.2,826,0.0785677256806209,1.05675,18.746142460326528,1.7999999999999998,G,4,56.0
14,Los Rios,2334311,Corral,24.0,2.0,1.0,1.0,11091.568086698486,14.16,10.097142857142858,-0.2869249394673123,18848.0,7582.0,3235.8774490645096,901.2428488314788,4523.52,589,0.31141133711441416,1.409,6.248714153442176,0.6,G,4,56.0
14,Los Rios,2334311,Corral,24.0,2.0,1.0,1.5,12148.20236513102,14.16,10.73142857142857,-0.24213075060532702,20032.0,6398.0,3771.5454150941537,989.1313694442771,4807.679999999999,626,0.27067063267187375,1.409,6.248714153442176,0.8999999999999999,G,4,56.0
14,Los Rios,2334311,Corral,24.0,2.0,1.0,2.0,13211.31923287524,14.16,11.64,-0.17796610169491522,21728.0,4702.0,4098.023914936361,1108.8273812830928,5214.72,679,0.20897649832704812,1.409,6.248714153442176,1.2,G,4,56.0
14,Los Rios,2334311,Corral,24.0,2.0,1.0,2.5,14278.869053640252,14.16,12.411428571428573,-0.12348668280871662,23168.0,3262.0,4508.116425995988,1179.4011020394687,5560.320000000001,724,0.15760031448481188,1.409,6.248714153442176,1.5,G,4,56.0
14,Los Rios,2334311,Corral,24.0,2.0,1.0,3.0,15350.59983002181,14.16,13.08,-0.07627118644067797,24416.0,2014.0,5027.4987906715705,1264.7939753409782,5859.84,763,0.11431506680898346,1.409,6.248714153442176,1.7999999999999998,G,4,56.0
14,Los Rios,2334311,Corral,24.0,2.0,1.5,1.0,13104.03898939192,14.16,11.622857142857143,-0.1791767554479419,21696.0,4734.0,4016.517045992738,1120.216534973163,5207.04,678,0.2095703766813338,1.409,9.373071230163264,0.6,G,4,56.0
14,Los Rios,2334311,Corral,24.0,2.0,1.5,1.5,14145.140651207275,14.16,12.394285714285715,-0.1246973365617433,23136.0,3294.0,4412.898363629439,1199.7188606657674,5552.64,723,0.15809043806480375,1.409,9.373071230163264,0.8999999999999999,G,4,56.0
14,Los Rios,2334311,Corral,24.0,2.0,1.5,2.0,15190.0373931851,14.16,13.045714285714284,-0.07869249394673133,24352.0,2078.0,4896.831881443494,1262.6835210337053,5844.48,761,0.11574759709802528,1.409,9.373071230163264,1.2,G,4,56.0
14,Los Rios,2334311,Corral,24.0,2.0,1.5,2.5,16237.621834143096,14.16,13.628571428571428,-0.03753026634382571,25440.0,990.0,5407.324339076827,1287.943309692438,6105.6,795,0.0784483468514067,1.409,9.373071230163264,1.5,G,4,56.0
14,Los Rios,2334311,Corral,24.0,2.0,1.5,3.0,17288.010591058428,14.16,14.158928571428572,-7.566585956416751e-05,26430.0,0.0,5996.892297994532,1342.007906258538,6343.2,826,0.04545510057764614,1.409,9.373071230163264,1.7999999999999998,G,4,56.0
14,Los Rios,2334311,Corral,24.0,2.0,2.0,1.0,15047.639027956975,14.16,13.062857142857146,-0.0774818401937044,24384.0,2046.0,4740.416209501342,1264.0098915920178,5852.160000000001,762,0.11335332115852725,1.409,12.497428306884352,0.6,G,4,56.0
14,Los Rios,2334311,Corral,24.0,2.0,2.0,1.5,16069.542795820294,14.16,13.611428571428572,-0.03874092009685226,25408.0,1022.0,5260.380512508308,1292.7271365553129,6097.92,794,0.07854705337349477,1.409,12.497428306884352,0.8999999999999999,G,4,56.0
14,Los Rios,2334311,Corral,24.0,2.0,2.0,2.0,17093.662287474704,14.16,14.158928571428572,-7.566585956416751e-05,26430.0,0.0,5841.4183071178995,1373.6693399084709,6343.2,826,0.04427860424108441,1.409,12.497428306884352,1.2,G,4,56.0
14,Los Rios,2334311,Corral,24.0,2.0,2.0,2.5,18120.399567901124,14.16,14.158928571428572,-7.566585956416751e-05,26430.0,0.0,6814.049187343996,1389.3719008379276,6343.2,826,0.05163865630484601,1.409,12.497428306884352,1.5,G,4,56.0
14,Los Rios,2334311,Corral,24.0,2.0,2.0,3.0,19148.829737500615,14.16,14.158928571428572,-7.566585956416751e-05,26430.0,0.0,7770.1611685637245,1361.986434052214,6343.2,826,0.05887370724105281,1.409,12.497428306884352,1.7999999999999998,G,4,56.0
14,Los Rios,2334311,Corral,24.0,2.0,2.5,1.0,16918.83380006571,14.16,14.108571428571429,-0.0036319612590799155,26336.0,94.0,5719.964517189432,1379.8108730547258,6320.64,823,0.04691583955790271,1.409,15.62178538360544,0.6,G,4,56.0
14,Los Rios,2334311,Corral,24.0,2.0,2.5,1.5,17920.22666204945,14.16,14.158928571428572,-7.566585956416751e-05,26430.0,0.0,6636.435124506708,1409.3041250787346,6343.2,826,0.050294622533848754,1.409,15.62178538360544,0.8999999999999999,G,4,56.0
14,Los Rios,2334311,Corral,24.0,2.0,2.5,2.0,18922.917360692118,14.16,14.158928571428572,-7.566585956416751e-05,26430.0,0.0,7564.2392061102055,1376.0092061636244,6343.2,826,0.057315463105952404,1.409,15.62178538360544,1.2,G,4,56.0
14,Los Rios,2334311,Corral,24.0,2.0,2.5,2.5,19926.579212787943,14.16,14.158928571428572,-7.566585956416751e-05,26430.0,0.0,8467.527535560293,1316.9928935602857,6343.2,826,0.06415078909498069,1.409,15.62178538360544,1.5,G,4,56.0
14,Los Rios,2334311,Corral,24.0,2.0,2.5,3.0,20931.062463314527,14.16,14.158928571428572,-7.566585956416751e-05,26430.0,0.0,9443.11117715614,1324.7163857322855,6343.2,826,0.07153318517213428,1.409,15.62178538360544,1.7999999999999998,G,4,56.0
14,Los Rios,2334311,Corral,24.0,2.0,3.0,1.0,18716.58537601684,14.16,14.158928571428572,-7.566585956416751e-05,26430.0,0.0,7393.484573040201,1408.4865767331596,6343.2,826,0.056023335727443106,1.409,18.746142460326528,0.6,G,4,56.0
14,Los Rios,2334311,Corral,24.0,2.0,3.0,1.5,19695.887024605563,14.16,14.158928571428572,-7.566585956416751e-05,26430.0,0.0,8266.078982688703,1341.2295077764775,6343.2,826,0.06262639595936519,1.409,18.746142460326528,0.8999999999999999,G,4,56.0
14,Los Rios,2334311,Corral,24.0,2.0,3.0,2.0,20675.79254789716,14.16,14.158928571428572,-7.566585956416751e-05,26430.0,0.0,9186.429826569816,1314.948930272063,6343.2,826,0.06959083670004708,1.409,18.746142460326528,1.2,G,4,56.0
14,Los Rios,2334311,Corral,24.0,2.0,3.0,2.5,21656.793098349364,14.16,14.158928571428572,-7.566585956416751e-05,26430.0,0.0,10126.62307138548,1298.0200543700494,6343.2,826,0.07670542803425566,1.409,18.746142460326528,1.5,G,4,56.0
14,Los Rios,2334311,Corral,24.0,2.0,3.0,3.0,22639.0100578791,14.16,14.158928571428572,-7.566585956416751e-05,26430.0,0.0,11105.763908284347,1312.643484199717,6343.2,826,0.0841147419721964,1.409,18.746142460326528,1.7999999999999998,G,4,56.0
14,Los Rios,2334311,Corral,24.0,2.5,1.0,1.0,12182.955718692838,14.16,10.662857142857144,-0.24697336561743335,19904.0,6526.0,3846.8153799794554,962.6364916464505,4776.960000000001,622,0.2760828274409631,1.76125,6.248714153442176,0.6,G,4,56.0
14,Los Rios,2334311,Corral,24.0,2.5,1.0,1.5,13208.94464598202,14.16,11.520000000000001,-0.18644067796610161,21504.0,4926.0,4183.085759990082,1079.4014369774527,5160.960000000001,672,0.218094751064778,1.76125,6.248714153442176,0.8999999999999999,G,4,56.0
14,Los Rios,2334311,Corral,24.0,2.5,1.0,2.0,14239.98334990868,14.16,12.24,-0.13559322033898305,22848.0,3582.0,4611.299808548451,1157.4037515727125,5483.52,714,0.17048765702871782,1.76125,6.248714153442176,1.2,G,4,56.0
14,Los Rios,2334311,Corral,24.0,2.5,1.0,2.5,15275.292584349118,14.16,12.891428571428573,-0.08958837772397082,24064.0,2366.0,5077.590542557965,1211.7975670109558,5775.360000000001,752,0.12801131031994484,1.76125,6.248714153442176,1.5,G,4,56.0
14,Los Rios,2334311,Corral,24.0,2.5,1.0,3.0,16314.006866647245,14.16,13.491428571428573,-0.04721549636803865,25184.0,1246.0,5593.698137547835,1265.2415649701309,6044.160000000001,787,0.08954389695485541,1.76125,6.248714153442176,1.7999999999999998,G,4,56.0
14,Los Rios,2334311,Corral,24.0,2.5,1.5,1.0,14117.571924752803,14.16,12.24,-0.13559322033898305,22848.0,3582.0,4489.227863290407,1158.4099545335876,5483.52,714,0.1695639192666441,1.76125,9.373071230163264,0.6,G,4,56.0
14,Los Rios,2334311,Corral,24.0,2.5,1.5,1.5,15127.953486367729,14.16,12.874285714285714,-0.09079903147699764,24032.0,2398.0,4958.003714448259,1221.662372138004,5767.679999999999,751,0.1283170315863299,1.76125,9.373071230163264,0.8999999999999999,G,4,56.0
14,Los Rios,2334311,Corral,24.0,2.5,1.5,2.0,16141.448538666567,14.16,13.474285714285713,-0.04842615012106545,25152.0,1278.0,5440.026397728692,1267.9649414588068,6036.48,786,0.08959169229078692,1.76125,9.373071230163264,1.2,G,4,56.0
14,Los Rios,2334311,Corral,24.0,2.5,1.5,2.5,17157.77328994403,14.16,14.074285714285715,-0.00605326876513315,26272.0,158.0,5950.155204277707,1337.133173022098,6305.28,821,0.05107903648573631,1.76125,9.373071230163264,1.5,G,4,56.0
14,Los Rios,2334311,Corral,24.0,2.5,1.5,3.0,18176.54075926861,14.16,14.158928571428572,-7.566585956416751e-05,26430.0,0.0,6815.281519202902,1319.1867182443484,6343.2,826,0.05164798155538636,1.76125,9.373071230163264,1.7999999999999998,G,4,56.0
14,Los Rios,2334311,Corral,24.0,2.5,2.0,1.0,15986.846096959496,14.16,13.457142857142856,-0.04963680387409213,25120.0,1310.0,5302.547538565762,1269.5453777922564,6028.8,785,0.08976202172173317,1.76125,12.497428306884352,0.6,G,4,56.0
14,Los Rios,2334311,Corral,24.0,2.5,2.0,1.5,16978.68820488204,14.16,13.954285714285716,-0.014527845036319535,26048.0,382.0,5874.313257344531,1329.5173515259803,6251.52,814,0.058979704721105995,1.76125,12.497428306884352,0.8999999999999999,G,4,56.0
14,Los Rios,2334311,Corral,24.0,2.5,2.0,2.0,17972.74329020724,14.16,14.158928571428572,-7.566585956416751e-05,26430.0,0.0,6632.193547015702,1333.0688431133008,6343.2,826,0.05026252584454867,1.76125,12.497428306884352,1.2,G,4,56.0
14,Los Rios,2334311,Corral,24.0,2.5,2.0,2.5,18968.880251144,14.16,14.158928571428572,-7.566585956416751e-05,26430.0,0.0,7603.83519720336,1357.1461615026992,6343.2,826,0.05761509224778483,1.76125,12.497428306884352,1.5,G,4,56.0
14,Los Rios,2334311,Corral,24.0,2.5,2.0,3.0,19967.08948176689,14.16,14.158928571428572,-7.566585956416751e-05,26430.0,0.0,8516.81763268644,1316.899930696913,6343.2,826,0.0645237750739905,1.76125,12.497428306884352,1.7999999999999998,G,4,56.0
14,Los Rios,2334311,Corral,24.0,2.5,2.5,1.0,17787.848408715752,14.16,14.158928571428572,-7.566585956416751e-05,26430.0,0.0,6493.692043778608,1372.169238021028,6343.2,826,0.04921446301263726,1.76125,15.62178538360544,0.6,G,4,56.0
14,Los Rios,2334311,Corral,24.0,2.5,2.5,1.5,18760.245441291467,14.16,14.158928571428572,-7.566585956416751e-05,26430.0,0.0,7421.794655778913,1378.8639892592369,6343.2,826,0.05623756261158015,1.76125,15.62178538360544,0.8999999999999999,G,4,56.0
14,Los Rios,2334311,Corral,24.0,2.5,2.5,2.0,19734.296673100856,14.16,14.158928571428572,-7.566585956416751e-05,26430.0,0.0,8303.2223672476,1327.9290077121527,6343.2,826,0.06290746583873631,1.76125,15.62178538360544,1.2,G,4,56.0
14,Los Rios,2334311,Corral,24.0,2.5,2.5,2.5,20709.324388318066,14.16,14.158928571428572,-7.566585956416751e-05,26430.0,0.0,9188.854192353961,1275.0691313383334,6343.2,826,0.0696091822602752,1.76125,15.62178538360544,1.5,G,4,56.0
14,Los Rios,2334311,Corral,24.0,2.5,2.5,3.0,21685.237381033163,14.16,14.158928571428572,-7.566585956416751e-05,26430.0,0.0,10138.53343748142,1275.872793523888,6343.2,826,0.07679555566267746,1.76125,15.62178538360544,1.7999999999999998,G,4,56.0
14,Los Rios,2334311,Corral,24.0,2.5,3.0,1.0,19520.255755506,14.16,14.158928571428572,-7.566585956416751e-05,26430.0,0.0,8108.693071123553,1342.5734279373928,6343.2,826,0.06143543181585287,1.76125,18.746142460326528,0.6,G,4,56.0
14,Los Rios,2334311,Corral,24.0,2.5,3.0,1.5,20472.10990400095,14.16,14.158928571428572,-7.566585956416751e-05,26430.0,0.0,8970.768157533794,1291.0808270263083,6343.2,826,0.06795889066118199,1.76125,18.746142460326528,0.8999999999999999,G,4,56.0
14,Los Rios,2334311,Corral,24.0,2.5,3.0,2.0,21424.792518635153,14.16,14.158928571428572,-7.566585956416751e-05,26430.0,0.0,9908.44387888112,1304.9788449036148,6343.2,826,0.0750544314961977,1.76125,18.746142460326528,1.2,G,4,56.0
14,Los Rios,2334311,Corral,24.0,2.5,3.0,2.5,22378.133294245898,14.16,14.158928571428572,-7.566585956416751e-05,26430.0,0.0,10834.601051771058,1294.5629864763807,6343.2,826,0.08206280964897816,1.76125,18.746142460326528,1.5,G,4,56.0
14,Los Rios,2334311,Corral,24.0,2.5,3.0,3.0,23332.51218543143,14.16,14.158928571428572,-7.566585956416751e-05,26430.0,0.0,11797.999630145496,1322.4721553135016,6343.2,826,0.08935299942101325,1.76125,18.746142460326528,1.7999999999999998,G,4,56.0
14,Los Rios,2334311,Corral,24.0,3.0,1.0,1.0,13220.822551316893,14.16,11.365714285714287,-0.19733656174334135,21216.0,5214.0,4298.881146412134,1037.305171396405,5091.84,663,0.22986687688834426,2.1135,6.248714153442176,0.6,G,4,56.0
14,Los Rios,2334311,Corral,24.0,3.0,1.0,1.5,14216.90429666218,14.16,12.12,-0.14406779661016955,22624.0,3806.0,4684.841693684654,1135.8215401573798,5429.76,707,0.17951873640347,2.1135,6.248714153442176,0.8999999999999999,G,4,56.0
14,Los Rios,2334311,Corral,24.0,3.0,1.0,2.0,15217.567557627295,14.16,12.737142857142858,-0.10048426150121058,23776.0,2654.0,5135.6320759835735,1178.8461741449885,5706.240000000001,743,0.13934640358205486,2.1135,6.248714153442176,1.2,G,4,56.0
14,Los Rios,2334311,Corral,24.0,3.0,1.0,2.5,16221.676739220862,14.16,13.32,-0.05932203389830507,24864.0,1566.0,5640.0667706930035,1237.620539528938,5967.360000000001,777,0.10200131328304214,2.1135,6.248714153442176,1.5,G,4,56.0
14,Los Rios,2334311,Corral,24.0,3.0,1.0,3.0,17228.94169561936,14.16,13.954285714285716,-0.014527845036319535,26048.0,382.0,6091.975602670698,1289.6386902152897,6251.52,814,0.06062679019462978,2.1135,6.248714153442176,1.7999999999999998,G,4,56.0
14,Los Rios,2334311,Corral,24.0,3.0,1.5,1.0,15082.007993635883,14.16,12.72,-0.10169491525423725,23744.0,2686.0,5034.710853535151,1199.1334140485758,5698.56,742,0.139793370445574,2.1135,9.373071230163264,0.6,G,4,56.0
14,Los Rios,2334311,Corral,24.0,3.0,1.5,1.5,16062.574201054405,14.16,13.285714285714286,-0.06174334140435831,24800.0,1630.0,5520.35084083127,1245.4556114543548,5952.0,775,0.10351671136902929,2.1135,9.373071230163264,0.8999999999999999,G,4,56.0
14,Los Rios,2334311,Corral,24.0,3.0,1.5,2.0,17045.915772755765,14.16,13.885714285714288,-0.019370460048426005,25920.0,510.0,5956.426341390019,1274.0788402866756,6220.8,810,0.06444368245773376,2.1135,9.373071230163264,1.2,G,4,56.0
14,Los Rios,2334311,Corral,24.0,3.0,1.5,2.5,18032.379381446815,14.16,14.158928571428572,-7.566585956416751e-05,26430.0,0.0,6710.546247984177,1338.4306747945782,6343.2,826,0.05085543315418526,2.1135,9.373071230163264,1.5,G,4,56.0
14,Los Rios,2334311,Corral,24.0,3.0,1.5,3.0,19021.096037283492,14.16,14.158928571428572,-7.566585956416751e-05,26430.0,0.0,7580.077620830744,1271.8397401837187,6343.2,826,0.05743531490103783,2.1135,9.373071230163264,1.7999999999999998,G,4,56.0
14,Los Rios,2334311,Corral,24.0,3.0,2.0,1.0,16880.66718838702,14.16,13.799999999999999,-0.025423728813559407,25760.0,670.0,5869.594888500609,1270.2524878763413,6182.4,805,0.0698398838532916,2.1135,12.497428306884352,0.6,G,4,56.0
14,Los Rios,2334311,Corral,24.0,3.0,2.0,1.5,17843.949041788186,14.16,14.158928571428572,-7.566585956416751e-05,26430.0,0.0,6531.658695481944,1343.6198284187908,6343.2,826,0.04950176268500453,2.1135,12.497428306884352,0.8999999999999999,G,4,56.0
14,Los Rios,2334311,Corral,24.0,3.0,2.0,2.0,18809.386977122143,14.16,14.158928571428572,-7.566585956416751e-05,26430.0,0.0,7385.6570411874345,1279.7668886635443,6343.2,826,0.055964103552999155,2.1135,12.497428306884352,1.2,G,4,56.0
14,Los Rios,2334311,Corral,24.0,3.0,2.0,2.5,19776.786403875027,14.16,14.158928571428572,-7.566585956416751e-05,26430.0,0.0,8356.593078235337,1328.3540366595691,6343.2,826,0.06331133046974455,2.1135,12.497428306884352,1.5,G,4,56.0
14,Los Rios,2334311,Corral,24.0,3.0,2.0,3.0,20745.892718772793,14.16,14.158928571428572,-7.566585956416751e-05,26430.0,0.0,9254.831152332017,1300.3116575816916,6343.2,826,0.07010844037588666,2.1135,12.497428306884352,1.7999999999999998,G,4,56.0
14,Los Rios,2334311,Corral,24.0,3.0,2.5,1.0,18616.15340779103,14.16,14.158928571428572,-7.566585956416751e-05,26430.0,0.0,7234.281379033123,1318.3096766399933,6343.2,826,0.05481861991959537,2.1135,15.62178538360544,0.6,G,4,56.0
14,Los Rios,2334311,Corral,24.0,3.0,2.5,1.5,19560.9486242561,14.16,14.158928571428572,-7.566585956416751e-05,26430.0,0.0,8146.050018465959,1329.2014036253265,6343.2,826,0.061718117758663364,2.1135,15.62178538360544,0.8999999999999999,G,4,56.0
14,Los Rios,2334311,Corral,24.0,3.0,2.5,2.0,20507.341789587404,14.16,14.158928571428572,-7.566585956416751e-05,26430.0,0.0,9011.729580950863,1290.3779586988335,6343.2,826,0.06826885224587416,2.1135,15.62178538360544,1.2,G,4,56.0
14,Los Rios,2334311,Corral,24.0,3.0,2.5,2.5,21455.20866455492,14.16,14.158928571428572,-7.566585956416751e-05,26430.0,0.0,9923.935644587142,1281.1651690318745,6343.2,826,0.07517166014323531,2.1135,15.62178538360544,1.5,G,4,56.0
14,Los Rios,2334311,Corral,24.0,3.0,2.5,3.0,22404.014661160527,14.16,14.158928571428572,-7.566585956416751e-05,26430.0,0.0,10859.441214439505,1289.0764433920344,6343.2,826,0.08225077909785025,2.1135,15.62178538360544,1.7999999999999998,G,4,56.0
14,Los Rios,2334311,Corral,24.0,3.0,3.0,1.0,20287.217776792673,14.16,14.158928571428572,-7.566585956416751e-05,26430.0,0.0,8815.563563949408,1307.4485525716862,6343.2,826,0.06678443289663878,2.1135,18.746142460326528,0.6,G,4,56.0
14,Los Rios,2334311,Corral,24.0,3.0,3.0,1.5,21212.94268427323,14.16,14.158928571428572,-7.566585956416751e-05,26430.0,0.0,9716.189459264446,1312.0318201673163,6343.2,826,0.0735996118244862,2.1135,18.746142460326528,0.8999999999999999,G,4,56.0
14,Los Rios,2334311,Corral,24.0,3.0,3.0,2.0,22139.59393658086,14.16,14.158928571428572,-7.566585956416751e-05,26430.0,0.0,10572.674109771568,1263.0264571012153,6343.2,826,0.08008076695507357,2.1135,18.746142460326528,1.2,G,4,56.0
14,Los Rios,2334311,Corral,24.0,3.0,3.0,2.5,23066.84681099265,14.16,14.158928571428572,-7.566585956416751e-05,26430.0,0.0,11514.400291523925,1294.8833717788648,6343.2,826,0.08720695826610164,2.1135,18.746142460326528,1.5,G,4,56.0
14,Los Rios,2334311,Corral,24.0,3.0,3.0,3.0,23994.86871143825,14.16,14.158928571428572,-7.566585956416751e-05,26430.0,0.0,12410.567013173766,1277.8364657261468,6343.2,826,0.09398839391990294,2.1135,18.746142460326528,1.7999999999999998,G,4,56.0
10,Los Lagos,2413153,Puerto Octay,22.0,1.0,1.0,1.0,7468.360688497753,16.1,10.594285714285716,-0.34196983141082515,19776.0,10269.0,2234.5926170120033,4647.957734042614,4746.240000000001,618,0.3568448030667546,0.7045,7.585651274818655,0.6,G,3,38.0
10,Los Lagos,2413153,Puerto Octay,22.0,1.0,1.0,1.5,8208.289537847593,16.1,11.280000000000001,-0.2993788819875776,21056.0,8989.0,2583.0184695790053,4897.25566349503,5053.4400000000005,658,0.3165732136206547,0.7045,7.585651274818655,0.8999999999999999,G,3,38.0
10,Los Lagos,2413153,Puerto Octay,22.0,1.0,1.0,2.0,8952.46528607195,16.1,11.88,-0.26211180124223604,22176.0,7869.0,2954.7488791699056,5085.839901261746,5322.240000000001,693,0.281780623869428,0.7045,7.585651274818655,1.2,G,3,38.0
10,Los Lagos,2413153,Puerto Octay,22.0,1.0,1.0,2.5,9700.032636868425,16.1,12.497142857142858,-0.22377994676131321,23328.0,6717.0,3324.2813375671217,5284.7665183701265,5598.72,729,0.24590862932125412,0.7045,7.585651274818655,1.5,G,3,38.0
10,Los Lagos,2413153,Puerto Octay,22.0,1.0,1.0,3.0,10450.361817159133,16.1,13.234285714285715,-0.17799467613132214,24704.0,5341.0,3618.0282138431476,5517.289597583924,5928.960000000001,772,0.20207873813061086,0.7045,7.585651274818655,1.7999999999999998,G,3,38.0
10,Los Lagos,2413153,Puerto Octay,22.0,1.0,1.5,1.0,9525.123005634912,16.1,12.428571428571429,-0.22803904170363803,23200.0,6845.0,3215.066917170744,5287.0992987987765,5568.0,725,0.2494407186360444,0.7045,11.378476912227983,0.6,G,3,38.0
10,Los Lagos,2413153,Puerto Octay,22.0,1.0,1.5,1.5,10246.946334503258,16.1,13.14857142857143,-0.18331854480922805,24544.0,5501.0,3501.72355268647,5524.34604399216,5890.56,767,0.20662840370546015,0.7045,11.378476912227983,0.8999999999999999,G,3,38.0
10,Los Lagos,2413153,Puerto Octay,22.0,1.0,1.5,2.0,10970.68798071353,16.1,14.022857142857145,-0.12901508429458736,26176.0,3869.0,3712.5326317659556,5828.492431272775,6282.240000000001,818,0.15372823211795866,0.7045,11.378476912227983,1.2,G,3,38.0
10,Los Lagos,2413153,Puerto Octay,22.0,1.0,1.5,2.5,11695.99252498092,16.1,14.588571428571429,-0.09387755102040822,27232.0,2813.0,4040.7523329651317,5960.729505244341,6535.679999999999,851,0.12077555290401702,0.7045,11.378476912227983,1.5,G,3,38.0
10,Los Lagos,2413153,Puerto Octay,22.0,1.0,1.5,3.0,12422.557267036578,16.1,15.034285714285716,-0.06619343389529725,28064.0,1981.0,4417.130736060172,6026.573469023593,6735.360000000001,877,0.09559686698606225,0.7045,11.378476912227983,1.7999999999999998,G,3,38.0
10,Los Lagos,2413153,Puerto Octay,22.0,1.0,2.0,1.0,11468.7151002492,16.1,14.502857142857142,-0.09920141969831425,27072.0,2973.0,3904.3598636873016,5971.547283544158,6497.28,846,0.12519150033527415,0.7045,15.17130254963731,0.6,G,3,38.0
10,Los Lagos,2413153,Puerto Octay,22.0,1.0,2.0,1.5,12168.51839904298,16.1,14.94857142857143,-0.07151730257320317,27904.0,2141.0,4271.57212966849,6055.053730625511,6696.960000000001,872,0.09995179836064527,0.7045,15.17130254963731,0.8999999999999999,G,3,38.0
10,Los Lagos,2413153,Puerto Octay,22.0,1.0,2.0,2.0,12869.36826349583,16.1,15.548571428571428,-0.0342502218278617,29024.0,1021.0,4573.318362752686,6209.384273511367,6965.76,907,0.06469334622628198,0.7045,15.17130254963731,1.2,G,3,38.0
10,Los Lagos,2413153,Puerto Octay,22.0,1.0,2.0,2.5,13571.20157433246,16.1,15.994285714285716,-0.0065661047027506195,29856.0,189.0,4941.8229662147505,6293.567106773982,7165.4400000000005,933,0.039462246930840154,0.7045,15.17130254963731,1.5,G,3,38.0
10,Los Lagos,2413153,Puerto Octay,22.0,1.0,2.0,3.0,14273.372081886318,16.1,16.095535714285713,-0.00027728482697442555,30045.0,0.0,5490.277132285677,6239.40505039936,7210.8,939,0.03682431183503351,0.7045,15.17130254963731,1.7999999999999998,G,3,38.0
10,Los Lagos,2413153,Puerto Octay,22.0,1.0,2.5,1.0,13297.357574475976,16.1,15.959999999999999,-0.008695652173913188,29792.0,253.0,4755.977531710077,6349.509334797176,7150.08,931,0.04035468050947702,0.7045,18.96412818704664,0.6,G,3,38.0
10,Los Lagos,2413153,Puerto Octay,22.0,1.0,2.5,1.5,13973.983806222495,16.1,16.095535714285713,-0.00027728482697442555,30045.0,0.0,5258.493256491897,6307.009450269402,7210.8,939,0.03528140036361544,0.7045,18.96412818704664,0.8999999999999999,G,3,38.0
10,Los Lagos,2413153,Puerto Octay,22.0,1.0,2.5,2.0,14651.330593068848,16.1,16.095535714285713,-0.00027728482697442555,30045.0,0.0,5827.9827736996895,6199.152180630845,7210.8,939,0.03907231077937708,0.7045,18.96412818704664,1.2,G,3,38.0
10,Los Lagos,2413153,Puerto Octay,22.0,1.0,2.5,2.5,15329.573699933686,16.1,16.095535714285713,-0.00027728482697442555,30045.0,0.0,6420.563660734927,6113.489960801242,7210.8,939,0.04301693309280852,0.7045,18.96412818704664,1.5,G,3,38.0
10,Los Lagos,2413153,Puerto Octay,22.0,1.0,2.5,3.0,16008.272557607217,16.1,16.095535714285713,-0.00027728482697442555,30045.0,0.0,6991.235044896702,6005.462487289486,7210.8,939,0.046815710820628624,0.7045,18.96412818704664,1.7999999999999998,G,3,38.0
10,Los Lagos,2413153,Puerto Octay,22.0,1.0,3.0,1.0,15013.86663924341,16.1,16.095535714285713,-0.00027728482697442555,30045.0,0.0,6162.1299552228775,6170.763315979467,7210.8,939,0.04129662218908378,0.7045,22.756953824455966,0.6,G,3,38.0
10,Los Lagos,2413153,Puerto Octay,22.0,1.0,3.0,1.5,15668.40204881804,16.1,16.095535714285713,-0.00027728482697442555,30045.0,0.0,6712.614330240407,6066.712281422367,7210.8,939,0.04496102142368208,0.7045,22.756953824455966,0.8999999999999999,G,3,38.0
10,Los Lagos,2413153,Puerto Octay,22.0,1.0,3.0,2.0,16323.046433603988,16.1,16.095535714285713,-0.00027728482697442555,30045.0,0.0,7251.671710161479,5951.125276557494,7210.8,939,0.048549354789773416,0.7045,22.756953824455966,1.2,G,3,38.0
10,Los Lagos,2413153,Puerto Octay,22.0,1.0,3.0,2.5,16977.842296354534,16.1,16.095535714285713,-0.00027728482697442555,30045.0,0.0,7816.329671408017,5860.9873750534825,7210.8,939,0.052308103075654845,0.7045,22.756953824455966,1.5,G,3,38.0
10,Los Lagos,2413153,Puerto Octay,22.0,1.0,3.0,3.0,17632.913279381442,16.1,16.095535714285713,-0.00027728482697442555,30045.0,0.0,8365.589390214118,5755.176110832674,7210.8,939,0.055964350163730074,0.7045,22.756953824455966,1.7999999999999998,G,3,38.0
10,Los Lagos,2413153,Puerto Octay,22.0,1.5,1.0,1.0,8430.539029131976,16.1,11.34857142857143,-0.2951197870452528,21184.0,8861.0,2725.01060555877,4881.107662241797,5084.160000000001,662,0.3132593151235272,1.05675,7.585651274818655,0.6,G,3,38.0
10,Los Lagos,2413153,Puerto Octay,22.0,1.5,1.0,1.5,9144.51315014043,16.1,11.914285714285715,-0.2599822537710737,22240.0,7805.0,3095.0146523497046,5066.18649924099,5337.6,695,0.2805847809959012,1.05675,7.585651274818655,0.8999999999999999,G,3,38.0
10,Los Lagos,2413153,Puerto Octay,22.0,1.5,1.0,2.0,9861.413038273247,16.1,12.445714285714285,-0.22697426796805692,23232.0,6813.0,3475.0058950563125,5226.227874019486,5575.679999999999,726,0.25010627592316637,1.05675,7.585651274818655,1.2,G,3,38.0
10,Los Lagos,2413153,Puerto Octay,22.0,1.5,1.0,2.5,10581.258559918751,16.1,13.182857142857143,-0.1811889973380657,24608.0,5437.0,3753.05393896832,5473.5224402706335,5905.92,769,0.20617188260329,1.05675,7.585651274818655,1.5,G,3,38.0
10,Los Lagos,2413153,Puerto Octay,22.0,1.5,1.0,3.0,11303.356736432608,16.1,13.937142857142856,-0.13433895297249349,26016.0,4029.0,4008.705921504894,5712.130351472135,6243.84,813,0.16102363209717244,1.05675,7.585651274818655,1.7999999999999998,G,3,38.0
10,Los Lagos,2413153,Puerto Octay,22.0,1.5,1.5,1.0,10390.745713177937,16.1,13.045714285714284,-0.18970718722271532,24352.0,5693.0,3660.6064753140945,5443.538024282355,5844.48,761,0.21407467915357964,1.05675,11.378476912227983,0.6,G,3,38.0
10,Los Lagos,2413153,Puerto Octay,22.0,1.5,1.5,1.5,11086.270621852364,16.1,13.902857142857142,-0.13646850044365585,25952.0,4093.0,3857.809972713706,5746.262851829361,6228.48,811,0.1621487132758323,1.05675,11.378476912227983,0.8999999999999999,G,3,38.0
10,Los Lagos,2413153,Puerto Octay,22.0,1.5,1.5,2.0,11783.475373972684,16.1,14.520000000000001,-0.09813664596273292,27104.0,2941.0,4115.638143669917,5883.347559427623,6504.960000000001,847,0.12553313884787132,1.05675,11.378476912227983,1.2,G,3,38.0
10,Los Lagos,2413153,Puerto Octay,22.0,1.5,1.5,2.5,12481.885139291731,16.1,14.897142857142855,-0.07471162377994697,27808.0,2237.0,4516.0573587399795,5938.17221944825,6673.92,869,0.10477357990402739,1.05675,11.378476912227983,1.5,G,3,38.0
10,Los Lagos,2413153,Puerto Octay,22.0,1.5,1.5,3.0,13181.539919744777,16.1,15.445714285714285,-0.040638864241348854,28832.0,1213.0,4858.789169559992,6086.744410448775,6919.679999999999,901,0.0729822769193984,1.05675,11.378476912227983,1.7999999999999998,G,3,38.0
10,Los Lagos,2413153,Puerto Octay,22.0,1.5,2.0,1.0,12243.897821277116,16.1,14.828571428571427,-0.07897071872227167,27680.0,2365.0,4358.803866683956,5954.9060454068385,6643.2,865,0.10798588841229634,1.05675,15.17130254963731,0.6,G,3,38.0
10,Los Lagos,2413153,Puerto Octay,22.0,1.5,2.0,1.5,12918.351069473523,16.1,15.30857142857143,-0.049157054125998245,28576.0,1469.0,4711.976582065172,6075.092042123231,6858.240000000001,893,0.08052318214773346,1.05675,15.17130254963731,0.8999999999999999,G,3,38.0
10,Los Lagos,2413153,Puerto Octay,22.0,1.5,2.0,2.0,13594.067078636104,16.1,15.891428571428573,-0.012954747116237774,29664.0,381.0,4999.489710556154,6232.4263311451705,7119.360000000001,927,0.04623475850286552,1.05675,15.17130254963731,1.2,G,3,38.0
10,Los Lagos,2413153,Puerto Octay,22.0,1.5,2.0,2.5,14270.593370563256,16.1,16.095535714285713,-0.00027728482697442555,30045.0,0.0,5476.643075279141,6228.549704715887,7210.8,939,0.036733554258022126,1.05675,15.17130254963731,1.5,G,3,38.0
10,Los Lagos,2413153,Puerto Octay,22.0,1.5,2.0,3.0,14947.585757446283,16.1,16.095535714285713,-0.00027728482697442555,30045.0,0.0,6060.005669334366,6134.919911888085,7210.8,939,0.04061681332978265,1.05675,15.17130254963731,1.7999999999999998,G,3,38.0
10,Los Lagos,2413153,Puerto Octay,22.0,1.5,2.5,1.0,13990.137091569817,16.1,16.095535714285713,-0.00027728482697442555,30045.0,0.0,5251.3517418720985,6283.714650302281,7210.8,939,0.035233861574334044,1.05675,18.96412818704664,0.6,G,3,38.0
10,Los Lagos,2413153,Puerto Octay,22.0,1.5,2.5,1.5,14643.172299411455,16.1,16.095535714285713,-0.00027728482697442555,30045.0,0.0,5800.629095003886,6179.9567955924285,7210.8,939,0.03889022604850137,1.05675,18.96412818704664,0.8999999999999999,G,3,38.0
10,Los Lagos,2413153,Puerto Octay,22.0,1.5,2.5,2.0,15296.96629655903,16.1,16.095535714285713,-0.00027728482697442555,30045.0,0.0,6358.976984371175,6084.510687812141,7210.8,939,0.04260697019473062,1.05675,18.96412818704664,1.2,G,3,38.0
10,Los Lagos,2413153,Puerto Octay,22.0,1.5,2.5,2.5,15951.43000823031,16.1,16.095535714285713,-0.00027728482697442555,30045.0,0.0,6919.7528472611175,5990.822839030805,7210.8,939,0.046339876587740726,1.05675,18.96412818704664,1.5,G,3,38.0
10,Los Lagos,2413153,Puerto Octay,22.0,1.5,2.5,3.0,16606.431980157613,16.1,16.095535714285713,-0.00027728482697442555,30045.0,0.0,7470.442426558001,5886.510446400389,7210.8,939,0.05000564180189871,1.05675,18.96412818704664,1.7999999999999998,G,3,38.0
10,Los Lagos,2413153,Puerto Octay,22.0,1.5,3.0,1.0,15632.67991981844,16.1,16.095535714285713,-0.00027728482697442555,30045.0,0.0,6677.233593617991,6067.05367379955,7210.8,939,0.04472550312364935,1.05675,22.756953824455966,0.6,G,3,38.0
10,Los Lagos,2413153,Puerto Octay,22.0,1.5,3.0,1.5,16265.133756514158,16.1,16.095535714285713,-0.00027728482697442555,30045.0,0.0,7196.712586498234,5954.078829984073,7210.8,939,0.04818350940010296,1.05675,22.756953824455966,0.8999999999999999,G,3,38.0
10,Los Lagos,2413153,Puerto Octay,22.0,1.5,3.0,2.0,16898.01003474605,16.1,16.095535714285713,-0.00027728482697442555,30045.0,0.0,7739.513619280146,5864.0035845340935,7210.8,939,0.05179676307147531,1.05675,22.756953824455966,1.2,G,3,38.0
10,Los Lagos,2413153,Puerto Octay,22.0,1.5,3.0,2.5,17530.975891343074,16.1,16.095535714285713,-0.00027728482697442555,30045.0,0.0,8270.56261642482,5762.086725081745,7210.8,939,0.055331787182939275,1.05675,22.756953824455966,1.5,G,3,38.0
10,Los Lagos,2413153,Puerto Octay,22.0,1.5,3.0,3.0,18164.299088194974,16.1,16.095535714285713,-0.00027728482697442555,30045.0,0.0,8814.672961481136,5672.873873286164,7210.8,939,0.05895375652929518,1.05675,22.756953824455966,1.7999999999999998,G,3,38.0
10,Los Lagos,2413153,Puerto Octay,22.0,2.0,1.0,1.0,9335.219403137291,16.1,11.982857142857144,-0.2557231588287489,22368.0,7677.0,3211.6830103904495,5056.2734020769585,5368.320000000001,699,0.2771023101710052,1.409,7.585651274818655,0.6,G,3,38.0
10,Los Lagos,2413153,Puerto Octay,22.0,2.0,1.0,1.5,10023.665997806678,16.1,12.497142857142858,-0.22377994676131321,23328.0,6717.0,3578.120025922507,5215.201781512695,5598.72,729,0.2475983526586173,1.409,7.585651274818655,0.8999999999999999,G,3,38.0
10,Los Lagos,2413153,Puerto Octay,22.0,2.0,1.0,2.0,10714.615376224372,16.1,13.14857142857143,-0.18331854480922805,24544.0,5501.0,3869.323532688226,5424.5341985212735,5890.56,767,0.2090753997447463,1.409,7.585651274818655,1.2,G,3,38.0
10,Los Lagos,2413153,Puerto Octay,22.0,2.0,1.0,2.5,11408.163896241542,16.1,13.851428571428572,-0.1396628216503993,25856.0,4189.0,4124.676242928455,5643.356974536907,6205.4400000000005,808,0.16711947828497048,1.409,7.585651274818655,1.5,G,3,38.0
10,Los Lagos,2413153,Puerto Octay,22.0,2.0,1.0,3.0,12103.481426183267,16.1,14.399999999999999,-0.10559006211180141,26880.0,3165.0,4411.777329629577,5747.604908905014,6451.2,840,0.13495785928024592,1.409,7.585651274818655,1.7999999999999998,G,3,38.0
10,Los Lagos,2413153,Puerto Octay,22.0,2.0,1.5,1.0,11204.800974464782,16.1,13.765714285714287,-0.14498669032830525,25696.0,4349.0,4001.3691338215244,5643.362162766368,6167.04,803,0.1716225307930849,1.409,11.378476912227983,0.6,G,3,38.0
10,Los Lagos,2413153,Puerto Octay,22.0,2.0,1.5,1.5,11875.364393999158,16.1,14.34857142857143,-0.10878438331854477,26784.0,3261.0,4261.650310605734,5777.526015205559,6428.160000000001,837,0.13715283271515474,1.409,11.378476912227983,0.8999999999999999,G,3,38.0
10,Los Lagos,2413153,Puerto Octay,22.0,2.0,1.5,2.0,12547.563219171498,16.1,14.88,-0.07577639751552798,27776.0,2269.0,4580.060094445901,5920.496875274402,6666.240000000001,868,0.1062643994755606,1.409,11.378476912227983,1.2,G,3,38.0
10,Los Lagos,2413153,Puerto Octay,22.0,2.0,1.5,2.5,13220.98804211606,16.1,15.222857142857142,-0.05448092280390428,28416.0,1629.0,4976.175773990174,5956.714375275525,6819.84,888,0.08760574073693922,1.409,11.378476912227983,1.5,G,3,38.0
10,Los Lagos,2413153,Puerto Octay,22.0,2.0,1.5,3.0,13895.170237167007,16.1,15.805714285714286,-0.01827861579414381,29504.0,541.0,5276.478273192906,6128.426945113486,7080.960000000001,922,0.05340245186132908,1.409,11.378476912227983,1.7999999999999998,G,3,38.0
10,Los Lagos,2413153,Puerto Octay,22.0,2.0,2.0,1.0,12974.316881461653,16.1,15.154285714285715,-0.05874001774622898,28288.0,1757.0,4817.991783359123,5981.1740505427815,6789.12,884,0.09081185521242384,1.409,15.17130254963731,0.6,G,3,38.0
10,Los Lagos,2413153,Puerto Octay,22.0,2.0,2.0,1.5,13625.055814671136,16.1,15.72,-0.023602484472049736,29344.0,701.0,5092.3977524991815,6134.404179260955,7042.56,917,0.05750095511607824,1.409,15.17130254963731,0.8999999999999999,G,3,38.0
10,Los Lagos,2413153,Puerto Octay,22.0,2.0,2.0,2.0,14276.735730637241,16.1,16.095535714285713,-0.00027728482697442555,30045.0,0.0,5466.2218760767555,6211.986145439513,7210.8,939,0.036664183652581055,1.409,15.17130254963731,1.2,G,3,38.0
10,Los Lagos,2413153,Puerto Octay,22.0,2.0,2.0,2.5,14929.598497368488,16.1,16.095535714285713,-0.00027728482697442555,30045.0,0.0,6024.689524174773,6117.591026806285,7210.8,939,0.04038172499455488,1.409,15.17130254963731,1.5,G,3,38.0
10,Los Lagos,2413153,Puerto Octay,22.0,2.0,2.0,3.0,15583.067811137738,16.1,16.095535714285713,-0.00027728482697442555,30045.0,0.0,6566.935530041488,6006.36771890375,7210.8,939,0.0439912840284488,1.409,15.17130254963731,1.7999999999999998,G,3,38.0
10,Los Lagos,2413153,Puerto Octay,22.0,2.0,2.5,1.0,14644.122022614813,16.1,16.095535714285713,-0.00027728482697442555,30045.0,0.0,5792.223350890895,6170.601328276081,7210.8,939,0.03883427168595858,1.409,18.96412818704664,0.6,G,3,38.0
10,Los Lagos,2413153,Puerto Octay,22.0,2.0,2.5,1.5,15275.210251713183,16.1,16.095535714285713,-0.00027728482697442555,30045.0,0.0,6329.591791341366,6076.881539628183,7210.8,939,0.04241136231967781,1.409,18.96412818704664,0.8999999999999999,G,3,38.0
10,Los Lagos,2413153,Puerto Octay,22.0,2.0,2.5,2.0,15906.7665511116,16.1,16.095535714285713,-0.00027728482697442555,30045.0,0.0,6874.274300143487,5990.007749031891,7210.8,939,0.046037140377937893,1.409,18.96412818704664,1.2,G,3,38.0
10,Los Lagos,2413153,Puerto Octay,22.0,2.0,2.5,2.5,16538.91890629399,16.1,16.095535714285713,-0.00027728482697442555,30045.0,0.0,7409.186005314793,5892.767099020801,7210.8,939,0.049597877307019644,1.409,18.96412818704664,1.5,G,3,38.0
10,Los Lagos,2413153,Puerto Octay,22.0,2.0,2.5,3.0,17171.631168895216,16.1,16.095535714285713,-0.00027728482697442555,30045.0,0.0,7952.49527488846,5803.364105993243,7210.8,939,0.053214514148914586,1.409,18.96412818704664,1.7999999999999998,G,3,38.0
10,Los Lagos,2413153,Puerto Octay,22.0,2.0,3.0,1.0,16218.208723069172,16.1,16.095535714285713,-0.00027728482697442555,30045.0,0.0,7155.063735339273,5959.355012270102,7210.8,939,0.047906266257091074,1.409,22.756953824455966,0.6,G,3,38.0
10,Los Lagos,2413153,Puerto Octay,22.0,2.0,3.0,1.5,16829.822822289996,16.1,16.095535714285713,-0.00027728482697442555,30045.0,0.0,7665.693571023467,5858.37074873347,7210.8,939,0.05130536651127109,1.409,22.756953824455966,0.8999999999999999,G,3,38.0
10,Los Lagos,2413153,Puerto Octay,22.0,2.0,3.0,2.0,17441.817013864445,16.1,16.095535714285713,-0.00027728482697442555,30045.0,0.0,8196.765117867712,5777.448104003264,7210.8,939,0.054840540728906276,1.409,22.756953824455966,1.2,G,3,38.0
10,Los Lagos,2413153,Puerto Octay,22.0,2.0,3.0,2.5,18054.17271992224,16.1,16.095535714285713,-0.00027728482697442555,30045.0,0.0,8709.582326637046,5677.909606714805,7210.8,939,0.05825420162935117,1.409,22.756953824455966,1.5,G,3,38.0
10,Los Lagos,2413153,Puerto Octay,22.0,2.0,3.0,3.0,18667.088836036244,16.1,16.095535714285713,-0.00027728482697442555,30045.0,0.0,9221.376265492654,5576.787429456412,7210.8,939,0.061661050947744295,1.409,22.756953824455966,1.7999999999999998,G,3,38.0
10,Los Lagos,2413153,Puerto Octay,22.0,2.5,1.0,1.0,10187.289422483536,16.1,12.582857142857142,-0.21845607808340742,23488.0,6557.0,3668.855215394228,5222.422551241052,5637.12,734,0.24287847925095096,1.76125,7.585651274818655,0.6,G,3,38.0
10,Los Lagos,2413153,Puerto Octay,22.0,2.5,1.0,1.5,10851.230536596706,16.1,13.08,-0.18757763975155287,24416.0,5629.0,4005.699639313786,5360.390017690341,5859.84,763,0.21424230701275299,1.76125,7.585651274818655,0.8999999999999999,G,3,38.0
10,Los Lagos,2413153,Puerto Octay,22.0,2.5,1.0,2.0,11517.623163140683,16.1,13.782857142857143,-0.14392191659272413,25728.0,4317.0,4239.8006440914705,5585.0814193929,6174.72,804,0.1721449197153167,1.76125,7.585651274818655,1.2,G,3,38.0
10,Los Lagos,2413153,Puerto Octay,22.0,2.5,1.0,2.5,12186.002444755655,16.1,14.280000000000001,-0.11304347826086958,26656.0,3389.0,4535.676850699877,5677.027439934489,6397.4400000000005,833,0.143236035096948,1.76125,7.585651274818655,1.5,G,3,38.0
10,Los Lagos,2413153,Puerto Octay,22.0,2.5,1.0,3.0,12856.406551173386,16.1,14.759999999999998,-0.08322981366459647,27552.0,2493.0,4863.698065272813,5783.291514099428,6612.48,861,0.11560590329863085,1.76125,7.585651274818655,1.7999999999999998,G,3,38.0
10,Los Lagos,2413153,Puerto Octay,22.0,2.5,1.5,1.0,11972.390369253348,16.1,14.159999999999997,-0.12049689440993817,26432.0,3613.0,4425.791605917609,5668.6932868198155,6343.679999999999,826,0.149957980154106,1.76125,11.378476912227983,0.6,G,3,38.0
10,Los Lagos,2413153,Puerto Octay,22.0,2.5,1.5,1.5,12619.35531468335,16.1,14.691428571428572,-0.08748890860692106,27424.0,2621.0,4710.524203643215,5803.168888959865,6581.76,857,0.1188453686078744,1.76125,11.378476912227983,0.8999999999999999,G,3,38.0
10,Los Lagos,2413153,Puerto Octay,22.0,2.5,1.5,2.0,13267.982934374424,16.1,15.30857142857143,-0.049157054125998245,28576.0,1469.0,4966.710337626092,5980.285920501997,6858.240000000001,893,0.08221886366253406,1.76125,11.378476912227983,1.2,G,3,38.0
10,Los Lagos,2413153,Puerto Octay,22.0,2.5,1.5,2.5,13917.730753730573,16.1,15.6,-0.03105590062111812,29120.0,925.0,5354.009056708175,5989.902727815524,6988.8,910,0.06669583443178995,1.76125,11.378476912227983,1.5,G,3,38.0
10,Los Lagos,2413153,Puerto Octay,22.0,2.5,1.5,3.0,14568.381924358213,16.1,16.095535714285713,-0.00027728482697442555,30045.0,0.0,5689.2084424245995,6143.326518066385,7210.8,939,0.03814853423569201,1.76125,11.378476912227983,1.7999999999999998,G,3,38.0
10,Los Lagos,2413153,Puerto Octay,22.0,2.5,2.0,1.0,13664.384447067223,16.1,15.548571428571428,-0.0342502218278617,29024.0,1021.0,5182.090446107419,6023.301713782488,6965.76,907,0.06874574817905105,1.76125,15.17130254963731,0.6,G,3,38.0
10,Los Lagos,2413153,Puerto Octay,22.0,2.5,2.0,1.5,14292.894876781187,16.1,16.045714285714286,-0.0033717834960071526,29952.0,93.0,5498.362647707919,6176.714781770438,7188.48,936,0.03997263320616138,1.76125,15.17130254963731,0.8999999999999999,G,3,38.0
10,Los Lagos,2413153,Puerto Octay,22.0,2.5,2.0,2.0,14922.185709134697,16.1,16.095535714285713,-0.00027728482697442555,30045.0,0.0,6005.223157531963,6105.537448397267,7210.8,939,0.04025214358904441,1.76125,15.17130254963731,1.2,G,3,38.0
10,Los Lagos,2413153,Puerto Octay,22.0,2.5,2.0,2.5,15552.423054349085,16.1,16.095535714285713,-0.00027728482697442555,30045.0,0.0,6541.228057866731,6011.305003517646,7210.8,939,0.0438201575703043,1.76125,15.17130254963731,1.5,G,3,38.0
10,Los Lagos,2413153,Puerto Octay,22.0,2.5,2.0,3.0,16183.579853840598,16.1,16.095535714285713,-0.00027728482697442555,30045.0,0.0,7075.638114548093,5914.558260707494,7210.8,939,0.0473775551850912,1.76125,15.17130254963731,1.7999999999999998,G,3,38.0
10,Los Lagos,2413153,Puerto Octay,22.0,2.5,2.5,1.0,15263.467918072678,16.1,16.095535714285713,-0.00027728482697442555,30045.0,0.0,6307.40539222565,6066.437474152972,7210.8,939,0.042263674523933314,1.76125,18.96412818704664,0.6,G,3,38.0
10,Los Lagos,2413153,Puerto Octay,22.0,2.5,2.5,1.5,15873.61966821408,16.1,16.095535714285713,-0.00027728482697442555,30045.0,0.0,6826.825229365277,5975.705561151199,7210.8,939,0.045721287019454215,1.76125,18.96412818704664,0.8999999999999999,G,3,38.0
10,Los Lagos,2413153,Puerto Octay,22.0,2.5,2.5,2.0,16484.229714436966,16.1,16.095535714285713,-0.00027728482697442555,30045.0,0.0,7337.480415459415,5875.750701022449,7210.8,939,0.049120556023242785,1.76125,18.96412818704664,1.2,G,3,38.0
10,Los Lagos,2413153,Puerto Octay,22.0,2.5,2.5,2.5,17095.427254226543,16.1,16.095535714285713,-0.00027728482697442555,30045.0,0.0,7878.666088093817,5805.738833867274,7210.8,939,0.05272305675637245,1.76125,18.96412818704664,1.5,G,3,38.0
10,Los Lagos,2413153,Puerto Octay,22.0,2.5,2.5,3.0,17707.247678498108,16.1,16.095535714285713,-0.00027728482697442555,30045.0,0.0,8394.805077842293,5710.057399344183,7210.8,939,0.05615882969528724,1.76125,18.96412818704664,1.7999999999999998,G,3,38.0
10,Los Lagos,2413153,Puerto Octay,22.0,2.5,3.0,1.0,16773.7617008902,16.1,16.095535714285713,-0.00027728482697442555,30045.0,0.0,7613.2261732642155,5861.964472374011,7210.8,939,0.05095610774768812,1.76125,22.756953824455966,0.6,G,3,38.0
10,Los Lagos,2413153,Puerto Octay,22.0,2.5,3.0,1.5,17365.717138274704,16.1,16.095535714285713,-0.00027728482697442555,30045.0,0.0,8116.5510603317,5773.333922056997,7210.8,939,0.05430658128449947,1.76125,22.756953824455966,0.8999999999999999,G,3,38.0
10,Los Lagos,2413153,Puerto Octay,22.0,2.5,3.0,2.0,17958.154340170968,16.1,16.095535714285713,-0.00027728482697442555,30045.0,0.0,8609.97172508067,5674.317384909703,7210.8,939,0.057591125566403084,1.76125,22.756953824455966,1.2,G,3,38.0
10,Los Lagos,2413153,Puerto Octay,22.0,2.5,3.0,2.5,18550.941687122773,16.1,16.095535714285713,-0.00027728482697442555,30045.0,0.0,9119.570741705806,5591.1290545830325,7210.8,939,0.06098336398627418,1.76125,22.756953824455966,1.5,G,3,38.0
10,Los Lagos,2413153,Puerto Octay,22.0,2.5,3.0,3.0,19144.116409866678,16.1,16.095535714285713,-0.00027728482697442555,30045.0,0.0,9610.708014412317,5489.09160454564,7210.8,939,0.06425270845428226,1.76125,22.756953824455966,1.7999999999999998,G,3,38.0
10,Los Lagos,2413153,Puerto Octay,22.0,3.0,1.0,1.0,10991.293092790158,16.1,13.165714285714285,-0.18225377107364693,24576.0,5469.0,4068.725734767708,5363.4449932153975,5898.240000000001,768,0.2093379829875608,2.1135,7.585651274818655,0.6,G,3,38.0
10,Los Lagos,2413153,Puerto Octay,22.0,3.0,1.0,1.5,11632.502130843344,16.1,13.645714285714286,-0.15244010647737363,25472.0,4573.0,4394.744081042646,5496.630841814854,6113.28,796,0.18169451873260842,2.1135,7.585651274818655,0.8999999999999999,G,3,38.0
10,Los Lagos,2413153,Puerto Octay,22.0,3.0,1.0,2.0,12275.328994655541,16.1,14.159999999999997,-0.12049689440993817,26432.0,3613.0,4679.534928324754,5619.600588869032,6343.679999999999,826,0.15164706867071204,2.1135,7.585651274818655,1.2,G,3,38.0
10,Los Lagos,2413153,Puerto Octay,22.0,3.0,1.0,2.5,12920.108924413453,16.1,14.554285714285717,-0.09600709849157045,27168.0,2877.0,5012.862802795911,5676.5834172694895,6520.320000000001,849,0.12937613029583678,2.1135,7.585651274818655,1.5,G,3,38.0
10,Los Lagos,2413153,Puerto Octay,22.0,3.0,1.0,3.0,13566.68733730691,16.1,15.222857142857142,-0.05448092280390428,28416.0,1629.0,5220.890632747041,5855.821569035425,6819.84,888,0.08923472964528914,2.1135,7.585651274818655,1.7999999999999998,G,3,38.0
10,Los Lagos,2413153,Puerto Octay,22.0,3.0,1.5,1.0,12697.898920308333,16.1,14.537142857142857,-0.0970718722271518,27136.0,2909.0,4844.929262799573,5715.030342491241,6512.64,848,0.12932302391827893,2.1135,11.378476912227983,0.6,G,3,38.0
10,Los Lagos,2413153,Puerto Octay,22.0,3.0,1.5,1.5,13322.822495744696,16.1,15.051428571428572,-0.06512866015971613,28096.0,1949.0,5106.1409824738985,5831.318486729202,6743.04,878,0.09911861511044937,2.1135,11.378476912227983,0.8999999999999999,G,3,38.0
10,Los Lagos,2413153,Puerto Octay,22.0,3.0,1.5,2.0,13948.981835427248,16.1,15.53142857142857,-0.035314995563442926,28992.0,1053.0,5420.46011547512,5961.132888943258,6958.08,906,0.07139727291724635,2.1135,11.378476912227983,1.2,G,3,38.0
10,Los Lagos,2413153,Puerto Octay,22.0,3.0,1.5,2.5,14576.499316741105,16.1,15.942857142857141,-0.009760425909494417,29760.0,285.0,5743.98615598999,6042.846623015491,7142.4,930,0.047996313118614006,2.1135,11.378476912227983,1.5,G,3,38.0
10,Los Lagos,2413153,Puerto Octay,22.0,3.0,1.5,3.0,15204.921684257195,16.1,16.095535714285713,-0.00027728482697442555,30045.0,0.0,6227.575404753456,6045.15372049626,7210.8,939,0.04173227171167042,2.1135,11.378476912227983,1.7999999999999998,G,3,38.0
10,Los Lagos,2413153,Puerto Octay,22.0,3.0,2.0,1.0,14317.86545348322,16.1,15.908571428571427,-0.011889973380656766,29696.0,349.0,5551.048501574626,6076.4860490523315,7127.04,928,0.04884153604715453,2.1135,15.17130254963731,0.6,G,3,38.0
10,Los Lagos,2413153,Puerto Octay,22.0,3.0,2.0,1.5,14925.529375536966,16.1,16.095535714285713,-0.00027728482697442555,30045.0,0.0,5990.704849343677,6087.67547380671,7210.8,939,0.0401554998334226,2.1135,15.17130254963731,0.8999999999999999,G,3,38.0
10,Los Lagos,2413153,Puerto Octay,22.0,3.0,2.0,2.0,15533.83829697827,16.1,16.095535714285713,-0.00027728482697442555,30045.0,0.0,6531.618114189408,6020.279817211138,7210.8,939,0.04375618723462567,2.1135,15.17130254963731,1.2,G,3,38.0
10,Los Lagos,2413153,Puerto Octay,22.0,3.0,2.0,2.5,16142.95759975837,16.1,16.095535714285713,-0.00027728482697442555,30045.0,0.0,7037.950620172696,5917.493020414328,7210.8,939,0.047126681533066594,2.1135,15.17130254963731,1.5,G,3,38.0
10,Los Lagos,2413153,Puerto Octay,22.0,3.0,2.0,3.0,16752.69153895911,16.1,16.095535714285713,-0.00027728482697442555,30045.0,0.0,7543.768391767975,5813.576852808868,7210.8,939,0.05049374940855522,2.1135,15.17130254963731,1.7999999999999998,G,3,38.0
10,Los Lagos,2413153,Puerto Octay,22.0,3.0,2.5,1.0,15851.287067174322,16.1,16.095535714285713,-0.00027728482697442555,30045.0,0.0,6791.518703957854,5962.731636783531,7210.8,939,0.045486262719854134,2.1135,18.96412818704664,0.6,G,3,38.0
10,Los Lagos,2413153,Puerto Octay,22.0,3.0,2.5,1.5,16441.58866076115,16.1,16.095535714285713,-0.00027728482697442555,30045.0,0.0,7287.5589505649195,5868.470289803768,7210.8,939,0.048788244724228005,2.1135,18.96412818704664,0.8999999999999999,G,3,38.0
10,Los Lagos,2413153,Puerto Octay,22.0,3.0,2.5,2.0,17032.483389332072,16.1,16.095535714285713,-0.00027728482697442555,30045.0,0.0,7799.362849428844,5789.3794600967685,7210.8,939,0.05219516034322568,2.1135,18.96412818704664,1.2,G,3,38.0
10,Los Lagos,2413153,Puerto Octay,22.0,3.0,2.5,2.5,17624.077667963815,16.1,16.095535714285713,-0.00027728482697442555,30045.0,0.0,8316.624796464093,5715.047128500277,7210.8,939,0.05563840845129856,2.1135,18.96412818704664,1.5,G,3,38.0
10,Los Lagos,2413153,Puerto Octay,22.0,3.0,2.5,3.0,18216.234733488305,16.1,16.095535714285713,-0.00027728482697442555,30045.0,0.0,8786.269011372387,5592.534277884084,7210.8,939,0.05876468047598349,2.1135,18.96412818704664,1.7999999999999998,G,3,38.0
10,Los Lagos,2413153,Puerto Octay,22.0,3.0,3.0,1.0,17302.206656880517,16.1,16.095535714285713,-0.00027728482697442555,30045.0,0.0,8060.406973256248,5780.700316375733,7210.8,939,0.053932847970633926,2.1135,22.756953824455966,0.6,G,3,38.0
10,Los Lagos,2413153,Puerto Octay,22.0,3.0,3.0,1.5,17875.54376713271,16.1,16.095535714285713,-0.00027728482697442555,30045.0,0.0,8540.67720137446,5687.63343424175,7210.8,939,0.05712985398240435,2.1135,22.756953824455966,0.8999999999999999,G,3,38.0
10,Los Lagos,2413153,Puerto Octay,22.0,3.0,3.0,2.0,18449.442056402546,16.1,16.095535714285713,-0.00027728482697442555,30045.0,0.0,9003.899343391773,5576.9572869892245,7210.8,939,0.06021337631235817,2.1135,22.756953824455966,1.2,G,3,38.0
10,Los Lagos,2413153,Puerto Octay,22.0,3.0,3.0,2.5,19023.803949229,16.1,16.095535714285713,-0.00027728482697442555,30045.0,0.0,9492.870138106866,5491.566188877864,7210.8,939,0.0634682992260882,2.1135,22.756953824455966,1.5,G,3,38.0
10,Los Lagos,2413153,Puerto Octay,22.0,3.0,3.0,3.0,19598.379655689325,16.1,16.095535714285713,-0.00027728482697442555,30045.0,0.0,9962.996419696445,5387.116764007122,7210.8,939,0.06659778021520171,2.1135,22.756953824455966,1.7999999999999998,G,3,38.0
10,Los Lagos,2413153,Puerto Octay,24.0,1.0,1.0,1.0,7948.12455470136,16.1,10.98857142857143,-0.31748003549245785,20512.0,9533.0,2449.39400818867,4750.995259015674,4922.88,641,0.3337848716261817,0.7045,7.585651274818655,0.6,G,3,38.0
10,Los Lagos,2413153,Puerto Octay,24.0,1.0,1.0,1.5,8720.771157811037,16.1,11.691428571428572,-0.27382431233362914,21824.0,8221.0,2808.069396751199,4993.824970703779,5237.76,682,0.29251673634262365,0.7045,7.585651274818655,0.8999999999999999,G,3,38.0
10,Los Lagos,2413153,Puerto Octay,24.0,1.0,1.0,2.0,9497.58121368166,16.1,12.428571428571429,-0.22803904170363803,23200.0,6845.0,3126.761875593045,5224.736970075176,5568.0,725,0.24885290008668376,0.7045,7.585651274818655,1.2,G,3,38.0
10,Los Lagos,2413153,Puerto Octay,24.0,1.0,1.0,2.5,10277.724002073674,16.1,13.028571428571428,-0.19077196095829643,24320.0,5725.0,3507.4682875391163,5386.262103136875,5836.8,760,0.21412006072557296,0.7045,7.585651274818655,1.5,G,3,38.0
10,Los Lagos,2413153,Puerto Octay,24.0,1.0,1.0,3.0,11060.686039770564,16.1,13.662857142857145,-0.15137533274179227,25504.0,4541.0,3860.092838870916,5549.030000000262,6120.960000000001,797,0.17707074188721358,0.7045,7.585651274818655,1.7999999999999998,G,3,38.0
10,Los Lagos,2413153,Puerto Octay,24.0,1.0,1.5,1.0,10081.236063324739,16.1,13.01142857142857,-0.19183673469387766,24288.0,5757.0,3369.130780865968,5429.050104804172,5829.12,759,0.2142639657197786,0.7045,11.378476912227983,0.6,G,3,38.0
10,Los Lagos,2413153,Puerto Octay,24.0,1.0,1.5,1.5,10834.525489999032,16.1,13.594285714285716,-0.1556344276841171,25376.0,4669.0,3713.2552732420386,5564.2986090519535,6090.240000000001,793,0.18035238590173758,0.7045,11.378476912227983,0.8999999999999999,G,3,38.0
10,Los Lagos,2413153,Puerto Octay,24.0,1.0,1.5,2.0,11589.689474868122,16.1,14.468571428571428,-0.10133096716947661,27008.0,3037.0,3963.0244870984016,5875.982792450631,6481.92,844,0.1277115595282611,0.7045,11.378476912227983,1.2,G,3,38.0
10,Los Lagos,2413153,Puerto Octay,24.0,1.0,1.5,2.5,12346.375905355664,16.1,15.068571428571428,-0.06406388642413502,28128.0,1917.0,4288.624864670808,6006.218656575274,6750.72,879,0.09261189683965046,0.7045,11.378476912227983,1.5,G,3,38.0
10,Los Lagos,2413153,Puerto Octay,24.0,1.0,1.5,3.0,13104.321957129048,16.1,15.514285714285714,-0.03637976929902405,28960.0,1085.0,4706.079205709205,6081.757248580157,6950.4,905,0.06770664036382154,0.7045,11.378476912227983,1.7999999999999998,G,3,38.0
10,Los Lagos,2413153,Puerto Octay,24.0,1.0,2.0,1.0,12095.749006961421,16.1,14.93142857142857,-0.07258207630878452,27872.0,2173.0,4163.593832021391,6003.747345166026,6689.28,871,0.10029779494430718,0.7045,15.17130254963731,0.6,G,3,38.0
10,Los Lagos,2413153,Puerto Octay,24.0,1.0,2.0,1.5,12825.849306665548,16.1,15.445714285714285,-0.040638864241348854,28832.0,1213.0,4527.855241264315,6118.005934598767,6919.679999999999,901,0.07077935511346944,0.7045,15.17130254963731,0.8999999999999999,G,3,38.0
10,Los Lagos,2413153,Puerto Octay,24.0,1.0,2.0,2.0,13557.021045135776,16.1,16.045714285714286,-0.0033717834960071526,29952.0,93.0,4845.4616023527515,6257.874731471485,7188.48,936,0.03562647880206641,0.7045,15.17130254963731,1.2,G,3,38.0
10,Los Lagos,2413153,Puerto Octay,24.0,1.0,2.0,2.5,14289.214726343236,16.1,16.095535714285713,-0.00027728482697442555,30045.0,0.0,5434.020114256161,6167.305387912925,7210.8,939,0.03644982677575899,0.7045,15.17130254963731,1.5,G,3,38.0
10,Los Lagos,2413153,Puerto Octay,24.0,1.0,2.0,3.0,15021.750412505105,16.1,16.095535714285713,-0.00027728482697442555,30045.0,0.0,6071.6976044066,6072.447191901494,7210.8,939,0.04069464281936317,0.7045,15.17130254963731,1.7999999999999998,G,3,38.0
10,Los Lagos,2413153,Puerto Octay,24.0,1.0,2.5,1.0,13990.538345055,16.1,16.095535714285713,-0.00027728482697442555,30045.0,0.0,5207.00574153463,6238.967396479632,7210.8,939,0.03493866436789391,0.7045,18.96412818704664,0.6,G,3,38.0
10,Los Lagos,2413153,Puerto Octay,24.0,1.0,2.5,1.5,14696.51311980152,16.1,16.095535714285713,-0.00027728482697442555,30045.0,0.0,5805.544448726594,6131.531328925075,7210.8,939,0.038922945993402076,0.7045,18.96412818704664,0.8999999999999999,G,3,38.0
10,Los Lagos,2413153,Puerto Octay,24.0,1.0,2.5,2.0,15403.160917386547,16.1,16.095535714285713,-0.00027728482697442555,30045.0,0.0,6397.211189969353,6016.550272582807,7210.8,939,0.0428614831293166,0.7045,18.96412818704664,1.2,G,3,38.0
10,Los Lagos,2413153,Puerto Octay,24.0,1.0,2.5,2.5,16110.699770001522,16.1,16.095535714285713,-0.00027728482697442555,30045.0,0.0,6988.598423510017,5900.398653508497,7210.8,939,0.04679815967144117,0.7045,18.96412818704664,1.5,G,3,38.0
10,Los Lagos,2413153,Puerto Octay,24.0,1.0,2.5,3.0,16818.694373425187,16.1,16.095535714285713,-0.00027728482697442555,30045.0,0.0,7594.7987411664735,5798.604367741285,7210.8,939,0.05083344219869334,0.7045,18.96412818704664,1.7999999999999998,G,3,38.0
10,Los Lagos,2413153,Puerto Octay,24.0,1.0,3.0,1.0,15768.921848543543,16.1,16.095535714285713,-0.00027728482697442555,30045.0,0.0,6727.985407565542,5981.563559021997,7210.8,939,0.04506334179196389,0.7045,22.756953824455966,0.6,G,3,38.0
10,Los Lagos,2413153,Puerto Octay,24.0,1.0,3.0,1.5,16451.80584097913,16.1,16.095535714285713,-0.00027728482697442555,30045.0,0.0,7296.4395370093835,5867.1336960302515,7210.8,939,0.048847359961002604,0.7045,22.756953824455966,0.8999999999999999,G,3,38.0
10,Los Lagos,2413153,Puerto Octay,24.0,1.0,3.0,2.0,17134.798808626037,16.1,16.095535714285713,-0.00027728482697442555,30045.0,0.0,7862.4912005546375,5750.192391928603,7210.8,939,0.05261538567939338,0.7045,22.756953824455966,1.2,G,3,38.0
10,Los Lagos,2413153,Puerto Octay,24.0,1.0,3.0,2.5,17817.943254237543,16.1,16.095535714285713,-0.00027728482697442555,30045.0,0.0,8419.579516751543,5624.136262514001,7210.8,939,0.05632374524801981,0.7045,22.756953824455966,1.5,G,3,38.0
10,Los Lagos,2413153,Puerto Octay,24.0,1.0,3.0,3.0,18501.362820125407,16.1,16.095535714285713,-0.00027728482697442555,30045.0,0.0,9001.427095559951,5522.564275434543,7210.8,939,0.06019691934559617,0.7045,22.756953824455966,1.7999999999999998,G,3,38.0
10,Los Lagos,2413153,Puerto Octay,24.0,1.5,1.0,1.0,8949.791372769441,16.1,11.811428571428573,-0.2663708961845607,22048.0,7997.0,2926.7178121858615,4995.562525231424,5291.52,689,0.2858531249226926,1.05675,7.585651274818655,0.6,G,3,38.0
10,Los Lagos,2413153,Puerto Octay,24.0,1.5,1.0,1.5,9695.359509916692,16.1,12.394285714285715,-0.23016858917480038,23136.0,6909.0,3309.6119954807164,5177.937482595741,5552.64,723,0.2521996225945422,1.05675,7.585651274818655,0.8999999999999999,G,3,38.0
10,Los Lagos,2413153,Puerto Octay,24.0,1.5,1.0,2.0,10443.713233092843,16.1,12.994285714285716,-0.1929015084294587,24256.0,5789.0,3645.2666509466853,5326.188435090263,5821.4400000000005,758,0.21716688803303125,1.05675,7.585651274818655,1.2,G,3,38.0
10,Los Lagos,2413153,Puerto Octay,24.0,1.5,1.0,2.5,11194.899063483701,16.1,13.697142857142858,-0.14924578527063004,25568.0,4477.0,3953.187056653899,5540.015054391263,6136.320000000001,799,0.17556089298674854,1.05675,7.585651274818655,1.5,G,3,38.0
10,Los Lagos,2413153,Puerto Octay,24.0,1.5,1.0,3.0,11948.33478381816,16.1,14.451428571428574,-0.10239574090505761,26976.0,3069.0,4227.272990861215,5765.719373442902,6474.240000000001,843,0.13053535142834743,1.05675,7.585651274818655,1.7999999999999998,G,3,38.0
10,Los Lagos,2413153,Puerto Octay,24.0,1.5,1.5,1.0,10982.331138501608,16.1,13.559999999999999,-0.15776397515527965,25312.0,4733.0,3855.8623537864933,5527.208477431083,6074.88,791,0.18343122330829342,1.05675,11.378476912227983,0.6,G,3,38.0
10,Los Lagos,2413153,Puerto Octay,24.0,1.5,1.5,1.5,11708.111763797315,16.1,14.34857142857143,-0.10878438331854477,26784.0,3261.0,4094.7446701565545,5777.356407327255,6428.160000000001,837,0.1360417950020632,1.05675,11.378476912227983,0.8999999999999999,G,3,38.0
10,Los Lagos,2413153,Puerto Octay,24.0,1.5,1.5,2.0,12435.625152667259,16.1,14.965714285714288,-0.07045252883762194,27936.0,2109.0,4392.044553219647,5923.60419028278,6704.64,873,0.09968897119554937,1.05675,11.378476912227983,1.2,G,3,38.0
10,Los Lagos,2413153,Puerto Octay,24.0,1.5,1.5,2.5,13164.365474941394,16.1,15.411428571428573,-0.04276841171251109,28768.0,1277.0,4794.6328636094,6014.267388668005,6904.320000000001,899,0.07468475628637963,1.05675,11.378476912227983,1.5,G,3,38.0
10,Los Lagos,2413153,Puerto Octay,24.0,1.5,1.5,3.0,13894.322439944572,16.1,15.994285714285716,-0.0065661047027506195,29856.0,189.0,5127.072725140622,6154.2454458296115,7165.4400000000005,933,0.04069539560067455,1.05675,11.378476912227983,1.7999999999999998,G,3,38.0
10,Los Lagos,2413153,Puerto Octay,24.0,1.5,2.0,1.0,12902.773548648047,16.1,15.222857142857142,-0.05448092280390428,28416.0,1629.0,4664.691478922436,5969.917930274387,6819.84,888,0.08553228894750511,1.05675,15.17130254963731,0.6,G,3,38.0
10,Los Lagos,2413153,Puerto Octay,24.0,1.5,2.0,1.5,13606.51089041666,16.1,15.874285714285712,-0.014019520851819225,29632.0,413.0,4956.060581421005,6159.016220535928,7111.679999999999,926,0.04701043835170943,1.05675,15.17130254963731,0.8999999999999999,G,3,38.0
10,Los Lagos,2413153,Puerto Octay,24.0,1.5,2.0,2.0,14311.47421034255,16.1,16.095535714285713,-0.00027728482697442555,30045.0,0.0,5443.851295050275,6154.877084707727,7210.8,939,0.03651526981649198,1.05675,15.17130254963731,1.2,G,3,38.0
10,Los Lagos,2413153,Puerto Octay,24.0,1.5,2.0,2.5,15017.247312250041,16.1,16.095535714285713,-0.00027728482697442555,30045.0,0.0,6047.163173551082,6052.415861301041,7210.8,939,0.04053132492383635,1.05675,15.17130254963731,1.5,G,3,38.0
10,Los Lagos,2413153,Puerto Octay,24.0,1.5,2.0,3.0,15723.517385156445,16.1,16.095535714285713,-0.00027728482697442555,30045.0,0.0,6663.813616489474,5962.796231333032,7210.8,939,0.04463617060823236,1.05675,15.17130254963731,1.7999999999999998,G,3,38.0
10,Los Lagos,2413153,Puerto Octay,24.0,1.5,2.5,1.0,14711.870145743029,16.1,16.095535714285713,-0.00027728482697442555,30045.0,0.0,5801.023035196666,6111.652889453635,7210.8,939,0.03889284838295157,1.05675,18.96412818704664,0.6,G,3,38.0
10,Los Lagos,2413153,Puerto Octay,24.0,1.5,2.5,1.5,15393.234997042118,16.1,16.095535714285713,-0.00027728482697442555,30045.0,0.0,6380.726064546758,6009.991067504638,7210.8,939,0.04275174689751367,1.05675,18.96412818704664,0.8999999999999999,G,3,38.0
10,Los Lagos,2413153,Puerto Octay,24.0,1.5,2.5,2.0,16075.396011323264,16.1,16.095535714285713,-0.00027728482697442555,30045.0,0.0,6951.973776927147,5899.077765603883,7210.8,939,0.046554361058807656,1.05675,18.96412818704664,1.2,G,3,38.0
10,Los Lagos,2413153,Puerto Octay,24.0,1.5,2.5,2.5,16758.230937548866,16.1,16.095535714285713,-0.00027728482697442555,30045.0,0.0,7517.040625600934,5781.30968805207,7210.8,939,0.0503158311781206,1.05675,18.96412818704664,1.5,G,3,38.0
10,Los Lagos,2413153,Puerto Octay,24.0,1.5,2.5,3.0,17441.575422141228,16.1,16.095535714285713,-0.00027728482697442555,30045.0,0.0,8081.4810416491955,5662.405619507969,7210.8,939,0.05407313133487388,1.05675,18.96412818704664,1.7999999999999998,G,3,38.0
10,Los Lagos,2413153,Puerto Octay,24.0,1.5,3.0,1.0,16413.454227206897,16.1,16.095535714285713,-0.00027728482697442555,30045.0,0.0,7252.909047674805,5861.954820467905,7210.8,939,0.04855759135168606,1.05675,22.756953824455966,0.6,G,3,38.0
10,Los Lagos,2413153,Puerto Octay,24.0,1.5,3.0,1.5,17073.362484056957,16.1,16.095535714285713,-0.00027728482697442555,30045.0,0.0,7795.334900766466,5744.472416709508,7210.8,939,0.05216834757130104,1.05675,22.756953824455966,0.8999999999999999,G,3,38.0
10,Los Lagos,2413153,Puerto Octay,24.0,1.5,3.0,2.0,17733.667520753217,16.1,16.095535714285713,-0.00027728482697442555,30045.0,0.0,8331.742144262995,5620.574623509776,7210.8,939,0.055739039822900495,1.05675,22.756953824455966,1.2,G,3,38.0
10,Los Lagos,2413153,Puerto Octay,24.0,1.5,3.0,2.5,18394.062135814613,16.1,16.095535714285713,-0.00027728482697442555,30045.0,0.0,8900.285584389027,5528.723448574415,7210.8,939,0.059523652504717986,1.05675,22.756953824455966,1.5,G,3,38.0
10,Los Lagos,2413153,Puerto Octay,24.0,1.5,3.0,3.0,19054.814091130876,16.1,16.095535714285713,-0.00027728482697442555,30045.0,0.0,9475.608569481241,5443.294478350363,7210.8,939,0.06335339445906789,1.05675,22.756953824455966,1.7999999999999998,G,3,38.0
10,Los Lagos,2413153,Puerto Octay,24.0,2.0,1.0,1.0,9891.122736778709,16.1,12.377142857142859,-0.2312333629103815,23104.0,6941.0,3462.5561700953585,5119.243228140449,5544.960000000001,722,0.254282497009868,1.409,7.585651274818655,0.6,G,3,38.0
10,Los Lagos,2413153,Puerto Octay,24.0,2.0,1.0,1.5,10610.089370544962,16.1,13.01142857142857,-0.19183673469387766,24288.0,5757.0,3781.028985566781,5311.687368418686,5829.12,759,0.2170058409382896,1.409,7.585651274818655,0.8999999999999999,G,3,38.0
10,Los Lagos,2413153,Puerto Octay,24.0,2.0,1.0,2.0,11331.407007128922,16.1,13.73142857142857,-0.1471162377994678,25632.0,4413.0,4042.4403590066477,5524.859393935143,6151.679999999999,801,0.17402547633504212,1.409,7.585651274818655,1.2,G,3,38.0
10,Los Lagos,2413153,Puerto Octay,24.0,2.0,1.0,2.5,12055.21104429822,16.1,14.34857142857143,-0.10878438331854477,26784.0,3261.0,4355.153165097388,5690.786748649162,6428.160000000001,837,0.13777525145032968,1.409,7.585651274818655,1.5,G,3,38.0
10,Los Lagos,2413153,Puerto Octay,24.0,2.0,1.0,3.0,12780.745445832023,16.1,14.897142857142855,-0.07471162377994697,27808.0,2237.0,4694.384687270163,5816.948246896844,6673.92,869,0.10596064815851354,1.409,7.585651274818655,1.7999999999999998,G,3,38.0
10,Los Lagos,2413153,Puerto Octay,24.0,2.0,1.5,1.0,11829.442087738293,16.1,14.280000000000001,-0.11304347826086958,26656.0,3389.0,4204.198173287739,5701.550088959072,6397.4400000000005,833,0.1410294870695748,1.409,11.378476912227983,0.6,G,3,38.0
10,Los Lagos,2413153,Puerto Octay,24.0,2.0,1.5,1.5,12529.21530002071,16.1,14.811428571428573,-0.08003549245785269,27648.0,2397.0,4530.207213788757,5824.232012367026,6635.52,864,0.11019163966230439,1.409,11.378476912227983,0.8999999999999999,G,3,38.0
10,Los Lagos,2413153,Puerto Octay,24.0,2.0,1.5,2.0,13230.623917941097,16.1,15.325714285714287,-0.04809228039041701,28608.0,1437.0,4883.642682976742,5957.018765035645,6865.92,894,0.08060113499502172,1.409,11.378476912227983,1.2,G,3,38.0
10,Los Lagos,2413153,Puerto Octay,24.0,2.0,1.5,2.5,13933.258533633703,16.1,15.805714285714286,-0.01827861579414381,29504.0,541.0,5241.156265468336,6053.424375236042,7080.960000000001,922,0.05316732450087262,1.409,11.378476912227983,1.5,G,3,38.0
10,Los Lagos,2413153,Puerto Octay,24.0,2.0,1.5,3.0,14636.699251725655,16.1,16.095535714285713,-0.00027728482697442555,30045.0,0.0,5684.18185335954,6069.982601633885,7210.8,939,0.03811507383252969,1.409,11.378476912227983,1.7999999999999998,G,3,38.0
10,Los Lagos,2413153,Puerto Octay,24.0,2.0,2.0,1.0,13662.800334027032,16.1,15.685714285714285,-0.025732031943212195,29280.0,765.0,5078.664421385459,6049.36323600374,7027.2,915,0.05953908417410225,1.409,15.17130254963731,0.6,G,3,38.0
10,Los Lagos,2413153,Puerto Octay,24.0,2.0,2.0,1.5,14341.862404297453,16.1,16.095535714285713,-0.00027728482697442555,30045.0,0.0,5443.638903635512,6124.276499338058,7210.8,939,0.03651385599445994,1.409,15.17130254963731,0.8999999999999999,G,3,38.0
10,Los Lagos,2413153,Puerto Octay,24.0,2.0,2.0,2.0,15021.874538414457,16.1,16.095535714285713,-0.00027728482697442555,30045.0,0.0,6047.165401985579,6047.790863571121,7210.8,939,0.04053133975781536,1.409,15.17130254963731,1.2,G,3,38.0
10,Los Lagos,2413153,Puerto Octay,24.0,2.0,2.0,2.5,15703.060309945087,16.1,16.095535714285713,-0.00027728482697442555,30045.0,0.0,6608.857207800409,5928.296897855321,7210.8,939,0.04427034329128069,1.409,15.17130254963731,1.5,G,3,38.0
10,Los Lagos,2413153,Puerto Octay,24.0,2.0,2.0,3.0,16384.797077272953,16.1,16.095535714285713,-0.00027728482697442555,30045.0,0.0,7177.042471058462,5814.745393785509,7210.8,939,0.04805257170371573,1.409,15.17130254963731,1.7999999999999998,G,3,38.0
10,Los Lagos,2413153,Puerto Octay,24.0,2.0,2.5,1.0,15392.633362909355,16.1,16.095535714285713,-0.00027728482697442555,30045.0,0.0,6363.194811831614,5993.061448922257,7210.8,939,0.04263504692936493,1.409,18.96412818704664,0.6,G,3,38.0
10,Los Lagos,2413153,Puerto Octay,24.0,2.0,2.5,1.5,16051.106218257406,16.1,16.095535714285713,-0.00027728482697442555,30045.0,0.0,6909.692234566257,5881.086016308847,7210.8,939,0.046272906291885435,1.409,18.96412818704664,0.8999999999999999,G,3,38.0
10,Los Lagos,2413153,Puerto Octay,24.0,2.0,2.5,2.0,16710.04670484788,16.1,16.095535714285713,-0.00027728482697442555,30045.0,0.0,7467.651592544504,5780.104887696625,7210.8,939,0.04998706410834905,1.409,18.96412818704664,1.2,G,3,38.0
10,Los Lagos,2413153,Puerto Octay,24.0,2.0,2.5,2.5,17369.602260182928,16.1,16.095535714285713,-0.00027728482697442555,30045.0,0.0,8019.120051875823,5672.0177916928915,7210.8,939,0.05365801407893531,1.409,18.96412818704664,1.5,G,3,38.0
10,Los Lagos,2413153,Puerto Octay,24.0,2.0,2.5,3.0,18029.76709912096,16.1,16.095535714285713,-0.00027728482697442555,30045.0,0.0,8558.900690853498,5551.633591732538,7210.8,939,0.05725116195031274,1.409,18.96412818704664,1.7999999999999998,G,3,38.0
10,Los Lagos,2413153,Puerto Octay,24.0,2.0,3.0,1.0,17022.96465092839,16.1,16.095535714285713,-0.00027728482697442555,30045.0,0.0,7741.585306673829,5741.120655745441,7210.8,939,0.05181055363492137,1.409,22.756953824455966,0.6,G,3,38.0
10,Los Lagos,2413153,Puerto Octay,24.0,2.0,3.0,1.5,17661.197755200832,16.1,16.095535714285713,-0.00027728482697442555,30045.0,0.0,8281.163222594918,5642.465467394088,7210.8,939,0.05540235204344917,1.409,22.756953824455966,0.8999999999999999,G,3,38.0
10,Los Lagos,2413153,Puerto Octay,24.0,2.0,3.0,2.0,18299.814650919212,16.1,16.095535714285713,-0.00027728482697442555,30045.0,0.0,8821.093870607103,5543.779219687892,7210.8,939,0.05899649847721309,1.409,22.756953824455966,1.2,G,3,38.0
10,Los Lagos,2413153,Puerto Octay,24.0,2.0,3.0,2.5,18938.796760213245,16.1,16.095535714285713,-0.00027728482697442555,30045.0,0.0,9361.00381898133,5444.707058768086,7210.8,939,0.06259050712007697,1.409,22.756953824455966,1.5,G,3,38.0
10,Los Lagos,2413153,Puerto Octay,24.0,2.0,3.0,3.0,19578.28238931285,16.1,16.095535714285713,-0.00027728482697442555,30045.0,0.0,9897.14396296717,5341.361573654316,7210.8,939,0.06615942137526645,1.409,22.756953824455966,1.7999999999999998,G,3,38.0
10,Los Lagos,2413153,Puerto Octay,24.0,2.5,1.0,1.0,10777.259250949879,16.1,13.062857142857146,-0.18864241348713387,24384.0,5661.0,3877.476976629069,5289.074484009549,5852.160000000001,762,0.21445354330327013,1.76125,7.585651274818655,0.6,G,3,38.0
10,Los Lagos,2413153,Puerto Octay,24.0,2.5,1.0,1.5,11470.706689346714,16.1,13.645714285714286,-0.15244010647737363,25472.0,4573.0,4178.988364802135,5442.202590428683,6113.28,796,0.1802583016166789,1.76125,7.585651274818655,0.8999999999999999,G,3,38.0
10,Los Lagos,2413153,Puerto Octay,24.0,2.5,1.0,2.0,12166.483913428869,16.1,14.314285714285715,-0.11091393078970722,26720.0,3325.0,4464.610901496759,5657.030926510004,6412.8,835,0.14063342422619754,1.76125,7.585651274818655,1.2,G,3,38.0
10,Los Lagos,2413153,Puerto Octay,24.0,2.5,1.0,2.5,12864.149400805507,16.1,14.742857142857144,-0.08429458740017749,27520.0,2525.0,4829.512968729825,5724.716601914586,6604.8,860,0.11644311772954893,1.76125,7.585651274818655,1.5,G,3,38.0
10,Los Lagos,2413153,Puerto Octay,24.0,2.5,1.0,3.0,13563.727092616999,16.1,15.291428571428572,-0.05022182786157947,28544.0,1501.0,5150.2380649487395,5858.51097233174,6850.56,892,0.08450532305178576,1.76125,7.585651274818655,1.7999999999999998,G,3,38.0
10,Los Lagos,2413153,Puerto Octay,24.0,2.5,1.5,1.0,12627.878102030007,16.1,14.64,-0.09068322981366464,27328.0,2717.0,4674.430312745157,5709.8442608707055,6558.72,854,0.1217994242736091,1.76125,11.378476912227983,0.6,G,3,38.0
10,Los Lagos,2413153,Puerto Octay,24.0,2.5,1.5,1.5,13303.076814061025,16.1,15.205714285714286,-0.0555456965394854,28384.0,1661.0,4987.836993087449,5876.760179026424,6812.160000000001,887,0.08874813949563418,1.76125,11.378476912227983,0.8999999999999999,G,3,38.0
10,Los Lagos,2413153,Puerto Octay,24.0,2.5,1.5,2.0,13979.938200353117,16.1,15.805714285714286,-0.01827861579414381,29504.0,541.0,5275.647516392663,6041.267833289878,7080.960000000001,922,0.053396921777786106,1.76125,11.378476912227983,1.2,G,3,38.0
10,Los Lagos,2413153,Puerto Octay,24.0,2.5,1.5,2.5,14657.919786310282,16.1,16.095535714285713,-0.00027728482697442555,30045.0,0.0,5682.156741774004,6046.7369554637235,7210.8,939,0.0381015933094108,1.76125,11.378476912227983,1.5,G,3,38.0
10,Los Lagos,2413153,Puerto Octay,24.0,2.5,1.5,3.0,15336.804723538939,16.1,16.095535714285713,-0.00027728482697442555,30045.0,0.0,6266.73542586359,5952.430702324651,7210.8,939,0.04199294750538075,1.76125,11.378476912227983,1.7999999999999998,G,3,38.0
10,Los Lagos,2413153,Puerto Octay,24.0,2.5,2.0,1.0,14380.685144401763,16.1,16.095535714285713,-0.00027728482697442555,30045.0,0.0,5462.491376718363,6104.306232316601,7210.8,939,0.03663935090597834,1.76125,15.17130254963731,0.6,G,3,38.0
10,Los Lagos,2413153,Puerto Octay,24.0,2.5,2.0,1.5,15036.548184130219,16.1,16.095535714285713,-0.00027728482697442555,30045.0,0.0,6027.358531893332,6013.310347763111,7210.8,939,0.04039949172924323,1.76125,15.17130254963731,0.8999999999999999,G,3,38.0
10,Los Lagos,2413153,Puerto Octay,24.0,2.5,2.0,2.0,15693.191626498221,16.1,16.095535714285713,-0.00027728482697442555,30045.0,0.0,6578.228081072923,5907.536454574703,7210.8,939,0.04406645494561595,1.76125,15.17130254963731,1.2,G,3,38.0
10,Los Lagos,2413153,Puerto Octay,24.0,2.5,2.0,2.5,16350.81987197163,16.1,16.095535714285713,-0.00027728482697442555,30045.0,0.0,7135.838542440502,5807.518670468871,7210.8,939,0.04777829026841561,1.76125,15.17130254963731,1.5,G,3,38.0
10,Los Lagos,2413153,Puerto Octay,24.0,2.5,2.0,3.0,17009.385869415448,16.1,16.095535714285713,-0.00027728482697442555,30045.0,0.0,7692.261897099622,5705.376027684175,7210.8,939,0.05148222339977936,1.76125,15.17130254963731,1.7999999999999998,G,3,38.0
10,Los Lagos,2413153,Puerto Octay,24.0,2.5,2.5,1.0,16036.947826071691,16.1,16.095535714285713,-0.00027728482697442555,30045.0,0.0,6878.338851224344,5863.891025152652,7210.8,939,0.046064196800509744,1.76125,18.96412818704664,0.6,G,3,38.0
10,Los Lagos,2413153,Puerto Octay,24.0,2.5,2.5,1.5,16673.680870393535,16.1,16.095535714285713,-0.00027728482697442555,30045.0,0.0,7421.835821321835,5770.654950928299,7210.8,939,0.04968208310503623,1.76125,18.96412818704664,0.8999999999999999,G,3,38.0
10,Los Lagos,2413153,Puerto Octay,24.0,2.5,2.5,2.0,17310.868087752417,16.1,16.095535714285713,-0.00027728482697442555,30045.0,0.0,7944.955455507019,5656.587367754602,7210.8,939,0.053164323971637555,1.76125,18.96412818704664,1.2,G,3,38.0
10,Los Lagos,2413153,Puerto Octay,24.0,2.5,2.5,2.5,17948.60779911986,16.1,16.095535714285713,-0.00027728482697442555,30045.0,0.0,8500.803178393908,5574.695379274044,7210.8,939,0.056864425305549283,1.76125,18.96412818704664,1.5,G,3,38.0
10,Los Lagos,2413153,Puerto Octay,24.0,2.5,2.5,3.0,18586.951578320644,16.1,16.095535714285713,-0.00027728482697442555,30045.0,0.0,9027.610203572425,5463.158625251781,7210.8,939,0.060371211960090924,1.76125,18.96412818704664,1.7999999999999998,G,3,38.0
10,Los Lagos,2413153,Puerto Octay,24.0,2.5,3.0,1.0,17601.14427394364,16.1,16.095535714285713,-0.00027728482697442555,30045.0,0.0,8215.699668418483,5637.0553944748435,7210.8,939,0.05496658200399878,1.76125,22.756953824455966,0.6,G,3,38.0
10,Los Lagos,2413153,Puerto Octay,24.0,2.5,3.0,1.5,18218.844318236384,16.1,16.095535714285713,-0.00027728482697442555,30045.0,0.0,8734.69417370624,5538.349855469855,7210.8,939,0.05842136320078864,1.76125,22.756953824455966,0.8999999999999999,G,3,38.0
10,Los Lagos,2413153,Puerto Octay,24.0,2.5,3.0,2.0,18837.025738961922,16.1,16.095535714285713,-0.00027728482697442555,30045.0,0.0,9261.548098305273,5447.022359343355,7210.8,939,0.06192846204984194,1.76125,22.756953824455966,1.2,G,3,38.0
10,Los Lagos,2413153,Puerto Octay,24.0,2.5,3.0,2.5,19455.622882176434,16.1,16.095535714285713,-0.00027728482697442555,30045.0,0.0,9784.262416481084,5351.139534304649,7210.8,939,0.06540800485680358,1.76125,22.756953824455966,1.5,G,3,38.0
10,Los Lagos,2413153,Puerto Octay,24.0,2.5,3.0,3.0,20074.612970513583,16.1,16.095535714285713,-0.00027728482697442555,30045.0,0.0,10317.805527645743,5265.692557132164,7210.8,939,0.06895963149128291,1.76125,22.756953824455966,1.7999999999999998,G,3,38.0
10,Los Lagos,2413153,Puerto Octay,24.0,3.0,1.0,1.0,11613.028556078507,16.1,13.645714285714286,-0.15244010647737363,25472.0,4573.0,4296.679272554,5417.663067713339,6113.28,796,0.18104173252200004,2.1135,7.585651274818655,0.6,G,3,38.0
10,Los Lagos,2413153,Puerto Octay,24.0,3.0,1.0,1.5,12282.740620935265,16.1,14.159999999999997,-0.12049689440993817,26432.0,3613.0,4623.620258454322,5555.268529134608,6343.679999999999,826,0.15127486251414402,2.1135,7.585651274818655,0.8999999999999999,G,3,38.0
10,Los Lagos,2413153,Puerto Octay,24.0,3.0,1.0,2.0,12954.055709363705,16.1,14.691428571428572,-0.08748890860692106,27424.0,2621.0,4935.338701794709,5692.677647630824,6581.76,857,0.12034188715106955,2.1135,7.585651274818655,1.2,G,3,38.0
10,Los Lagos,2413153,Puerto Octay,24.0,3.0,1.0,2.5,13627.22924199076,16.1,15.12,-0.06086956521739144,28224.0,1821.0,5289.163189596636,5773.763486492906,6773.76,882,0.09607784073475963,2.1135,7.585651274818655,1.5,G,3,38.0
10,Los Lagos,2413153,Puerto Octay,24.0,3.0,1.0,3.0,14302.058169190554,16.1,15.788571428571426,-0.019343389529725148,29472.0,573.0,5529.234209732298,5956.794314137039,7073.28,921,0.05614974140013485,2.1135,7.585651274818655,1.7999999999999998,G,3,38.0
10,Los Lagos,2413153,Puerto Octay,24.0,3.0,1.5,1.0,13382.21988346138,16.1,15.068571428571428,-0.06406388642413502,28128.0,1917.0,5109.449233943823,5791.229350482445,6750.72,879,0.09807586335170249,2.1135,11.378476912227983,0.6,G,3,38.0
10,Los Lagos,2413153,Puerto Octay,24.0,3.0,1.5,1.5,14034.482921145289,16.1,15.6,-0.03105590062111812,29120.0,925.0,5399.515110757859,5925.03218961257,6988.8,910,0.06699875374648247,2.1135,11.378476912227983,0.8999999999999999,G,3,38.0
10,Los Lagos,2413153,Puerto Octay,24.0,3.0,1.5,2.0,14687.963118803538,16.1,16.095535714285713,-0.00027728482697442555,30045.0,0.0,5711.134478565297,6045.67135976176,7210.8,939,0.03829448887799987,2.1135,11.378476912227983,1.2,G,3,38.0
10,Los Lagos,2413153,Puerto Octay,24.0,3.0,1.5,2.5,15342.80145809309,16.1,16.095535714285713,-0.00027728482697442555,30045.0,0.0,6254.262491463269,5933.961033370179,7210.8,939,0.041909919151908816,2.1135,11.378476912227983,1.5,G,3,38.0
10,Los Lagos,2413153,Puerto Octay,24.0,3.0,1.5,3.0,15998.544683584878,16.1,16.095535714285713,-0.00027728482697442555,30045.0,0.0,6809.796321013921,5833.7516374290435,7210.8,939,0.04560793099781098,2.1135,11.378476912227983,1.7999999999999998,G,3,38.0
10,Los Lagos,2413153,Puerto Octay,24.0,3.0,2.0,1.0,15060.238895371098,16.1,16.095535714285713,-0.00027728482697442555,30045.0,0.0,6032.291261824179,5994.552366453081,7210.8,939,0.0404323273420297,2.1135,15.17130254963731,0.6,G,3,38.0
10,Los Lagos,2413153,Puerto Octay,24.0,3.0,2.0,1.5,15694.397746628934,16.1,16.095535714285713,-0.00027728482697442555,30045.0,0.0,6577.3800102398045,5905.482263610872,7210.8,939,0.04406080960806815,2.1135,15.17130254963731,0.8999999999999999,G,3,38.0
10,Los Lagos,2413153,Puerto Octay,24.0,3.0,2.0,2.0,16329.201597274325,16.1,16.095535714285713,-0.00027728482697442555,30045.0,0.0,7105.74650399774,5799.044906723414,7210.8,939,0.0475779771484771,2.1135,15.17130254963731,1.2,G,3,38.0
10,Los Lagos,2413153,Puerto Octay,24.0,3.0,2.0,2.5,16964.815829258514,16.1,16.095535714285713,-0.00027728482697442555,30045.0,0.0,7633.782238647385,5691.466409388871,7210.8,939,0.05109294293080126,2.1135,15.17130254963731,1.5,G,3,38.0
10,Los Lagos,2413153,Puerto Octay,24.0,3.0,2.0,3.0,17601.044697663336,16.1,16.095535714285713,-0.00027728482697442555,30045.0,0.0,8176.500621633365,5597.9559239700275,7210.8,939,0.054705646428794136,2.1135,15.17130254963731,1.7999999999999998,G,3,38.0
10,Los Lagos,2413153,Puerto Octay,24.0,3.0,2.5,1.0,16648.288534958727,16.1,16.095535714285713,-0.00027728482697442555,30045.0,0.0,7375.377907992975,5749.58937303425,7210.8,939,0.04937282756615216,2.1135,18.96412818704664,0.6,G,3,38.0
10,Los Lagos,2413153,Puerto Octay,24.0,3.0,2.5,1.5,17264.30760046729,16.1,16.095535714285713,-0.00027728482697442555,30045.0,0.0,7898.04888521113,5656.241284743836,7210.8,939,0.052852081866156524,2.1135,18.96412818704664,0.8999999999999999,G,3,38.0
10,Los Lagos,2413153,Puerto Octay,24.0,3.0,2.5,2.0,17880.94230450389,16.1,16.095535714285713,-0.00027728482697442555,30045.0,0.0,8429.814707595748,5571.3724030918565,7210.8,939,0.056391877655037316,2.1135,18.96412818704664,1.2,G,3,38.0
10,Los Lagos,2413153,Puerto Octay,24.0,3.0,2.5,2.5,18498.3041539278,16.1,16.095535714285713,-0.00027728482697442555,30045.0,0.0,8944.25837187692,5468.45421794912,7210.8,939,0.059816365352032975,2.1135,18.96412818704664,1.5,G,3,38.0
10,Los Lagos,2413153,Puerto Octay,24.0,3.0,2.5,3.0,19116.224901835823,16.1,16.095535714285713,-0.00027728482697442555,30045.0,0.0,9453.20618072465,5359.48127888883,7210.8,939,0.06320426888904565,2.1135,18.96412818704664,1.7999999999999998,G,3,38.0
10,Los Lagos,2413153,Puerto Octay,24.0,3.0,3.0,1.0,18150.805385917593,16.1,16.095535714285713,-0.00027728482697442555,30045.0,0.0,8677.450068577185,5549.144682659595,7210.8,939,0.05804030741693738,2.1135,22.756953824455966,0.6,G,3,38.0
10,Los Lagos,2413153,Puerto Octay,24.0,3.0,3.0,1.5,18749.173280376595,16.1,16.095535714285713,-0.00027728482697442555,30045.0,0.0,9159.008767027384,5432.335486650791,7210.8,939,0.061245890365515844,2.1135,22.756953824455966,0.8999999999999999,G,3,38.0
10,Los Lagos,2413153,Puerto Octay,24.0,3.0,3.0,2.0,19348.096440163652,16.1,16.095535714285713,-0.00027728482697442555,30045.0,0.0,9675.63087373329,5350.034433569637,7210.8,939,0.06468487926021316,2.1135,22.756953824455966,1.2,G,3,38.0
10,Los Lagos,2413153,Puerto Octay,24.0,3.0,3.0,2.5,19947.440668611853,16.1,16.095535714285713,-0.00027728482697442555,30045.0,0.0,10184.891461860425,5259.9507932485685,7210.8,939,0.06807486486931374,2.1135,22.756953824455966,1.5,G,3,38.0
10,Los Lagos,2413153,Puerto Octay,24.0,3.0,3.0,3.0,20546.998345225624,16.1,16.095535714285713,-0.00027728482697442555,30045.0,0.0,10689.03547677173,5164.537131546109,7210.8,939,0.07143079107940731,2.1135,22.756953824455966,1.7999999999999998,G,3,38.0
9,Araucania,2073021,Victoria,22.0,1.0,1.0,1.0,7148.671452503904,11.055,9.291428571428572,-0.159527040124055,17344.0,3296.0,160.46071061118192,0.0,4162.56,542,0.16108189197106257,0.76,7.049500304663767,0.6,F,4,44.0
9,Araucania,2073021,Victoria,22.0,1.0,1.0,1.5,7924.770191950439,11.055,10.01142857142857,-0.09439813917425863,18688.0,1952.0,278.8958286351108,0.0,4485.12,584,0.09710061813390117,0.76,7.049500304663767,0.8999999999999999,F,4,44.0
9,Araucania,2073021,Victoria,22.0,1.0,1.0,2.0,8707.746124900876,11.055,10.662857142857144,-0.03547199069587119,19904.0,736.0,432.2729972224521,0.0,4776.960000000001,622,0.03966068252942208,0.76,7.049500304663767,1.2,F,4,44.0
9,Araucania,2073021,Victoria,22.0,1.0,1.0,2.5,9497.076471429269,11.055,11.057142857142859,0.00019383601473170516,20640.0,0.0,714.0415192837772,0.0,4953.6,645,0.0071128429845357475,0.76,7.049500304663767,1.5,F,4,44.0
9,Araucania,2073021,Victoria,22.0,1.0,1.0,3.0,10291.186143421974,11.055,11.057142857142859,0.00019383601473170516,20640.0,0.0,1365.8923027484757,0.0,4953.6,645,0.013429226545240189,0.76,7.049500304663767,1.7999999999999998,F,4,44.0
9,Araucania,2073021,Victoria,22.0,1.0,1.5,1.0,9009.67652179224,11.055,10.98857142857143,-0.006008916456677557,20512.0,128.0,455.793679983191,0.0,4922.88,641,0.01042552188287127,0.76,10.574250456995651,0.6,F,4,44.0
9,Araucania,2073021,Victoria,22.0,1.0,1.5,1.5,9776.288555373456,11.055,11.057142857142859,0.00019383601473170516,20640.0,0.0,941.7557591881523,0.0,4953.6,645,0.009319376316942483,0.76,10.574250456995651,0.8999999999999999,F,4,44.0
9,Araucania,2073021,Victoria,22.0,1.0,1.5,2.0,10546.867194581473,11.055,11.057142857142859,0.00019383601473170516,20640.0,0.0,1579.1800363089437,0.0,4953.6,645,0.015495968149508292,0.76,10.574250456995651,1.2,F,4,44.0
9,Araucania,2073021,Victoria,22.0,1.0,1.5,2.5,11320.167750086124,11.055,11.057142857142859,0.00019383601473170516,20640.0,0.0,2228.3409001659616,0.0,4953.6,645,0.02178628659773521,0.76,10.574250456995651,1.5,F,4,44.0
9,Araucania,2073021,Victoria,22.0,1.0,1.5,3.0,12095.799678057087,11.055,11.057142857142859,0.00019383601473170516,20640.0,0.0,2924.9996787537093,0.0,4953.6,645,0.028536856157694006,0.76,10.574250456995651,1.7999999999999998,F,4,44.0
9,Araucania,2073021,Victoria,22.0,1.0,2.0,1.0,10799.86639826712,11.055,11.057142857142859,0.00019383601473170516,20640.0,0.0,1780.0775464447856,0.0,4953.6,645,0.017442649449274202,0.76,14.099000609327534,0.6,F,4,44.0
9,Araucania,2073021,Victoria,22.0,1.0,2.0,1.5,11549.644715765933,11.055,11.057142857142859,0.00019383601473170516,20640.0,0.0,2422.326206686847,0.0,4953.6,645,0.023665989180301928,0.76,14.099000609327534,0.8999999999999999,F,4,44.0
9,Araucania,2073021,Victoria,22.0,1.0,2.0,2.0,12301.560781665643,11.055,11.057142857142859,0.00019383601473170516,20640.0,0.0,3130.7179109017834,0.0,4953.6,645,0.030530249880059066,0.76,14.099000609327534,1.2,F,4,44.0
9,Araucania,2073021,Victoria,22.0,1.0,2.0,2.5,13055.072739538446,11.055,11.057142857142859,0.00019383601473170516,20640.0,0.0,3822.4322434945334,0.0,4953.6,645,0.03723290814161672,0.76,14.099000609327534,1.5,F,4,44.0
9,Araucania,2073021,Victoria,22.0,1.0,2.0,3.0,13810.342371695535,11.055,11.057142857142859,0.00019383601473170516,20640.0,0.0,4529.095925607697,0.0,4953.6,645,0.04408042444116288,0.76,14.099000609327534,1.7999999999999998,F,4,44.0
9,Araucania,2073021,Victoria,22.0,1.0,2.5,1.0,12507.379860817458,11.055,11.057142857142859,0.00019383601473170516,20640.0,0.0,3323.3491153170253,0.0,4953.6,645,0.03239683131819125,0.76,17.62375076165942,0.6,F,4,44.0
9,Araucania,2073021,Victoria,22.0,1.0,2.5,1.5,13238.050521628267,11.055,11.057142857142859,0.00019383601473170516,20640.0,0.0,4007.8641005474733,0.0,4953.6,645,0.039029728461897145,0.76,17.62375076165942,0.8999999999999999,F,4,44.0
9,Araucania,2073021,Victoria,22.0,1.0,2.5,2.0,13970.26592485754,11.055,11.057142857142859,0.00019383601473170516,20640.0,0.0,4697.185269436059,0.0,4953.6,645,0.04570919715267801,0.76,17.62375076165942,1.2,F,4,44.0
9,Araucania,2073021,Victoria,22.0,1.0,2.5,2.5,14703.618183148405,11.055,11.057142857142859,0.00019383601473170516,20640.0,0.0,5408.189198005391,0.0,4953.6,645,0.05259877010393123,0.76,17.62375076165942,1.5,F,4,44.0
9,Araucania,2073021,Victoria,22.0,1.0,2.5,3.0,15437.858976971422,11.055,11.057142857142859,0.00019383601473170516,20640.0,0.0,6108.363836436027,0.0,4953.6,645,0.05938340807322033,0.76,17.62375076165942,1.7999999999999998,F,4,44.0
9,Araucania,2073021,Victoria,22.0,1.0,3.0,1.0,14131.546380384252,11.055,11.057142857142859,0.00019383601473170516,20640.0,0.0,4864.189964525942,0.0,4953.6,645,0.04732745970199859,0.76,21.148500913991302,0.6,F,4,44.0
9,Araucania,2073021,Victoria,22.0,1.0,3.0,1.5,14842.621001014419,11.055,11.057142857142859,0.00019383601473170516,20640.0,0.0,5543.53196635189,0.0,4953.6,645,0.053910231037521336,0.76,21.148500913991302,0.8999999999999999,F,4,44.0
9,Araucania,2073021,Victoria,22.0,1.0,3.0,2.0,15554.254147973754,11.055,11.057142857142859,0.00019383601473170516,20640.0,0.0,6206.19905415311,0.0,4953.6,645,0.06033142374877347,0.76,21.148500913991302,1.2,F,4,44.0
9,Araucania,2073021,Victoria,22.0,1.0,3.0,2.5,16266.760769557717,11.055,11.057142857142859,0.00019383601473170516,20640.0,0.0,6913.870748501061,0.0,4953.6,645,0.06718870760873423,0.76,21.148500913991302,1.5,F,4,44.0
9,Araucania,2073021,Victoria,22.0,1.0,3.0,3.0,16979.78555149196,11.055,11.057142857142859,0.00019383601473170516,20640.0,0.0,7588.071798720254,0.0,4953.6,645,0.07372166352171092,0.76,21.148500913991302,1.7999999999999998,F,4,44.0
9,Araucania,2073021,Victoria,22.0,1.5,1.0,1.0,8146.138042181364,11.055,10.14857142857143,-0.0819926342314401,18944.0,1696.0,348.13717224624617,0.0,4546.56,592,0.08536605644312853,1.1400000000000001,7.049500304663767,0.6,F,4,44.0
9,Araucania,2073021,Victoria,22.0,1.5,1.0,1.5,8898.375565559547,11.055,10.817142857142857,-0.02151579763520063,20192.0,448.0,473.2777948293608,0.0,4846.08,631,0.02610182277889599,1.1400000000000001,7.049500304663767,0.8999999999999999,F,4,44.0
9,Araucania,2073021,Victoria,22.0,1.5,1.0,2.0,9656.087185608469,11.055,11.057142857142859,0.00019383601473170516,20640.0,0.0,840.8025066589229,0.0,4953.6,645,0.00834114712576778,1.1400000000000001,7.049500304663767,1.2,F,4,44.0
9,Araucania,2073021,Victoria,22.0,1.5,1.0,2.5,10418.003631171967,11.055,11.057142857142859,0.00019383601473170516,20640.0,0.0,1462.805951912735,0.0,4953.6,645,0.014368312292955883,1.1400000000000001,7.049500304663767,1.5,F,4,44.0
9,Araucania,2073021,Victoria,22.0,1.5,1.0,3.0,11184.471759120861,11.055,11.057142857142859,0.00019383601473170516,20640.0,0.0,2107.413577016074,0.0,4953.6,645,0.020614510210623896,1.1400000000000001,7.049500304663767,1.7999999999999998,F,4,44.0
9,Araucania,2073021,Victoria,22.0,1.5,1.5,1.0,9927.139184166355,11.055,11.057142857142859,0.00019383601473170516,20640.0,0.0,1058.0122392538533,0.0,4953.6,645,0.010445892596648888,1.1400000000000001,10.574250456995651,0.6,F,4,44.0
9,Araucania,2073021,Victoria,22.0,1.5,1.5,1.5,10667.614038386968,11.055,11.057142857142859,0.00019383601473170516,20640.0,0.0,1673.1093628642145,0.0,4953.6,645,0.01640613604248572,1.1400000000000001,10.574250456995651,0.8999999999999999,F,4,44.0
9,Araucania,2073021,Victoria,22.0,1.5,1.5,2.0,11411.455256964158,11.055,11.057142857142859,0.00019383601473170516,20640.0,0.0,2301.5211939912265,0.0,4953.6,645,0.02249539797201103,1.1400000000000001,10.574250456995651,1.2,F,4,44.0
9,Araucania,2073021,Victoria,22.0,1.5,1.5,2.5,12157.341336876338,11.055,11.057142857142859,0.00019383601473170516,20640.0,0.0,3002.57389488217,0.0,4953.6,645,0.029288544298473662,1.1400000000000001,10.574250456995651,1.5,F,4,44.0
9,Araucania,2073021,Victoria,22.0,1.5,1.5,3.0,12905.424054116624,11.055,11.057142857142859,0.00019383601473170516,20640.0,0.0,3692.1631153966596,0.0,4953.6,645,0.03597061038873035,1.1400000000000001,10.574250456995651,1.7999999999999998,F,4,44.0
9,Araucania,2073021,Victoria,22.0,1.5,2.0,1.0,11636.805086295713,11.055,11.057142857142859,0.00019383601473170516,20640.0,0.0,2507.217011139988,0.0,4953.6,645,0.02448857449477035,1.1400000000000001,14.099000609327534,0.6,F,4,44.0
9,Araucania,2073021,Victoria,22.0,1.5,2.0,1.5,12360.686864656513,11.055,11.057142857142859,0.00019383601473170516,20640.0,0.0,3177.0660058906915,0.0,4953.6,645,0.030979359327626004,1.1400000000000001,14.099000609327534,0.8999999999999999,F,4,44.0
9,Araucania,2073021,Victoria,22.0,1.5,2.0,2.0,13086.709927013388,11.055,11.057142857142859,0.00019383601473170516,20640.0,0.0,3859.9065570632956,0.0,4953.6,645,0.037596031335112474,1.1400000000000001,14.099000609327534,1.2,F,4,44.0
9,Araucania,2073021,Victoria,22.0,1.5,2.0,2.5,13814.154699571945,11.055,11.057142857142859,0.00019383601473170516,20640.0,0.0,4533.612820589856,0.0,4953.6,645,0.0441241928033931,1.1400000000000001,14.099000609327534,1.5,F,4,44.0
9,Araucania,2073021,Victoria,22.0,1.5,2.0,3.0,14543.152767265621,11.055,11.057142857142859,0.00019383601473170516,20640.0,0.0,5253.625663170421,0.0,4953.6,645,0.051101061433049745,1.1400000000000001,14.099000609327534,1.7999999999999998,F,4,44.0
9,Araucania,2073021,Victoria,22.0,1.5,2.5,1.0,13269.04787665522,11.055,11.057142857142859,0.00019383601473170516,20640.0,0.0,4033.4045945584367,0.0,4953.6,645,0.03927721386898013,1.1400000000000001,17.62375076165942,0.6,F,4,44.0
9,Araucania,2073021,Victoria,22.0,1.5,2.5,1.5,13975.109886711149,11.055,11.057142857142859,0.00019383601473170516,20640.0,0.0,4710.568552845089,0.0,4953.6,645,0.045838880131447685,1.1400000000000001,17.62375076165942,0.8999999999999999,F,4,44.0
9,Araucania,2073021,Victoria,22.0,1.5,2.5,2.0,14682.615436095231,11.055,11.057142857142859,0.00019383601473170516,20640.0,0.0,5388.7415082169055,0.0,4953.6,645,0.052410323497453656,1.1400000000000001,17.62375076165942,1.2,F,4,44.0
9,Araucania,2073021,Victoria,22.0,1.5,2.5,2.5,15391.057897564799,11.055,11.057142857142859,0.00019383601473170516,20640.0,0.0,6063.221454144939,0.0,4953.6,645,0.05894598188822918,1.1400000000000001,17.62375076165942,1.5,F,4,44.0
9,Araucania,2073021,Victoria,22.0,1.5,2.5,3.0,16100.271904208243,11.055,11.057142857142859,0.00019383601473170516,20640.0,0.0,6745.681322708591,0.0,4953.6,645,0.06555896511074519,1.1400000000000001,17.62375076165942,1.7999999999999998,F,4,44.0
9,Araucania,2073021,Victoria,22.0,1.5,3.0,1.0,14823.98019501597,11.055,11.057142857142859,0.00019383601473170516,20640.0,0.0,5515.8037144397085,0.0,4953.6,645,0.05364154642596919,1.1400000000000001,21.148500913991302,0.6,F,4,44.0
9,Araucania,2073021,Victoria,22.0,1.5,3.0,1.5,15511.532344136862,11.055,11.057142857142859,0.00019383601473170516,20640.0,0.0,6170.519952899795,0.0,4953.6,645,0.05998569602345065,1.1400000000000001,21.148500913991302,0.8999999999999999,F,4,44.0
9,Araucania,2073021,Victoria,22.0,1.5,3.0,2.0,16199.761773744973,11.055,11.057142857142859,0.00019383601473170516,20640.0,0.0,6839.045794413977,0.0,4953.6,645,0.06646365960401443,1.1400000000000001,21.148500913991302,1.2,F,4,44.0
9,Araucania,2073021,Victoria,22.0,1.5,3.0,2.5,16888.64142855528,11.055,11.057142857142859,0.00019383601473170516,20640.0,0.0,7507.342696051254,0.0,4953.6,645,0.07293940477491828,1.1400000000000001,21.148500913991302,1.5,F,4,44.0
9,Araucania,2073021,Victoria,22.0,1.5,3.0,3.0,17578.243485081934,11.055,11.057142857142859,0.00019383601473170516,20640.0,0.0,8173.982277436644,0.0,4953.6,645,0.07939909064105578,1.1400000000000001,21.148500913991302,1.7999999999999998,F,4,44.0
9,Araucania,2073021,Victoria,22.0,2.0,1.0,1.0,9090.737133646575,11.055,10.902857142857142,-0.013762357045939175,20352.0,288.0,549.3022812447994,0.0,4884.48,636,0.01908505356962909,1.52,7.049500304663767,0.6,F,4,44.0
9,Araucania,2073021,Victoria,22.0,2.0,1.0,1.5,9818.585900167132,11.055,11.057142857142859,0.00019383601473170516,20640.0,0.0,978.3727731683368,0.0,4953.6,645,0.009674192343882256,1.52,7.049500304663767,0.8999999999999999,F,4,44.0
9,Araucania,2073021,Victoria,22.0,2.0,1.0,2.0,10551.025853069883,11.055,11.057142857142859,0.00019383601473170516,20640.0,0.0,1594.8104608747801,0.0,4953.6,645,0.015647425751890428,1.52,7.049500304663767,1.2,F,4,44.0
9,Araucania,2073021,Victoria,22.0,2.0,1.0,2.5,11287.182070417526,11.055,11.057142857142859,0.00019383601473170516,20640.0,0.0,2201.119328219435,0.0,4953.6,645,0.02152251167577274,1.52,7.049500304663767,1.5,F,4,44.0
9,Araucania,2073021,Victoria,22.0,2.0,1.0,3.0,12026.500299039311,11.055,11.057142857142859,0.00019383601473170516,20640.0,0.0,2859.1844553596097,0.0,4953.6,645,0.027899111744960486,1.52,7.049500304663767,1.7999999999999998,F,4,44.0
9,Araucania,2073021,Victoria,22.0,2.0,1.5,1.0,10794.508084728093,11.055,11.057142857142859,0.00019383601473170516,20640.0,0.0,1790.4422635975252,0.0,4953.6,645,0.017543082755017803,1.52,10.574250456995651,0.6,F,4,44.0
9,Araucania,2073021,Victoria,22.0,2.0,1.5,1.5,11509.940163413698,11.055,11.057142857142859,0.00019383601473170516,20640.0,0.0,2386.284366658919,0.0,4953.6,645,0.023316746544372394,1.52,10.574250456995651,0.8999999999999999,F,4,44.0
9,Araucania,2073021,Victoria,22.0,2.0,1.5,2.0,12228.160493748308,11.055,11.057142857142859,0.00019383601473170516,20640.0,0.0,3064.6088084598387,0.0,4953.6,645,0.029889657802133245,1.52,10.574250456995651,1.2,F,4,44.0
9,Araucania,2073021,Victoria,22.0,2.0,1.5,2.5,12948.415415172438,11.055,11.057142857142859,0.00019383601473170516,20640.0,0.0,3731.6994599386057,0.0,4953.6,645,0.03635371450250889,1.52,10.574250456995651,1.5,F,4,44.0
9,Araucania,2073021,Victoria,22.0,2.0,1.5,3.0,13670.276856219105,11.055,11.057142857142859,0.00019383601473170516,20640.0,0.0,4401.100260734362,0.0,4953.6,645,0.04284015637068482,1.52,10.574250456995651,1.7999999999999998,F,4,44.0
9,Araucania,2073021,Victoria,22.0,2.0,2.0,1.0,12429.295642921494,11.055,11.057142857142859,0.00019383601473170516,20640.0,0.0,3242.2859347848294,0.0,4953.6,645,0.03161133538280176,1.52,14.099000609327534,0.6,F,4,44.0
9,Araucania,2073021,Victoria,22.0,2.0,2.0,1.5,13128.54309092027,11.055,11.057142857142859,0.00019383601473170516,20640.0,0.0,3896.3010151762537,0.0,4953.6,645,0.03794869081295122,1.52,14.099000609327534,0.8999999999999999,F,4,44.0
9,Araucania,2073021,Victoria,22.0,2.0,2.0,2.0,13829.674252851173,11.055,11.057142857142859,0.00019383601473170516,20640.0,0.0,4558.827031765967,0.0,4953.6,645,0.04436851655509961,1.52,14.099000609327534,1.2,F,4,44.0
9,Araucania,2073021,Victoria,22.0,2.0,2.0,2.5,14532.545708428604,11.055,11.057142857142859,0.00019383601473170516,20640.0,0.0,5239.994440497966,0.0,4953.6,645,0.05096897594203757,1.52,14.099000609327534,1.5,F,4,44.0
9,Araucania,2073021,Victoria,22.0,2.0,2.0,3.0,15236.55213503339,11.055,11.057142857142859,0.00019383601473170516,20640.0,0.0,5904.732098015434,0.0,4953.6,645,0.05741023231333087,1.52,14.099000609327534,1.7999999999999998,F,4,44.0
9,Araucania,2073021,Victoria,22.0,2.0,2.5,1.0,13991.02627621147,11.055,11.057142857142859,0.00019383601473170516,20640.0,0.0,4722.1366190239505,0.0,4953.6,645,0.04595097379597154,1.52,17.62375076165942,0.6,F,4,44.0
9,Araucania,2073021,Victoria,22.0,2.0,2.5,1.5,14673.76929963792,11.055,11.057142857142859,0.00019383601473170516,20640.0,0.0,5379.881772910921,0.0,4953.6,645,0.052324473349139866,1.52,17.62375076165942,0.8999999999999999,F,4,44.0
9,Araucania,2073021,Victoria,22.0,2.0,2.5,2.0,15357.755553212024,11.055,11.057142857142859,0.00019383601473170516,20640.0,0.0,6031.564222314125,0.0,4953.6,645,0.05863922576583756,1.52,17.62375076165942,1.2,F,4,44.0
9,Araucania,2073021,Victoria,22.0,2.0,2.5,2.5,16042.62024704293,11.055,11.057142857142859,0.00019383601473170516,20640.0,0.0,6686.180161600197,0.0,4953.6,645,0.06498240347209795,1.52,17.62375076165942,1.5,F,4,44.0
9,Araucania,2073021,Victoria,22.0,2.0,2.5,3.0,16728.396716985295,11.055,11.057142857142859,0.00019383601473170516,20640.0,0.0,7355.878656114427,0.0,4953.6,645,0.07147172996932886,1.52,17.62375076165942,1.7999999999999998,F,4,44.0
9,Araucania,2073021,Victoria,22.0,2.0,3.0,1.0,15481.515267560026,11.055,11.057142857142859,0.00019383601473170516,20640.0,0.0,6139.56943314296,0.0,4953.6,645,0.059685787886272025,1.52,21.148500913991302,0.6,F,4,44.0
9,Araucania,2073021,Victoria,22.0,2.0,3.0,1.5,16146.742936432967,11.055,11.057142857142859,0.00019383601473170516,20640.0,0.0,6778.643044307625,0.0,4953.6,645,0.06587836163786762,1.52,21.148500913991302,0.8999999999999999,F,4,44.0
9,Araucania,2073021,Victoria,22.0,2.0,3.0,2.0,16812.832878976296,11.055,11.057142857142859,0.00019383601473170516,20640.0,0.0,7435.189396431259,0.0,4953.6,645,0.07224024489487957,1.52,21.148500913991302,1.2,F,4,44.0
9,Araucania,2073021,Victoria,22.0,2.0,3.0,2.5,17479.66293409403,11.055,11.057142857142859,0.00019383601473170516,20640.0,0.0,8076.019270158454,0.0,4953.6,645,0.07844983669456168,1.52,21.148500913991302,1.5,F,4,44.0
9,Araucania,2073021,Victoria,22.0,2.0,3.0,3.0,18147.04547402249,11.055,11.057142857142859,0.00019383601473170516,20640.0,0.0,8718.394883635685,0.0,4953.6,645,0.08467440659259688,1.52,21.148500913991302,1.7999999999999998,F,4,44.0
9,Araucania,2073021,Victoria,22.0,2.5,1.0,1.0,9985.954767310366,11.055,11.057142857142859,0.00019383601473170516,20640.0,0.0,1119.319898218926,0.0,4953.6,645,0.01103995905948874,1.9,7.049500304663767,0.6,F,4,44.0
9,Araucania,2073021,Victoria,22.0,2.5,1.0,1.5,10689.888225378234,11.055,11.057142857142859,0.00019383601473170516,20640.0,0.0,1691.4038221202372,0.0,4953.6,645,0.016583407934501446,1.9,7.049500304663767,0.8999999999999999,F,4,44.0
9,Araucania,2073021,Victoria,22.0,2.5,1.0,2.0,11397.650453891923,11.055,11.057142857142859,0.00019383601473170516,20640.0,0.0,2298.786593236242,0.0,4953.6,645,0.02246889990267979,1.9,7.049500304663767,1.2,F,4,44.0
9,Araucania,2073021,Victoria,22.0,2.5,1.0,2.5,12108.877105702544,11.055,11.057142857142859,0.00019383601473170516,20640.0,0.0,2944.095362425353,0.0,4953.6,645,0.028721891852186675,1.9,7.049500304663767,1.5,F,4,44.0
9,Araucania,2073021,Victoria,22.0,2.5,1.0,3.0,12822.503603446828,11.055,11.057142857142859,0.00019383601473170516,20640.0,0.0,3605.1756779729612,0.0,4953.6,645,0.03512770886330691,1.9,7.049500304663767,1.7999999999999998,F,4,44.0
9,Araucania,2073021,Victoria,22.0,2.5,1.5,1.0,11616.41317051207,11.055,11.057142857142859,0.00019383601473170516,20640.0,0.0,2483.154240493737,0.0,4953.6,645,0.024255408112539234,1.9,10.574250456995651,0.6,F,4,44.0
9,Araucania,2073021,Victoria,22.0,2.5,1.5,1.5,12307.876634167007,11.055,11.057142857142859,0.00019383601473170516,20640.0,0.0,3122.475064035196,0.0,4953.6,645,0.03045037733290221,1.9,10.574250456995651,0.8999999999999999,F,4,44.0
9,Araucania,2073021,Victoria,22.0,2.5,1.5,2.0,13001.800531264618,11.055,11.057142857142859,0.00019383601473170516,20640.0,0.0,3771.440250823052,0.0,4953.6,645,0.03673879968549771,1.9,10.574250456995651,1.2,F,4,44.0
9,Araucania,2073021,Victoria,22.0,2.5,1.5,2.5,13697.569279212854,11.055,11.057142857142859,0.00019383601473170516,20640.0,0.0,4426.802384256794,0.0,4953.6,645,0.04308920795520451,1.9,10.574250456995651,1.5,F,4,44.0
9,Araucania,2073021,Victoria,22.0,2.5,1.5,3.0,14395.1753057891,11.055,11.057142857142859,0.00019383601473170516,20640.0,0.0,5104.984739299195,0.0,4953.6,645,0.0496607424032898,1.9,10.574250456995651,1.7999999999999998,F,4,44.0
9,Araucania,2073021,Victoria,22.0,2.5,2.0,1.0,13181.187292363878,11.055,11.057142857142859,0.00019383601473170516,20640.0,0.0,3935.1293470370106,0.0,4953.6,645,0.03832493433873375,1.9,14.099000609327534,0.6,F,4,44.0
9,Araucania,2073021,Victoria,22.0,2.5,2.0,1.5,13857.239010505316,11.055,11.057142857142859,0.00019383601473170516,20640.0,0.0,4589.234152126233,0.0,4953.6,645,0.04466315919424947,1.9,14.099000609327534,0.8999999999999999,F,4,44.0
9,Araucania,2073021,Victoria,22.0,2.5,2.0,2.0,14535.083003770695,11.055,11.057142857142859,0.00019383601473170516,20640.0,0.0,5254.557665646643,0.0,4953.6,645,0.05111009246479607,1.9,14.099000609327534,1.2,F,4,44.0
9,Araucania,2073021,Victoria,22.0,2.5,2.0,2.5,15214.342946203413,11.055,11.057142857142859,0.00019383601473170516,20640.0,0.0,5882.054351588958,0.0,4953.6,645,0.05719048670842316,1.9,14.099000609327534,1.5,F,4,44.0
9,Araucania,2073021,Victoria,22.0,2.5,2.0,3.0,15894.781937805279,11.055,11.057142857142859,0.00019383601473170516,20640.0,0.0,6535.896391213686,0.0,4953.6,645,0.06352616538695735,1.9,14.099000609327534,1.7999999999999998,F,4,44.0
9,Araucania,2073021,Victoria,22.0,2.5,2.5,1.0,14677.47806552653,11.055,11.057142857142859,0.00019383601473170516,20640.0,0.0,5380.699190176559,0.0,4953.6,645,0.052332394059078205,1.9,17.62375076165942,0.6,F,4,44.0
9,Araucania,2073021,Victoria,22.0,2.5,2.5,1.5,15337.907354342891,11.055,11.057142857142859,0.00019383601473170516,20640.0,0.0,5997.146242304607,0.0,4953.6,645,0.05830571820760581,1.9,17.62375076165942,0.8999999999999999,F,4,44.0
9,Araucania,2073021,Victoria,22.0,2.5,2.5,2.0,15999.385506652803,11.055,11.057142857142859,0.00019383601473170516,20640.0,0.0,6637.93220335499,0.0,4953.6,645,0.06451488449685369,1.9,17.62375076165942,1.2,F,4,44.0
9,Araucania,2073021,Victoria,22.0,2.5,2.5,2.5,16661.956100423864,11.055,11.057142857142859,0.00019383601473170516,20640.0,0.0,7289.949483292885,0.0,4953.6,645,0.07083288139547672,1.9,17.62375076165942,1.5,F,4,44.0
9,Araucania,2073021,Victoria,22.0,2.5,2.5,3.0,17325.7055115768,11.055,11.057142857142859,0.00019383601473170516,20640.0,0.0,7930.572964950772,0.0,4953.6,645,0.07704047327200662,1.9,17.62375076165942,1.7999999999999998,F,4,44.0
9,Araucania,2073021,Victoria,22.0,2.5,3.0,1.0,16107.503441899815,11.055,11.057142857142859,0.00019383601473170516,20640.0,0.0,6741.192145661817,0.0,4953.6,645,0.06551546533316017,1.9,21.148500913991302,0.6,F,4,44.0
9,Araucania,2073021,Victoria,22.0,2.5,3.0,1.5,16751.536274259815,11.055,11.057142857142859,0.00019383601473170516,20640.0,0.0,7375.193091554174,0.0,4953.6,645,0.07165888535149696,1.9,21.148500913991302,0.8999999999999999,F,4,44.0
9,Araucania,2073021,Victoria,22.0,2.5,3.0,2.0,17396.589698069292,11.055,11.057142857142859,0.00019383601473170516,20640.0,0.0,7993.615509722569,0.0,4953.6,645,0.07765135064382638,1.9,21.148500913991302,1.2,F,4,44.0
9,Araucania,2073021,Victoria,22.0,2.5,3.0,2.5,18042.71995147351,11.055,11.057142857142859,0.00019383601473170516,20640.0,0.0,8605.318212999942,0.0,4953.6,645,0.08357870241976992,1.9,21.148500913991302,1.5,F,4,44.0
9,Araucania,2073021,Victoria,22.0,2.5,3.0,3.0,18689.191810715187,11.055,11.057142857142859,0.00019383601473170516,20640.0,0.0,9231.44055594637,0.0,4953.6,645,0.08964577938630507,1.9,21.148500913991302,1.7999999999999998,F,4,44.0
9,Araucania,2073021,Victoria,22.0,3.0,1.0,1.0,10835.684622128962,11.055,11.057142857142859,0.00019383601473170516,20640.0,0.0,1812.9713748810582,0.0,4953.6,645,0.017761388096912502,2.2800000000000002,7.049500304663767,0.6,F,4,44.0
9,Araucania,2073021,Victoria,22.0,3.0,1.0,1.5,11516.4960142703,11.055,11.057142857142859,0.00019383601473170516,20640.0,0.0,2404.538523970848,0.0,4953.6,645,0.023493627913674032,2.2800000000000002,7.049500304663767,0.8999999999999999,F,4,44.0
9,Araucania,2073021,Victoria,22.0,3.0,1.0,2.0,12200.710155163915,11.055,11.057142857142859,0.00019383601473170516,20640.0,0.0,3011.707900772633,0.0,4953.6,645,0.029377052107489775,2.2800000000000002,7.049500304663767,1.2,F,4,44.0
9,Araucania,2073021,Victoria,22.0,3.0,1.0,2.5,12887.657024063268,11.055,11.057142857142859,0.00019383601473170516,20640.0,0.0,3666.675323207268,0.0,4953.6,645,0.03572363565821299,2.2800000000000002,7.049500304663767,1.5,F,4,44.0
9,Araucania,2073021,Victoria,22.0,3.0,1.0,3.0,13577.194688004645,11.055,11.057142857142859,0.00019383601473170516,20640.0,0.0,4318.043488697675,0.0,4953.6,645,0.04203534268815879,2.2800000000000002,7.049500304663767,1.7999999999999998,F,4,44.0
9,Araucania,2073021,Victoria,22.0,3.0,1.5,1.0,12396.835116272629,11.055,11.057142857142859,0.00019383601473170516,20640.0,0.0,3200.440225362876,0.0,4953.6,645,0.03120585370235647,2.2800000000000002,10.574250456995651,0.6,F,4,44.0
9,Araucania,2073021,Victoria,22.0,3.0,1.5,1.5,13065.49992057553,11.055,11.057142857142859,0.00019383601473170516,20640.0,0.0,3830.8893577872186,0.0,4953.6,645,0.037314856923522585,2.2800000000000002,10.574250456995651,0.8999999999999999,F,4,44.0
9,Araucania,2073021,Victoria,22.0,3.0,1.5,2.0,13736.187096062407,11.055,11.057142857142859,0.00019383601473170516,20640.0,0.0,4482.4692268500285,0.0,4953.6,645,0.04362861534467384,2.2800000000000002,10.574250456995651,1.2,F,4,44.0
9,Araucania,2073021,Victoria,22.0,3.0,1.5,2.5,14408.94422596321,11.055,11.057142857142859,0.00019383601473170516,20640.0,0.0,5114.585100975436,0.0,4953.6,645,0.04975376916371849,2.2800000000000002,10.574250456995651,1.5,F,4,44.0
9,Araucania,2073021,Victoria,22.0,3.0,1.5,3.0,15083.640905094326,11.055,11.057142857142859,0.00019383601473170516,20640.0,0.0,5759.873844154608,0.0,4953.6,645,0.05600656706274147,2.2800000000000002,10.574250456995651,1.7999999999999998,F,4,44.0
9,Araucania,2073021,Victoria,22.0,3.0,2.0,1.0,13896.161834444334,11.055,11.057142857142859,0.00019383601473170516,20640.0,0.0,4619.748778364681,0.0,4953.6,645,0.04495884355702513,2.2800000000000002,14.099000609327534,0.6,F,4,44.0
9,Araucania,2073021,Victoria,22.0,3.0,2.0,1.5,14550.587573018782,11.055,11.057142857142859,0.00019383601473170516,20640.0,0.0,5260.023749917081,0.0,4953.6,645,0.051163058397649154,2.2800000000000002,14.099000609327534,0.8999999999999999,F,4,44.0
9,Araucania,2073021,Victoria,22.0,3.0,2.0,2.0,15206.542161625344,11.055,11.057142857142859,0.00019383601473170516,20640.0,0.0,5866.923484467579,0.0,4953.6,645,0.05704386977895244,2.2800000000000002,14.099000609327534,1.2,F,4,44.0
9,Araucania,2073021,Victoria,22.0,3.0,2.0,2.5,15863.197413798971,11.055,11.057142857142859,0.00019383601473170516,20640.0,0.0,6501.839861387622,0.0,4953.6,645,0.06319616025298386,2.2800000000000002,14.099000609327534,1.5,F,4,44.0
9,Araucania,2073021,Victoria,22.0,3.0,2.0,3.0,16521.256990101567,11.055,11.057142857142859,0.00019383601473170516,20640.0,0.0,7146.125841869929,0.0,4953.6,645,0.06943924145920777,2.2800000000000002,14.099000609327534,1.7999999999999998,F,4,44.0
9,Araucania,2073021,Victoria,22.0,3.0,2.5,1.0,15331.766053579187,11.055,11.057142857142859,0.00019383601473170516,20640.0,0.0,5999.388996818312,0.0,4953.6,645,0.05832745032498667,2.2800000000000002,17.62375076165942,0.6,F,4,44.0
9,Araucania,2073021,Victoria,22.0,3.0,2.5,1.5,15970.81619445844,11.055,11.057142857142859,0.00019383601473170516,20640.0,0.0,6615.379508582933,0.0,4953.6,645,0.06429635063278338,2.2800000000000002,17.62375076165942,0.8999999999999999,F,4,44.0
9,Araucania,2073021,Victoria,22.0,3.0,2.5,2.0,16611.122816640564,11.055,11.057142857142859,0.00019383601473170516,20640.0,0.0,7226.645157235801,0.0,4953.6,645,0.07021946738329568,2.2800000000000002,17.62375076165942,1.2,F,4,44.0
9,Araucania,2073021,Victoria,22.0,3.0,2.5,2.5,17252.59317771455,11.055,11.057142857142859,0.00019383601473170516,20640.0,0.0,7861.7073160742,0.0,4953.6,645,0.07637317047281504,2.2800000000000002,17.62375076165942,1.5,F,4,44.0
9,Araucania,2073021,Victoria,22.0,3.0,2.5,3.0,17895.261280407307,11.055,11.057142857142859,0.00019383601473170516,20640.0,0.0,8463.17744421515,0.0,4953.6,645,0.08220136938890953,2.2800000000000002,17.62375076165942,1.7999999999999998,F,4,44.0
9,Araucania,2073021,Victoria,22.0,3.0,3.0,1.0,16704.457353623122,11.055,11.057142857142859,0.00019383601473170516,20640.0,0.0,7326.746607000841,0.0,4953.6,645,0.0711894426717166,2.2800000000000002,21.148500913991302,0.6,F,4,44.0
9,Araucania,2073021,Victoria,22.0,3.0,3.0,1.5,17328.7933231636,11.055,11.057142857142859,0.00019383601473170516,20640.0,0.0,7931.7503713083825,0.0,4953.6,645,0.07705188224834007,2.2800000000000002,21.148500913991302,0.8999999999999999,F,4,44.0
9,Araucania,2073021,Victoria,22.0,3.0,3.0,2.0,17954.142392165617,11.055,11.057142857142859,0.00019383601473170516,20640.0,0.0,8531.195082993792,0.0,4953.6,645,0.08286045503598939,2.2800000000000002,21.148500913991302,1.2,F,4,44.0
9,Araucania,2073021,Victoria,22.0,3.0,3.0,2.5,18580.02104403822,11.055,11.057142857142859,0.00019383601473170516,20640.0,0.0,9125.022725158711,0.0,4953.6,645,0.08861459885541689,2.2800000000000002,21.148500913991302,1.5,F,4,44.0
9,Araucania,2073021,Victoria,22.0,3.0,3.0,3.0,19206.41361001358,11.055,11.057142857142859,0.00019383601473170516,20640.0,0.0,9748.02942886695,0.0,4953.6,645,0.09465148551925642,2.2800000000000002,21.148500913991302,1.7999999999999998,F,4,44.0
9,Araucania,2073021,Victoria,24.0,1.0,1.0,1.0,7695.308870250532,11.055,9.702857142857143,-0.1223105252955999,18112.0,2528.0,314.18059871900556,0.0,4346.88,566,0.12535491094210188,0.76,7.049500304663767,0.6,F,4,44.0
9,Araucania,2073021,Victoria,24.0,1.0,1.0,1.5,8509.34939757068,11.055,10.44,-0.05563093622795117,19488.0,1152.0,446.8504670202528,0.0,4677.12,609,0.05996088261380633,0.76,7.049500304663767,0.8999999999999999,F,4,44.0
9,Araucania,2073021,Victoria,24.0,1.0,1.0,2.0,9329.998198546367,11.055,11.057142857142859,0.00019383601473170516,20640.0,0.0,599.5042227660609,0.0,4953.6,645,0.006002985460139273,0.76,7.049500304663767,1.2,F,4,44.0
9,Araucania,2073021,Victoria,24.0,1.0,1.0,2.5,10156.925188176012,11.055,11.057142857142859,0.00019383601473170516,20640.0,0.0,1235.5546926354214,0.0,4953.6,645,0.012166265206935402,0.76,7.049500304663767,1.5,F,4,44.0
9,Araucania,2073021,Victoria,24.0,1.0,1.0,3.0,10988.583026641083,11.055,11.057142857142859,0.00019383601473170516,20640.0,0.0,1952.0583384979464,0.0,4953.6,645,0.019109129992424985,0.76,7.049500304663767,1.7999999999999998,F,4,44.0
9,Araucania,2073021,Victoria,24.0,1.0,1.5,1.0,9633.4117991442,11.055,11.057142857142859,0.00019383601473170516,20640.0,0.0,837.2418520685778,0.0,4953.6,645,0.008306644658807072,0.76,10.574250456995651,0.6,F,4,44.0
9,Araucania,2073021,Victoria,24.0,1.0,1.5,1.5,10436.379889127755,11.055,11.057142857142859,0.00019383601473170516,20640.0,0.0,1476.0939314450284,0.0,4953.6,645,0.014497071784547871,0.76,10.574250456995651,0.8999999999999999,F,4,44.0
9,Araucania,2073021,Victoria,24.0,1.0,1.5,2.0,11243.359694374421,11.055,11.057142857142859,0.00019383601473170516,20640.0,0.0,2160.1188728318766,0.0,4953.6,645,0.021125220441397176,0.76,10.574250456995651,1.2,F,4,44.0
9,Araucania,2073021,Victoria,24.0,1.0,1.5,2.5,12053.116061861094,11.055,11.057142857142859,0.00019383601473170516,20640.0,0.0,2895.1387601065844,0.0,4953.6,645,0.02824750617080326,0.76,10.574250456995651,1.5,F,4,44.0
9,Araucania,2073021,Victoria,24.0,1.0,1.5,3.0,12865.297596265062,11.055,11.057142857142859,0.00019383601473170516,20640.0,0.0,3636.2157394844608,0.0,4953.6,645,0.035428484653147026,0.76,10.574250456995651,1.7999999999999998,F,4,44.0
9,Araucania,2073021,Victoria,24.0,1.0,2.0,1.0,11495.60591432002,11.055,11.057142857142859,0.00019383601473170516,20640.0,0.0,2377.5837212110378,0.0,4953.6,645,0.023232437964451066,0.76,14.099000609327534,0.6,F,4,44.0
9,Araucania,2073021,Victoria,24.0,1.0,2.0,1.5,12280.793595965888,11.055,11.057142857142859,0.00019383601473170516,20640.0,0.0,3099.2899475517424,0.0,4953.6,645,0.030225715351473396,0.76,14.099000609327534,0.8999999999999999,F,4,44.0
9,Araucania,2073021,Victoria,24.0,1.0,2.0,2.0,13068.176748431406,11.055,11.057142857142859,0.00019383601473170516,20640.0,0.0,3840.1005660945507,0.0,4953.6,645,0.03740411281797348,0.76,14.099000609327534,1.2,F,4,44.0
9,Araucania,2073021,Victoria,24.0,1.0,2.0,2.5,13857.129851579015,11.055,11.057142857142859,0.00019383601473170516,20640.0,0.0,4573.990026580481,0.0,4953.6,645,0.04451544479942629,0.76,14.099000609327534,1.5,F,4,44.0
9,Araucania,2073021,Victoria,24.0,1.0,2.0,3.0,14647.79809517129,11.055,11.057142857142859,0.00019383601473170516,20640.0,0.0,5312.944856830006,0.0,4953.6,645,0.05167585982122401,0.76,14.099000609327534,1.7999999999999998,F,4,44.0
9,Araucania,2073021,Victoria,24.0,1.0,2.5,1.0,13271.23660423881,11.055,11.057142857142859,0.00019383601473170516,20640.0,0.0,4031.339394058188,0.0,4953.6,645,0.03925720223622578,0.76,17.62375076165942,0.6,F,4,44.0
9,Araucania,2073021,Victoria,24.0,1.0,2.5,1.5,14036.292334147869,11.055,11.057142857142859,0.00019383601473170516,20640.0,0.0,4754.629814825903,0.0,4953.6,645,0.04626583034444007,0.76,17.62375076165942,0.8999999999999999,F,4,44.0
9,Araucania,2073021,Victoria,24.0,1.0,2.5,2.0,14802.854116108008,11.055,11.057142857142859,0.00019383601473170516,20640.0,0.0,5476.173654682516,0.0,4953.6,645,0.05325753421901965,0.76,17.62375076165942,1.2,F,4,44.0
9,Araucania,2073021,Victoria,24.0,1.0,2.5,2.5,15570.491292411705,11.055,11.057142857142859,0.00019383601473170516,20640.0,0.0,6229.128898430735,0.0,4953.6,645,0.06055361216231635,0.76,17.62375076165942,1.5,F,4,44.0
9,Araucania,2073021,Victoria,24.0,1.0,2.5,3.0,16338.990763614007,11.055,11.057142857142859,0.00019383601473170516,20640.0,0.0,6974.864139477249,0.0,4953.6,645,0.06777972883912366,0.76,17.62375076165942,1.7999999999999998,F,4,44.0
9,Araucania,2073021,Victoria,24.0,1.0,3.0,1.0,14959.45699649351,11.055,11.057142857142859,0.00019383601473170516,20640.0,0.0,5641.466466623254,0.0,4953.6,645,0.05485920875332913,0.76,21.148500913991302,0.6,F,4,44.0
9,Araucania,2073021,Victoria,24.0,1.0,3.0,1.5,15703.80158831737,11.055,11.057142857142859,0.00019383601473170516,20640.0,0.0,6363.097429689183,0.0,4953.6,645,0.06185175684505324,0.76,21.148500913991302,0.8999999999999999,F,4,44.0
9,Araucania,2073021,Victoria,24.0,1.0,3.0,2.0,16448.735481880445,11.055,11.057142857142859,0.00019383601473170516,20640.0,0.0,7065.191272761246,0.0,4953.6,645,0.06865499175854223,0.76,21.148500913991302,1.2,F,4,44.0
9,Araucania,2073021,Victoria,24.0,1.0,3.0,2.5,17194.571703796984,11.055,11.057142857142859,0.00019383601473170516,20640.0,0.0,7804.736041473504,0.0,4953.6,645,0.07582112323831218,0.76,21.148500913991302,1.5,F,4,44.0
9,Araucania,2073021,Victoria,24.0,1.0,3.0,3.0,17940.930546140607,11.055,11.057142857142859,0.00019383601473170516,20640.0,0.0,8516.397201590498,0.0,4953.6,645,0.08271706471231406,0.76,21.148500913991302,1.7999999999999998,F,4,44.0
9,Araucania,2073021,Victoria,24.0,1.5,1.0,1.0,8738.224824541887,11.055,10.56,-0.044776119402985,19712.0,928.0,536.4882944640328,0.0,4730.88,616,0.0499746493881016,1.1400000000000001,7.049500304663767,0.6,F,4,44.0
9,Araucania,2073021,Victoria,24.0,1.5,1.0,1.5,9527.15001554047,11.055,11.057142857142859,0.00019383601473170516,20640.0,0.0,745.6760135026391,0.0,4953.6,645,0.0074193787812301465,1.1400000000000001,7.049500304663767,0.8999999999999999,F,4,44.0
9,Araucania,2073021,Victoria,24.0,1.5,1.0,2.0,10321.25028848549,11.055,11.057142857142859,0.00019383601473170516,20640.0,0.0,1370.7089880286885,0.0,4953.6,645,0.013475899852218998,1.1400000000000001,7.049500304663767,1.2,F,4,44.0
9,Araucania,2073021,Victoria,24.0,1.5,1.0,2.5,11119.491124862061,11.055,11.057142857142859,0.00019383601473170516,20640.0,0.0,2053.397598581809,0.0,4953.6,645,0.020091099566881016,1.1400000000000001,7.049500304663767,1.5,F,4,44.0
9,Araucania,2073021,Victoria,24.0,1.5,1.0,3.0,11922.080135009417,11.055,11.057142857142859,0.00019383601473170516,20640.0,0.0,2764.8181084615494,0.0,4953.6,645,0.026984709158738966,1.1400000000000001,7.049500304663767,1.7999999999999998,F,4,44.0
9,Araucania,2073021,Victoria,24.0,1.5,1.5,1.0,10592.576296128518,11.055,11.057142857142859,0.00019383601473170516,20640.0,0.0,1611.6959515701437,0.0,4953.6,645,0.015811044847775735,1.1400000000000001,10.574250456995651,0.6,F,4,44.0
9,Araucania,2073021,Victoria,24.0,1.5,1.5,1.5,11368.092948199735,11.055,11.057142857142859,0.00019383601473170516,20640.0,0.0,2272.2163816299417,0.0,4953.6,645,0.022211436611921063,1.1400000000000001,10.574250456995651,0.8999999999999999,F,4,44.0
9,Araucania,2073021,Victoria,24.0,1.5,1.5,2.0,12146.969792314945,11.055,11.057142857142859,0.00019383601473170516,20640.0,0.0,2974.028819472813,0.0,4953.6,645,0.02901194473055354,1.1400000000000001,10.574250456995651,1.2,F,4,44.0
9,Araucania,2073021,Victoria,24.0,1.5,1.5,2.5,12927.953800378373,11.055,11.057142857142859,0.00019383601473170516,20640.0,0.0,3713.3408890046817,0.0,4953.6,645,0.036175821373304204,1.1400000000000001,10.574250456995651,1.5,F,4,44.0
9,Araucania,2073021,Victoria,24.0,1.5,1.5,3.0,13711.22698559613,11.055,11.057142857142859,0.00019383601473170516,20640.0,0.0,4443.09981576376,0.0,4953.6,645,0.04324712880314023,1.1400000000000001,10.574250456995651,1.7999999999999998,F,4,44.0
9,Araucania,2073021,Victoria,24.0,1.5,2.0,1.0,12370.39377548889,11.055,11.057142857142859,0.00019383601473170516,20640.0,0.0,3185.9812613845334,0.0,4953.6,645,0.031065747462256252,1.1400000000000001,14.099000609327534,0.6,F,4,44.0
9,Araucania,2073021,Victoria,24.0,1.5,2.0,1.5,13128.46573919465,11.055,11.057142857142859,0.00019383601473170516,20640.0,0.0,3887.2894526802957,0.0,4953.6,645,0.03786136947093612,1.1400000000000001,14.099000609327534,0.8999999999999999,F,4,44.0
9,Araucania,2073021,Victoria,24.0,1.5,2.0,2.0,13888.649270307847,11.055,11.057142857142859,0.00019383601473170516,20640.0,0.0,4611.235506352777,0.0,4953.6,645,0.04487635061117334,1.1400000000000001,14.099000609327534,1.2,F,4,44.0
9,Araucania,2073021,Victoria,24.0,1.5,2.0,2.5,14650.279130613628,11.055,11.057142857142859,0.00019383601473170516,20640.0,0.0,5317.292893494391,0.0,4953.6,645,0.0517179919594448,1.1400000000000001,14.099000609327534,1.5,F,4,44.0
9,Araucania,2073021,Victoria,24.0,1.5,2.0,3.0,15413.462923715222,11.055,11.057142857142859,0.00019383601473170516,20640.0,0.0,6074.901865546456,0.0,4953.6,645,0.05905916416925163,1.1400000000000001,14.099000609327534,1.7999999999999998,F,4,44.0
9,Araucania,2073021,Victoria,24.0,1.5,2.5,1.0,14067.309572003018,11.055,11.057142857142859,0.00019383601473170516,20640.0,0.0,4782.081001442373,0.0,4953.6,645,0.0465318302147547,1.1400000000000001,17.62375076165942,0.6,F,4,44.0
9,Araucania,2073021,Victoria,24.0,1.5,2.5,1.5,14806.594884861655,11.055,11.057142857142859,0.00019383601473170516,20640.0,0.0,5489.629197535844,0.0,4953.6,645,0.05338791738620306,1.1400000000000001,17.62375076165942,0.8999999999999999,F,4,44.0
9,Araucania,2073021,Victoria,24.0,1.5,2.5,2.0,15547.344606209086,11.055,11.057142857142859,0.00019383601473170516,20640.0,0.0,6210.514952910037,0.0,4953.6,645,0.0603732444731623,1.1400000000000001,17.62375076165942,1.2,F,4,44.0
9,Araucania,2073021,Victoria,24.0,1.5,2.5,2.5,16289.0425520274,11.055,11.057142857142859,0.00019383601473170516,20640.0,0.0,6925.155292389309,0.0,4953.6,645,0.06729805396424052,1.1400000000000001,17.62375076165942,1.5,F,4,44.0
9,Araucania,2073021,Victoria,24.0,1.5,2.5,3.0,17031.505351791788,11.055,11.057142857142859,0.00019383601473170516,20640.0,0.0,7640.18778573346,0.0,4953.6,645,0.07422666339586989,1.1400000000000001,17.62375076165942,1.7999999999999998,F,4,44.0
9,Araucania,2073021,Victoria,24.0,1.5,3.0,1.0,15683.434733172046,11.055,11.057142857142859,0.00019383601473170516,20640.0,0.0,6332.785952543472,0.0,4953.6,645,0.061558040981238224,1.1400000000000001,21.148500913991302,0.6,F,4,44.0
9,Araucania,2073021,Victoria,24.0,1.5,3.0,1.5,16403.31364957827,11.055,11.057142857142859,0.00019383601473170516,20640.0,0.0,7026.048512419339,0.0,4953.6,645,0.06827570144515166,1.1400000000000001,21.148500913991302,0.8999999999999999,F,4,44.0
9,Araucania,2073021,Victoria,24.0,1.5,3.0,2.0,17123.768531792666,11.055,11.057142857142859,0.00019383601473170516,20640.0,0.0,7726.114127503012,0.0,4953.6,645,0.07505928298666012,1.1400000000000001,21.148500913991302,1.2,F,4,44.0
9,Araucania,2073021,Victoria,24.0,1.5,3.0,2.5,17844.820746503785,11.055,11.057142857142859,0.00019383601473170516,20640.0,0.0,8431.551366335047,0.0,4953.6,645,0.08189491514588526,1.1400000000000001,21.148500913991302,1.5,F,4,44.0
9,Araucania,2073021,Victoria,24.0,1.5,3.0,3.0,18566.583299305836,11.055,11.057142857142859,0.00019383601473170516,20640.0,0.0,9135.006165755442,0.0,4953.6,645,0.08871133762088909,1.1400000000000001,21.148500913991302,1.7999999999999998,F,4,44.0
9,Araucania,2073021,Victoria,24.0,2.0,1.0,1.0,9724.903111704702,11.055,11.057142857142859,0.00019383601473170516,20640.0,0.0,905.2239183577892,0.0,4953.6,645,0.008965385611221911,1.52,7.049500304663767,0.6,F,4,44.0
9,Araucania,2073021,Victoria,24.0,2.0,1.0,1.5,10488.143373408968,11.055,11.057142857142859,0.00019383601473170516,20640.0,0.0,1524.8169237443467,0.0,4953.6,645,0.01496919380295212,1.52,7.049500304663767,0.8999999999999999,F,4,44.0
9,Araucania,2073021,Victoria,24.0,2.0,1.0,2.0,11255.835204106304,11.055,11.057142857142859,0.00019383601473170516,20640.0,0.0,2186.1556250502563,0.0,4953.6,645,0.02137751455204039,1.52,7.049500304663767,1.2,F,4,44.0
9,Araucania,2073021,Victoria,24.0,2.0,1.0,2.5,12027.128710277471,11.055,11.057142857142859,0.00019383601473170516,20640.0,0.0,2862.347484456636,0.0,4953.6,645,0.027929761251714612,1.52,7.049500304663767,1.5,F,4,44.0
9,Araucania,2073021,Victoria,24.0,2.0,1.0,3.0,12801.432351497693,11.055,11.057142857142859,0.00019383601473170516,20640.0,0.0,3581.023958243489,0.0,4953.6,645,0.03489368057135466,1.52,7.049500304663767,1.7999999999999998,F,4,44.0
9,Araucania,2073021,Victoria,24.0,2.0,1.5,1.0,11498.561970663586,11.055,11.057142857142859,0.00019383601473170516,20640.0,0.0,2391.480469388171,0.0,4953.6,645,0.023367096377020183,1.52,10.574250456995651,0.6,F,4,44.0
9,Araucania,2073021,Victoria,24.0,2.0,1.5,1.5,12247.9450699392,11.055,11.057142857142859,0.00019383601473170516,20640.0,0.0,3054.560536267942,0.0,4953.6,645,0.02979229082352959,1.52,10.574250456995651,0.8999999999999999,F,4,44.0
9,Araucania,2073021,Victoria,24.0,2.0,1.5,2.0,13000.01820419172,11.055,11.057142857142859,0.00019383601473170516,20640.0,0.0,3781.1456555609475,0.0,4953.6,645,0.03683284430505097,1.52,10.574250456995651,1.2,F,4,44.0
9,Araucania,2073021,Victoria,24.0,2.0,1.5,2.5,13754.090700377068,11.055,11.057142857142859,0.00019383601473170516,20640.0,0.0,4483.654623810532,0.0,4953.6,645,0.04364010174932988,1.52,10.574250456995651,1.5,F,4,44.0
9,Araucania,2073021,Victoria,24.0,2.0,1.5,3.0,14509.818135227222,11.055,11.057142857142859,0.00019383601473170516,20640.0,0.0,5190.3060200849095,0.0,4953.6,645,0.0504874990000506,1.52,10.574250456995651,1.7999999999999998,F,4,44.0
9,Araucania,2073021,Victoria,24.0,2.0,2.0,1.0,13198.219704432453,11.055,11.057142857142859,0.00019383601473170516,20640.0,0.0,3956.4278940294557,0.0,4953.6,645,0.03853131560804039,1.52,14.099000609327534,0.6,F,4,44.0
9,Araucania,2073021,Victoria,24.0,2.0,2.0,1.5,13930.40090727331,11.055,11.057142857142859,0.00019383601473170516,20640.0,0.0,4648.336985073722,0.0,4953.6,645,0.045235861063895676,1.52,14.099000609327534,0.8999999999999999,F,4,44.0
9,Araucania,2073021,Victoria,24.0,2.0,2.0,2.0,14664.553054789565,11.055,11.057142857142859,0.00019383601473170516,20640.0,0.0,5340.861471405273,0.0,4953.6,645,0.0519463696523797,1.52,14.099000609327534,1.2,F,4,44.0
9,Araucania,2073021,Victoria,24.0,2.0,2.0,2.5,15400.47242923607,11.055,11.057142857142859,0.00019383601473170516,20640.0,0.0,6060.495059264213,0.0,4953.6,645,0.05891956333318338,1.52,14.099000609327534,1.5,F,4,44.0
9,Araucania,2073021,Victoria,24.0,2.0,2.0,3.0,16137.492458530654,11.055,11.057142857142859,0.00019383601473170516,20640.0,0.0,6764.078306472972,0.0,4953.6,645,0.06573723045729926,1.52,14.099000609327534,1.7999999999999998,F,4,44.0
9,Araucania,2073021,Victoria,24.0,2.0,2.5,1.0,14821.515454149823,11.055,11.057142857142859,0.00019383601473170516,20640.0,0.0,5502.0484931257915,0.0,4953.6,645,0.05350825939773356,1.52,17.62375076165942,0.6,F,4,44.0
9,Araucania,2073021,Victoria,24.0,2.0,2.5,1.5,15536.36405118094,11.055,11.057142857142859,0.00019383601473170516,20640.0,0.0,6196.458688835615,0.0,4953.6,645,0.06023704036391403,1.52,17.62375076165942,0.8999999999999999,F,4,44.0
9,Araucania,2073021,Victoria,24.0,2.0,2.5,2.0,16252.469675631271,11.055,11.057142857142859,0.00019383601473170516,20640.0,0.0,6887.779865869189,0.0,4953.6,645,0.06693588897858044,1.52,17.62375076165942,1.2,F,4,44.0
9,Araucania,2073021,Victoria,24.0,2.0,2.5,2.5,16969.459710590712,11.055,11.057142857142859,0.00019383601473170516,20640.0,0.0,7577.760428643486,0.0,4953.6,645,0.07362174714499806,1.52,17.62375076165942,1.5,F,4,44.0
9,Araucania,2073021,Victoria,24.0,2.0,2.5,3.0,17687.358195203116,11.055,11.057142857142859,0.00019383601473170516,20640.0,0.0,8279.632592736707,0.0,4953.6,645,0.08042283400636646,1.52,17.62375076165942,1.7999999999999998,F,4,44.0
9,Araucania,2073021,Victoria,24.0,2.0,3.0,1.0,16370.314447295492,11.055,11.057142857142859,0.00019383601473170516,20640.0,0.0,6991.789616187339,0.0,4953.6,645,0.06794373539639197,1.52,21.148500913991302,0.6,F,4,44.0
9,Araucania,2073021,Victoria,24.0,2.0,3.0,1.5,17066.794297012544,11.055,11.057142857142859,0.00019383601473170516,20640.0,0.0,7663.3178895092105,0.0,4953.6,645,0.0744507923084256,1.52,21.148500913991302,0.8999999999999999,F,4,44.0
9,Araucania,2073021,Victoria,24.0,2.0,3.0,2.0,17764.198191955365,11.055,11.057142857142859,0.00019383601473170516,20640.0,0.0,8352.755785146193,0.0,4953.6,645,0.08113139207234986,1.52,21.148500913991302,1.2,F,4,44.0
9,Araucania,2073021,Victoria,24.0,2.0,3.0,2.5,18462.339831848058,11.055,11.057142857142859,0.00019383601473170516,20640.0,0.0,9031.963112802572,0.0,4953.6,645,0.08771285842560934,1.52,21.148500913991302,1.5,F,4,44.0
9,Araucania,2073021,Victoria,24.0,2.0,3.0,3.0,19160.967116040272,11.055,11.057142857142859,0.00019383601473170516,20640.0,0.0,9708.023058976383,0.0,4953.6,645,0.0942638268962858,1.52,21.148500913991302,1.7999999999999998,F,4,44.0
9,Araucania,2073021,Victoria,24.0,2.5,1.0,1.0,10659.29723336034,11.055,11.057142857142859,0.00019383601473170516,20640.0,0.0,1676.3211098866327,0.0,4953.6,645,0.016437257622160317,1.9,7.049500304663767,0.6,F,4,44.0
9,Araucania,2073021,Victoria,24.0,2.5,1.0,1.5,11397.354735095681,11.055,11.057142857142859,0.00019383601473170516,20640.0,0.0,2293.0036225691074,0.0,4953.6,645,0.022412863365207553,1.9,7.049500304663767,0.8999999999999999,F,4,44.0
9,Araucania,2073021,Victoria,24.0,2.5,1.0,2.0,12139.15430625371,11.055,11.057142857142859,0.00019383601473170516,20640.0,0.0,2960.2235600386766,0.0,4953.6,645,0.028878172836811905,1.9,7.049500304663767,1.2,F,4,44.0
9,Araucania,2073021,Victoria,24.0,2.5,1.0,2.5,12884.367432981195,11.055,11.057142857142859,0.00019383601473170516,20640.0,0.0,3665.7999886466737,0.0,4953.6,645,0.03571515373417622,1.9,7.049500304663767,1.5,F,4,44.0
9,Araucania,2073021,Victoria,24.0,2.5,1.0,3.0,13631.975330027617,11.055,11.057142857142859,0.00019383601473170516,20640.0,0.0,4357.108218873673,0.0,4953.6,645,0.04241387689529055,1.9,7.049500304663767,1.7999999999999998,F,4,44.0
9,Araucania,2073021,Victoria,24.0,2.5,1.5,1.0,12356.242391238819,11.055,11.057142857142859,0.00019383601473170516,20640.0,0.0,3153.5454941243893,0.0,4953.6,645,0.030751447391906023,1.9,10.574250456995651,0.6,F,4,44.0
9,Araucania,2073021,Victoria,24.0,2.5,1.5,1.5,13080.681379066655,11.055,11.057142857142859,0.00019383601473170516,20640.0,0.0,3841.4817555624604,0.0,4953.6,645,0.03741749643684857,1.9,10.574250456995651,0.8999999999999999,F,4,44.0
9,Araucania,2073021,Victoria,24.0,2.5,1.5,2.0,13807.470938280005,11.055,11.057142857142859,0.00019383601473170516,20640.0,0.0,4522.170616626996,0.0,4953.6,645,0.04401331873398555,1.9,10.574250456995651,1.2,F,4,44.0
9,Araucania,2073021,Victoria,24.0,2.5,1.5,2.5,14535.956218905885,11.055,11.057142857142859,0.00019383601473170516,20640.0,0.0,5214.553256858184,0.0,4953.6,645,0.05072245284475287,1.9,10.574250456995651,1.5,F,4,44.0
9,Araucania,2073021,Victoria,24.0,2.5,1.5,3.0,15266.2670382406,11.055,11.057142857142859,0.00019383601473170516,20640.0,0.0,5926.398236332778,0.0,4953.6,645,0.05762017551408033,1.9,10.574250456995651,1.7999999999999998,F,4,44.0
9,Araucania,2073021,Victoria,24.0,2.5,2.0,1.0,13983.14290805784,11.055,11.057142857142859,0.00019383601473170516,20640.0,0.0,4688.653042715893,0.0,4953.6,645,0.04562652053717253,1.9,14.099000609327534,0.6,F,4,44.0
9,Araucania,2073021,Victoria,24.0,2.5,2.0,1.5,14691.014135935817,11.055,11.057142857142859,0.00019383601473170516,20640.0,0.0,5370.6421046852265,0.0,4953.6,645,0.05223494168028623,1.9,14.099000609327534,0.8999999999999999,F,4,44.0
9,Araucania,2073021,Victoria,24.0,2.5,2.0,2.0,15400.706844231587,11.055,11.057142857142859,0.00019383601473170516,20640.0,0.0,6072.174028403184,0.0,4953.6,645,0.059032731638793565,1.9,14.099000609327534,1.2,F,4,44.0
9,Araucania,2073021,Victoria,24.0,2.5,2.0,2.5,16111.879990535801,11.055,11.057142857142859,0.00019383601473170516,20640.0,0.0,6737.269612402678,0.0,4953.6,645,0.06547745628995146,1.9,14.099000609327534,1.5,F,4,44.0
9,Araucania,2073021,Victoria,24.0,2.5,2.0,3.0,16824.29974846817,11.055,11.057142857142859,0.00019383601473170516,20640.0,0.0,7429.99059262482,0.0,4953.6,645,0.07218986888900322,1.9,14.099000609327534,1.7999999999999998,F,4,44.0
9,Araucania,2073021,Victoria,24.0,2.5,2.5,1.0,15538.004887878033,11.055,11.057142857142859,0.00019383601473170516,20640.0,0.0,6194.80420887682,0.0,4953.6,645,0.060221008581367565,1.9,17.62375076165942,0.6,F,4,44.0
9,Araucania,2073021,Victoria,24.0,2.5,2.5,1.5,16229.547549522107,11.055,11.057142857142859,0.00019383601473170516,20640.0,0.0,6849.635228954607,0.0,4953.6,645,0.06656627040382673,1.9,17.62375076165942,0.8999999999999999,F,4,44.0
9,Araucania,2073021,Victoria,24.0,2.5,2.5,2.0,16922.177387377495,11.055,11.057142857142859,0.00019383601473170516,20640.0,0.0,7526.467509284536,0.0,4953.6,645,0.07312472273260512,1.9,17.62375076165942,1.2,F,4,44.0
9,Araucania,2073021,Victoria,24.0,2.5,2.5,2.5,17615.835277942737,11.055,11.057142857142859,0.00019383601473170516,20640.0,0.0,8205.954522253258,0.0,4953.6,645,0.07970889921486017,1.9,17.62375076165942,1.5,F,4,44.0
9,Araucania,2073021,Victoria,24.0,2.5,2.5,3.0,18310.71865233732,11.055,11.057142857142859,0.00019383601473170516,20640.0,0.0,8887.147498666687,0.0,4953.6,645,0.08630960635064922,1.9,17.62375076165942,1.7999999999999998,F,4,44.0
9,Araucania,2073021,Victoria,24.0,2.5,3.0,1.0,17023.838876262682,11.055,11.057142857142859,0.00019383601473170516,20640.0,0.0,7622.032658929796,0.0,4953.6,645,0.07405074162451655,1.9,21.148500913991302,0.6,F,4,44.0
9,Araucania,2073021,Victoria,24.0,2.5,3.0,1.5,17698.169849377704,11.055,11.057142857142859,0.00019383601473170516,20640.0,0.0,8286.689039300305,0.0,4953.6,645,0.08049121042655637,1.9,21.148500913991302,0.8999999999999999,F,4,44.0
9,Araucania,2073021,Victoria,24.0,2.5,3.0,2.0,18373.56338440252,11.055,11.057142857142859,0.00019383601473170516,20640.0,0.0,8943.448446888331,0.0,4953.6,645,0.08685515817450236,1.9,21.148500913991302,1.2,F,4,44.0
9,Araucania,2073021,Victoria,24.0,2.5,3.0,2.5,19049.991946022055,11.055,11.057142857142859,0.00019383601473170516,20640.0,0.0,9588.292401429382,0.0,4953.6,645,0.0931036461061017,1.9,21.148500913991302,1.5,F,4,44.0
9,Araucania,2073021,Victoria,24.0,2.5,3.0,3.0,19726.769596846996,11.055,11.057142857142859,0.00019383601473170516,20640.0,0.0,10243.6450708921,0.0,4953.6,645,0.09945396267066291,1.9,21.148500913991302,1.7999999999999998,F,4,44.0
9,Araucania,2073021,Victoria,24.0,3.0,1.0,1.0,11545.454087885657,11.055,11.057142857142859,0.00019383601473170516,20640.0,0.0,2423.8023005902655,0.0,4953.6,645,0.02368029241580017,2.2800000000000002,7.049500304663767,0.6,F,4,44.0
9,Araucania,2073021,Victoria,24.0,3.0,1.0,1.5,12259.347282421468,11.055,11.057142857142859,0.00019383601473170516,20640.0,0.0,3070.5803917502935,0.0,4953.6,645,0.02994752198130432,2.2800000000000002,7.049500304663767,0.8999999999999999,F,4,44.0
9,Araucania,2073021,Victoria,24.0,3.0,1.0,2.0,12976.46566858038,11.055,11.057142857142859,0.00019383601473170516,20640.0,0.0,3732.1728423808213,0.0,4953.6,645,0.03635830154167765,2.2800000000000002,7.049500304663767,1.2,F,4,44.0
9,Araucania,2073021,Victoria,24.0,3.0,1.0,2.5,13696.222992857456,11.055,11.057142857142859,0.00019383601473170516,20640.0,0.0,4418.388567965315,0.0,4953.6,645,0.043007678727573904,2.2800000000000002,7.049500304663767,1.5,F,4,44.0
9,Araucania,2073021,Victoria,24.0,3.0,1.0,3.0,14418.617791977556,11.055,11.057142857142859,0.00019383601473170516,20640.0,0.0,5108.820732570224,0.0,4953.6,645,0.04969791288072225,2.2800000000000002,7.049500304663767,1.7999999999999998,F,4,44.0
9,Araucania,2073021,Victoria,24.0,3.0,1.5,1.0,13170.09133657382,11.055,11.057142857142859,0.00019383601473170516,20640.0,0.0,3920.0868884708193,0.0,4953.6,645,0.038179174081309414,2.2800000000000002,10.574250456995651,0.6,F,4,44.0
9,Araucania,2073021,Victoria,24.0,3.0,1.5,1.5,13870.634594928524,11.055,11.057142857142859,0.00019383601473170516,20640.0,0.0,4585.504000853584,0.0,4953.6,645,0.04462701431757652,2.2800000000000002,10.574250456995651,0.8999999999999999,F,4,44.0
9,Araucania,2073021,Victoria,24.0,3.0,1.5,2.0,14573.19983684057,11.055,11.057142857142859,0.00019383601473170516,20640.0,0.0,5270.22194469672,0.0,4953.6,645,0.05126187811450613,2.2800000000000002,10.574250456995651,1.2,F,4,44.0
9,Araucania,2073021,Victoria,24.0,3.0,1.5,2.5,15277.789169202717,11.055,11.057142857142859,0.00019383601473170516,20640.0,0.0,5932.738643041392,0.0,4953.6,645,0.0576816135635824,2.2800000000000002,10.574250456995651,1.5,F,4,44.0
9,Araucania,2073021,Victoria,24.0,3.0,1.5,3.0,15984.217101524166,11.055,11.057142857142859,0.00019383601473170516,20640.0,0.0,6615.286243931793,0.0,4953.6,645,0.06429544690554366,2.2800000000000002,10.574250456995651,1.7999999999999998,F,4,44.0
9,Araucania,2073021,Victoria,24.0,3.0,2.0,1.0,14728.911655077636,11.055,11.057142857142859,0.00019383601473170516,20640.0,0.0,5403.472953746412,0.0,4953.6,645,0.052553070062662056,2.2800000000000002,14.099000609327534,0.6,F,4,44.0
9,Araucania,2073021,Victoria,24.0,3.0,2.0,1.5,15414.23801834416,11.055,11.057142857142859,0.00019383601473170516,20640.0,0.0,6075.865934926543,0.0,4953.6,645,0.05906850592681061,2.2800000000000002,14.099000609327534,0.8999999999999999,F,4,44.0
9,Araucania,2073021,Victoria,24.0,3.0,2.0,2.0,16101.029228627465,11.055,11.057142857142859,0.00019383601473170516,20640.0,0.0,6718.270524870759,0.0,4953.6,645,0.06529335660456465,2.2800000000000002,14.099000609327534,1.2,F,4,44.0
9,Araucania,2073021,Victoria,24.0,3.0,2.0,2.5,16788.491428339617,11.055,11.057142857142859,0.00019383601473170516,20640.0,0.0,7390.4478291350915,0.0,4953.6,645,0.07180670257611825,2.2800000000000002,14.099000609327534,1.5,F,4,44.0
9,Araucania,2073021,Victoria,24.0,3.0,2.0,3.0,17477.46670158825,11.055,11.057142857142859,0.00019383601473170516,20640.0,0.0,8066.769650160036,0.0,4953.6,645,0.07836020859380181,2.2800000000000002,14.099000609327534,1.7999999999999998,F,4,44.0
9,Araucania,2073021,Victoria,24.0,3.0,2.5,1.0,16220.497631314518,11.055,11.057142857142859,0.00019383601473170516,20640.0,0.0,6848.5451293616225,0.0,4953.6,645,0.06655570742327456,2.2800000000000002,17.62375076165942,0.6,F,4,44.0
9,Araucania,2073021,Victoria,24.0,3.0,2.5,1.5,16889.663041304262,11.055,11.057142857142859,0.00019383601473170516,20640.0,0.0,7499.3717835924635,0.0,4953.6,645,0.07286216725109279,2.2800000000000002,17.62375076165942,0.8999999999999999,F,4,44.0
9,Araucania,2073021,Victoria,24.0,3.0,2.5,2.0,17560.094859403365,11.055,11.057142857142859,0.00019383601473170516,20640.0,0.0,8141.031347204389,0.0,4953.6,645,0.07907979868144091,2.2800000000000002,17.62375076165942,1.2,F,4,44.0
9,Araucania,2073021,Victoria,24.0,3.0,2.5,2.5,18231.746391942972,11.055,11.057142857142859,0.00019383601473170516,20640.0,0.0,8807.820224066509,0.0,4953.6,645,0.08554093120917462,2.2800000000000002,17.62375076165942,1.5,F,4,44.0
9,Araucania,2073021,Victoria,24.0,3.0,2.5,3.0,18904.61968702311,11.055,11.057142857142859,0.00019383601473170516,20640.0,0.0,9446.303024713328,0.0,4953.6,645,0.09172778005265156,2.2800000000000002,17.62375076165942,1.7999999999999998,F,4,44.0
9,Araucania,2073021,Victoria,24.0,3.0,3.0,1.0,17646.58249549117,11.055,11.057142857142859,0.00019383601473170516,20640.0,0.0,8233.084429914163,0.0,4953.6,645,0.07997178591700073,2.2800000000000002,21.148500913991302,0.6,F,4,44.0
9,Araucania,2073021,Victoria,24.0,3.0,3.0,1.5,18300.351125191242,11.055,11.057142857142859,0.00019383601473170516,20640.0,0.0,8872.164502267295,0.0,4953.6,645,0.0861644222770117,2.2800000000000002,21.148500913991302,0.8999999999999999,F,4,44.0
9,Araucania,2073021,Victoria,24.0,3.0,3.0,2.0,18955.105039572234,11.055,11.057142857142859,0.00019383601473170516,20640.0,0.0,9506.433727440542,0.0,4953.6,645,0.09231044190078348,2.2800000000000002,21.148500913991302,1.2,F,4,44.0
9,Araucania,2073021,Victoria,24.0,3.0,3.0,2.5,19610.397898544732,11.055,11.057142857142859,0.00019383601473170516,20640.0,0.0,10129.752537572605,0.0,4953.6,645,0.09835035285167557,2.2800000000000002,21.148500913991302,1.5,F,4,44.0
9,Araucania,2073021,Victoria,24.0,3.0,3.0,3.0,20266.240112160176,11.055,11.057142857142859,0.00019383601473170516,20640.0,0.0,10781.828862130174,0.0,4953.6,645,0.10466892188808612,2.2800000000000002,21.148500913991302,1.7999999999999998,F,4,44.0
