edificio_id,codigo_region,region,heating_demand_kwh,mvp_target_fuel_energy_kwh,mvp_assigned_useful_energy_kwh,mvp_unmet_heating_energy_kwh,trial,event_fuel_energy_kwh,event_duration_hours,min_event_interval_hours,storage_capacity_kwh,storage_loss_rate_per_hour,valid,error,score,assigned_useful_energy_kwh,assigned_fuel_energy_kwh,profile_error_kwh,unmet_heating_energy_kwh,storage_spill_energy_kwh,stored_energy_end_kwh,event_count,is_best
99748,1,Tarapaca,2769.878944297533,4154.8184164463,2077.40920822315,692.4697360743835,0,8.0,1.0,1.0,8.0,0.0,True,,0.24996820619816215,2077.40920822315,4154.8184164463,1038.5725066381701,692.4697360743833,0.0,0.0,520,False
99748,1,Tarapaca,2769.878944297533,4154.8184164463,2077.40920822315,692.4697360743835,1,8.0,1.0,1.0,8.0,0.01,True,,0.3838493291284421,1891.844317122463,4154.8184164463,1130.912034051691,878.0346271750705,0.0,0.0,520,False
99748,1,Tarapaca,2769.878944297533,4154.8184164463,2077.40920822315,692.4697360743835,2,8.0,1.0,1.0,16.0,0.0,True,,0.2499992095264416,2077.40920822315,4154.8184164463,1038.7013198374768,692.4697360743833,0.0,0.0,520,False
99748,1,Tarapaca,2769.878944297533,4154.8184164463,2077.40920822315,692.4697360743835,3,8.0,1.0,1.0,16.0,0.01,True,,0.4566029302110536,1791.232115529788,4154.8184164463,1181.659531710825,978.6468287677454,0.0,0.0,520,False
99748,1,Tarapaca,2769.878944297533,4154.8184164463,2077.40920822315,692.4697360743835,4,8.0,1.0,1.0,32.0,0.0,True,,0.2499992095264416,2077.40920822315,4154.8184164463,1038.7013198374768,692.4697360743833,0.0,0.0,520,False
99748,1,Tarapaca,2769.878944297533,4154.8184164463,2077.40920822315,692.4697360743835,5,8.0,1.0,1.0,32.0,0.01,True,,0.5864656827301631,1611.3086177107527,4154.8184164463,1271.4069429400415,1158.5703265867805,0.0,0.0,520,False
99748,1,Tarapaca,2769.878944297533,4154.8184164463,2077.40920822315,692.4697360743835,6,8.0,1.0,1.0,64.0,0.0,True,,0.24999920952644164,2077.40920822315,4154.8184164463,1038.701319837477,692.4697360743834,0.0,0.0,520,False
99748,1,Tarapaca,2769.878944297533,4154.8184164463,2077.40920822315,692.4697360743835,7,8.0,1.0,1.0,64.0,0.01,True,,0.8036201087760177,1310.6276350122814,4154.8184164463,1421.9416947420061,1459.2513092852519,0.0,0.0,520,False
99748,1,Tarapaca,2769.878944297533,4154.8184164463,2077.40920822315,692.4697360743835,8,8.0,1.0,2.0,8.0,0.0,True,,0.24996820619816215,2077.40920822315,4154.8184164463,1038.5725066381701,692.4697360743833,0.0,0.0,520,False
99748,1,Tarapaca,2769.878944297533,4154.8184164463,2077.40920822315,692.4697360743835,9,8.0,1.0,2.0,8.0,0.01,True,,0.3840329717629689,1891.2175985440279,4154.8184164463,1130.10823940558,878.6613457535054,0.0,0.0,520,False
99748,1,Tarapaca,2769.878944297533,4154.8184164463,2077.40920822315,692.4697360743835,10,8.0,1.0,2.0,16.0,0.0,True,,0.2499992095264416,2077.40920822315,4154.8184164463,1038.7013198374768,692.4697360743833,0.0,0.0,520,False
99748,1,Tarapaca,2769.878944297533,4154.8184164463,2077.40920822315,692.4697360743835,11,8.0,1.0,2.0,16.0,0.01,True,,0.4566028969288387,1791.2321550388049,4154.8184164463,1181.659492201808,978.6467892587285,0.0,0.0,520,False
99748,1,Tarapaca,2769.878944297533,4154.8184164463,2077.40920822315,692.4697360743835,12,8.0,1.0,2.0,32.0,0.0,True,,0.2499992095264416,2077.40920822315,4154.8184164463,1038.7013198374768,692.4697360743833,0.0,0.0,520,False
99748,1,Tarapaca,2769.878944297533,4154.8184164463,2077.40920822315,692.4697360743835,13,8.0,1.0,2.0,32.0,0.01,True,,0.5864626676730023,1611.3121968579007,4154.8184164463,1271.4033637928933,1158.5667474396325,0.0,0.0,520,False
99748,1,Tarapaca,2769.878944297533,4154.8184164463,2077.40920822315,692.4697360743835,14,8.0,1.0,2.0,64.0,0.0,True,,0.24999920952644164,2077.40920822315,4154.8184164463,1038.701319837477,692.4697360743834,0.0,0.0,520,False
99748,1,Tarapaca,2769.878944297533,4154.8184164463,2077.40920822315,692.4697360743835,15,8.0,1.0,2.0,64.0,0.01,True,,0.8013374406727217,1313.8005152193232,4154.8184164463,1420.3898237854019,1456.0784290782103,0.0,0.0,520,False
99748,1,Tarapaca,2769.878944297533,4154.8184164463,2077.40920822315,692.4697360743835,16,8.0,1.0,4.0,8.0,0.0,True,,0.24107820612320802,2077.40920822315,4154.8184164463,1001.6361706045418,692.4697360743834,0.0,0.0,520,False
99748,1,Tarapaca,2769.878944297533,4154.8184164463,2077.40920822315,692.4697360743835,17,8.0,1.0,4.0,8.0,0.01,True,,0.3551359012111948,1919.402217974086,4154.8184164463,1080.5077070708662,850.4767263234472,0.0,0.0,520,False
99748,1,Tarapaca,2769.878944297533,4154.8184164463,2077.40920822315,692.4697360743835,18,8.0,1.0,4.0,16.0,0.0,True,,0.246213926055148,2077.40920822315,4154.8184164463,1022.9741543594764,692.4697360743834,0.0,0.0,520,False
99748,1,Tarapaca,2769.878944297533,4154.8184164463,2077.40920822315,692.4697360743835,19,8.0,1.0,4.0,16.0,0.01,True,,0.418840391679403,1838.7516132994906,4154.8184164463,1143.561785592017,931.1273309980427,0.0,0.0,520,False
99748,1,Tarapaca,2769.878944297533,4154.8184164463,2077.40920822315,692.4697360743835,20,8.0,1.0,4.0,32.0,0.0,True,,0.2490465745097819,2077.40920822315,4154.8184164463,1034.7432943261074,692.4697360743833,0.0,0.0,520,False
99748,1,Tarapaca,2769.878944297533,4154.8184164463,2077.40920822315,692.4697360743835,21,8.0,1.0,4.0,32.0,0.01,True,,0.5155846083622595,1706.3746276734987,4154.8184164463,1214.5739746856405,1063.5043166240346,0.0,0.0,520,False
99748,1,Tarapaca,2769.878944297533,4154.8184164463,2077.40920822315,692.4697360743835,22,8.0,1.0,4.0,64.0,0.0,True,,0.24937493300708533,2077.40920822315,4154.8184164463,1036.1075642579003,692.4697360743833,0.0,0.0,520,False
99748,1,Tarapaca,2769.878944297533,4154.8184164463,2077.40920822315,692.4697360743835,23,8.0,1.0,4.0,64.0,0.01,True,,0.6521676852056444,1518.0790731596219,4154.8184164463,1311.312971444744,1251.7998711379112,0.0,0.0,520,False
99748,1,Tarapaca,2769.878944297533,4154.8184164463,2077.40920822315,692.4697360743835,24,8.0,2.0,1.0,8.0,0.0,True,,0.24991954381801193,2077.40920822315,4154.8184164463,1038.3703232849339,692.4697360743833,0.0,0.0,520,False
99748,1,Tarapaca,2769.878944297533,4154.8184164463,2077.40920822315,692.4697360743835,25,8.0,2.0,1.0,8.0,0.01,True,,0.3775320103371964,1900.0975088929717,4154.8184164463,1125.297701021533,869.7814354045615,0.0,0.0,520,False
99748,1,Tarapaca,2769.878944297533,4154.8184164463,2077.40920822315,692.4697360743835,26,8.0,2.0,1.0,16.0,0.0,True,,0.2499992095264416,2077.40920822315,4154.8184164463,1038.7013198374768,692.4697360743833,0.0,0.0,520,False
99748,1,Tarapaca,2769.878944297533,4154.8184164463,2077.40920822315,692.4697360743835,27,8.0,2.0,1.0,16.0,0.01,True,,0.45113816830844233,1798.8182218975958,4154.8184164463,1177.9197042358812,971.0607223999374,0.0,0.0,520,False
99748,1,Tarapaca,2769.878944297533,4154.8184164463,2077.40920822315,692.4697360743835,28,8.0,2.0,1.0,32.0,0.0,True,,0.2499992095264416,2077.40920822315,4154.8184164463,1038.7013198374768,692.4697360743833,0.0,0.0,520,False
99748,1,Tarapaca,2769.878944297533,4154.8184164463,2077.40920822315,692.4697360743835,29,8.0,2.0,1.0,32.0,0.01,True,,0.5827205483497696,1616.5569530227788,4154.8184164463,1268.9674279243814,1153.3219912747545,0.0,0.0,520,False
99748,1,Tarapaca,2769.878944297533,4154.8184164463,2077.40920822315,692.4697360743835,30,8.0,2.0,1.0,64.0,0.0,True,,0.24999920952644164,2077.40920822315,4154.8184164463,1038.701319837477,692.4697360743834,0.0,0.0,520,False
99748,1,Tarapaca,2769.878944297533,4154.8184164463,2077.40920822315,692.4697360743835,31,8.0,2.0,1.0,64.0,0.01,True,,0.7967580469650429,1320.1471463648616,4154.8184164463,1417.2298523364252,1449.7317979326717,0.0,0.0,520,False
99748,1,Tarapaca,2769.878944297533,4154.8184164463,2077.40920822315,692.4697360743835,32,8.0,2.0,2.0,8.0,0.0,True,,0.24991954381801193,2077.40920822315,4154.8184164463,1038.3703232849339,692.4697360743833,0.0,0.0,520,False
99748,1,Tarapaca,2769.878944297533,4154.8184164463,2077.40920822315,692.4697360743835,33,8.0,2.0,2.0,8.0,0.01,True,,0.3775320103371964,1900.0975088929717,4154.8184164463,1125.297701021533,869.7814354045615,0.0,0.0,520,False
99748,1,Tarapaca,2769.878944297533,4154.8184164463,2077.40920822315,692.4697360743835,34,8.0,2.0,2.0,16.0,0.0,True,,0.2499992095264416,2077.40920822315,4154.8184164463,1038.7013198374768,692.4697360743833,0.0,0.0,520,False
99748,1,Tarapaca,2769.878944297533,4154.8184164463,2077.40920822315,692.4697360743835,35,8.0,2.0,2.0,16.0,0.01,True,,0.45113816830844233,1798.8182218975958,4154.8184164463,1177.9197042358812,971.0607223999374,0.0,0.0,520,False
99748,1,Tarapaca,2769.878944297533,4154.8184164463,2077.40920822315,692.4697360743835,36,8.0,2.0,2.0,32.0,0.0,True,,0.2499992095264416,2077.40920822315,4154.8184164463,1038.7013198374768,692.4697360743833,0.0,0.0,520,False
99748,1,Tarapaca,2769.878944297533,4154.8184164463,2077.40920822315,692.4697360743835,37,8.0,2.0,2.0,32.0,0.01,True,,0.5827205483497696,1616.5569530227788,4154.8184164463,1268.9674279243814,1153.3219912747545,0.0,0.0,520,False
99748,1,Tarapaca,2769.878944297533,4154.8184164463,2077.40920822315,692.4697360743835,38,8.0,2.0,2.0,64.0,0.0,True,,0.24999920952644164,2077.40920822315,4154.8184164463,1038.701319837477,692.4697360743834,0.0,0.0,520,False
99748,1,Tarapaca,2769.878944297533,4154.8184164463,2077.40920822315,692.4697360743835,39,8.0,2.0,2.0,64.0,0.01,True,,0.7967580469650429,1320.1471463648616,4154.8184164463,1417.2298523364252,1449.7317979326717,0.0,0.0,520,False
99748,1,Tarapaca,2769.878944297533,4154.8184164463,2077.40920822315,692.4697360743835,40,8.0,2.0,4.0,8.0,0.0,True,,0.24091836541806583,2077.40920822315,4154.8184164463,1000.9720614991193,692.4697360743834,0.0,0.0,520,True
99748,1,Tarapaca,2769.878944297533,4154.8184164463,2077.40920822315,692.4697360743835,41,8.0,2.0,4.0,8.0,0.01,True,,0.3505245823547699,1924.942111163899,4154.8184164463,1075.1982475366183,844.9368331336342,0.0,0.0,520,False
99748,1,Tarapaca,2769.878944297533,4154.8184164463,2077.40920822315,692.4697360743835,42,8.0,2.0,4.0,16.0,0.0,True,,0.2461087774754157,2077.40920822315,4154.8184164463,1022.5372811039415,692.4697360743834,0.0,0.0,520,False
99748,1,Tarapaca,2769.878944297533,4154.8184164463,2077.40920822315,692.4697360743835,43,8.0,2.0,4.0,16.0,0.01,True,,0.4142665954128891,1844.917216030979,4154.8184164463,1139.9724994595526,924.9617282665542,0.0,0.0,520,False
99748,1,Tarapaca,2769.878944297533,4154.8184164463,2077.40920822315,692.4697360743835,44,8.0,2.0,4.0,32.0,0.0,True,,0.2489414259300496,2077.40920822315,4154.8184164463,1034.3064210705725,692.4697360743834,0.0,0.0,520,False
99748,1,Tarapaca,2769.878944297533,4154.8184164463,2077.40920822315,692.4697360743835,45,8.0,2.0,4.0,32.0,0.01,True,,0.5106042791214382,1713.0487570515238,4154.8184164463,1210.5669344809735,1056.8301872460092,0.0,0.0,520,False
99748,1,Tarapaca,2769.878944297533,4154.8184164463,2077.40920822315,692.4697360743835,46,8.0,2.0,4.0,64.0,0.0,True,,0.24937493300708533,2077.40920822315,4154.8184164463,1036.1075642579003,692.4697360743833,0.0,0.0,520,False
99748,1,Tarapaca,2769.878944297533,4154.8184164463,2077.40920822315,692.4697360743835,47,8.0,2.0,4.0,64.0,0.01,True,,0.650186666909244,1520.646451232174,4154.8184164463,1309.5006453249232,1249.2324930653592,0.0,0.0,520,False
99748,1,Tarapaca,2769.878944297533,4154.8184164463,2077.40920822315,692.4697360743835,48,16.0,1.0,1.0,8.0,0.0,True,,0.5645475515524675,1703.7827574385162,4154.8184164463,1224.7132117959575,1066.096186859017,373.62645078463385,0.0,260,False
99748,1,Tarapaca,2769.878944297533,4154.8184164463,2077.40920822315,692.4697360743835,49,16.0,1.0,1.0,8.0,0.01,True,,0.7160559626480949,1492.6710873254426,4154.8184164463,1330.7277336352531,1277.207856972091,365.01892987393376,0.0,260,False
99748,1,Tarapaca,2769.878944297533,4154.8184164463,2077.40920822315,692.4697360743835,50,16.0,1.0,1.0,16.0,0.0,True,,0.2499992095264416,2077.40920822315,4154.8184164463,1038.7013198374768,692.4697360743833,0.0,0.0,260,False
99748,1,Tarapaca,2769.878944297533,4154.8184164463,2077.40920822315,692.4697360743835,51,16.0,1.0,1.0,16.0,0.01,True,,0.5183794090452596,1705.677627981469,4154.8184164463,1224.4433648035915,1064.2013163160645,0.0,0.0,260,False
99748,1,Tarapaca,2769.878944297533,4154.8184164463,2077.40920822315,692.4697360743835,52,16.0,1.0,1.0,32.0,0.0,True,,0.2499992095264416,2077.40920822315,4154.8184164463,1038.7013198374768,692.4697360743833,0.0,0.0,260,False
99748,1,Tarapaca,2769.878944297533,4154.8184164463,2077.40920822315,692.4697360743835,53,16.0,1.0,1.0,32.0,0.01,True,,0.6458382939880397,1529.1662109026333,4154.8184164463,1312.7333446064756,1240.7127333949,0.0,0.0,260,False
99748,1,Tarapaca,2769.878944297533,4154.8184164463,2077.40920822315,692.4697360743835,54,16.0,1.0,1.0,64.0,0.0,True,,0.2499992095264416,2077.40920822315,4154.8184164463,1038.7013198374768,692.4697360743833,0.0,0.0,260,False
99748,1,Tarapaca,2769.878944297533,4154.8184164463,2077.40920822315,692.4697360743835,55,16.0,1.0,1.0,64.0,0.01,True,,0.8602718952740667,1232.1074204687893,4154.8184164463,1461.019044249953,1537.771523828744,0.0,0.0,260,False
99748,1,Tarapaca,2769.878944297533,4154.8184164463,2077.40920822315,692.4697360743835,56,16.0,1.0,2.0,8.0,0.0,True,,0.5645475515524675,1703.7827574385162,4154.8184164463,1224.7132117959575,1066.096186859017,373.62645078463385,0.0,260,False
99748,1,Tarapaca,2769.878944297533,4154.8184164463,2077.40920822315,692.4697360743835,57,16.0,1.0,2.0,8.0,0.01,True,,0.7160559626480949,1492.6710873254426,4154.8184164463,1330.7277336352531,1277.207856972091,365.01892987393376,0.0,260,False
99748,1,Tarapaca,2769.878944297533,4154.8184164463,2077.40920822315,692.4697360743835,58,16.0,1.0,2.0,16.0,0.0,True,,0.2499992095264416,2077.40920822315,4154.8184164463,1038.7013198374768,692.4697360743833,0.0,0.0,260,False
99748,1,Tarapaca,2769.878944297533,4154.8184164463,2077.40920822315,692.4697360743835,59,16.0,1.0,2.0,16.0,0.01,True,,0.5183794090452596,1705.677627981469,4154.8184164463,1224.4433648035915,1064.2013163160645,0.0,0.0,260,False
99748,1,Tarapaca,2769.878944297533,4154.8184164463,2077.40920822315,692.4697360743835,60,16.0,1.0,2.0,32.0,0.0,True,,0.2499992095264416,2077.40920822315,4154.8184164463,1038.7013198374768,692.4697360743833,0.0,0.0,260,False
99748,1,Tarapaca,2769.878944297533,4154.8184164463,2077.40920822315,692.4697360743835,61,16.0,1.0,2.0,32.0,0.01,True,,0.6458382939880397,1529.1662109026333,4154.8184164463,1312.7333446064756,1240.7127333949,0.0,0.0,260,False
99748,1,Tarapaca,2769.878944297533,4154.8184164463,2077.40920822315,692.4697360743835,62,16.0,1.0,2.0,64.0,0.0,True,,0.2499992095264416,2077.40920822315,4154.8184164463,1038.7013198374768,692.4697360743833,0.0,0.0,260,False
99748,1,Tarapaca,2769.878944297533,4154.8184164463,2077.40920822315,692.4697360743835,63,16.0,1.0,2.0,64.0,0.01,True,,0.8602718952740667,1232.1074204687893,4154.8184164463,1461.019044249953,1537.771523828744,0.0,0.0,260,False
99748,1,Tarapaca,2769.878944297533,4154.8184164463,2077.40920822315,692.4697360743835,64,16.0,1.0,4.0,8.0,0.0,True,,0.5568509805646348,1712.8942953859087,4154.8184164463,1220.0699707544015,1056.9846489116246,364.51491283724135,0.0,260,False
99748,1,Tarapaca,2769.878944297533,4154.8184164463,2077.40920822315,692.4697360743835,65,16.0,1.0,4.0,8.0,0.01,True,,0.7053764941032041,1504.8539588559295,4154.8184164463,1323.909468003905,1265.0249854416038,350.82731361272283,0.0,260,False
99748,1,Tarapaca,2769.878944297533,4154.8184164463,2077.40920822315,692.4697360743835,66,16.0,1.0,4.0,16.0,0.0,True,,0.2499992095264416,2077.40920822315,4154.8184164463,1038.7013198374768,692.4697360743833,0.0,0.0,260,False
99748,1,Tarapaca,2769.878944297533,4154.8184164463,2077.40920822315,692.4697360743835,67,16.0,1.0,4.0,16.0,0.01,True,,0.5183794090452596,1705.677627981469,4154.8184164463,1224.4433648035915,1064.2013163160645,0.0,0.0,260,False
99748,1,Tarapaca,2769.878944297533,4154.8184164463,2077.40920822315,692.4697360743835,68,16.0,1.0,4.0,32.0,0.0,True,,0.2499992095264416,2077.40920822315,4154.8184164463,1038.7013198374768,692.4697360743833,0.0,0.0,260,False
99748,1,Tarapaca,2769.878944297533,4154.8184164463,2077.40920822315,692.4697360743835,69,16.0,1.0,4.0,32.0,0.01,True,,0.6458329503141469,1529.172554329691,4154.8184164463,1312.727001179418,1240.7063899678424,0.0,0.0,260,False
99748,1,Tarapaca,2769.878944297533,4154.8184164463,2077.40920822315,692.4697360743835,70,16.0,1.0,4.0,64.0,0.0,True,,0.2499992095264416,2077.40920822315,4154.8184164463,1038.7013198374768,692.4697360743833,0.0,0.0,260,False
99748,1,Tarapaca,2769.878944297533,4154.8184164463,2077.40920822315,692.4697360743835,71,16.0,1.0,4.0,64.0,0.01,True,,0.8602718952740667,1232.1074204687893,4154.8184164463,1461.019044249953,1537.771523828744,0.0,0.0,260,False
99748,1,Tarapaca,2769.878944297533,4154.8184164463,2077.40920822315,692.4697360743835,72,16.0,2.0,1.0,8.0,0.0,True,,0.3478812109765248,1961.0917142990295,4154.8184164463,1096.4307803285446,808.7872299985038,116.31749392412053,0.0,260,False
99748,1,Tarapaca,2769.878944297533,4154.8184164463,2077.40920822315,692.4697360743835,73,16.0,2.0,1.0,8.0,0.01,True,,0.5389684849687661,1699.9250491890148,4154.8184164463,1226.9791608664152,1069.9538951085185,137.25325756127395,0.0,260,False
99748,1,Tarapaca,2769.878944297533,4154.8184164463,2077.40920822315,692.4697360743835,74,16.0,2.0,1.0,16.0,0.0,True,,0.2499992095264416,2077.40920822315,4154.8184164463,1038.7013198374768,692.4697360743833,0.0,0.0,260,False
99748,1,Tarapaca,2769.878944297533,4154.8184164463,2077.40920822315,692.4697360743835,75,16.0,2.0,1.0,16.0,0.01,True,,0.5128491690362925,1713.3675508592046,4154.8184164463,1220.6910289613058,1056.511393438329,0.0,0.0,260,False
99748,1,Tarapaca,2769.878944297533,4154.8184164463,2077.40920822315,692.4697360743835,76,16.0,2.0,1.0,32.0,0.0,True,,0.2499992095264416,2077.40920822315,4154.8184164463,1038.7013198374768,692.4697360743833,0.0,0.0,260,False
99748,1,Tarapaca,2769.878944297533,4154.8184164463,2077.40920822315,692.4697360743835,77,16.0,2.0,1.0,32.0,0.01,True,,0.6402023335207414,1536.9266110870215,4154.8184164463,1308.7179527235517,1232.9523332105118,0.0,0.0,260,False
99748,1,Tarapaca,2769.878944297533,4154.8184164463,2077.40920822315,692.4697360743835,78,16.0,2.0,1.0,64.0,0.0,True,,0.2499992095264416,2077.40920822315,4154.8184164463,1038.7013198374768,692.4697360743833,0.0,0.0,260,False
99748,1,Tarapaca,2769.878944297533,4154.8184164463,2077.40920822315,692.4697360743835,79,16.0,2.0,1.0,64.0,0.01,True,,0.8544522774089162,1240.1060474967214,4154.8184164463,1456.8361563369763,1529.7728968008118,0.0,0.0,260,False
99748,1,Tarapaca,2769.878944297533,4154.8184164463,2077.40920822315,692.4697360743835,80,16.0,2.0,2.0,8.0,0.0,True,,0.3478812109765248,1961.0917142990295,4154.8184164463,1096.4307803285446,808.7872299985038,116.31749392412053,0.0,260,False
99748,1,Tarapaca,2769.878944297533,4154.8184164463,2077.40920822315,692.4697360743835,81,16.0,2.0,2.0,8.0,0.01,True,,0.5389684849687661,1699.9250491890148,4154.8184164463,1226.9791608664152,1069.9538951085185,137.25325756127395,0.0,260,False
99748,1,Tarapaca,2769.878944297533,4154.8184164463,2077.40920822315,692.4697360743835,82,16.0,2.0,2.0,16.0,0.0,True,,0.2499992095264416,2077.40920822315,4154.8184164463,1038.7013198374768,692.4697360743833,0.0,0.0,260,False
99748,1,Tarapaca,2769.878944297533,4154.8184164463,2077.40920822315,692.4697360743835,83,16.0,2.0,2.0,16.0,0.01,True,,0.5128491690362925,1713.3675508592046,4154.8184164463,1220.6910289613058,1056.511393438329,0.0,0.0,260,False
99748,1,Tarapaca,2769.878944297533,4154.8184164463,2077.40920822315,692.4697360743835,84,16.0,2.0,2.0,32.0,0.0,True,,0.2499992095264416,2077.40920822315,4154.8184164463,1038.7013198374768,692.4697360743833,0.0,0.0,260,False
99748,1,Tarapaca,2769.878944297533,4154.8184164463,2077.40920822315,692.4697360743835,85,16.0,2.0,2.0,32.0,0.01,True,,0.6402023335207414,1536.9266110870215,4154.8184164463,1308.7179527235517,1232.9523332105118,0.0,0.0,260,False
99748,1,Tarapaca,2769.878944297533,4154.8184164463,2077.40920822315,692.4697360743835,86,16.0,2.0,2.0,64.0,0.0,True,,0.2499992095264416,2077.40920822315,4154.8184164463,1038.7013198374768,692.4697360743833,0.0,0.0,260,False
99748,1,Tarapaca,2769.878944297533,4154.8184164463,2077.40920822315,692.4697360743835,87,16.0,2.0,2.0,64.0,0.01,True,,0.8544522774089162,1240.1060474967214,4154.8184164463,1456.8361563369763,1529.7728968008118,0.0,0.0,260,False
99748,1,Tarapaca,2769.878944297533,4154.8184164463,2077.40920822315,692.4697360743835,88,16.0,2.0,4.0,8.0,0.0,True,,0.3478812109765248,1961.0917142990295,4154.8184164463,1096.4307803285446,808.7872299985038,116.31749392412053,0.0,260,False
99748,1,Tarapaca,2769.878944297533,4154.8184164463,2077.40920822315,692.4697360743835,89,16.0,2.0,4.0,8.0,0.01,True,,0.538944409163062,1699.9250491890148,4154.8184164463,1226.9791608664152,1069.9538951085185,137.05319635941328,0.0,260,False
99748,1,Tarapaca,2769.878944297533,4154.8184164463,2077.40920822315,692.4697360743835,90,16.0,2.0,4.0,16.0,0.0,True,,0.2499992095264416,2077.40920822315,4154.8184164463,1038.7013198374768,692.4697360743833,0.0,0.0,260,False
99748,1,Tarapaca,2769.878944297533,4154.8184164463,2077.40920822315,692.4697360743835,91,16.0,2.0,4.0,16.0,0.01,True,,0.5128491690362925,1713.3675508592046,4154.8184164463,1220.6910289613058,1056.511393438329,0.0,0.0,260,False
99748,1,Tarapaca,2769.878944297533,4154.8184164463,2077.40920822315,692.4697360743835,92,16.0,2.0,4.0,32.0,0.0,True,,0.2499992095264416,2077.40920822315,4154.8184164463,1038.7013198374768,692.4697360743833,0.0,0.0,260,False
99748,1,Tarapaca,2769.878944297533,4154.8184164463,2077.40920822315,692.4697360743835,93,16.0,2.0,4.0,32.0,0.01,True,,0.6402023335207414,1536.9266110870215,4154.8184164463,1308.7179527235517,1232.9523332105118,0.0,0.0,260,False
99748,1,Tarapaca,2769.878944297533,4154.8184164463,2077.40920822315,692.4697360743835,94,16.0,2.0,4.0,64.0,0.0,True,,0.2499992095264416,2077.40920822315,4154.8184164463,1038.7013198374768,692.4697360743833,0.0,0.0,260,False
99748,1,Tarapaca,2769.878944297533,4154.8184164463,2077.40920822315,692.4697360743835,95,16.0,2.0,4.0,64.0,0.01,True,,0.8544522774089162,1240.1060474967214,4154.8184164463,1456.8361563369763,1529.7728968008118,0.0,0.0,260,False
99748,1,Tarapaca,2769.878944297533,4154.8184164463,2077.40920822315,692.4697360743835,96,32.0,1.0,1.0,8.0,0.0,True,,1.2887724057825019,844.1697145444925,4154.8184164463,1654.8968451169703,1925.7092297530407,1233.2394936786573,0.0,130,False
99748,1,Tarapaca,2769.878944297533,4154.8184164463,2077.40920822315,692.4697360743835,97,32.0,1.0,1.0,8.0,0.01,True,,1.4028090861674316,686.7344499756987,4154.8184164463,1733.633304729476,2083.144494321835,1236.1936512370894,0.0,130,False
99748,1,Tarapaca,2769.878944297533,4154.8184164463,2077.40920822315,692.4697360743835,98,32.0,1.0,1.0,16.0,0.0,True,,0.6162075291441234,1642.6463443571752,4154.8184164463,1255.94179884295,1127.232599940358,434.76286386597474,0.0,130,False
99748,1,Tarapaca,2769.878944297533,4154.8184164463,2077.40920822315,692.4697360743835,99,32.0,1.0,1.0,16.0,0.01,True,,0.9133067165807401,1231.5778956483182,4154.8184164463,1461.3274327918973,1538.301048649215,437.43570336956736,0.0,130,False
99748,1,Tarapaca,2769.878944297533,4154.8184164463,2077.40920822315,692.4697360743835,100,32.0,1.0,1.0,32.0,0.0,True,,0.2499992095264416,2077.40920822315,4154.8184164463,1038.7013198374768,692.4697360743833,0.0,0.0,130,False
99748,1,Tarapaca,2769.878944297533,4154.8184164463,2077.40920822315,692.4697360743835,101,32.0,1.0,1.0,32.0,0.01,True,,0.7502933692084166,1384.5239786304392,4154.8184164463,1385.1196341428952,1385.3549656670941,0.0,0.0,130,False
99748,1,Tarapaca,2769.878944297533,4154.8184164463,2077.40920822315,692.4697360743835,102,32.0,1.0,1.0,64.0,0.0,True,,0.2499992095264416,2077.40920822315,4154.8184164463,1038.7013198374768,692.4697360743833,0.0,0.0,130,False
99748,1,Tarapaca,2769.878944297533,4154.8184164463,2077.40920822315,692.4697360743835,103,32.0,1.0,1.0,64.0,0.01,True,,0.9487456018255667,1109.6569672709502,4154.8184164463,1522.4850966067934,1660.221977026583,0.0,0.0,130,False
99748,1,Tarapaca,2769.878944297533,4154.8184164463,2077.40920822315,692.4697360743835,104,32.0,1.0,2.0,8.0,0.0,True,,1.2887724057825019,844.1697145444925,4154.8184164463,1654.8968451169703,1925.7092297530407,1233.2394936786573,0.0,130,False
99748,1,Tarapaca,2769.878944297533,4154.8184164463,2077.40920822315,692.4697360743835,105,32.0,1.0,2.0,8.0,0.01,True,,1.4028090861674316,686.7344499756987,4154.8184164463,1733.633304729476,2083.144494321835,1236.1936512370894,0.0,130,False
99748,1,Tarapaca,2769.878944297533,4154.8184164463,2077.40920822315,692.4697360743835,106,32.0,1.0,2.0,16.0,0.0,True,,0.6162075291441234,1642.6463443571752,4154.8184164463,1255.94179884295,1127.232599940358,434.76286386597474,0.0,130,False
99748,1,Tarapaca,2769.878944297533,4154.8184164463,2077.40920822315,692.4697360743835,107,32.0,1.0,2.0,16.0,0.01,True,,0.9133067165807401,1231.5778956483182,4154.8184164463,1461.3274327918973,1538.301048649215,437.43570336956736,0.0,130,False
99748,1,Tarapaca,2769.878944297533,4154.8184164463,2077.40920822315,692.4697360743835,108,32.0,1.0,2.0,32.0,0.0,True,,0.2499992095264416,2077.40920822315,4154.8184164463,1038.7013198374768,692.4697360743833,0.0,0.0,130,False
99748,1,Tarapaca,2769.878944297533,4154.8184164463,2077.40920822315,692.4697360743835,109,32.0,1.0,2.0,32.0,0.01,True,,0.7502933692084166,1384.5239786304392,4154.8184164463,1385.1196341428952,1385.3549656670941,0.0,0.0,130,False
99748,1,Tarapaca,2769.878944297533,4154.8184164463,2077.40920822315,692.4697360743835,110,32.0,1.0,2.0,64.0,0.0,True,,0.2499992095264416,2077.40920822315,4154.8184164463,1038.7013198374768,692.4697360743833,0.0,0.0,130,False
99748,1,Tarapaca,2769.878944297533,4154.8184164463,2077.40920822315,692.4697360743835,111,32.0,1.0,2.0,64.0,0.01,True,,0.9487456018255667,1109.6569672709502,4154.8184164463,1522.4850966067934,1660.221977026583,0.0,0.0,130,False
99748,1,Tarapaca,2769.878944297533,4154.8184164463,2077.40920822315,692.4697360743835,112,32.0,1.0,4.0,8.0,0.0,True,,1.2887724057825019,844.1697145444925,4154.8184164463,1654.8968451169703,1925.7092297530407,1233.2394936786573,0.0,130,False
99748,1,Tarapaca,2769.878944297533,4154.8184164463,2077.40920822315,692.4697360743835,113,32.0,1.0,4.0,8.0,0.01,True,,1.4028090861674316,686.7344499756987,4154.8184164463,1733.633304729476,2083.144494321835,1236.1936512370894,0.0,130,False
99748,1,Tarapaca,2769.878944297533,4154.8184164463,2077.40920822315,692.4697360743835,114,32.0,1.0,4.0,16.0,0.0,True,,0.6162075291441234,1642.6463443571752,4154.8184164463,1255.94179884295,1127.232599940358,434.76286386597474,0.0,130,False
99748,1,Tarapaca,2769.878944297533,4154.8184164463,2077.40920822315,692.4697360743835,115,32.0,1.0,4.0,16.0,0.01,True,,0.9133067165807401,1231.5778956483182,4154.8184164463,1461.3274327918973,1538.301048649215,437.43570336956736,0.0,130,False
99748,1,Tarapaca,2769.878944297533,4154.8184164463,2077.40920822315,692.4697360743835,116,32.0,1.0,4.0,32.0,0.0,True,,0.2499992095264416,2077.40920822315,4154.8184164463,1038.7013198374768,692.4697360743833,0.0,0.0,130,False
99748,1,Tarapaca,2769.878944297533,4154.8184164463,2077.40920822315,692.4697360743835,117,32.0,1.0,4.0,32.0,0.01,True,,0.7502933692084166,1384.5239786304392,4154.8184164463,1385.1196341428952,1385.3549656670941,0.0,0.0,130,False
99748,1,Tarapaca,2769.878944297533,4154.8184164463,2077.40920822315,692.4697360743835,118,32.0,1.0,4.0,64.0,0.0,True,,0.2499992095264416,2077.40920822315,4154.8184164463,1038.7013198374768,692.4697360743833,0.0,0.0,130,False
99748,1,Tarapaca,2769.878944297533,4154.8184164463,2077.40920822315,692.4697360743835,119,32.0,1.0,4.0,64.0,0.01,True,,0.9487456018255667,1109.6569672709502,4154.8184164463,1522.4850966067934,1660.221977026583,0.0,0.0,130,False
99748,1,Tarapaca,2769.878944297533,4154.8184164463,2077.40920822315,692.4697360743835,120,32.0,2.0,1.0,8.0,0.0,True,,1.1880260310659263,963.7770014412517,4154.8184164463,1595.1358127446201,1806.1019428562815,1113.632206781898,0.0,130,False
99748,1,Tarapaca,2769.878944297533,4154.8184164463,2077.40920822315,692.4697360743835,121,32.0,2.0,1.0,8.0,0.01,True,,1.3167923484583262,786.2416902511038,4154.8184164463,1683.9321586586254,1983.6372540464295,1118.364292842975,0.0,130,False
99748,1,Tarapaca,2769.878944297533,4154.8184164463,2077.40920822315,692.4697360743835,122,32.0,2.0,1.0,16.0,0.0,True,,0.49559977041120495,1785.8114454728518,4154.8184164463,1184.333765040138,984.0674988246816,291.5977627502983,0.0,130,False
99748,1,Tarapaca,2769.878944297533,4154.8184164463,2077.40920822315,692.4697360743835,123,32.0,2.0,1.0,16.0,0.01,True,,0.8285634865089275,1327.063794648489,4154.8184164463,1413.6549303298236,1442.8151496490443,306.0247373515439,0.0,130,False
99748,1,Tarapaca,2769.878944297533,4154.8184164463,2077.40920822315,692.4697360743835,124,32.0,2.0,1.0,32.0,0.0,True,,0.2499992095264416,2077.40920822315,4154.8184164463,1038.7013198374768,692.4697360743833,0.0,0.0,130,False
99748,1,Tarapaca,2769.878944297533,4154.8184164463,2077.40920822315,692.4697360743835,125,32.0,2.0,1.0,32.0,0.01,True,,0.7402617204265272,1398.3549471653478,4154.8184164463,1378.0173763738524,1371.5239971321855,0.0,0.0,130,False
99748,1,Tarapaca,2769.878944297533,4154.8184164463,2077.40920822315,692.4697360743835,126,32.0,2.0,1.0,64.0,0.0,True,,0.2499992095264416,2077.40920822315,4154.8184164463,1038.7013198374768,692.4697360743833,0.0,0.0,130,False
99748,1,Tarapaca,2769.878944297533,4154.8184164463,2077.40920822315,692.4697360743835,127,32.0,2.0,1.0,64.0,0.01,True,,0.9415891742908261,1119.5790798920484,4154.8184164463,1517.5567212422352,1650.2998644054849,0.0,0.0,130,False
99748,1,Tarapaca,2769.878944297533,4154.8184164463,2077.40920822315,692.4697360743835,128,32.0,2.0,2.0,8.0,0.0,True,,1.1880260310659263,963.7770014412517,4154.8184164463,1595.1358127446201,1806.1019428562815,1113.632206781898,0.0,130,False
99748,1,Tarapaca,2769.878944297533,4154.8184164463,2077.40920822315,692.4697360743835,129,32.0,2.0,2.0,8.0,0.01,True,,1.3167923484583262,786.2416902511038,4154.8184164463,1683.9321586586254,1983.6372540464295,1118.364292842975,0.0,130,False
99748,1,Tarapaca,2769.878944297533,4154.8184164463,2077.40920822315,692.4697360743835,130,32.0,2.0,2.0,16.0,0.0,True,,0.49559977041120495,1785.8114454728518,4154.8184164463,1184.333765040138,984.0674988246816,291.5977627502983,0.0,130,False
99748,1,Tarapaca,2769.878944297533,4154.8184164463,2077.40920822315,692.4697360743835,131,32.0,2.0,2.0,16.0,0.01,True,,0.8285634865089275,1327.063794648489,4154.8184164463,1413.6549303298236,1442.8151496490443,306.0247373515439,0.0,130,False
99748,1,Tarapaca,2769.878944297533,4154.8184164463,2077.40920822315,692.4697360743835,132,32.0,2.0,2.0,32.0,0.0,True,,0.2499992095264416,2077.40920822315,4154.8184164463,1038.7013198374768,692.4697360743833,0.0,0.0,130,False
99748,1,Tarapaca,2769.878944297533,4154.8184164463,2077.40920822315,692.4697360743835,133,32.0,2.0,2.0,32.0,0.01,True,,0.7402617204265272,1398.3549471653478,4154.8184164463,1378.0173763738524,1371.5239971321855,0.0,0.0,130,False
99748,1,Tarapaca,2769.878944297533,4154.8184164463,2077.40920822315,692.4697360743835,134,32.0,2.0,2.0,64.0,0.0,True,,0.2499992095264416,2077.40920822315,4154.8184164463,1038.7013198374768,692.4697360743833,0.0,0.0,130,False
99748,1,Tarapaca,2769.878944297533,4154.8184164463,2077.40920822315,692.4697360743835,135,32.0,2.0,2.0,64.0,0.01,True,,0.9415891742908261,1119.5790798920484,4154.8184164463,1517.5567212422352,1650.2998644054849,0.0,0.0,130,False
99748,1,Tarapaca,2769.878944297533,4154.8184164463,2077.40920822315,692.4697360743835,136,32.0,2.0,4.0,8.0,0.0,True,,1.1880260310659263,963.7770014412517,4154.8184164463,1595.1358127446201,1806.1019428562815,1113.632206781898,0.0,130,False
99748,1,Tarapaca,2769.878944297533,4154.8184164463,2077.40920822315,692.4697360743835,137,32.0,2.0,4.0,8.0,0.01,True,,1.3167923484583262,786.2416902511038,4154.8184164463,1683.9321586586254,1983.6372540464295,1118.364292842975,0.0,130,False
99748,1,Tarapaca,2769.878944297533,4154.8184164463,2077.40920822315,692.4697360743835,138,32.0,2.0,4.0,16.0,0.0,True,,0.49559977041120495,1785.8114454728518,4154.8184164463,1184.333765040138,984.0674988246816,291.5977627502983,0.0,130,False
99748,1,Tarapaca,2769.878944297533,4154.8184164463,2077.40920822315,692.4697360743835,139,32.0,2.0,4.0,16.0,0.01,True,,0.8285634865089275,1327.063794648489,4154.8184164463,1413.6549303298236,1442.8151496490443,306.0247373515439,0.0,130,False
99748,1,Tarapaca,2769.878944297533,4154.8184164463,2077.40920822315,692.4697360743835,140,32.0,2.0,4.0,32.0,0.0,True,,0.2499992095264416,2077.40920822315,4154.8184164463,1038.7013198374768,692.4697360743833,0.0,0.0,130,False
99748,1,Tarapaca,2769.878944297533,4154.8184164463,2077.40920822315,692.4697360743835,141,32.0,2.0,4.0,32.0,0.01,True,,0.7402617204265272,1398.3549471653478,4154.8184164463,1378.0173763738524,1371.5239971321855,0.0,0.0,130,False
99748,1,Tarapaca,2769.878944297533,4154.8184164463,2077.40920822315,692.4697360743835,142,32.0,2.0,4.0,64.0,0.0,True,,0.2499992095264416,2077.40920822315,4154.8184164463,1038.7013198374768,692.4697360743833,0.0,0.0,130,False
99748,1,Tarapaca,2769.878944297533,4154.8184164463,2077.40920822315,692.4697360743835,143,32.0,2.0,4.0,64.0,0.01,True,,0.9415891742908261,1119.5790798920484,4154.8184164463,1517.5567212422352,1650.2998644054849,0.0,0.0,130,False
111131,2,Antofagasta,222.55400912550186,333.8310136882528,166.9155068441264,55.63850228137545,0,8.0,1.0,1.0,8.0,0.0,True,,0.24503889981412968,166.9155068441264,333.8310136882528,81.80158431800514,55.638502281375445,0.0,0.0,42,False
111131,2,Antofagasta,222.55400912550186,333.8310136882528,166.9155068441264,55.63850228137545,1,8.0,1.0,1.0,8.0,0.01,True,,0.5733855571145224,130.23151948771758,333.8310136882528,99.70391337472255,92.32248963778427,0.0,0.0,42,False
111131,2,Antofagasta,222.55400912550186,333.8310136882528,166.9155068441264,55.63850228137545,2,8.0,1.0,1.0,16.0,0.0,True,,0.24954167127626034,166.9155068441264,333.8310136882528,83.30474907961475,55.638502281375445,0.0,0.0,42,False
111131,2,Antofagasta,222.55400912550186,333.8310136882528,166.9155068441264,55.63850228137545,3,8.0,1.0,1.0,16.0,0.01,True,,0.7634878657733036,109.57462997977906,333.8310136882528,111.52373600891427,112.9793791457228,0.0,0.0,42,False
111131,2,Antofagasta,222.55400912550186,333.8310136882528,166.9155068441264,55.63850228137545,4,8.0,1.0,1.0,32.0,0.0,True,,0.2495416712762603,166.9155068441264,333.8310136882528,83.30474907961474,55.63850228137544,0.0,0.0,42,False
111131,2,Antofagasta,222.55400912550186,333.8310136882528,166.9155068441264,55.63850228137545,5,8.0,1.0,1.0,32.0,0.01,True,,1.0340610397212386,79.60235011106153,333.8310136882528,126.9187532730075,142.9516590144403,0.0,0.0,42,False
111131,2,Antofagasta,222.55400912550186,333.8310136882528,166.9155068441264,55.63850228137545,6,8.0,1.0,1.0,64.0,0.0,True,,0.24954167127626037,166.9155068441264,333.8310136882528,83.30474907961477,55.63850228137546,0.0,0.0,42,False
111131,2,Antofagasta,222.55400912550186,333.8310136882528,166.9155068441264,55.63850228137545,7,8.0,1.0,1.0,64.0,0.01,True,,1.312530789289301,48.67284946536913,333.8310136882528,142.5568404385967,173.8811596601327,0.0,0.0,42,False
111131,2,Antofagasta,222.55400912550186,333.8310136882528,166.9155068441264,55.63850228137545,8,8.0,1.0,2.0,8.0,0.0,True,,0.2409145939870429,166.9155068441264,333.8310136882528,80.4247631229884,55.638502281375445,0.0,0.0,42,False
111131,2,Antofagasta,222.55400912550186,333.8310136882528,166.9155068441264,55.63850228137545,9,8.0,1.0,2.0,8.0,0.01,True,,0.5831121915401437,128.9760435062513,333.8310136882528,99.81227565113704,93.57796561925056,0.0,0.0,42,False
111131,2,Antofagasta,222.55400912550186,333.8310136882528,166.9155068441264,55.63850228137545,10,8.0,1.0,2.0,16.0,0.0,True,,0.24524974564478452,166.9155068441264,333.8310136882528,81.87197119538459,55.638502281375445,0.0,0.0,42,False
111131,2,Antofagasta,222.55400912550186,333.8310136882528,166.9155068441264,55.63850228137545,11,8.0,1.0,2.0,16.0,0.01,True,,0.7545788693807675,110.10366802717252,333.8310136882528,109.8722318307326,112.45034109832935,0.0,0.0,42,False
111131,2,Antofagasta,222.55400912550186,333.8310136882528,166.9155068441264,55.63850228137545,12,8.0,1.0,2.0,32.0,0.0,True,,0.2448735907379338,166.9155068441264,333.8310136882528,81.7463990215268,55.638502281375445,0.0,0.0,42,False
111131,2,Antofagasta,222.55400912550186,333.8310136882528,166.9155068441264,55.63850228137545,13,8.0,1.0,2.0,32.0,0.01,True,,1.0339726631193726,79.61077949694356,333.8310136882528,126.91032388712546,142.94322962855827,0.0,0.0,42,False
111131,2,Antofagasta,222.55400912550186,333.8310136882528,166.9155068441264,55.63850228137545,14,8.0,1.0,2.0,64.0,0.0,True,,0.24954167127626037,166.9155068441264,333.8310136882528,83.30474907961477,55.63850228137546,0.0,0.0,42,False
111131,2,Antofagasta,222.55400912550186,333.8310136882528,166.9155068441264,55.63850228137545,15,8.0,1.0,2.0,64.0,0.01,True,,1.2985591556620977,50.21415497759467,333.8310136882528,141.7459396025104,172.33985414790718,0.0,0.0,42,False
111131,2,Antofagasta,222.55400912550186,333.8310136882528,166.9155068441264,55.63850228137545,16,8.0,1.0,4.0,8.0,0.0,True,,0.2371790375149302,166.9155068441264,333.8310136882528,79.17771851921329,55.63850228137545,0.0,0.0,42,False
111131,2,Antofagasta,222.55400912550186,333.8310136882528,166.9155068441264,55.63850228137545,17,8.0,1.0,4.0,8.0,0.01,True,,0.6078181373592065,125.68225747595953,333.8310136882528,99.8254215123124,96.87175164954232,0.0,0.0,42,False
111131,2,Antofagasta,222.55400912550186,333.8310136882528,166.9155068441264,55.63850228137545,18,8.0,1.0,4.0,16.0,0.0,True,,0.24438411029210075,166.9155068441264,333.8310136882528,81.58299526811378,55.63850228137545,0.0,0.0,42,False
111131,2,Antofagasta,222.55400912550186,333.8310136882528,166.9155068441264,55.63850228137545,19,8.0,1.0,4.0,16.0,0.01,True,,0.7299233223036887,113.04132241624595,333.8310136882528,108.98558152963653,109.51268670925592,0.0,0.0,42,False
111131,2,Antofagasta,222.55400912550186,333.8310136882528,166.9155068441264,55.63850228137545,20,8.0,1.0,4.0,32.0,0.0,True,,0.24329543383527333,166.9155068441264,333.8310136882528,81.21956130295254,55.638502281375445,0.0,0.0,42,False
111131,2,Antofagasta,222.55400912550186,333.8310136882528,166.9155068441264,55.63850228137545,21,8.0,1.0,4.0,32.0,0.01,True,,0.9610843210764013,87.0651602941386,333.8310136882528,121.21388676985177,135.48884883136324,0.0,0.0,42,False
111131,2,Antofagasta,222.55400912550186,333.8310136882528,166.9155068441264,55.63850228137545,22,8.0,1.0,4.0,64.0,0.0,True,,0.24225838882894854,166.9155068441264,333.8310136882528,80.8733635172508,55.638502281375445,0.0,0.0,42,False
111131,2,Antofagasta,222.55400912550186,333.8310136882528,166.9155068441264,55.63850228137545,23,8.0,1.0,4.0,64.0,0.01,True,,1.0028966453853947,83.0470073581565,333.8310136882528,125.1267550386298,139.50700176734534,0.0,0.0,42,False
111131,2,Antofagasta,222.55400912550186,333.8310136882528,166.9155068441264,55.63850228137545,24,8.0,2.0,1.0,8.0,0.0,True,,0.22347820049508135,166.9155068441264,333.8310136882528,74.60395420849962,55.638502281375445,0.0,0.0,42,True
111131,2,Antofagasta,222.55400912550186,333.8310136882528,166.9155068441264,55.63850228137545,25,8.0,2.0,1.0,8.0,0.01,True,,0.5638252816131799,129.06788765487806,333.8310136882528,93.60331733087158,93.48612147062379,0.0,0.0,42,False
111131,2,Antofagasta,222.55400912550186,333.8310136882528,166.9155068441264,55.63850228137545,26,8.0,2.0,1.0,16.0,0.0,True,,0.2340409642617707,166.9155068441264,333.8310136882528,78.13013234408307,55.638502281375445,0.0,0.0,42,False
111131,2,Antofagasta,222.55400912550186,333.8310136882528,166.9155068441264,55.63850228137545,27,8.0,2.0,1.0,16.0,0.01,True,,0.7010870748676906,114.77517445037836,333.8310136882528,103.69377790244302,107.7788346751235,0.0,0.0,42,False
111131,2,Antofagasta,222.55400912550186,333.8310136882528,166.9155068441264,55.63850228137545,28,8.0,2.0,1.0,32.0,0.0,True,,0.2424764488682463,166.9155068441264,333.8310136882528,80.94615872121446,55.638502281375445,0.0,0.0,42,False
111131,2,Antofagasta,222.55400912550186,333.8310136882528,166.9155068441264,55.63850228137545,29,8.0,2.0,1.0,32.0,0.01,True,,1.0326912777652768,79.73299840313877,333.8310136882528,126.78810498093027,142.8210107223631,0.0,0.0,42,False
111131,2,Antofagasta,222.55400912550186,333.8310136882528,166.9155068441264,55.63850228137545,30,8.0,2.0,1.0,64.0,0.0,True,,0.24954167127626034,166.9155068441264,333.8310136882528,83.30474907961475,55.638502281375445,0.0,0.0,42,False
111131,2,Antofagasta,222.55400912550186,333.8310136882528,166.9155068441264,55.63850228137545,31,8.0,2.0,1.0,64.0,0.01,True,,1.2984526178486726,50.224316585095174,333.8310136882528,141.7357779950099,172.32969254040665,0.0,0.0,42,False
111131,2,Antofagasta,222.55400912550186,333.8310136882528,166.9155068441264,55.63850228137545,32,8.0,2.0,2.0,8.0,0.0,True,,0.22347820049508135,166.9155068441264,333.8310136882528,74.60395420849962,55.638502281375445,0.0,0.0,42,False
111131,2,Antofagasta,222.55400912550186,333.8310136882528,166.9155068441264,55.63850228137545,33,8.0,2.0,2.0,8.0,0.01,True,,0.5638252816131799,129.06788765487806,333.8310136882528,93.60331733087158,93.48612147062379,0.0,0.0,42,False
111131,2,Antofagasta,222.55400912550186,333.8310136882528,166.9155068441264,55.63850228137545,34,8.0,2.0,2.0,16.0,0.0,True,,0.2340409642617707,166.9155068441264,333.8310136882528,78.13013234408307,55.638502281375445,0.0,0.0,42,False
111131,2,Antofagasta,222.55400912550186,333.8310136882528,166.9155068441264,55.63850228137545,35,8.0,2.0,2.0,16.0,0.01,True,,0.7010870748676906,114.77517445037836,333.8310136882528,103.69377790244302,107.7788346751235,0.0,0.0,42,False
111131,2,Antofagasta,222.55400912550186,333.8310136882528,166.9155068441264,55.63850228137545,36,8.0,2.0,2.0,32.0,0.0,True,,0.2424764488682463,166.9155068441264,333.8310136882528,80.94615872121446,55.638502281375445,0.0,0.0,42,False
111131,2,Antofagasta,222.55400912550186,333.8310136882528,166.9155068441264,55.63850228137545,37,8.0,2.0,2.0,32.0,0.01,True,,1.0326912777652768,79.73299840313877,333.8310136882528,126.78810498093027,142.8210107223631,0.0,0.0,42,False
111131,2,Antofagasta,222.55400912550186,333.8310136882528,166.9155068441264,55.63850228137545,38,8.0,2.0,2.0,64.0,0.0,True,,0.24954167127626034,166.9155068441264,333.8310136882528,83.30474907961475,55.638502281375445,0.0,0.0,42,False
111131,2,Antofagasta,222.55400912550186,333.8310136882528,166.9155068441264,55.63850228137545,39,8.0,2.0,2.0,64.0,0.01,True,,1.2984526178486726,50.224316585095174,333.8310136882528,141.7357779950099,172.32969254040665,0.0,0.0,42,False
111131,2,Antofagasta,222.55400912550186,333.8310136882528,166.9155068441264,55.63850228137545,40,8.0,2.0,4.0,8.0,0.0,True,,0.22558412988771306,166.9155068441264,333.8310136882528,75.30697875239774,55.63850228137545,0.0,0.0,42,False
111131,2,Antofagasta,222.55400912550186,333.8310136882528,166.9155068441264,55.63850228137545,41,8.0,2.0,4.0,8.0,0.01,True,,0.5937739686952923,125.98250635893149,333.8310136882528,95.88766465825904,96.57150276657038,0.0,0.0,42,False
111131,2,Antofagasta,222.55400912550186,333.8310136882528,166.9155068441264,55.63850228137545,42,8.0,2.0,4.0,16.0,0.0,True,,0.2345561292733875,166.9155068441264,333.8310136882528,78.30211040212782,55.63850228137545,0.0,0.0,42,False
111131,2,Antofagasta,222.55400912550186,333.8310136882528,166.9155068441264,55.63850228137545,43,8.0,2.0,4.0,16.0,0.01,True,,0.711822908878972,113.30041980216441,333.8310136882528,103.59084563268307,109.25358932333745,0.0,0.0,42,False
111131,2,Antofagasta,222.55400912550186,333.8310136882528,166.9155068441264,55.63850228137545,44,8.0,2.0,4.0,32.0,0.0,True,,0.2334674528165601,166.9155068441264,333.8310136882528,77.93867643696659,55.638502281375445,0.0,0.0,42,False
111131,2,Antofagasta,222.55400912550186,333.8310136882528,166.9155068441264,55.63850228137545,45,8.0,2.0,4.0,32.0,0.01,True,,0.9584569403745311,87.28567929295181,333.8310136882528,120.88808310383449,135.26832983255002,0.0,0.0,42,False
111131,2,Antofagasta,222.55400912550186,333.8310136882528,166.9155068441264,55.63850228137545,46,8.0,2.0,4.0,64.0,0.0,True,,0.23814760082733438,166.9155068441264,333.8310136882528,79.50105499161444,55.638502281375445,0.0,0.0,42,False
111131,2,Antofagasta,222.55400912550186,333.8310136882528,166.9155068441264,55.63850228137545,47,8.0,2.0,4.0,64.0,0.01,True,,1.001448774960215,83.18510565864995,333.8310136882528,124.98865673813637,139.36890346685192,0.0,0.0,42,False
111131,2,Antofagasta,222.55400912550186,333.8310136882528,166.9155068441264,55.63850228137545,48,16.0,1.0,1.0,8.0,0.0,True,,0.4700043433073645,145.4881733974711,333.8310136882528,92.62002602421312,77.06583572803075,21.427333446655304,0.0,21,False
111131,2,Antofagasta,222.55400912550186,333.8310136882528,166.9155068441264,55.63850228137545,49,16.0,1.0,1.0,8.0,0.01,True,,0.970081576760602,90.46744559135166,333.8310136882528,121.4168884591691,132.08656353415017,22.6125490783689,0.0,21,False
111131,2,Antofagasta,222.55400912550186,333.8310136882528,166.9155068441264,55.63850228137545,50,16.0,1.0,1.0,16.0,0.0,True,,0.24954167127626034,166.9155068441264,333.8310136882528,83.30474907961475,55.638502281375445,0.0,0.0,21,False
111131,2,Antofagasta,222.55400912550186,333.8310136882528,166.9155068441264,55.63850228137545,51,16.0,1.0,1.0,16.0,0.01,True,,0.9567314852431844,87.96510950693921,333.8310136882528,122.01064820323197,134.58889961856264,0.0,0.0,21,False
111131,2,Antofagasta,222.55400912550186,333.8310136882528,166.9155068441264,55.63850228137545,52,16.0,1.0,1.0,32.0,0.0,True,,0.2495416712762603,166.9155068441264,333.8310136882528,83.30474907961474,55.63850228137543,0.0,0.0,21,False
111131,2,Antofagasta,222.55400912550186,333.8310136882528,166.9155068441264,55.63850228137545,53,16.0,1.0,1.0,32.0,0.01,True,,1.2589842877310393,54.591806374501104,333.8310136882528,139.4787498167725,167.96220275100075,0.0,0.0,21,False
111131,2,Antofagasta,222.55400912550186,333.8310136882528,166.9155068441264,55.63850228137545,54,16.0,1.0,1.0,64.0,0.0,True,,0.24954167127626037,166.9155068441264,333.8310136882528,83.30474907961477,55.63850228137546,0.0,0.0,21,False
111131,2,Antofagasta,222.55400912550186,333.8310136882528,166.9155068441264,55.63850228137545,55,16.0,1.0,1.0,64.0,0.01,True,,1.3461638090903698,44.93113973268217,333.8310136882528,144.43031120046714,177.6228693928197,0.0,0.0,21,False
111131,2,Antofagasta,222.55400912550186,333.8310136882528,166.9155068441264,55.63850228137545,56,16.0,1.0,2.0,8.0,0.0,True,,0.4700043433073645,145.4881733974711,333.8310136882528,92.62002602421312,77.06583572803075,21.427333446655304,0.0,21,False
111131,2,Antofagasta,222.55400912550186,333.8310136882528,166.9155068441264,55.63850228137545,57,16.0,1.0,2.0,8.0,0.01,True,,0.970081576760602,90.46744559135166,333.8310136882528,121.4168884591691,132.08656353415017,22.6125490783689,0.0,21,False
111131,2,Antofagasta,222.55400912550186,333.8310136882528,166.9155068441264,55.63850228137545,58,16.0,1.0,2.0,16.0,0.0,True,,0.24954167127626034,166.9155068441264,333.8310136882528,83.30474907961475,55.638502281375445,0.0,0.0,21,False
111131,2,Antofagasta,222.55400912550186,333.8310136882528,166.9155068441264,55.63850228137545,59,16.0,1.0,2.0,16.0,0.01,True,,0.9567314852431844,87.96510950693921,333.8310136882528,122.01064820323197,134.58889961856264,0.0,0.0,21,False
111131,2,Antofagasta,222.55400912550186,333.8310136882528,166.9155068441264,55.63850228137545,60,16.0,1.0,2.0,32.0,0.0,True,,0.2495416712762603,166.9155068441264,333.8310136882528,83.30474907961474,55.63850228137543,0.0,0.0,21,False
111131,2,Antofagasta,222.55400912550186,333.8310136882528,166.9155068441264,55.63850228137545,61,16.0,1.0,2.0,32.0,0.01,True,,1.2589842857470068,54.59180656373868,333.8310136882528,139.47874962753494,167.96220256176318,0.0,0.0,21,False
111131,2,Antofagasta,222.55400912550186,333.8310136882528,166.9155068441264,55.63850228137545,62,16.0,1.0,2.0,64.0,0.0,True,,0.24954167127626037,166.9155068441264,333.8310136882528,83.30474907961477,55.63850228137546,0.0,0.0,21,False
111131,2,Antofagasta,222.55400912550186,333.8310136882528,166.9155068441264,55.63850228137545,63,16.0,1.0,2.0,64.0,0.01,True,,1.3393319106162065,45.582768187837885,333.8310136882528,143.77868274531141,176.97124093766396,0.0,0.0,21,False
111131,2,Antofagasta,222.55400912550186,333.8310136882528,166.9155068441264,55.63850228137545,64,16.0,1.0,4.0,8.0,0.0,True,,0.4574891875989048,146.4904444992428,333.8310136882528,91.44889221290684,76.06356462625905,20.4250623448836,0.0,21,False
111131,2,Antofagasta,222.55400912550186,333.8310136882528,166.9155068441264,55.63850228137545,65,16.0,1.0,4.0,8.0,0.01,True,,0.9615526986335412,91.0990560200782,333.8310136882528,120.4546786012509,131.45495310542367,22.000612876277337,0.0,21,False
111131,2,Antofagasta,222.55400912550186,333.8310136882528,166.9155068441264,55.63850228137545,66,16.0,1.0,4.0,16.0,0.0,True,,0.24403094828892558,166.9155068441264,333.8310136882528,81.46509883859763,55.638502281375445,0.0,0.0,21,False
111131,2,Antofagasta,222.55400912550186,333.8310136882528,166.9155068441264,55.63850228137545,67,16.0,1.0,4.0,16.0,0.01,True,,0.9567314852431844,87.96510950693921,333.8310136882528,122.01064820323197,134.58889961856264,0.0,0.0,21,False
111131,2,Antofagasta,222.55400912550186,333.8310136882528,166.9155068441264,55.63850228137545,68,16.0,1.0,4.0,32.0,0.0,True,,0.2463640804099368,166.9155068441264,333.8310136882528,82.24397069962342,55.63850228137543,0.0,0.0,21,False
111131,2,Antofagasta,222.55400912550186,333.8310136882528,166.9155068441264,55.63850228137545,69,16.0,1.0,4.0,32.0,0.01,True,,1.2589842817177224,54.59180694805302,333.8310136882528,139.4787492432206,167.96220217744883,0.0,0.0,21,False
111131,2,Antofagasta,222.55400912550186,333.8310136882528,166.9155068441264,55.63850228137545,70,16.0,1.0,4.0,64.0,0.0,True,,0.24954167127626037,166.9155068441264,333.8310136882528,83.30474907961477,55.63850228137546,0.0,0.0,21,False
111131,2,Antofagasta,222.55400912550186,333.8310136882528,166.9155068441264,55.63850228137545,71,16.0,1.0,4.0,64.0,0.01,True,,1.3393195953114203,45.583942825175214,333.8310136882528,143.77750810797409,176.97006630032664,0.0,0.0,21,False
111131,2,Antofagasta,222.55400912550186,333.8310136882528,166.9155068441264,55.63850228137545,72,16.0,2.0,1.0,8.0,0.0,True,,0.31444195977276396,160.56198344145326,333.8310136882528,85.90990796904318,61.992025684048585,6.353523402673142,0.0,21,False
111131,2,Antofagasta,222.55400912550186,333.8310136882528,166.9155068441264,55.63850228137545,73,16.0,2.0,1.0,8.0,0.01,True,,0.8353070764867218,102.7429842525312,333.8310136882528,114.11121856898824,119.81102487297066,8.61776607311405,0.0,21,False
111131,2,Antofagasta,222.55400912550186,333.8310136882528,166.9155068441264,55.63850228137545,74,16.0,2.0,1.0,16.0,0.0,True,,0.24954167127626037,166.9155068441264,333.8310136882528,83.30474907961477,55.63850228137545,0.0,0.0,21,False
111131,2,Antofagasta,222.55400912550186,333.8310136882528,166.9155068441264,55.63850228137545,75,16.0,2.0,1.0,16.0,0.01,True,,0.9550405237432233,88.12639390455058,333.8310136882528,121.84936380562058,134.42761522095125,0.0,0.0,21,False
111131,2,Antofagasta,222.55400912550186,333.8310136882528,166.9155068441264,55.63850228137545,76,16.0,2.0,1.0,32.0,0.0,True,,0.2495416712762603,166.9155068441264,333.8310136882528,83.30474907961474,55.63850228137543,0.0,0.0,21,False
111131,2,Antofagasta,222.55400912550186,333.8310136882528,166.9155068441264,55.63850228137545,77,16.0,2.0,1.0,32.0,0.01,True,,1.2587147344729295,54.61751644232903,333.8310136882528,139.45303974894458,167.93649268317282,0.0,0.0,21,False
111131,2,Antofagasta,222.55400912550186,333.8310136882528,166.9155068441264,55.63850228137545,78,16.0,2.0,1.0,64.0,0.0,True,,0.24954167127626037,166.9155068441264,333.8310136882528,83.30474907961477,55.63850228137546,0.0,0.0,21,False
111131,2,Antofagasta,222.55400912550186,333.8310136882528,166.9155068441264,55.63850228137545,79,16.0,2.0,1.0,64.0,0.01,True,,1.338913934631711,45.622634858295484,333.8310136882528,143.73881607485382,176.93137426720637,0.0,0.0,21,False
111131,2,Antofagasta,222.55400912550186,333.8310136882528,166.9155068441264,55.63850228137545,80,16.0,2.0,2.0,8.0,0.0,True,,0.31444195977276396,160.56198344145326,333.8310136882528,85.90990796904318,61.992025684048585,6.353523402673142,0.0,21,False
111131,2,Antofagasta,222.55400912550186,333.8310136882528,166.9155068441264,55.63850228137545,81,16.0,2.0,2.0,8.0,0.01,True,,0.8353070764867218,102.7429842525312,333.8310136882528,114.11121856898824,119.81102487297066,8.61776607311405,0.0,21,False
111131,2,Antofagasta,222.55400912550186,333.8310136882528,166.9155068441264,55.63850228137545,82,16.0,2.0,2.0,16.0,0.0,True,,0.24954167127626037,166.9155068441264,333.8310136882528,83.30474907961477,55.63850228137545,0.0,0.0,21,False
111131,2,Antofagasta,222.55400912550186,333.8310136882528,166.9155068441264,55.63850228137545,83,16.0,2.0,2.0,16.0,0.01,True,,0.9550405237432233,88.12639390455058,333.8310136882528,121.84936380562058,134.42761522095125,0.0,0.0,21,False
111131,2,Antofagasta,222.55400912550186,333.8310136882528,166.9155068441264,55.63850228137545,84,16.0,2.0,2.0,32.0,0.0,True,,0.2495416712762603,166.9155068441264,333.8310136882528,83.30474907961474,55.63850228137543,0.0,0.0,21,False
111131,2,Antofagasta,222.55400912550186,333.8310136882528,166.9155068441264,55.63850228137545,85,16.0,2.0,2.0,32.0,0.01,True,,1.2587147344729295,54.61751644232903,333.8310136882528,139.45303974894458,167.93649268317282,0.0,0.0,21,False
111131,2,Antofagasta,222.55400912550186,333.8310136882528,166.9155068441264,55.63850228137545,86,16.0,2.0,2.0,64.0,0.0,True,,0.24954167127626037,166.9155068441264,333.8310136882528,83.30474907961477,55.63850228137546,0.0,0.0,21,False
111131,2,Antofagasta,222.55400912550186,333.8310136882528,166.9155068441264,55.63850228137545,87,16.0,2.0,2.0,64.0,0.01,True,,1.338913934631711,45.622634858295484,333.8310136882528,143.73881607485382,176.93137426720637,0.0,0.0,21,False
111131,2,Antofagasta,222.55400912550186,333.8310136882528,166.9155068441264,55.63850228137545,88,16.0,2.0,4.0,8.0,0.0,True,,0.32762559624487836,159.2959560160852,333.8310136882528,86.51293242052235,63.25805310941664,7.6195508280411985,0.0,21,False
111131,2,Antofagasta,222.55400912550186,333.8310136882528,166.9155068441264,55.63850228137545,89,16.0,2.0,4.0,8.0,0.01,True,,0.8353509922916278,102.71975526039887,333.8310136882528,114.06780654632611,119.834253865103,8.61776607311405,0.0,21,False
111131,2,Antofagasta,222.55400912550186,333.8310136882528,166.9155068441264,55.63850228137545,90,16.0,2.0,4.0,16.0,0.0,True,,0.24403094828892558,166.9155068441264,333.8310136882528,81.46509883859763,55.638502281375445,0.0,0.0,21,False
111131,2,Antofagasta,222.55400912550186,333.8310136882528,166.9155068441264,55.63850228137545,91,16.0,2.0,4.0,16.0,0.01,True,,0.9550405237432233,88.12639390455058,333.8310136882528,121.84936380562058,134.42761522095125,0.0,0.0,21,False
111131,2,Antofagasta,222.55400912550186,333.8310136882528,166.9155068441264,55.63850228137545,92,16.0,2.0,4.0,32.0,0.0,True,,0.2463640804099368,166.9155068441264,333.8310136882528,82.24397069962342,55.63850228137543,0.0,0.0,21,False
111131,2,Antofagasta,222.55400912550186,333.8310136882528,166.9155068441264,55.63850228137545,93,16.0,2.0,4.0,32.0,0.01,True,,1.2587147304246036,54.617516828459536,333.8310136882528,139.45303936281408,167.93649229704232,0.0,0.0,21,False
111131,2,Antofagasta,222.55400912550186,333.8310136882528,166.9155068441264,55.63850228137545,94,16.0,2.0,4.0,64.0,0.0,True,,0.24954167127626037,166.9155068441264,333.8310136882528,83.30474907961477,55.63850228137546,0.0,0.0,21,False
111131,2,Antofagasta,222.55400912550186,333.8310136882528,166.9155068441264,55.63850228137545,95,16.0,2.0,4.0,64.0,0.01,True,,1.3224325649626505,47.56827881584762,333.8310136882528,143.1009336251409,174.98573030965423,0.0,0.0,21,False
111131,2,Antofagasta,222.55400912550186,333.8310136882528,166.9155068441264,55.63850228137545,96,32.0,1.0,1.0,8.0,0.0,True,,1.2268601091998843,73.70289176229855,333.8310136882528,129.92610866239443,148.85111736320331,93.21261508182786,0.0,11,False
111131,2,Antofagasta,222.55400912550186,333.8310136882528,166.9155068441264,55.63850228137545,97,32.0,1.0,1.0,8.0,0.01,True,,1.5067436244956967,42.017647190801306,333.8310136882528,145.90474500880734,180.53636193470055,89.69671478318102,0.0,11,False
111131,2,Antofagasta,222.55400912550186,333.8310136882528,166.9155068441264,55.63850228137545,98,32.0,1.0,1.0,16.0,0.0,True,,0.5524724897327755,138.05139843200845,333.8310136882528,97.8401260460114,84.50261069349341,28.86410841211796,0.0,11,False
111131,2,Antofagasta,222.55400912550186,333.8310136882528,166.9155068441264,55.63850228137545,99,32.0,1.0,1.0,16.0,0.01,True,,1.3317300702824437,49.943039613270116,333.8310136882528,141.72478324946047,172.61096951223175,20.83369598983025,0.0,11,False
111131,2,Antofagasta,222.55400912550186,333.8310136882528,166.9155068441264,55.63850228137545,100,32.0,1.0,1.0,32.0,0.0,True,,0.24954167127626034,166.9155068441264,333.8310136882528,83.30474907961475,55.638502281375445,0.0,0.0,11,False
111131,2,Antofagasta,222.55400912550186,333.8310136882528,166.9155068441264,55.63850228137545,101,32.0,1.0,1.0,32.0,0.01,True,,1.300551549757498,49.93737902475509,333.8310136882528,141.71912266094546,172.61663010074676,0.0,0.0,11,False
111131,2,Antofagasta,222.55400912550186,333.8310136882528,166.9155068441264,55.63850228137545,102,32.0,1.0,1.0,64.0,0.0,True,,0.24954167127626037,166.9155068441264,333.8310136882528,83.30474907961477,55.63850228137546,0.0,0.0,11,False
111131,2,Antofagasta,222.55400912550186,333.8310136882528,166.9155068441264,55.63850228137545,103,32.0,1.0,1.0,64.0,0.01,True,,1.4450902775917016,33.91225865198945,333.8310136882528,149.90783175913404,188.64175047351242,0.0,0.0,11,False
111131,2,Antofagasta,222.55400912550186,333.8310136882528,166.9155068441264,55.63850228137545,104,32.0,1.0,2.0,8.0,0.0,True,,1.2268601091998843,73.70289176229855,333.8310136882528,129.92610866239443,148.85111736320331,93.21261508182786,0.0,11,False
111131,2,Antofagasta,222.55400912550186,333.8310136882528,166.9155068441264,55.63850228137545,105,32.0,1.0,2.0,8.0,0.01,True,,1.5067436244956967,42.017647190801306,333.8310136882528,145.90474500880734,180.53636193470055,89.69671478318102,0.0,11,False
111131,2,Antofagasta,222.55400912550186,333.8310136882528,166.9155068441264,55.63850228137545,106,32.0,1.0,2.0,16.0,0.0,True,,0.5524724897327755,138.05139843200845,333.8310136882528,97.8401260460114,84.50261069349341,28.86410841211796,0.0,11,False
111131,2,Antofagasta,222.55400912550186,333.8310136882528,166.9155068441264,55.63850228137545,107,32.0,1.0,2.0,16.0,0.01,True,,1.3317300702824437,49.943039613270116,333.8310136882528,141.72478324946047,172.61096951223175,20.83369598983025,0.0,11,False
111131,2,Antofagasta,222.55400912550186,333.8310136882528,166.9155068441264,55.63850228137545,108,32.0,1.0,2.0,32.0,0.0,True,,0.24954167127626034,166.9155068441264,333.8310136882528,83.30474907961475,55.638502281375445,0.0,0.0,11,False
111131,2,Antofagasta,222.55400912550186,333.8310136882528,166.9155068441264,55.63850228137545,109,32.0,1.0,2.0,32.0,0.01,True,,1.300551549757498,49.93737902475509,333.8310136882528,141.71912266094546,172.61663010074676,0.0,0.0,11,False
111131,2,Antofagasta,222.55400912550186,333.8310136882528,166.9155068441264,55.63850228137545,110,32.0,1.0,2.0,64.0,0.0,True,,0.24954167127626037,166.9155068441264,333.8310136882528,83.30474907961477,55.63850228137546,0.0,0.0,11,False
111131,2,Antofagasta,222.55400912550186,333.8310136882528,166.9155068441264,55.63850228137545,111,32.0,1.0,2.0,64.0,0.01,True,,1.4450895061366118,33.91233223359935,333.8310136882528,149.90775817752416,188.6416768919025,0.0,0.0,11,False
111131,2,Antofagasta,222.55400912550186,333.8310136882528,166.9155068441264,55.63850228137545,112,32.0,1.0,4.0,8.0,0.0,True,,1.2268601091998843,73.70289176229855,333.8310136882528,129.92610866239443,148.85111736320331,93.21261508182786,0.0,11,False
111131,2,Antofagasta,222.55400912550186,333.8310136882528,166.9155068441264,55.63850228137545,113,32.0,1.0,4.0,8.0,0.01,True,,1.5067436244956967,42.017647190801306,333.8310136882528,145.90474500880734,180.53636193470055,89.69671478318102,0.0,11,False
111131,2,Antofagasta,222.55400912550186,333.8310136882528,166.9155068441264,55.63850228137545,114,32.0,1.0,4.0,16.0,0.0,True,,0.5524724897327755,138.05139843200845,333.8310136882528,97.8401260460114,84.50261069349341,28.86410841211796,0.0,11,False
111131,2,Antofagasta,222.55400912550186,333.8310136882528,166.9155068441264,55.63850228137545,115,32.0,1.0,4.0,16.0,0.01,True,,1.3317300702824437,49.943039613270116,333.8310136882528,141.72478324946047,172.61096951223175,20.83369598983025,0.0,11,False
111131,2,Antofagasta,222.55400912550186,333.8310136882528,166.9155068441264,55.63850228137545,116,32.0,1.0,4.0,32.0,0.0,True,,0.24954167127626034,166.9155068441264,333.8310136882528,83.30474907961475,55.638502281375445,0.0,0.0,11,False
111131,2,Antofagasta,222.55400912550186,333.8310136882528,166.9155068441264,55.63850228137545,117,32.0,1.0,4.0,32.0,0.01,True,,1.300551549757498,49.93737902475509,333.8310136882528,141.71912266094546,172.61663010074676,0.0,0.0,11,False
111131,2,Antofagasta,222.55400912550186,333.8310136882528,166.9155068441264,55.63850228137545,118,32.0,1.0,4.0,64.0,0.0,True,,0.24954167127626037,166.9155068441264,333.8310136882528,83.30474907961477,55.63850228137546,0.0,0.0,11,False
111131,2,Antofagasta,222.55400912550186,333.8310136882528,166.9155068441264,55.63850228137545,119,32.0,1.0,4.0,64.0,0.01,True,,1.445087939888753,33.912481622773754,333.8310136882528,149.90760878834973,188.64152750272808,0.0,0.0,11,False
111131,2,Antofagasta,222.55400912550186,333.8310136882528,166.9155068441264,55.63850228137545,120,32.0,2.0,1.0,8.0,0.0,True,,1.1360862296677814,82.31322151563265,333.8310136882528,125.45396170177936,140.24078760986922,84.60228532849376,0.0,11,False
111131,2,Antofagasta,222.55400912550186,333.8310136882528,166.9155068441264,55.63850228137545,121,32.0,2.0,1.0,8.0,0.01,True,,1.4468094592939793,47.37819871228106,333.8310136882528,143.1958227757632,175.17581041322077,81.90155060897096,0.0,11,False
111131,2,Antofagasta,222.55400912550186,333.8310136882528,166.9155068441264,55.63850228137545,122,32.0,2.0,1.0,16.0,0.0,True,,0.4073157032788646,151.8775720772511,333.8310136882528,90.86080981610102,70.67643704825078,15.037934766875342,0.0,11,False
111131,2,Antofagasta,222.55400912550186,333.8310136882528,166.9155068441264,55.63850228137545,123,32.0,2.0,1.0,16.0,0.01,True,,1.2763627644351752,54.9271080452103,333.8310136882528,139.14344814606332,167.62690108029153,13.950060683963116,0.0,11,False
111131,2,Antofagasta,222.55400912550186,333.8310136882528,166.9155068441264,55.63850228137545,124,32.0,2.0,1.0,32.0,0.0,True,,0.2495416712762603,166.9155068441264,333.8310136882528,83.30474907961474,55.63850228137543,0.0,0.0,11,False
111131,2,Antofagasta,222.55400912550186,333.8310136882528,166.9155068441264,55.63850228137545,125,32.0,2.0,1.0,32.0,0.01,True,,1.3005117095440057,49.946245623992226,333.8310136882528,141.7279892601826,172.60776350150962,0.0,0.0,11,False
111131,2,Antofagasta,222.55400912550186,333.8310136882528,166.9155068441264,55.63850228137545,126,32.0,2.0,1.0,64.0,0.0,True,,0.24954167127626037,166.9155068441264,333.8310136882528,83.30474907961477,55.63850228137546,0.0,0.0,11,False
111131,2,Antofagasta,222.55400912550186,333.8310136882528,166.9155068441264,55.63850228137545,127,32.0,2.0,1.0,64.0,0.01,True,,1.4450814095773619,33.91310448576558,333.8310136882528,149.90698592535793,188.64090463973628,0.0,0.0,11,False
111131,2,Antofagasta,222.55400912550186,333.8310136882528,166.9155068441264,55.63850228137545,128,32.0,2.0,2.0,8.0,0.0,True,,1.1360862296677814,82.31322151563265,333.8310136882528,125.45396170177936,140.24078760986922,84.60228532849376,0.0,11,False
111131,2,Antofagasta,222.55400912550186,333.8310136882528,166.9155068441264,55.63850228137545,129,32.0,2.0,2.0,8.0,0.01,True,,1.4468094592939793,47.37819871228106,333.8310136882528,143.1958227757632,175.17581041322077,81.90155060897096,0.0,11,False
111131,2,Antofagasta,222.55400912550186,333.8310136882528,166.9155068441264,55.63850228137545,130,32.0,2.0,2.0,16.0,0.0,True,,0.4073157032788646,151.8775720772511,333.8310136882528,90.86080981610102,70.67643704825078,15.037934766875342,0.0,11,False
111131,2,Antofagasta,222.55400912550186,333.8310136882528,166.9155068441264,55.63850228137545,131,32.0,2.0,2.0,16.0,0.01,True,,1.2763627644351752,54.9271080452103,333.8310136882528,139.14344814606332,167.62690108029153,13.950060683963116,0.0,11,False
111131,2,Antofagasta,222.55400912550186,333.8310136882528,166.9155068441264,55.63850228137545,132,32.0,2.0,2.0,32.0,0.0,True,,0.2495416712762603,166.9155068441264,333.8310136882528,83.30474907961474,55.63850228137543,0.0,0.0,11,False
111131,2,Antofagasta,222.55400912550186,333.8310136882528,166.9155068441264,55.63850228137545,133,32.0,2.0,2.0,32.0,0.01,True,,1.3005117095440057,49.946245623992226,333.8310136882528,141.7279892601826,172.60776350150962,0.0,0.0,11,False
111131,2,Antofagasta,222.55400912550186,333.8310136882528,166.9155068441264,55.63850228137545,134,32.0,2.0,2.0,64.0,0.0,True,,0.24954167127626037,166.9155068441264,333.8310136882528,83.30474907961477,55.63850228137546,0.0,0.0,11,False
111131,2,Antofagasta,222.55400912550186,333.8310136882528,166.9155068441264,55.63850228137545,135,32.0,2.0,2.0,64.0,0.01,True,,1.4450814095773619,33.91310448576558,333.8310136882528,149.90698592535793,188.64090463973628,0.0,0.0,11,False
111131,2,Antofagasta,222.55400912550186,333.8310136882528,166.9155068441264,55.63850228137545,136,32.0,2.0,4.0,8.0,0.0,True,,1.1360862296677814,82.31322151563265,333.8310136882528,125.45396170177936,140.24078760986922,84.60228532849376,0.0,11,False
111131,2,Antofagasta,222.55400912550186,333.8310136882528,166.9155068441264,55.63850228137545,137,32.0,2.0,4.0,8.0,0.01,True,,1.4468094592939793,47.37819871228106,333.8310136882528,143.1958227757632,175.17581041322077,81.90155060897096,0.0,11,False
111131,2,Antofagasta,222.55400912550186,333.8310136882528,166.9155068441264,55.63850228137545,138,32.0,2.0,4.0,16.0,0.0,True,,0.4073157032788646,151.8775720772511,333.8310136882528,90.86080981610102,70.67643704825078,15.037934766875342,0.0,11,False
111131,2,Antofagasta,222.55400912550186,333.8310136882528,166.9155068441264,55.63850228137545,139,32.0,2.0,4.0,16.0,0.01,True,,1.2763627644351752,54.9271080452103,333.8310136882528,139.14344814606332,167.62690108029153,13.950060683963116,0.0,11,False
111131,2,Antofagasta,222.55400912550186,333.8310136882528,166.9155068441264,55.63850228137545,140,32.0,2.0,4.0,32.0,0.0,True,,0.2495416712762603,166.9155068441264,333.8310136882528,83.30474907961474,55.63850228137543,0.0,0.0,11,False
111131,2,Antofagasta,222.55400912550186,333.8310136882528,166.9155068441264,55.63850228137545,141,32.0,2.0,4.0,32.0,0.01,True,,1.3005117095440057,49.946245623992226,333.8310136882528,141.7279892601826,172.60776350150962,0.0,0.0,11,False
111131,2,Antofagasta,222.55400912550186,333.8310136882528,166.9155068441264,55.63850228137545,142,32.0,2.0,4.0,64.0,0.0,True,,0.24954167127626037,166.9155068441264,333.8310136882528,83.30474907961477,55.63850228137546,0.0,0.0,11,False
111131,2,Antofagasta,222.55400912550186,333.8310136882528,166.9155068441264,55.63850228137545,143,32.0,2.0,4.0,64.0,0.01,True,,1.445079835458977,33.913254625633066,333.8310136882528,149.90683578549044,188.6407544998688,0.0,0.0,11,False
307529,3,Atacama,5957.464860747752,8936.197291121629,4468.0986455608145,1489.3662151869376,0,8.0,1.0,1.0,8.0,0.0,True,,0.2496198043788872,4468.0986455608145,8936.197291121629,2230.6518197009227,1489.3662151869373,0.0,0.0,1118,False
307529,3,Atacama,5957.464860747752,8936.197291121629,4468.0986455608145,1489.3662151869376,1,8.0,1.0,1.0,8.0,0.01,True,,0.30970079168014786,4289.490483180793,8936.197291121629,2321.0269697203066,1667.9743775669594,0.0,0.0,1118,False
307529,3,Atacama,5957.464860747752,8936.197291121629,4468.0986455608145,1489.3662151869376,2,8.0,1.0,1.0,16.0,0.0,True,,0.249994334777856,4468.0986455608145,8936.197291121629,2233.99869723763,1489.366215186937,0.0,0.0,1118,False
307529,3,Atacama,5957.464860747752,8936.197291121629,4468.0986455608145,1489.3662151869376,3,8.0,1.0,1.0,16.0,0.01,True,,0.3464369603465368,4180.78182329913,8936.197291121629,2377.5369709389233,1776.683037448621,0.0,0.0,1118,False
307529,3,Atacama,5957.464860747752,8936.197291121629,4468.0986455608145,1489.3662151869376,4,8.0,1.0,1.0,32.0,0.0,True,,0.249994334777856,4468.0986455608145,8936.197291121629,2233.99869723763,1489.366215186937,0.0,0.0,1118,False
307529,3,Atacama,5957.464860747752,8936.197291121629,4468.0986455608145,1489.3662151869376,5,8.0,1.0,1.0,32.0,0.01,True,,0.41475613687354757,3977.22096836658,8936.197291121629,2479.1484738198815,1980.243892381172,0.0,0.0,1118,False
307529,3,Atacama,5957.464860747752,8936.197291121629,4468.0986455608145,1489.3662151869376,6,8.0,1.0,1.0,64.0,0.0,True,,0.249994334777856,4468.0986455608145,8936.197291121629,2233.99869723763,1489.366215186937,0.0,0.0,1118,False
307529,3,Atacama,5957.464860747752,8936.197291121629,4468.0986455608145,1489.3662151869376,7,8.0,1.0,1.0,64.0,0.01,True,,0.5395856687436936,3605.381551830327,8936.197291121629,2665.05125702923,2352.083308917425,0.0,0.0,1118,False
307529,3,Atacama,5957.464860747752,8936.197291121629,4468.0986455608145,1489.3662151869376,8,8.0,1.0,2.0,8.0,0.0,True,,0.2486130780917242,4468.0986455608145,8936.197291121629,2221.6555149806754,1489.366215186937,0.0,0.0,1118,False
307529,3,Atacama,5957.464860747752,8936.197291121629,4468.0986455608145,1489.3662151869376,9,8.0,1.0,2.0,8.0,0.01,True,,0.3078996740290823,4290.430453329607,8936.197291121629,2307.2817524178995,1667.0344074181446,0.0,0.0,1118,False
307529,3,Atacama,5957.464860747752,8936.197291121629,4468.0986455608145,1489.3662151869376,10,8.0,1.0,2.0,16.0,0.0,True,,0.24971947245604717,4468.0986455608145,8936.197291121629,2231.542473302051,1489.3662151869373,0.0,0.0,1118,False
307529,3,Atacama,5957.464860747752,8936.197291121629,4468.0986455608145,1489.3662151869376,11,8.0,1.0,2.0,16.0,0.01,True,,0.3458190588496266,4181.761071072721,8936.197291121629,2374.4634006900314,1775.70378967503,0.0,0.0,1118,False
307529,3,Atacama,5957.464860747752,8936.197291121629,4468.0986455608145,1489.3662151869376,12,8.0,1.0,2.0,32.0,0.0,True,,0.249994334777856,4468.0986455608145,8936.197291121629,2233.99869723763,1489.366215186937,0.0,0.0,1118,False
307529,3,Atacama,5957.464860747752,8936.197291121629,4468.0986455608145,1489.3662151869376,13,8.0,1.0,2.0,32.0,0.01,True,,0.41359844537615126,3980.3247438572607,8936.197291121629,2476.562552923596,1977.140116890491,0.0,0.0,1118,False
307529,3,Atacama,5957.464860747752,8936.197291121629,4468.0986455608145,1489.3662151869376,14,8.0,1.0,2.0,64.0,0.0,True,,0.249994334777856,4468.0986455608145,8936.197291121629,2233.99869723763,1489.366215186937,0.0,0.0,1118,False
307529,3,Atacama,5957.464860747752,8936.197291121629,4468.0986455608145,1489.3662151869376,15,8.0,1.0,2.0,64.0,0.01,True,,0.5390256570069947,3607.014243268129,8936.197291121629,2664.1286102592494,2350.4506174796225,0.0,0.0,1118,False
307529,3,Atacama,5957.464860747752,8936.197291121629,4468.0986455608145,1489.3662151869376,16,8.0,1.0,4.0,8.0,0.0,True,,0.23334483901462583,4468.0986455608145,8936.197291121629,2085.2155182997117,1489.366215186937,0.0,0.0,1118,False
307529,3,Atacama,5957.464860747752,8936.197291121629,4468.0986455608145,1489.3662151869376,17,8.0,1.0,4.0,8.0,0.01,True,,0.2923743779741987,4290.9278265193225,8936.197291121629,2169.7880768426758,1666.5370342284289,0.0,0.0,1118,False
307529,3,Atacama,5957.464860747752,8936.197291121629,4468.0986455608145,1489.3662151869376,18,8.0,1.0,4.0,16.0,0.0,True,,0.23871881771036307,4468.0986455608145,8936.197291121629,2133.2384521631043,1489.366215186937,0.0,0.0,1118,False
307529,3,Atacama,5957.464860747752,8936.197291121629,4468.0986455608145,1489.3662151869376,19,8.0,1.0,4.0,16.0,0.01,True,,0.31977646650004515,4222.974830797477,8936.197291121629,2244.776056793806,1734.4900299502747,0.0,0.0,1118,False
307529,3,Atacama,5957.464860747752,8936.197291121629,4468.0986455608145,1489.3662151869376,20,8.0,1.0,4.0,32.0,0.0,True,,0.24149278442618352,4468.0986455608145,8936.197291121629,2158.0271660146805,1489.366215186937,0.0,0.0,1118,False
307529,3,Atacama,5957.464860747752,8936.197291121629,4468.0986455608145,1489.3662151869376,21,8.0,1.0,4.0,32.0,0.01,True,,0.3608799482103409,4110.969614494059,8936.197291121629,2332.0718379504738,1846.495246253693,0.0,0.0,1118,False
307529,3,Atacama,5957.464860747752,8936.197291121629,4468.0986455608145,1489.3662151869376,22,8.0,1.0,4.0,64.0,0.0,True,,0.2428314008786561,4468.0986455608145,8936.197291121629,2169.989306731117,1489.366215186937,0.0,0.0,1118,False
307529,3,Atacama,5957.464860747752,8936.197291121629,4468.0986455608145,1489.3662151869376,23,8.0,1.0,4.0,64.0,0.01,True,,0.41934786061197504,3936.6081367566517,8936.197291121629,2418.6489440279747,2020.8567239911,0.0,0.0,1118,False
307529,3,Atacama,5957.464860747752,8936.197291121629,4468.0986455608145,1489.3662151869376,24,8.0,2.0,1.0,8.0,0.0,True,,0.24775264326699617,4468.0986455608145,8936.197291121629,2213.9664996307542,1489.366215186937,0.0,0.0,1118,False
307529,3,Atacama,5957.464860747752,8936.197291121629,4468.0986455608145,1489.3662151869376,25,8.0,2.0,1.0,8.0,0.01,True,,0.2994141140228576,4311.894211985702,8936.197291121629,2285.112510716862,1645.57064876205,0.0,0.0,1118,False
307529,3,Atacama,5957.464860747752,8936.197291121629,4468.0986455608145,1489.3662151869376,26,8.0,2.0,1.0,16.0,0.0,True,,0.24936702479625653,4468.098645560814,8936.197291121629,2228.392931479366,1489.3662151869373,0.0,0.0,1118,False
307529,3,Atacama,5957.464860747752,8936.197291121629,4468.0986455608145,1489.3662151869376,27,8.0,2.0,1.0,16.0,0.01,True,,0.33743189237216564,4205.456124400505,8936.197291121629,2358.751659653419,1752.008736347246,0.0,0.0,1118,False
307529,3,Atacama,5957.464860747752,8936.197291121629,4468.0986455608145,1489.3662151869376,28,8.0,2.0,1.0,32.0,0.0,True,,0.249994334777856,4468.0986455608145,8936.197291121629,2233.99869723763,1489.366215186937,0.0,0.0,1118,False
307529,3,Atacama,5957.464860747752,8936.197291121629,4468.0986455608145,1489.3662151869376,29,8.0,2.0,1.0,32.0,0.01,True,,0.40651621426665413,4001.604151892318,8936.197291121629,2466.472858555453,1955.8607088554338,0.0,0.0,1118,False
307529,3,Atacama,5957.464860747752,8936.197291121629,4468.0986455608145,1489.3662151869376,30,8.0,2.0,1.0,64.0,0.0,True,,0.24999433477785596,4468.0986455608145,8936.197291121629,2233.99869723763,1489.3662151869373,0.0,0.0,1118,False
307529,3,Atacama,5957.464860747752,8936.197291121629,4468.0986455608145,1489.3662151869376,31,8.0,2.0,1.0,64.0,0.01,True,,0.5329362719837633,3625.1743785721305,8936.197291121629,2655.113002570056,2332.290482175621,0.0,0.0,1118,False
307529,3,Atacama,5957.464860747752,8936.197291121629,4468.0986455608145,1489.3662151869376,32,8.0,2.0,2.0,8.0,0.0,True,,0.24775264326699617,4468.0986455608145,8936.197291121629,2213.9664996307542,1489.366215186937,0.0,0.0,1118,False
307529,3,Atacama,5957.464860747752,8936.197291121629,4468.0986455608145,1489.3662151869376,33,8.0,2.0,2.0,8.0,0.01,True,,0.2994141140228576,4311.894211985702,8936.197291121629,2285.112510716862,1645.57064876205,0.0,0.0,1118,False
307529,3,Atacama,5957.464860747752,8936.197291121629,4468.0986455608145,1489.3662151869376,34,8.0,2.0,2.0,16.0,0.0,True,,0.24936702479625653,4468.098645560814,8936.197291121629,2228.392931479366,1489.3662151869373,0.0,0.0,1118,False
307529,3,Atacama,5957.464860747752,8936.197291121629,4468.0986455608145,1489.3662151869376,35,8.0,2.0,2.0,16.0,0.01,True,,0.33743189237216564,4205.456124400505,8936.197291121629,2358.751659653419,1752.008736347246,0.0,0.0,1118,False
307529,3,Atacama,5957.464860747752,8936.197291121629,4468.0986455608145,1489.3662151869376,36,8.0,2.0,2.0,32.0,0.0,True,,0.249994334777856,4468.0986455608145,8936.197291121629,2233.99869723763,1489.366215186937,0.0,0.0,1118,False
307529,3,Atacama,5957.464860747752,8936.197291121629,4468.0986455608145,1489.3662151869376,37,8.0,2.0,2.0,32.0,0.01,True,,0.40651621426665413,4001.604151892318,8936.197291121629,2466.472858555453,1955.8607088554338,0.0,0.0,1118,False
307529,3,Atacama,5957.464860747752,8936.197291121629,4468.0986455608145,1489.3662151869376,38,8.0,2.0,2.0,64.0,0.0,True,,0.24999433477785596,4468.0986455608145,8936.197291121629,2233.99869723763,1489.3662151869373,0.0,0.0,1118,False
307529,3,Atacama,5957.464860747752,8936.197291121629,4468.0986455608145,1489.3662151869376,39,8.0,2.0,2.0,64.0,0.01,True,,0.5329362719837633,3625.1743785721305,8936.197291121629,2655.113002570056,2332.290482175621,0.0,0.0,1118,False
307529,3,Atacama,5957.464860747752,8936.197291121629,4468.0986455608145,1489.3662151869376,40,8.0,2.0,4.0,8.0,0.0,True,,0.2326832351535873,4468.0986455608145,8936.197291121629,2079.3032956689035,1489.366215186937,0.0,0.0,1118,True
307529,3,Atacama,5957.464860747752,8936.197291121629,4468.0986455608145,1489.3662151869376,41,8.0,2.0,4.0,8.0,0.01,True,,0.2850699823923926,4311.238787792674,8936.197291121629,2155.291960014639,1646.2260729550774,0.0,0.0,1118,False
307529,3,Atacama,5957.464860747752,8936.197291121629,4468.0986455608145,1489.3662151869376,42,8.0,2.0,4.0,16.0,0.0,True,,0.23803019383255034,4468.0986455608145,8936.197291121629,2127.0847733315923,1489.366215186937,0.0,0.0,1118,False
307529,3,Atacama,5957.464860747752,8936.197291121629,4468.0986455608145,1489.3662151869376,43,8.0,2.0,4.0,16.0,0.01,True,,0.3119565537331591,4245.241576561002,8936.197291121629,2230.562637918365,1712.223284186749,0.0,0.0,1118,False
307529,3,Atacama,5957.464860747752,8936.197291121629,4468.0986455608145,1489.3662151869376,44,8.0,2.0,4.0,32.0,0.0,True,,0.24093945832204108,4468.0986455608145,8936.197291121629,2153.082534781736,1489.366215186937,0.0,0.0,1118,False
307529,3,Atacama,5957.464860747752,8936.197291121629,4468.0986455608145,1489.3662151869376,45,8.0,2.0,4.0,32.0,0.01,True,,0.35384022028421513,4129.782225242414,8936.197291121629,2316.194967197682,1827.6826355053383,0.0,0.0,1118,False
307529,3,Atacama,5957.464860747752,8936.197291121629,4468.0986455608145,1489.3662151869376,46,8.0,2.0,4.0,64.0,0.0,True,,0.2420848432463457,4468.0986455608145,8936.197291121629,2163.3179204395983,1489.366215186937,0.0,0.0,1118,False
307529,3,Atacama,5957.464860747752,8936.197291121629,4468.0986455608145,1489.3662151869376,47,8.0,2.0,4.0,64.0,0.01,True,,0.41251466218506894,3955.112880954939,8936.197291121629,2403.8479952514786,2002.3519797928125,0.0,0.0,1118,False
307529,3,Atacama,5957.464860747752,8936.197291121629,4468.0986455608145,1489.3662151869376,48,16.0,1.0,1.0,8.0,0.0,True,,0.5485378664658777,3705.4624821278867,8936.197291121629,2613.93410609123,2252.002378619865,762.6361634329274,0.0,559,False
307529,3,Atacama,5957.464860747752,8936.197291121629,4468.0986455608145,1489.3662151869376,49,16.0,1.0,1.0,8.0,0.01,True,,0.6183912600222735,3496.2967600995808,8936.197291121629,2717.772624276111,2461.1681006481713,757.5779294702704,0.0,559,False
307529,3,Atacama,5957.464860747752,8936.197291121629,4468.0986455608145,1489.3662151869376,50,16.0,1.0,1.0,16.0,0.0,True,,0.249994334777856,4468.0986455608145,8936.197291121629,2233.99869723763,1489.366215186937,0.0,0.0,559,False
307529,3,Atacama,5957.464860747752,8936.197291121629,4468.0986455608145,1489.3662151869376,51,16.0,1.0,1.0,16.0,0.01,True,,0.37981572317151685,4081.4085138310274,8936.197291121629,2427.382907206244,1876.0563469167241,0.0,0.0,559,False
307529,3,Atacama,5957.464860747752,8936.197291121629,4468.0986455608145,1489.3662151869376,52,16.0,1.0,1.0,32.0,0.0,True,,0.249994334777856,4468.0986455608145,8936.197291121629,2233.99869723763,1489.366215186937,0.0,0.0,559,False
307529,3,Atacama,5957.464860747752,8936.197291121629,4468.0986455608145,1489.3662151869376,53,16.0,1.0,1.0,32.0,0.01,True,,0.44530091251548304,3886.3161023649764,8936.197291121629,2524.8404501652535,2071.1487583827757,0.0,0.0,559,False
307529,3,Atacama,5957.464860747752,8936.197291121629,4468.0986455608145,1489.3662151869376,54,16.0,1.0,1.0,64.0,0.0,True,,0.24999433477785596,4468.0986455608145,8936.197291121629,2233.99869723763,1489.3662151869373,0.0,0.0,559,False
307529,3,Atacama,5957.464860747752,8936.197291121629,4468.0986455608145,1489.3662151869376,55,16.0,1.0,1.0,64.0,0.01,True,,0.5667263693239688,3524.587784685842,8936.197291121629,2705.6014941726153,2432.87707606191,0.0,0.0,559,False
307529,3,Atacama,5957.464860747752,8936.197291121629,4468.0986455608145,1489.3662151869376,56,16.0,1.0,2.0,8.0,0.0,True,,0.5485378664658777,3705.4624821278867,8936.197291121629,2613.93410609123,2252.002378619865,762.6361634329274,0.0,559,False
307529,3,Atacama,5957.464860747752,8936.197291121629,4468.0986455608145,1489.3662151869376,57,16.0,1.0,2.0,8.0,0.01,True,,0.6183912600222735,3496.2967600995808,8936.197291121629,2717.772624276111,2461.1681006481713,757.5779294702704,0.0,559,False
307529,3,Atacama,5957.464860747752,8936.197291121629,4468.0986455608145,1489.3662151869376,58,16.0,1.0,2.0,16.0,0.0,True,,0.249994334777856,4468.0986455608145,8936.197291121629,2233.99869723763,1489.366215186937,0.0,0.0,559,False
307529,3,Atacama,5957.464860747752,8936.197291121629,4468.0986455608145,1489.3662151869376,59,16.0,1.0,2.0,16.0,0.01,True,,0.37981572317151685,4081.4085138310274,8936.197291121629,2427.382907206244,1876.0563469167241,0.0,0.0,559,False
307529,3,Atacama,5957.464860747752,8936.197291121629,4468.0986455608145,1489.3662151869376,60,16.0,1.0,2.0,32.0,0.0,True,,0.249994334777856,4468.0986455608145,8936.197291121629,2233.99869723763,1489.366215186937,0.0,0.0,559,False
307529,3,Atacama,5957.464860747752,8936.197291121629,4468.0986455608145,1489.3662151869376,61,16.0,1.0,2.0,32.0,0.01,True,,0.44530091251548304,3886.3161023649764,8936.197291121629,2524.8404501652535,2071.1487583827757,0.0,0.0,559,False
307529,3,Atacama,5957.464860747752,8936.197291121629,4468.0986455608145,1489.3662151869376,62,16.0,1.0,2.0,64.0,0.0,True,,0.24999433477785596,4468.0986455608145,8936.197291121629,2233.99869723763,1489.3662151869373,0.0,0.0,559,False
307529,3,Atacama,5957.464860747752,8936.197291121629,4468.0986455608145,1489.3662151869376,63,16.0,1.0,2.0,64.0,0.01,True,,0.5667263693239688,3524.587784685842,8936.197291121629,2705.6014941726153,2432.87707606191,0.0,0.0,559,False
307529,3,Atacama,5957.464860747752,8936.197291121629,4468.0986455608145,1489.3662151869376,64,16.0,1.0,4.0,8.0,0.0,True,,0.5363921339563161,3733.437485880179,8936.197291121629,2589.322455397476,2224.0273748675727,734.6611596806356,0.0,559,False
307529,3,Atacama,5957.464860747752,8936.197291121629,4468.0986455608145,1489.3662151869376,65,16.0,1.0,4.0,8.0,0.01,True,,0.6055206511335463,3525.903362086024,8936.197291121629,2692.2414827905077,2431.561498661728,726.6446218006347,0.0,559,False
307529,3,Atacama,5957.464860747752,8936.197291121629,4468.0986455608145,1489.3662151869376,66,16.0,1.0,4.0,16.0,0.0,True,,0.2498457553795809,4468.0986455608145,8936.197291121629,2232.670962421248,1489.3662151869373,0.0,0.0,559,False
307529,3,Atacama,5957.464860747752,8936.197291121629,4468.0986455608145,1489.3662151869376,67,16.0,1.0,4.0,16.0,0.01,True,,0.37955155658115486,4082.0117342685517,8936.197291121629,2426.530313530857,1875.4531264791995,0.0,0.0,559,False
307529,3,Atacama,5957.464860747752,8936.197291121629,4468.0986455608145,1489.3662151869376,68,16.0,1.0,4.0,32.0,0.0,True,,0.249994334777856,4468.0986455608145,8936.197291121629,2233.99869723763,1489.366215186937,0.0,0.0,559,False
307529,3,Atacama,5957.464860747752,8936.197291121629,4468.0986455608145,1489.3662151869376,69,16.0,1.0,4.0,32.0,0.01,True,,0.4448794496659928,3887.392180986097,8936.197291121629,2523.764371544133,2070.072679761655,0.0,0.0,559,False
307529,3,Atacama,5957.464860747752,8936.197291121629,4468.0986455608145,1489.3662151869376,70,16.0,1.0,4.0,64.0,0.0,True,,0.24999433477785596,4468.0986455608145,8936.197291121629,2233.99869723763,1489.3662151869373,0.0,0.0,559,False
307529,3,Atacama,5957.464860747752,8936.197291121629,4468.0986455608145,1489.3662151869376,71,16.0,1.0,4.0,64.0,0.01,True,,0.5655097312920319,3528.2395455708975,8936.197291121629,2703.858778899984,2429.2253151768546,0.0,0.0,559,False
307529,3,Atacama,5957.464860747752,8936.197291121629,4468.0986455608145,1489.3662151869376,72,16.0,2.0,1.0,8.0,0.0,True,,0.33361624101195536,4254.111603489366,8936.197291121629,2339.29942299087,1703.3532572583863,213.98704207144897,0.0,559,False
307529,3,Atacama,5957.464860747752,8936.197291121629,4468.0986455608145,1489.3662151869376,73,16.0,2.0,1.0,8.0,0.01,True,,0.41195180087807726,4020.8725668822317,8936.197291121629,2457.102085632845,1936.5922938655203,212.23056950009683,0.0,559,False
307529,3,Atacama,5957.464860747752,8936.197291121629,4468.0986455608145,1489.3662151869376,74,16.0,2.0,1.0,16.0,0.0,True,,0.249994334777856,4468.0986455608145,8936.197291121629,2233.99869723763,1489.366215186937,0.0,0.0,559,False
307529,3,Atacama,5957.464860747752,8936.197291121629,4468.0986455608145,1489.3662151869376,75,16.0,2.0,1.0,16.0,0.01,True,,0.3736487675691841,4099.767713982115,8936.197291121629,2418.1717756359303,1857.697146765636,0.0,0.0,559,False
307529,3,Atacama,5957.464860747752,8936.197291121629,4468.0986455608145,1489.3662151869376,76,16.0,2.0,1.0,32.0,0.0,True,,0.249994334777856,4468.0986455608145,8936.197291121629,2233.99869723763,1489.366215186937,0.0,0.0,559,False
307529,3,Atacama,5957.464860747752,8936.197291121629,4468.0986455608145,1489.3662151869376,77,16.0,2.0,1.0,32.0,0.01,True,,0.44034555829896294,3901.0741520249667,8936.197291121629,2517.4535513890146,2056.3907087227853,0.0,0.0,559,False
307529,3,Atacama,5957.464860747752,8936.197291121629,4468.0986455608145,1489.3662151869376,78,16.0,2.0,1.0,64.0,0.0,True,,0.24999433477785596,4468.0986455608145,8936.197291121629,2233.99869723763,1489.3662151869373,0.0,0.0,559,False
307529,3,Atacama,5957.464860747752,8936.197291121629,4468.0986455608145,1489.3662151869376,79,16.0,2.0,1.0,64.0,0.01,True,,0.5603703534402649,3543.550821148662,8936.197291121629,2696.2104734073837,2413.91403959909,0.0,0.0,559,False
307529,3,Atacama,5957.464860747752,8936.197291121629,4468.0986455608145,1489.3662151869376,80,16.0,2.0,2.0,8.0,0.0,True,,0.33361624101195536,4254.111603489366,8936.197291121629,2339.29942299087,1703.3532572583863,213.98704207144897,0.0,559,False
307529,3,Atacama,5957.464860747752,8936.197291121629,4468.0986455608145,1489.3662151869376,81,16.0,2.0,2.0,8.0,0.01,True,,0.41195180087807726,4020.8725668822317,8936.197291121629,2457.102085632845,1936.5922938655203,212.23056950009683,0.0,559,False
307529,3,Atacama,5957.464860747752,8936.197291121629,4468.0986455608145,1489.3662151869376,82,16.0,2.0,2.0,16.0,0.0,True,,0.249994334777856,4468.0986455608145,8936.197291121629,2233.99869723763,1489.366215186937,0.0,0.0,559,False
307529,3,Atacama,5957.464860747752,8936.197291121629,4468.0986455608145,1489.3662151869376,83,16.0,2.0,2.0,16.0,0.01,True,,0.3736487675691841,4099.767713982115,8936.197291121629,2418.1717756359303,1857.697146765636,0.0,0.0,559,False
307529,3,Atacama,5957.464860747752,8936.197291121629,4468.0986455608145,1489.3662151869376,84,16.0,2.0,2.0,32.0,0.0,True,,0.249994334777856,4468.0986455608145,8936.197291121629,2233.99869723763,1489.366215186937,0.0,0.0,559,False
307529,3,Atacama,5957.464860747752,8936.197291121629,4468.0986455608145,1489.3662151869376,85,16.0,2.0,2.0,32.0,0.01,True,,0.44034555829896294,3901.0741520249667,8936.197291121629,2517.4535513890146,2056.3907087227853,0.0,0.0,559,False
307529,3,Atacama,5957.464860747752,8936.197291121629,4468.0986455608145,1489.3662151869376,86,16.0,2.0,2.0,64.0,0.0,True,,0.24999433477785596,4468.0986455608145,8936.197291121629,2233.99869723763,1489.3662151869373,0.0,0.0,559,False
307529,3,Atacama,5957.464860747752,8936.197291121629,4468.0986455608145,1489.3662151869376,87,16.0,2.0,2.0,64.0,0.01,True,,0.5603703534402649,3543.550821148662,8936.197291121629,2696.2104734073837,2413.91403959909,0.0,0.0,559,False
307529,3,Atacama,5957.464860747752,8936.197291121629,4468.0986455608145,1489.3662151869376,88,16.0,2.0,4.0,8.0,0.0,True,,0.333943077922498,4251.179694507871,8936.197291121629,2333.4243751610165,1706.28516623988,216.91895105294304,0.0,559,False
307529,3,Atacama,5957.464860747752,8936.197291121629,4468.0986455608145,1489.3662151869376,89,16.0,2.0,4.0,8.0,0.01,True,,0.41202603913249014,4019.145884338296,8936.197291121629,2453.076219250551,1938.3189764094548,212.9757049209739,0.0,559,False
307529,3,Atacama,5957.464860747752,8936.197291121629,4468.0986455608145,1489.3662151869376,90,16.0,2.0,4.0,16.0,0.0,True,,0.2498457553795809,4468.0986455608145,8936.197291121629,2232.670962421248,1489.3662151869373,0.0,0.0,559,False
307529,3,Atacama,5957.464860747752,8936.197291121629,4468.0986455608145,1489.3662151869376,91,16.0,2.0,4.0,16.0,0.01,True,,0.3723536896240614,4103.491770291407,8936.197291121629,2415.908844384163,1853.9730904563448,0.0,0.0,559,False
307529,3,Atacama,5957.464860747752,8936.197291121629,4468.0986455608145,1489.3662151869376,92,16.0,2.0,4.0,32.0,0.0,True,,0.249994334777856,4468.0986455608145,8936.197291121629,2233.99869723763,1489.366215186937,0.0,0.0,559,False
307529,3,Atacama,5957.464860747752,8936.197291121629,4468.0986455608145,1489.3662151869376,93,16.0,2.0,4.0,32.0,0.01,True,,0.4392531994604413,3904.313161972198,8936.197291121629,2515.789542163363,2053.151698775554,0.0,0.0,559,False
307529,3,Atacama,5957.464860747752,8936.197291121629,4468.0986455608145,1489.3662151869376,94,16.0,2.0,4.0,64.0,0.0,True,,0.24999433477785596,4468.0986455608145,8936.197291121629,2233.99869723763,1489.3662151869373,0.0,0.0,559,False
307529,3,Atacama,5957.464860747752,8936.197291121629,4468.0986455608145,1489.3662151869376,95,16.0,2.0,4.0,64.0,0.01,True,,0.5596726920152386,3545.5855787423097,8936.197291121629,2695.062927255063,2411.8792820054423,0.0,0.0,559,False
307529,3,Atacama,5957.464860747752,8936.197291121629,4468.0986455608145,1489.3662151869376,96,32.0,1.0,1.0,8.0,0.0,True,,1.2838480995118604,1828.3391258014337,8936.197291121629,3553.441349791394,4129.1257349463185,2639.759519759381,0.0,280,False
307529,3,Atacama,5957.464860747752,8936.197291121629,4468.0986455608145,1489.3662151869376,97,32.0,1.0,1.0,8.0,0.01,True,,1.3336838927911172,1679.9648184958903,8936.197291121629,3627.865168904401,4277.5000422518615,2639.725306811639,0.0,280,False
307529,3,Atacama,5957.464860747752,8936.197291121629,4468.0986455608145,1489.3662151869376,98,32.0,1.0,1.0,16.0,0.0,True,,0.6177340813564733,3529.1515611126733,8936.197291121629,2703.3523711068015,2428.3132996350787,938.9470844481414,0.0,280,False
307529,3,Atacama,5957.464860747752,8936.197291121629,4468.0986455608145,1489.3662151869376,99,32.0,1.0,1.0,16.0,0.01,True,,0.7573761313016757,3112.8678707382005,8936.197291121629,2911.535992949544,2844.5969900095515,936.8992057842694,0.0,280,False
307529,3,Atacama,5957.464860747752,8936.197291121629,4468.0986455608145,1489.3662151869376,100,32.0,1.0,1.0,32.0,0.0,True,,0.249994334777856,4468.0986455608145,8936.197291121629,2233.99869723763,1489.366215186937,0.0,0.0,280,False
307529,3,Atacama,5957.464860747752,8936.197291121629,4468.0986455608145,1489.3662151869376,101,32.0,1.0,1.0,32.0,0.01,True,,0.5073150195469863,3701.52454933882,8936.197291121629,2617.031862866109,2255.940311408932,0.0,0.0,280,False
307529,3,Atacama,5957.464860747752,8936.197291121629,4468.0986455608145,1489.3662151869376,102,32.0,1.0,1.0,64.0,0.0,True,,0.24999433477785596,4468.0986455608145,8936.197291121629,2233.99869723763,1489.3662151869373,0.0,0.0,280,False
307529,3,Atacama,5957.464860747752,8936.197291121629,4468.0986455608145,1489.3662151869376,103,32.0,1.0,1.0,64.0,0.01,True,,0.6187978524730012,3369.4262583575473,8936.197291121629,2783.0187250129475,2588.0386023902047,0.0,0.0,280,False
307529,3,Atacama,5957.464860747752,8936.197291121629,4468.0986455608145,1489.3662151869376,104,32.0,1.0,2.0,8.0,0.0,True,,1.2838480995118604,1828.3391258014337,8936.197291121629,3553.441349791394,4129.1257349463185,2639.759519759381,0.0,280,False
307529,3,Atacama,5957.464860747752,8936.197291121629,4468.0986455608145,1489.3662151869376,105,32.0,1.0,2.0,8.0,0.01,True,,1.3336838927911172,1679.9648184958903,8936.197291121629,3627.865168904401,4277.5000422518615,2639.725306811639,0.0,280,False
307529,3,Atacama,5957.464860747752,8936.197291121629,4468.0986455608145,1489.3662151869376,106,32.0,1.0,2.0,16.0,0.0,True,,0.6177340813564733,3529.1515611126733,8936.197291121629,2703.3523711068015,2428.3132996350787,938.9470844481414,0.0,280,False
307529,3,Atacama,5957.464860747752,8936.197291121629,4468.0986455608145,1489.3662151869376,107,32.0,1.0,2.0,16.0,0.01,True,,0.7573761313016757,3112.8678707382005,8936.197291121629,2911.535992949544,2844.5969900095515,936.8992057842694,0.0,280,False
307529,3,Atacama,5957.464860747752,8936.197291121629,4468.0986455608145,1489.3662151869376,108,32.0,1.0,2.0,32.0,0.0,True,,0.249994334777856,4468.0986455608145,8936.197291121629,2233.99869723763,1489.366215186937,0.0,0.0,280,False
307529,3,Atacama,5957.464860747752,8936.197291121629,4468.0986455608145,1489.3662151869376,109,32.0,1.0,2.0,32.0,0.01,True,,0.5073150195469863,3701.52454933882,8936.197291121629,2617.031862866109,2255.940311408932,0.0,0.0,280,False
307529,3,Atacama,5957.464860747752,8936.197291121629,4468.0986455608145,1489.3662151869376,110,32.0,1.0,2.0,64.0,0.0,True,,0.24999433477785596,4468.0986455608145,8936.197291121629,2233.99869723763,1489.3662151869373,0.0,0.0,280,False
307529,3,Atacama,5957.464860747752,8936.197291121629,4468.0986455608145,1489.3662151869376,111,32.0,1.0,2.0,64.0,0.01,True,,0.6187978524730012,3369.4262583575473,8936.197291121629,2783.0187250129475,2588.0386023902047,0.0,0.0,280,False
307529,3,Atacama,5957.464860747752,8936.197291121629,4468.0986455608145,1489.3662151869376,112,32.0,1.0,4.0,8.0,0.0,True,,1.279574318747457,1838.283362378229,8936.197291121629,3545.0827114320737,4119.181498369523,2629.8152831825855,0.0,280,False
307529,3,Atacama,5957.464860747752,8936.197291121629,4468.0986455608145,1489.3662151869376,113,32.0,1.0,4.0,8.0,0.01,True,,1.3313772247285138,1685.3653012008774,8936.197291121629,3623.479568284607,4272.099559546875,2634.273239791054,0.0,280,False
307529,3,Atacama,5957.464860747752,8936.197291121629,4468.0986455608145,1489.3662151869376,114,32.0,1.0,4.0,16.0,0.0,True,,0.6177340813564733,3529.1515611126733,8936.197291121629,2703.3523711068015,2428.3132996350787,938.9470844481414,0.0,280,False
307529,3,Atacama,5957.464860747752,8936.197291121629,4468.0986455608145,1489.3662151869376,115,32.0,1.0,4.0,16.0,0.01,True,,0.7573761313016757,3112.8678707382005,8936.197291121629,2911.535992949544,2844.5969900095515,936.8992057842694,0.0,280,False
307529,3,Atacama,5957.464860747752,8936.197291121629,4468.0986455608145,1489.3662151869376,116,32.0,1.0,4.0,32.0,0.0,True,,0.249994334777856,4468.0986455608145,8936.197291121629,2233.99869723763,1489.366215186937,0.0,0.0,280,False
307529,3,Atacama,5957.464860747752,8936.197291121629,4468.0986455608145,1489.3662151869376,117,32.0,1.0,4.0,32.0,0.01,True,,0.5073150195469863,3701.52454933882,8936.197291121629,2617.031862866109,2255.940311408932,0.0,0.0,280,False
307529,3,Atacama,5957.464860747752,8936.197291121629,4468.0986455608145,1489.3662151869376,118,32.0,1.0,4.0,64.0,0.0,True,,0.24999433477785596,4468.0986455608145,8936.197291121629,2233.99869723763,1489.3662151869373,0.0,0.0,280,False
307529,3,Atacama,5957.464860747752,8936.197291121629,4468.0986455608145,1489.3662151869376,119,32.0,1.0,4.0,64.0,0.01,True,,0.6187978524730012,3369.4262583575473,8936.197291121629,2783.0187250129475,2588.0386023902047,0.0,0.0,280,False
307529,3,Atacama,5957.464860747752,8936.197291121629,4468.0986455608145,1489.3662151869376,120,32.0,2.0,1.0,8.0,0.0,True,,1.1625465717802188,2137.840545317278,8936.197291121629,3397.971224814518,3819.624315430474,2330.2581002435363,0.0,280,False
307529,3,Atacama,5957.464860747752,8936.197291121629,4468.0986455608145,1489.3662151869376,121,32.0,2.0,1.0,8.0,0.01,True,,1.2140259068633632,1982.5168745497658,8936.197291121629,3475.6169023606085,3974.947986197986,2318.4073807512714,0.0,280,False
307529,3,Atacama,5957.464860747752,8936.197291121629,4468.0986455608145,1489.3662151869376,122,32.0,2.0,1.0,16.0,0.0,True,,0.4836521760333691,3871.4329359158446,8936.197291121629,2532.0141363795647,2086.0319248319074,596.66570964497,0.0,280,False
307529,3,Atacama,5957.464860747752,8936.197291121629,4468.0986455608145,1489.3662151869376,123,32.0,2.0,1.0,16.0,0.01,True,,0.6311065297069538,3430.0714578229868,8936.197291121629,2752.5181182539845,2527.3934029247653,584.2127471557976,0.0,280,False
307529,3,Atacama,5957.464860747752,8936.197291121629,4468.0986455608145,1489.3662151869376,124,32.0,2.0,1.0,32.0,0.0,True,,0.249994334777856,4468.0986455608145,8936.197291121629,2233.99869723763,1489.366215186937,0.0,0.0,280,False
307529,3,Atacama,5957.464860747752,8936.197291121629,4468.0986455608145,1489.3662151869376,125,32.0,2.0,1.0,32.0,0.01,True,,0.5018187348605789,3717.885019191785,8936.197291121629,2608.8171531726152,2239.579841555967,0.0,0.0,280,False
307529,3,Atacama,5957.464860747752,8936.197291121629,4468.0986455608145,1489.3662151869376,126,32.0,2.0,1.0,64.0,0.0,True,,0.24999433477785596,4468.0986455608145,8936.197291121629,2233.99869723763,1489.3662151869373,0.0,0.0,280,False
307529,3,Atacama,5957.464860747752,8936.197291121629,4468.0986455608145,1489.3662151869376,127,32.0,2.0,1.0,64.0,0.01,True,,0.610990655744337,3392.7697022827065,8936.197291121629,2771.6106845679024,2564.6951584650456,0.0,0.0,280,False
307529,3,Atacama,5957.464860747752,8936.197291121629,4468.0986455608145,1489.3662151869376,128,32.0,2.0,2.0,8.0,0.0,True,,1.1625465717802188,2137.840545317278,8936.197291121629,3397.971224814518,3819.624315430474,2330.2581002435363,0.0,280,False
307529,3,Atacama,5957.464860747752,8936.197291121629,4468.0986455608145,1489.3662151869376,129,32.0,2.0,2.0,8.0,0.01,True,,1.2140259068633632,1982.5168745497658,8936.197291121629,3475.6169023606085,3974.947986197986,2318.4073807512714,0.0,280,False
307529,3,Atacama,5957.464860747752,8936.197291121629,4468.0986455608145,1489.3662151869376,130,32.0,2.0,2.0,16.0,0.0,True,,0.4836521760333691,3871.4329359158446,8936.197291121629,2532.0141363795647,2086.0319248319074,596.66570964497,0.0,280,False
307529,3,Atacama,5957.464860747752,8936.197291121629,4468.0986455608145,1489.3662151869376,131,32.0,2.0,2.0,16.0,0.01,True,,0.6311065297069538,3430.0714578229868,8936.197291121629,2752.5181182539845,2527.3934029247653,584.2127471557976,0.0,280,False
307529,3,Atacama,5957.464860747752,8936.197291121629,4468.0986455608145,1489.3662151869376,132,32.0,2.0,2.0,32.0,0.0,True,,0.249994334777856,4468.0986455608145,8936.197291121629,2233.99869723763,1489.366215186937,0.0,0.0,280,False
307529,3,Atacama,5957.464860747752,8936.197291121629,4468.0986455608145,1489.3662151869376,133,32.0,2.0,2.0,32.0,0.01,True,,0.5018187348605789,3717.885019191785,8936.197291121629,2608.8171531726152,2239.579841555967,0.0,0.0,280,False
307529,3,Atacama,5957.464860747752,8936.197291121629,4468.0986455608145,1489.3662151869376,134,32.0,2.0,2.0,64.0,0.0,True,,0.24999433477785596,4468.0986455608145,8936.197291121629,2233.99869723763,1489.3662151869373,0.0,0.0,280,False
307529,3,Atacama,5957.464860747752,8936.197291121629,4468.0986455608145,1489.3662151869376,135,32.0,2.0,2.0,64.0,0.01,True,,0.610990655744337,3392.7697022827065,8936.197291121629,2771.6106845679024,2564.6951584650456,0.0,0.0,280,False
307529,3,Atacama,5957.464860747752,8936.197291121629,4468.0986455608145,1489.3662151869376,136,32.0,2.0,4.0,8.0,0.0,True,,1.1625465717802188,2137.840545317278,8936.197291121629,3397.971224814518,3819.624315430474,2330.2581002435363,0.0,280,False
307529,3,Atacama,5957.464860747752,8936.197291121629,4468.0986455608145,1489.3662151869376,137,32.0,2.0,4.0,8.0,0.01,True,,1.2140259068633632,1982.5168745497658,8936.197291121629,3475.6169023606085,3974.947986197986,2318.4073807512714,0.0,280,False
307529,3,Atacama,5957.464860747752,8936.197291121629,4468.0986455608145,1489.3662151869376,138,32.0,2.0,4.0,16.0,0.0,True,,0.4836521760333691,3871.4329359158446,8936.197291121629,2532.0141363795647,2086.0319248319074,596.66570964497,0.0,280,False
307529,3,Atacama,5957.464860747752,8936.197291121629,4468.0986455608145,1489.3662151869376,139,32.0,2.0,4.0,16.0,0.01,True,,0.6311065297069538,3430.0714578229868,8936.197291121629,2752.5181182539845,2527.3934029247653,584.2127471557976,0.0,280,False
307529,3,Atacama,5957.464860747752,8936.197291121629,4468.0986455608145,1489.3662151869376,140,32.0,2.0,4.0,32.0,0.0,True,,0.249994334777856,4468.0986455608145,8936.197291121629,2233.99869723763,1489.366215186937,0.0,0.0,280,False
307529,3,Atacama,5957.464860747752,8936.197291121629,4468.0986455608145,1489.3662151869376,141,32.0,2.0,4.0,32.0,0.01,True,,0.5018187348605789,3717.885019191785,8936.197291121629,2608.8171531726152,2239.579841555967,0.0,0.0,280,False
307529,3,Atacama,5957.464860747752,8936.197291121629,4468.0986455608145,1489.3662151869376,142,32.0,2.0,4.0,64.0,0.0,True,,0.24999433477785596,4468.0986455608145,8936.197291121629,2233.99869723763,1489.3662151869373,0.0,0.0,280,False
307529,3,Atacama,5957.464860747752,8936.197291121629,4468.0986455608145,1489.3662151869376,143,32.0,2.0,4.0,64.0,0.01,True,,0.610990655744337,3392.7697022827065,8936.197291121629,2771.6106845679024,2564.6951584650456,0.0,0.0,280,False
529140,4,Coquimbo,6285.901690791,9428.8525361865,4714.42626809325,1571.4754226977511,0,8.0,1.0,1.0,8.0,0.0,True,,0.24561002936590207,4714.42626809325,9428.8525361865,2315.8207482995263,1571.475422697751,0.0,0.0,1179,False
529140,4,Coquimbo,6285.901690791,9428.8525361865,4714.42626809325,1571.4754226977511,1,8.0,1.0,1.0,8.0,0.01,True,,0.2996577916681558,4545.979209488612,9428.8525361865,2404.311482446741,1739.9224813023895,0.0,0.0,1179,False
529140,4,Coquimbo,6285.901690791,9428.8525361865,4714.42626809325,1571.4754226977511,2,8.0,1.0,1.0,16.0,0.0,True,,0.2499686357030379,4714.42626809325,9428.8525361865,2356.917404715668,1571.475422697751,0.0,0.0,1179,False
529140,4,Coquimbo,6285.901690791,9428.8525361865,4714.42626809325,1571.4754226977511,3,8.0,1.0,1.0,16.0,0.01,True,,0.3359340805577829,4444.213210756377,9428.8525361865,2491.940264116549,1841.6884800346234,0.0,0.0,1179,False
529140,4,Coquimbo,6285.901690791,9428.8525361865,4714.42626809325,1571.4754226977511,4,8.0,1.0,1.0,32.0,0.0,True,,0.24996863570303793,4714.42626809325,9428.8525361865,2356.917404715668,1571.4754226977507,0.0,0.0,1179,False
529140,4,Coquimbo,6285.901690791,9428.8525361865,4714.42626809325,1571.4754226977511,5,8.0,1.0,1.0,32.0,0.01,True,,0.4023243388943473,4235.5350757209035,9428.8525361865,2596.2288822226587,2050.3666150700965,0.0,0.0,1179,False
529140,4,Coquimbo,6285.901690791,9428.8525361865,4714.42626809325,1571.4754226977511,6,8.0,1.0,1.0,64.0,0.0,True,,0.2499686357030379,4714.42626809325,9428.8525361865,2356.917404715668,1571.475422697751,0.0,0.0,1179,False
529140,4,Coquimbo,6285.901690791,9428.8525361865,4714.42626809325,1571.4754226977511,7,8.0,1.0,1.0,64.0,0.01,True,,0.522457406829955,3857.8695131569325,9428.8525361865,2784.781958097251,2428.032177634068,0.0,0.0,1179,False
529140,4,Coquimbo,6285.901690791,9428.8525361865,4714.42626809325,1571.4754226977511,8,8.0,1.0,2.0,8.0,0.0,True,,0.2338482554892556,4714.42626809325,9428.8525361865,2204.9207168526564,1571.475422697751,0.0,0.0,1179,False
529140,4,Coquimbo,6285.901690791,9428.8525361865,4714.42626809325,1571.4754226977511,9,8.0,1.0,2.0,8.0,0.01,True,,0.2862878387700007,4546.039517781392,9428.8525361865,2278.3989388862274,1739.8621730096088,0.0,0.0,1179,False
529140,4,Coquimbo,6285.901690791,9428.8525361865,4714.42626809325,1571.4754226977511,10,8.0,1.0,2.0,16.0,0.0,True,,0.24272336434511466,4714.42626809325,9428.8525361865,2288.602809497154,1571.4754226977507,0.0,0.0,1179,False
529140,4,Coquimbo,6285.901690791,9428.8525361865,4714.42626809325,1571.4754226977511,11,8.0,1.0,2.0,16.0,0.01,True,,0.32444447127502035,4456.527194562541,9428.8525361865,2414.391392006391,1829.3744962284604,0.0,0.0,1179,False
529140,4,Coquimbo,6285.901690791,9428.8525361865,4714.42626809325,1571.4754226977511,12,8.0,1.0,2.0,32.0,0.0,True,,0.24779295726868392,4714.42626809325,9428.8525361865,2336.4032535919832,1571.475422697751,0.0,0.0,1179,False
529140,4,Coquimbo,6285.901690791,9428.8525361865,4714.42626809325,1571.4754226977511,13,8.0,1.0,2.0,32.0,0.01,True,,0.3907203344028354,4266.030252673776,9428.8525361865,2563.0543774251273,2019.8714381172247,0.0,0.0,1179,False
529140,4,Coquimbo,6285.901690791,9428.8525361865,4714.42626809325,1571.4754226977511,14,8.0,1.0,2.0,64.0,0.0,True,,0.24937541298997817,4714.42626809325,9428.8525361865,2351.3239952331114,1571.475422697751,0.0,0.0,1179,False
529140,4,Coquimbo,6285.901690791,9428.8525361865,4714.42626809325,1571.4754226977511,15,8.0,1.0,2.0,64.0,0.01,True,,0.5016141463739372,3921.1435299584373,9428.8525361865,2746.438970887893,2364.758160832563,0.0,0.0,1179,False
529140,4,Coquimbo,6285.901690791,9428.8525361865,4714.42626809325,1571.4754226977511,16,8.0,1.0,4.0,8.0,0.0,True,,0.3582185440213421,4397.326400894674,8800.0,2269.077091662316,1888.575289896326,0.0,2.673599105325564,1100,False
529140,4,Coquimbo,6285.901690791,9428.8525361865,4714.42626809325,1571.4754226977511,17,8.0,1.0,4.0,8.0,0.01,True,,0.3607683003063412,4348.335015982689,9032.0,2287.0483185197395,1937.5666748083117,0.0,1.8567728594920252,1129,False
529140,4,Coquimbo,6285.901690791,9428.8525361865,4714.42626809325,1571.4754226977511,18,8.0,1.0,4.0,16.0,0.0,True,,0.26090169754996817,4630.600847806478,9272.0,2169.3142377324407,1655.3008429845218,0.0,5.399152193521506,1159,False
529140,4,Coquimbo,6285.901690791,9428.8525361865,4714.42626809325,1571.4754226977511,19,8.0,1.0,4.0,16.0,0.01,True,,0.29667867206701587,4490.689304174146,9428.8525361865,2237.997039753766,1795.212386616855,0.0,0.0,1179,False
529140,4,Coquimbo,6285.901690791,9428.8525361865,4714.42626809325,1571.4754226977511,20,8.0,1.0,4.0,32.0,0.0,True,,0.2368433435184165,4690.888474193189,9400.0,2155.334444465704,1595.0132165978118,0.0,9.111525806811422,1175,False
529140,4,Coquimbo,6285.901690791,9428.8525361865,4714.42626809325,1571.4754226977511,21,8.0,1.0,4.0,32.0,0.01,True,,0.3254828178849318,4402.6729393294845,9428.8525361865,2289.546170990055,1883.2287514615155,0.0,0.0,1179,False
529140,4,Coquimbo,6285.901690791,9428.8525361865,4714.42626809325,1571.4754226977511,22,8.0,1.0,4.0,64.0,0.0,True,,0.22796518983530112,4714.42626809325,9428.8525361865,2149.4501583408155,1571.4754226977507,0.0,0.0,1179,False
529140,4,Coquimbo,6285.901690791,9428.8525361865,4714.42626809325,1571.4754226977511,23,8.0,1.0,4.0,64.0,0.01,True,,0.35302829552486265,4317.134465310188,9428.8525361865,2335.4222326475438,1968.7672254808117,0.0,0.0,1179,False
529140,4,Coquimbo,6285.901690791,9428.8525361865,4714.42626809325,1571.4754226977511,24,8.0,2.0,1.0,8.0,0.0,True,,0.21421076867600022,4714.42626809325,9428.8525361865,2019.761749509164,1571.4754226977507,0.0,0.0,1179,True
529140,4,Coquimbo,6285.901690791,9428.8525361865,4714.42626809325,1571.4754226977511,25,8.0,2.0,1.0,8.0,0.01,True,,0.25903196935918804,4567.4545276887175,9428.8525361865,2074.9448902344334,1718.447163102283,0.0,0.0,1179,False
529140,4,Coquimbo,6285.901690791,9428.8525361865,4714.42626809325,1571.4754226977511,26,8.0,2.0,1.0,16.0,0.0,True,,0.2318211346642069,4714.42626809325,9428.8525361865,2185.807293520239,1571.4754226977507,0.0,0.0,1179,False
529140,4,Coquimbo,6285.901690791,9428.8525361865,4714.42626809325,1571.4754226977511,27,8.0,2.0,1.0,16.0,0.01,True,,0.3058554708560864,4478.399004019793,9428.8525361865,2293.797971904285,1807.502686771207,0.0,0.0,1179,False
529140,4,Coquimbo,6285.901690791,9428.8525361865,4714.42626809325,1571.4754226977511,28,8.0,2.0,1.0,32.0,0.0,True,,0.24528318587424183,4714.42626809325,9428.8525361865,2312.7389892142496,1571.4754226977511,0.0,0.0,1179,False
529140,4,Coquimbo,6285.901690791,9428.8525361865,4714.42626809325,1571.4754226977511,29,8.0,2.0,1.0,32.0,0.01,True,,0.3800260502783754,4290.528771927332,9428.8525361865,2523.4658475694036,1995.3729188636685,0.0,0.0,1179,False
529140,4,Coquimbo,6285.901690791,9428.8525361865,4714.42626809325,1571.4754226977511,30,8.0,2.0,1.0,64.0,0.0,True,,0.24870377966747456,4714.42626809325,9428.8525361865,2344.991263676836,1571.475422697751,0.0,0.0,1179,False
529140,4,Coquimbo,6285.901690791,9428.8525361865,4714.42626809325,1571.4754226977511,31,8.0,2.0,1.0,64.0,0.01,True,,0.4940576077886207,3942.647615667617,9428.8525361865,2728.94969715589,2343.2540751233832,0.0,0.0,1179,False
529140,4,Coquimbo,6285.901690791,9428.8525361865,4714.42626809325,1571.4754226977511,32,8.0,2.0,2.0,8.0,0.0,True,,0.21421076867600022,4714.42626809325,9428.8525361865,2019.761749509164,1571.4754226977507,0.0,0.0,1179,False
529140,4,Coquimbo,6285.901690791,9428.8525361865,4714.42626809325,1571.4754226977511,33,8.0,2.0,2.0,8.0,0.01,True,,0.25903196935918804,4567.4545276887175,9428.8525361865,2074.9448902344334,1718.447163102283,0.0,0.0,1179,False
529140,4,Coquimbo,6285.901690791,9428.8525361865,4714.42626809325,1571.4754226977511,34,8.0,2.0,2.0,16.0,0.0,True,,0.2318211346642069,4714.42626809325,9428.8525361865,2185.807293520239,1571.4754226977507,0.0,0.0,1179,False
529140,4,Coquimbo,6285.901690791,9428.8525361865,4714.42626809325,1571.4754226977511,35,8.0,2.0,2.0,16.0,0.01,True,,0.3058554708560864,4478.399004019793,9428.8525361865,2293.797971904285,1807.502686771207,0.0,0.0,1179,False
529140,4,Coquimbo,6285.901690791,9428.8525361865,4714.42626809325,1571.4754226977511,36,8.0,2.0,2.0,32.0,0.0,True,,0.24528318587424183,4714.42626809325,9428.8525361865,2312.7389892142496,1571.4754226977511,0.0,0.0,1179,False
529140,4,Coquimbo,6285.901690791,9428.8525361865,4714.42626809325,1571.4754226977511,37,8.0,2.0,2.0,32.0,0.01,True,,0.3800260502783754,4290.528771927332,9428.8525361865,2523.4658475694036,1995.3729188636685,0.0,0.0,1179,False
529140,4,Coquimbo,6285.901690791,9428.8525361865,4714.42626809325,1571.4754226977511,38,8.0,2.0,2.0,64.0,0.0,True,,0.24870377966747456,4714.42626809325,9428.8525361865,2344.991263676836,1571.475422697751,0.0,0.0,1179,False
529140,4,Coquimbo,6285.901690791,9428.8525361865,4714.42626809325,1571.4754226977511,39,8.0,2.0,2.0,64.0,0.01,True,,0.4940576077886207,3942.647615667617,9428.8525361865,2728.94969715589,2343.2540751233832,0.0,0.0,1179,False
529140,4,Coquimbo,6285.901690791,9428.8525361865,4714.42626809325,1571.4754226977511,40,8.0,2.0,4.0,8.0,0.0,True,,0.3443133480743065,4397.326400894674,8800.0,2137.9670495909395,1888.575289896326,0.0,2.673599105325566,1100,False
529140,4,Coquimbo,6285.901690791,9428.8525361865,4714.42626809325,1571.4754226977511,41,8.0,2.0,4.0,8.0,0.01,True,,0.34573226337777163,4358.316878926369,9008.0,2157.5491666478656,1927.5848118646309,0.0,3.2192414653697052,1126,False
529140,4,Coquimbo,6285.901690791,9428.8525361865,4714.42626809325,1571.4754226977511,42,8.0,2.0,4.0,16.0,0.0,True,,0.24749565216958713,4630.600847806478,9272.0,2042.9106127474035,1655.3008429845218,0.0,5.3991521935215046,1159,False
529140,4,Coquimbo,6285.901690791,9428.8525361865,4714.42626809325,1571.4754226977511,43,8.0,2.0,4.0,16.0,0.01,True,,0.27726180408340234,4509.397739992517,9428.8525361865,2101.6893443676004,1776.5039507984839,0.0,0.0,1179,False
529140,4,Coquimbo,6285.901690791,9428.8525361865,4714.42626809325,1571.4754226977511,44,8.0,2.0,4.0,32.0,0.0,True,,0.22342024462663523,4690.888474193189,9400.0,2028.77002443645,1595.0132165978118,0.0,9.11152580681142,1175,False
529140,4,Coquimbo,6285.901690791,9428.8525361865,4714.42626809325,1571.4754226977511,45,8.0,2.0,4.0,32.0,0.01,True,,0.30673460680281706,4419.670197133193,9428.8525361865,2155.2651978887693,1866.2314936578068,0.0,0.0,1179,False
529140,4,Coquimbo,6285.901690791,9428.8525361865,4714.42626809325,1571.4754226977511,46,8.0,2.0,4.0,64.0,0.0,True,,0.21461877897937673,4714.42626809325,9428.8525361865,2023.6088184929458,1571.4754226977507,0.0,0.0,1179,False
529140,4,Coquimbo,6285.901690791,9428.8525361865,4714.42626809325,1571.4754226977511,47,8.0,2.0,4.0,64.0,0.01,True,,0.33469375092895515,4332.799853059598,9428.8525361865,2201.711984708122,1953.1018377314017,0.0,0.0,1179,False
529140,4,Coquimbo,6285.901690791,9428.8525361865,4714.42626809325,1571.4754226977511,48,16.0,1.0,1.0,8.0,0.0,True,,0.4971012455715114,4044.034940364079,9428.8525361865,2675.920356860901,2241.866750426922,670.391327729171,0.0,590,False
529140,4,Coquimbo,6285.901690791,9428.8525361865,4714.42626809325,1571.4754226977511,49,16.0,1.0,1.0,8.0,0.01,True,,0.5687938535597714,3820.713493635326,9428.8525361865,2789.715845866142,2465.188197155675,678.1511733867821,0.0,590,False
529140,4,Coquimbo,6285.901690791,9428.8525361865,4714.42626809325,1571.4754226977511,50,16.0,1.0,1.0,16.0,0.0,True,,0.2499686357030379,4714.42626809325,9428.8525361865,2356.917404715668,1571.475422697751,0.0,0.0,590,False
529140,4,Coquimbo,6285.901690791,9428.8525361865,4714.42626809325,1571.4754226977511,51,16.0,1.0,1.0,16.0,0.01,True,,0.36722667239517864,4345.811936402859,9428.8525361865,2540.9903121426323,1940.0897543881415,0.0,0.0,590,False
529140,4,Coquimbo,6285.901690791,9428.8525361865,4714.42626809325,1571.4754226977511,52,16.0,1.0,1.0,32.0,0.0,True,,0.24996863570303793,4714.42626809325,9428.8525361865,2356.917404715668,1571.4754226977507,0.0,0.0,590,False
529140,4,Coquimbo,6285.901690791,9428.8525361865,4714.42626809325,1571.4754226977511,53,16.0,1.0,1.0,32.0,0.01,True,,0.4330467478447219,4139.074089441523,9428.8525361865,2644.7534800737053,2146.827601349477,0.0,0.0,590,False
529140,4,Coquimbo,6285.901690791,9428.8525361865,4714.42626809325,1571.4754226977511,54,16.0,1.0,1.0,64.0,0.0,True,,0.24996863570303793,4714.42626809325,9428.8525361865,2356.917404715668,1571.4754226977507,0.0,0.0,590,False
529140,4,Coquimbo,6285.901690791,9428.8525361865,4714.42626809325,1571.4754226977511,55,16.0,1.0,1.0,64.0,0.01,True,,0.5490624386778428,3774.29894365602,9428.8525361865,2826.7104563592493,2511.60274713498,0.0,0.0,590,False
529140,4,Coquimbo,6285.901690791,9428.8525361865,4714.42626809325,1571.4754226977511,56,16.0,1.0,2.0,8.0,0.0,True,,0.4971012455715114,4044.034940364079,9428.8525361865,2675.920356860901,2241.866750426922,670.391327729171,0.0,590,False
529140,4,Coquimbo,6285.901690791,9428.8525361865,4714.42626809325,1571.4754226977511,57,16.0,1.0,2.0,8.0,0.01,True,,0.5687938535597714,3820.713493635326,9428.8525361865,2789.715845866142,2465.188197155675,678.1511733867821,0.0,590,False
529140,4,Coquimbo,6285.901690791,9428.8525361865,4714.42626809325,1571.4754226977511,58,16.0,1.0,2.0,16.0,0.0,True,,0.2499686357030379,4714.42626809325,9428.8525361865,2356.917404715668,1571.475422697751,0.0,0.0,590,False
529140,4,Coquimbo,6285.901690791,9428.8525361865,4714.42626809325,1571.4754226977511,59,16.0,1.0,2.0,16.0,0.01,True,,0.36722667239517864,4345.811936402859,9428.8525361865,2540.9903121426323,1940.0897543881415,0.0,0.0,590,False
529140,4,Coquimbo,6285.901690791,9428.8525361865,4714.42626809325,1571.4754226977511,60,16.0,1.0,2.0,32.0,0.0,True,,0.24996863570303793,4714.42626809325,9428.8525361865,2356.917404715668,1571.4754226977507,0.0,0.0,590,False
529140,4,Coquimbo,6285.901690791,9428.8525361865,4714.42626809325,1571.4754226977511,61,16.0,1.0,2.0,32.0,0.01,True,,0.4330467478447219,4139.074089441523,9428.8525361865,2644.7534800737053,2146.827601349477,0.0,0.0,590,False
529140,4,Coquimbo,6285.901690791,9428.8525361865,4714.42626809325,1571.4754226977511,62,16.0,1.0,2.0,64.0,0.0,True,,0.24996863570303793,4714.42626809325,9428.8525361865,2356.917404715668,1571.4754226977507,0.0,0.0,590,False
529140,4,Coquimbo,6285.901690791,9428.8525361865,4714.42626809325,1571.4754226977511,63,16.0,1.0,2.0,64.0,0.01,True,,0.5490624386778428,3774.29894365602,9428.8525361865,2826.7104563592493,2511.60274713498,0.0,0.0,590,False
529140,4,Coquimbo,6285.901690791,9428.8525361865,4714.42626809325,1571.4754226977511,64,16.0,1.0,4.0,8.0,0.0,True,,0.41074596237467764,4254.129966432428,9428.8525361865,2491.974204082379,2031.7717243585726,460.2963016608219,0.0,590,False
529140,4,Coquimbo,6285.901690791,9428.8525361865,4714.42626809325,1571.4754226977511,65,16.0,1.0,4.0,8.0,0.01,True,,0.48906943092191224,4013.3548873065047,9428.8525361865,2620.6404743118574,2272.5468034844957,476.08923568128216,0.0,590,False
529140,4,Coquimbo,6285.901690791,9428.8525361865,4714.42626809325,1571.4754226977511,66,16.0,1.0,4.0,16.0,0.0,True,,0.2461291920793349,4714.42626809325,9428.8525361865,2320.715856966771,1571.475422697751,0.0,0.0,590,False
529140,4,Coquimbo,6285.901690791,9428.8525361865,4714.42626809325,1571.4754226977511,67,16.0,1.0,4.0,16.0,0.01,True,,0.3574518056204327,4362.711087828406,9428.8525361865,2491.0724133265503,1923.1906029625952,0.0,0.0,590,False
529140,4,Coquimbo,6285.901690791,9428.8525361865,4714.42626809325,1571.4754226977511,68,16.0,1.0,4.0,32.0,0.0,True,,0.2490268375579243,4714.426268093251,9428.8525361865,2348.0373288865358,1571.4754226977507,0.0,0.0,590,False
529140,4,Coquimbo,6285.901690791,9428.8525361865,4714.42626809325,1571.4754226977511,69,16.0,1.0,4.0,32.0,0.01,True,,0.4227713049643828,4169.0676608599115,9428.8525361865,2622.851772956951,2116.8340299310894,0.0,0.0,590,False
529140,4,Coquimbo,6285.901690791,9428.8525361865,4714.42626809325,1571.4754226977511,70,16.0,1.0,4.0,64.0,0.0,True,,0.24996863570303793,4714.42626809325,9428.8525361865,2356.917404715668,1571.4754226977507,0.0,0.0,590,False
529140,4,Coquimbo,6285.901690791,9428.8525361865,4714.42626809325,1571.4754226977511,71,16.0,1.0,4.0,64.0,0.01,True,,0.5341838336937913,3820.0960328400824,9428.8525361865,2800.9150069806137,2465.8056579509175,0.0,0.0,590,False
529140,4,Coquimbo,6285.901690791,9428.8525361865,4714.42626809325,1571.4754226977511,72,16.0,2.0,1.0,8.0,0.0,True,,0.29093699930683176,4600.271261913193,9428.8525361865,2400.737045244539,1685.6304288778078,114.15500618005709,0.0,590,False
529140,4,Coquimbo,6285.901690791,9428.8525361865,4714.42626809325,1571.4754226977511,73,16.0,2.0,1.0,8.0,0.01,True,,0.36842717187448865,4357.713499739655,9428.8525361865,2520.4369803362533,1928.188191051345,123.25314541710414,0.0,590,False
529140,4,Coquimbo,6285.901690791,9428.8525361865,4714.42626809325,1571.4754226977511,74,16.0,2.0,1.0,16.0,0.0,True,,0.2499686357030379,4714.42626809325,9428.8525361865,2356.917404715668,1571.475422697751,0.0,0.0,590,False
529140,4,Coquimbo,6285.901690791,9428.8525361865,4714.42626809325,1571.4754226977511,75,16.0,2.0,1.0,16.0,0.01,True,,0.3620586909003352,4362.191213675508,9428.8525361865,2533.210369899636,1923.7104771154923,0.0,0.0,590,False
529140,4,Coquimbo,6285.901690791,9428.8525361865,4714.42626809325,1571.4754226977511,76,16.0,2.0,1.0,32.0,0.0,True,,0.24996863570303793,4714.42626809325,9428.8525361865,2356.917404715668,1571.4754226977507,0.0,0.0,590,False
529140,4,Coquimbo,6285.901690791,9428.8525361865,4714.42626809325,1571.4754226977511,77,16.0,2.0,1.0,32.0,0.01,True,,0.4279218074917251,4155.067461603639,9428.8525361865,2636.4146036338357,2130.8342291873614,0.0,0.0,590,False
529140,4,Coquimbo,6285.901690791,9428.8525361865,4714.42626809325,1571.4754226977511,78,16.0,2.0,1.0,64.0,0.0,True,,0.24996863570303793,4714.42626809325,9428.8525361865,2356.917404715668,1571.4754226977507,0.0,0.0,590,False
529140,4,Coquimbo,6285.901690791,9428.8525361865,4714.42626809325,1571.4754226977511,79,16.0,2.0,1.0,64.0,0.01,True,,0.5432281461025481,3792.5614250110184,9428.8525361865,2817.355975401323,2493.3402657799816,0.0,0.0,590,False
529140,4,Coquimbo,6285.901690791,9428.8525361865,4714.42626809325,1571.4754226977511,80,16.0,2.0,2.0,8.0,0.0,True,,0.29093699930683176,4600.271261913193,9428.8525361865,2400.737045244539,1685.6304288778078,114.15500618005709,0.0,590,False
529140,4,Coquimbo,6285.901690791,9428.8525361865,4714.42626809325,1571.4754226977511,81,16.0,2.0,2.0,8.0,0.01,True,,0.36842717187448865,4357.713499739655,9428.8525361865,2520.4369803362533,1928.188191051345,123.25314541710414,0.0,590,False
529140,4,Coquimbo,6285.901690791,9428.8525361865,4714.42626809325,1571.4754226977511,82,16.0,2.0,2.0,16.0,0.0,True,,0.2499686357030379,4714.42626809325,9428.8525361865,2356.917404715668,1571.475422697751,0.0,0.0,590,False
529140,4,Coquimbo,6285.901690791,9428.8525361865,4714.42626809325,1571.4754226977511,83,16.0,2.0,2.0,16.0,0.01,True,,0.3620586909003352,4362.191213675508,9428.8525361865,2533.210369899636,1923.7104771154923,0.0,0.0,590,False
529140,4,Coquimbo,6285.901690791,9428.8525361865,4714.42626809325,1571.4754226977511,84,16.0,2.0,2.0,32.0,0.0,True,,0.24996863570303793,4714.42626809325,9428.8525361865,2356.917404715668,1571.4754226977507,0.0,0.0,590,False
529140,4,Coquimbo,6285.901690791,9428.8525361865,4714.42626809325,1571.4754226977511,85,16.0,2.0,2.0,32.0,0.01,True,,0.4279218074917251,4155.067461603639,9428.8525361865,2636.4146036338357,2130.8342291873614,0.0,0.0,590,False
529140,4,Coquimbo,6285.901690791,9428.8525361865,4714.42626809325,1571.4754226977511,86,16.0,2.0,2.0,64.0,0.0,True,,0.24996863570303793,4714.42626809325,9428.8525361865,2356.917404715668,1571.4754226977507,0.0,0.0,590,False
529140,4,Coquimbo,6285.901690791,9428.8525361865,4714.42626809325,1571.4754226977511,87,16.0,2.0,2.0,64.0,0.01,True,,0.5432281461025481,3792.5614250110184,9428.8525361865,2817.355975401323,2493.3402657799816,0.0,0.0,590,False
529140,4,Coquimbo,6285.901690791,9428.8525361865,4714.42626809325,1571.4754226977511,88,16.0,2.0,4.0,8.0,0.0,True,,0.280485029636607,4612.951798976936,9428.8525361865,2340.2285757025247,1672.9498918140648,101.47446911631404,0.0,590,False
529140,4,Coquimbo,6285.901690791,9428.8525361865,4714.42626809325,1571.4754226977511,89,16.0,2.0,4.0,8.0,0.01,True,,0.3599820094501575,4364.187231023538,9428.8525361865,2461.7520742590477,1921.7144597674637,113.73523170460419,0.0,590,False
529140,4,Coquimbo,6285.901690791,9428.8525361865,4714.42626809325,1571.4754226977511,90,16.0,2.0,4.0,16.0,0.0,True,,0.2461291920793349,4714.42626809325,9428.8525361865,2320.715856966771,1571.475422697751,0.0,0.0,590,False
529140,4,Coquimbo,6285.901690791,9428.8525361865,4714.42626809325,1571.4754226977511,91,16.0,2.0,4.0,16.0,0.01,True,,0.35200819793432214,4377.903413709721,9428.8525361865,2477.7262538926498,1907.99827708128,0.0,0.0,590,False
529140,4,Coquimbo,6285.901690791,9428.8525361865,4714.42626809325,1571.4754226977511,92,16.0,2.0,4.0,32.0,0.0,True,,0.2490268375579243,4714.426268093251,9428.8525361865,2348.0373288865358,1571.4754226977507,0.0,0.0,590,False
529140,4,Coquimbo,6285.901690791,9428.8525361865,4714.42626809325,1571.4754226977511,93,16.0,2.0,4.0,32.0,0.01,True,,0.41734860652178973,4185.856762207852,9428.8525361865,2613.6947023633834,2100.0449285831482,0.0,0.0,590,False
529140,4,Coquimbo,6285.901690791,9428.8525361865,4714.42626809325,1571.4754226977511,94,16.0,2.0,4.0,64.0,0.0,True,,0.2499686357030379,4714.42626809325,9428.8525361865,2356.917404715668,1571.475422697751,0.0,0.0,590,False
529140,4,Coquimbo,6285.901690791,9428.8525361865,4714.42626809325,1571.4754226977511,95,16.0,2.0,4.0,64.0,0.01,True,,0.5270679477673889,3842.628770437537,9428.8525361865,2790.1522119098754,2443.2729203534636,0.0,0.0,590,False
529140,4,Coquimbo,6285.901690791,9428.8525361865,4714.42626809325,1571.4754226977511,96,32.0,1.0,1.0,8.0,0.0,True,,1.2547342832447979,2005.9528291580666,9428.8525361865,3705.284212007311,4279.948861632934,2708.473438935183,0.0,295,False
529140,4,Coquimbo,6285.901690791,9428.8525361865,4714.42626809325,1571.4754226977511,97,32.0,1.0,1.0,8.0,0.01,True,,1.3014352976018961,1858.6174427432973,9428.8525361865,3779.309031998961,4427.284248047703,2704.420822204851,0.0,295,False
529140,4,Coquimbo,6285.901690791,9428.8525361865,4714.42626809325,1571.4754226977511,98,32.0,1.0,1.0,16.0,0.0,True,,0.5914787681381781,3794.3594585887377,9428.8525361865,2816.7656545465916,2491.5422322022623,920.0668095045116,0.0,295,False
529140,4,Coquimbo,6285.901690791,9428.8525361865,4714.42626809325,1571.4754226977511,99,32.0,1.0,1.0,16.0,0.01,True,,0.7218079707687305,3381.4271931080416,9428.8525361865,3023.5712478753603,2904.474497682959,899.5039609679911,0.0,295,False
529140,4,Coquimbo,6285.901690791,9428.8525361865,4714.42626809325,1571.4754226977511,100,32.0,1.0,1.0,32.0,0.0,True,,0.2499686357030379,4714.42626809325,9428.8525361865,2356.917404715668,1571.475422697751,0.0,0.0,295,False
529140,4,Coquimbo,6285.901690791,9428.8525361865,4714.42626809325,1571.4754226977511,101,32.0,1.0,1.0,32.0,0.01,True,,0.49266539399437725,3951.6927355057946,9428.8525361865,2738.4355181865676,2334.2089552852053,0.0,0.0,295,False
529140,4,Coquimbo,6285.901690791,9428.8525361865,4714.42626809325,1571.4754226977511,102,32.0,1.0,1.0,64.0,0.0,True,,0.24996863570303796,4714.42626809325,9428.8525361865,2356.9174047156685,1571.4754226977507,0.0,0.0,295,False
529140,4,Coquimbo,6285.901690791,9428.8525361865,4714.42626809325,1571.4754226977511,103,32.0,1.0,1.0,64.0,0.01,True,,0.6005914324457146,3612.3352327601074,9428.8525361865,2907.660462694802,2673.566458030893,0.0,0.0,295,False
529140,4,Coquimbo,6285.901690791,9428.8525361865,4714.42626809325,1571.4754226977511,104,32.0,1.0,2.0,8.0,0.0,True,,1.2547342832447979,2005.9528291580666,9428.8525361865,3705.284212007311,4279.948861632934,2708.473438935183,0.0,295,False
529140,4,Coquimbo,6285.901690791,9428.8525361865,4714.42626809325,1571.4754226977511,105,32.0,1.0,2.0,8.0,0.01,True,,1.3014352976018961,1858.6174427432973,9428.8525361865,3779.309031998961,4427.284248047703,2704.420822204851,0.0,295,False
529140,4,Coquimbo,6285.901690791,9428.8525361865,4714.42626809325,1571.4754226977511,106,32.0,1.0,2.0,16.0,0.0,True,,0.5914787681381781,3794.3594585887377,9428.8525361865,2816.7656545465916,2491.5422322022623,920.0668095045116,0.0,295,False
529140,4,Coquimbo,6285.901690791,9428.8525361865,4714.42626809325,1571.4754226977511,107,32.0,1.0,2.0,16.0,0.01,True,,0.7218079707687305,3381.4271931080416,9428.8525361865,3023.5712478753603,2904.474497682959,899.5039609679911,0.0,295,False
529140,4,Coquimbo,6285.901690791,9428.8525361865,4714.42626809325,1571.4754226977511,108,32.0,1.0,2.0,32.0,0.0,True,,0.2499686357030379,4714.42626809325,9428.8525361865,2356.917404715668,1571.475422697751,0.0,0.0,295,False
529140,4,Coquimbo,6285.901690791,9428.8525361865,4714.42626809325,1571.4754226977511,109,32.0,1.0,2.0,32.0,0.01,True,,0.49266539399437725,3951.6927355057946,9428.8525361865,2738.4355181865676,2334.2089552852053,0.0,0.0,295,False
529140,4,Coquimbo,6285.901690791,9428.8525361865,4714.42626809325,1571.4754226977511,110,32.0,1.0,2.0,64.0,0.0,True,,0.24996863570303796,4714.42626809325,9428.8525361865,2356.9174047156685,1571.4754226977507,0.0,0.0,295,False
529140,4,Coquimbo,6285.901690791,9428.8525361865,4714.42626809325,1571.4754226977511,111,32.0,1.0,2.0,64.0,0.01,True,,0.6005914324457146,3612.3352327601074,9428.8525361865,2907.660462694802,2673.566458030893,0.0,0.0,295,False
529140,4,Coquimbo,6285.901690791,9428.8525361865,4714.42626809325,1571.4754226977511,112,32.0,1.0,4.0,8.0,0.0,True,,1.227943309474277,2072.096321422211,9428.8525361865,3651.106547816664,4213.805369368789,2642.3299466710387,0.0,295,False
529140,4,Coquimbo,6285.901690791,9428.8525361865,4714.42626809325,1571.4754226977511,113,32.0,1.0,4.0,8.0,0.01,True,,1.2783750234294065,1913.5692617739053,9428.8525361865,3728.8723232435214,4372.332429017095,2645.1894856359004,0.0,295,False
529140,4,Coquimbo,6285.901690791,9428.8525361865,4714.42626809325,1571.4754226977511,114,32.0,1.0,4.0,16.0,0.0,True,,0.5914787681381781,3794.3594585887377,9428.8525361865,2816.7656545465916,2491.5422322022623,920.0668095045116,0.0,295,False
529140,4,Coquimbo,6285.901690791,9428.8525361865,4714.42626809325,1571.4754226977511,115,32.0,1.0,4.0,16.0,0.01,True,,0.7218079707687305,3381.4271931080416,9428.8525361865,3023.5712478753603,2904.474497682959,899.5039609679911,0.0,295,False
529140,4,Coquimbo,6285.901690791,9428.8525361865,4714.42626809325,1571.4754226977511,116,32.0,1.0,4.0,32.0,0.0,True,,0.2499686357030379,4714.42626809325,9428.8525361865,2356.917404715668,1571.475422697751,0.0,0.0,295,False
529140,4,Coquimbo,6285.901690791,9428.8525361865,4714.42626809325,1571.4754226977511,117,32.0,1.0,4.0,32.0,0.01,True,,0.49266539399437725,3951.6927355057946,9428.8525361865,2738.4355181865676,2334.2089552852053,0.0,0.0,295,False
529140,4,Coquimbo,6285.901690791,9428.8525361865,4714.42626809325,1571.4754226977511,118,32.0,1.0,4.0,64.0,0.0,True,,0.24996863570303796,4714.42626809325,9428.8525361865,2356.9174047156685,1571.4754226977507,0.0,0.0,295,False
529140,4,Coquimbo,6285.901690791,9428.8525361865,4714.42626809325,1571.4754226977511,119,32.0,1.0,4.0,64.0,0.01,True,,0.6005914324457146,3612.3352327601074,9428.8525361865,2907.660462694802,2673.566458030893,0.0,0.0,295,False
529140,4,Coquimbo,6285.901690791,9428.8525361865,4714.42626809325,1571.4754226977511,120,32.0,2.0,1.0,8.0,0.0,True,,1.086724948587549,2459.118749330265,9428.8525361865,3480.6467313379,3826.7829414607354,2255.307518762985,0.0,295,False
529140,4,Coquimbo,6285.901690791,9428.8525361865,4714.42626809325,1571.4754226977511,121,32.0,2.0,1.0,8.0,0.01,True,,1.1494852296640188,2262.730097376744,9428.8525361865,3577.78767956886,4023.1715934142558,2262.59723333276,0.0,295,False
529140,4,Coquimbo,6285.901690791,9428.8525361865,4714.42626809325,1571.4754226977511,122,32.0,2.0,1.0,16.0,0.0,True,,0.39945115097150435,4311.765543255984,9428.8525361865,2558.3838234084888,1974.1361475350163,402.6607248372656,0.0,295,False
529140,4,Coquimbo,6285.901690791,9428.8525361865,4714.42626809325,1571.4754226977511,123,32.0,2.0,1.0,16.0,0.01,True,,0.5667570298532151,3793.4849424343124,9428.8525361865,2817.6401707010173,2492.416748356688,447.7499469693082,0.0,295,False
529140,4,Coquimbo,6285.901690791,9428.8525361865,4714.42626809325,1571.4754226977511,124,32.0,2.0,1.0,32.0,0.0,True,,0.24996863570303793,4714.42626809325,9428.8525361865,2356.917404715668,1571.4754226977507,0.0,0.0,295,False
529140,4,Coquimbo,6285.901690791,9428.8525361865,4714.42626809325,1571.4754226977511,125,32.0,2.0,1.0,32.0,0.01,True,,0.48226151404870016,3984.103170594631,9428.8525361865,2721.3649560966815,2301.798520196369,0.0,0.0,295,False
529140,4,Coquimbo,6285.901690791,9428.8525361865,4714.42626809325,1571.4754226977511,126,32.0,2.0,1.0,64.0,0.0,True,,0.24996863570303796,4714.42626809325,9428.8525361865,2356.9174047156685,1571.4754226977507,0.0,0.0,295,False
529140,4,Coquimbo,6285.901690791,9428.8525361865,4714.42626809325,1571.4754226977511,127,32.0,2.0,1.0,64.0,0.01,True,,0.5961864028612114,3626.1198933349137,9428.8525361865,2900.5877397619997,2659.7817974560867,0.0,0.0,295,False
529140,4,Coquimbo,6285.901690791,9428.8525361865,4714.42626809325,1571.4754226977511,128,32.0,2.0,2.0,8.0,0.0,True,,1.086724948587549,2459.118749330265,9428.8525361865,3480.6467313379,3826.7829414607354,2255.307518762985,0.0,295,False
529140,4,Coquimbo,6285.901690791,9428.8525361865,4714.42626809325,1571.4754226977511,129,32.0,2.0,2.0,8.0,0.01,True,,1.1494852296640188,2262.730097376744,9428.8525361865,3577.78767956886,4023.1715934142558,2262.59723333276,0.0,295,False
529140,4,Coquimbo,6285.901690791,9428.8525361865,4714.42626809325,1571.4754226977511,130,32.0,2.0,2.0,16.0,0.0,True,,0.39945115097150435,4311.765543255984,9428.8525361865,2558.3838234084888,1974.1361475350163,402.6607248372656,0.0,295,False
529140,4,Coquimbo,6285.901690791,9428.8525361865,4714.42626809325,1571.4754226977511,131,32.0,2.0,2.0,16.0,0.01,True,,0.5667570298532151,3793.4849424343124,9428.8525361865,2817.6401707010173,2492.416748356688,447.7499469693082,0.0,295,False
529140,4,Coquimbo,6285.901690791,9428.8525361865,4714.42626809325,1571.4754226977511,132,32.0,2.0,2.0,32.0,0.0,True,,0.24996863570303793,4714.42626809325,9428.8525361865,2356.917404715668,1571.4754226977507,0.0,0.0,295,False
529140,4,Coquimbo,6285.901690791,9428.8525361865,4714.42626809325,1571.4754226977511,133,32.0,2.0,2.0,32.0,0.01,True,,0.48226151404870016,3984.103170594631,9428.8525361865,2721.3649560966815,2301.798520196369,0.0,0.0,295,False
529140,4,Coquimbo,6285.901690791,9428.8525361865,4714.42626809325,1571.4754226977511,134,32.0,2.0,2.0,64.0,0.0,True,,0.24996863570303796,4714.42626809325,9428.8525361865,2356.9174047156685,1571.4754226977507,0.0,0.0,295,False
529140,4,Coquimbo,6285.901690791,9428.8525361865,4714.42626809325,1571.4754226977511,135,32.0,2.0,2.0,64.0,0.01,True,,0.5961864028612114,3626.1198933349137,9428.8525361865,2900.5877397619997,2659.7817974560867,0.0,0.0,295,False
529140,4,Coquimbo,6285.901690791,9428.8525361865,4714.42626809325,1571.4754226977511,136,32.0,2.0,4.0,8.0,0.0,True,,1.086724948587549,2459.118749330265,9428.8525361865,3480.6467313379,3826.7829414607354,2255.307518762985,0.0,295,False
529140,4,Coquimbo,6285.901690791,9428.8525361865,4714.42626809325,1571.4754226977511,137,32.0,2.0,4.0,8.0,0.01,True,,1.1494852296640188,2262.730097376744,9428.8525361865,3577.78767956886,4023.1715934142558,2262.59723333276,0.0,295,False
529140,4,Coquimbo,6285.901690791,9428.8525361865,4714.42626809325,1571.4754226977511,138,32.0,2.0,4.0,16.0,0.0,True,,0.39945115097150435,4311.765543255984,9428.8525361865,2558.3838234084888,1974.1361475350163,402.6607248372656,0.0,295,False
529140,4,Coquimbo,6285.901690791,9428.8525361865,4714.42626809325,1571.4754226977511,139,32.0,2.0,4.0,16.0,0.01,True,,0.5667570298532151,3793.4849424343124,9428.8525361865,2817.6401707010173,2492.416748356688,447.7499469693082,0.0,295,False
529140,4,Coquimbo,6285.901690791,9428.8525361865,4714.42626809325,1571.4754226977511,140,32.0,2.0,4.0,32.0,0.0,True,,0.24996863570303793,4714.42626809325,9428.8525361865,2356.917404715668,1571.4754226977507,0.0,0.0,295,False
529140,4,Coquimbo,6285.901690791,9428.8525361865,4714.42626809325,1571.4754226977511,141,32.0,2.0,4.0,32.0,0.01,True,,0.48226151404870016,3984.103170594631,9428.8525361865,2721.3649560966815,2301.798520196369,0.0,0.0,295,False
529140,4,Coquimbo,6285.901690791,9428.8525361865,4714.42626809325,1571.4754226977511,142,32.0,2.0,4.0,64.0,0.0,True,,0.24996863570303796,4714.42626809325,9428.8525361865,2356.9174047156685,1571.4754226977507,0.0,0.0,295,False
529140,4,Coquimbo,6285.901690791,9428.8525361865,4714.42626809325,1571.4754226977511,143,32.0,2.0,4.0,64.0,0.01,True,,0.5961864028612114,3626.1198933349137,9428.8525361865,2900.5877397619997,2659.7817974560867,0.0,0.0,295,False
861373,5,Valparaiso,3427.5724150199885,5141.358622529982,2570.679311264991,856.8931037549974,0,8.0,1.0,1.0,8.0,0.0,True,,0.24938387304848028,2570.679311264991,5141.358622529982,1282.1719260177265,856.8931037549975,0.0,0.0,643,False
861373,5,Valparaiso,3427.5724150199885,5141.358622529982,2570.679311264991,856.8931037549974,1,8.0,1.0,1.0,8.0,0.01,True,,0.3282497960996621,2436.352864238281,5141.358622529982,1351.8338019539315,991.2195507817073,0.0,0.0,643,False
861373,5,Valparaiso,3427.5724150199885,5141.358622529982,2570.679311264991,856.8931037549974,2,8.0,1.0,1.0,16.0,0.0,True,,0.24993145269091624,2570.679311264991,5141.358622529982,1284.9872293338865,856.8931037549974,0.0,0.0,643,False
861373,5,Valparaiso,3427.5724150199885,5141.358622529982,2570.679311264991,856.8931037549974,3,8.0,1.0,1.0,16.0,0.01,True,,0.37828252497481263,2350.7758524021165,5141.358622529982,1395.1274743744793,1076.796562617872,0.0,0.0,643,False
861373,5,Valparaiso,3427.5724150199885,5141.358622529982,2570.679311264991,856.8931037549974,4,8.0,1.0,1.0,32.0,0.0,True,,0.24993145269091624,2570.679311264991,5141.358622529982,1284.9872293338865,856.8931037549974,0.0,0.0,643,False
861373,5,Valparaiso,3427.5724150199885,5141.358622529982,2570.679311264991,856.8931037549974,5,8.0,1.0,1.0,32.0,0.01,True,,0.4644671601719599,2203.0586280457246,5141.358622529982,1468.940530783954,1224.513786974264,0.0,0.0,643,False
861373,5,Valparaiso,3427.5724150199885,5141.358622529982,2570.679311264991,856.8931037549974,6,8.0,1.0,1.0,64.0,0.0,True,,0.24993145269091624,2570.679311264991,5141.358622529982,1284.9872293338865,856.8931037549974,0.0,0.0,643,False
861373,5,Valparaiso,3427.5724150199885,5141.358622529982,2570.679311264991,856.8931037549974,7,8.0,1.0,1.0,64.0,0.01,True,,0.6059203820916426,1960.5725373107637,5141.358622529982,1589.9870461479597,1466.9998777092248,0.0,0.0,643,False
861373,5,Valparaiso,3427.5724150199885,5141.358622529982,2570.679311264991,856.8931037549974,8,8.0,1.0,2.0,8.0,0.0,True,,0.24544801605137306,2570.679311264991,5141.358622529982,1261.9362737086044,856.8931037549972,0.0,0.0,643,False
861373,5,Valparaiso,3427.5724150199885,5141.358622529982,2570.679311264991,856.8931037549974,9,8.0,1.0,2.0,8.0,0.01,True,,0.325909318138229,2435.035203038331,5141.358622529982,1336.5064124062005,992.5372119816574,0.0,0.0,643,False
861373,5,Valparaiso,3427.5724150199885,5141.358622529982,2570.679311264991,856.8931037549974,10,8.0,1.0,2.0,16.0,0.0,True,,0.24931408363545626,2570.679311264991,5141.358622529982,1281.8131136173142,856.8931037549972,0.0,0.0,643,False
861373,5,Valparaiso,3427.5724150199885,5141.358622529982,2570.679311264991,856.8931037549974,11,8.0,1.0,2.0,16.0,0.01,True,,0.37636554535136,2352.894192077373,5141.358622529982,1390.5674438463693,1074.678222942615,0.0,0.0,643,False
861373,5,Valparaiso,3427.5724150199885,5141.358622529982,2570.679311264991,856.8931037549974,12,8.0,1.0,2.0,32.0,0.0,True,,0.24993145269091624,2570.679311264991,5141.358622529982,1284.9872293338865,856.8931037549974,0.0,0.0,643,False
861373,5,Valparaiso,3427.5724150199885,5141.358622529982,2570.679311264991,856.8931037549974,13,8.0,1.0,2.0,32.0,0.01,True,,0.45952122862028616,2211.461068260757,5141.358622529982,1464.5178234918947,1216.1113467592313,0.0,0.0,643,False
861373,5,Valparaiso,3427.5724150199885,5141.358622529982,2570.679311264991,856.8931037549974,14,8.0,1.0,2.0,64.0,0.0,True,,0.24993145269091624,2570.679311264991,5141.358622529982,1284.9872293338865,856.8931037549974,0.0,0.0,643,False
861373,5,Valparaiso,3427.5724150199885,5141.358622529982,2570.679311264991,856.8931037549974,15,8.0,1.0,2.0,64.0,0.01,True,,0.5908817319682669,1986.4440415622284,5141.358622529982,1577.3467132935923,1441.12837345776,0.0,0.0,643,False
861373,5,Valparaiso,3427.5724150199885,5141.358622529982,2570.679311264991,856.8931037549974,16,8.0,1.0,4.0,8.0,0.0,True,,0.23253816748244224,2570.679311264991,5141.358622529982,1195.5621124531756,856.8931037549974,0.0,0.0,643,False
861373,5,Valparaiso,3427.5724150199885,5141.358622529982,2570.679311264991,856.8931037549974,17,8.0,1.0,4.0,8.0,0.01,True,,0.30750425284676447,2442.1326162866926,5141.358622529982,1259.622904392606,985.4397987332958,0.0,0.0,643,False
861373,5,Valparaiso,3427.5724150199885,5141.358622529982,2570.679311264991,856.8931037549974,18,8.0,1.0,4.0,16.0,0.0,True,,0.23698383685360314,2570.679311264991,5141.358622529982,1218.418893007511,856.8931037549974,0.0,0.0,643,False
861373,5,Valparaiso,3427.5724150199885,5141.358622529982,2570.679311264991,856.8931037549974,19,8.0,1.0,4.0,16.0,0.01,True,,0.3431294477451306,2387.485097227409,5141.358622529982,1306.1660097144227,1040.0873177925796,0.0,0.0,643,False
861373,5,Valparaiso,3427.5724150199885,5141.358622529982,2570.679311264991,856.8931037549974,20,8.0,1.0,4.0,32.0,0.0,True,,0.23955774831669435,2570.679311264991,5141.358622529982,1231.6522949019038,856.8931037549972,0.0,0.0,643,False
861373,5,Valparaiso,3427.5724150199885,5141.358622529982,2570.679311264991,856.8931037549974,21,8.0,1.0,4.0,32.0,0.01,True,,0.38445685786700773,2319.18695844379,5141.358622529982,1347.8996991323215,1108.3854565761983,0.0,0.0,643,False
861373,5,Valparaiso,3427.5724150199885,5141.358622529982,2570.679311264991,856.8931037549974,22,8.0,1.0,4.0,64.0,0.0,True,,0.2404450155772093,2570.679311264991,5141.358622529982,1236.2140540822409,856.8931037549972,0.0,0.0,643,False
861373,5,Valparaiso,3427.5724150199885,5141.358622529982,2570.679311264991,856.8931037549974,23,8.0,1.0,4.0,64.0,0.01,True,,0.43187635460480794,2239.081482195903,5141.358622529982,1391.436646941525,1188.4909328240858,0.0,0.0,643,False
861373,5,Valparaiso,3427.5724150199885,5141.358622529982,2570.679311264991,856.8931037549974,24,8.0,2.0,1.0,8.0,0.0,True,,0.2433722940528098,2570.679311264991,5141.358622529982,1251.264242513316,856.8931037549972,0.0,0.0,643,False
861373,5,Valparaiso,3427.5724150199885,5141.358622529982,2570.679311264991,856.8931037549974,25,8.0,2.0,1.0,8.0,0.01,True,,0.3184029540453045,2445.941121462658,5141.358622529982,1325.178298714011,981.6312935573307,0.0,0.0,643,False
861373,5,Valparaiso,3427.5724150199885,5141.358622529982,2570.679311264991,856.8931037549974,26,8.0,2.0,1.0,16.0,0.0,True,,0.2492057676714393,2570.679311264991,5141.358622529982,1281.256222401758,856.8931037549974,0.0,0.0,643,False
861373,5,Valparaiso,3427.5724150199885,5141.358622529982,2570.679311264991,856.8931037549974,27,8.0,2.0,1.0,16.0,0.01,True,,0.3689128786162783,2366.009884794472,5141.358622529982,1385.0398432598608,1061.5625302255164,0.0,0.0,643,False
861373,5,Valparaiso,3427.5724150199885,5141.358622529982,2570.679311264991,856.8931037549974,28,8.0,2.0,1.0,32.0,0.0,True,,0.24993145269091624,2570.679311264991,5141.358622529982,1284.9872293338865,856.8931037549974,0.0,0.0,643,False
861373,5,Valparaiso,3427.5724150199885,5141.358622529982,2570.679311264991,856.8931037549974,29,8.0,2.0,1.0,32.0,0.01,True,,0.4531406730648131,2222.4937152720217,5141.358622529982,1459.2947166983931,1205.0786997479668,0.0,0.0,643,False
861373,5,Valparaiso,3427.5724150199885,5141.358622529982,2570.679311264991,856.8931037549974,30,8.0,2.0,1.0,64.0,0.0,True,,0.24993145269091624,2570.679311264991,5141.358622529982,1284.9872293338865,856.8931037549974,0.0,0.0,643,False
861373,5,Valparaiso,3427.5724150199885,5141.358622529982,2570.679311264991,856.8931037549974,31,8.0,2.0,1.0,64.0,0.01,True,,0.5854806356450054,1995.6128055661818,5141.358622529982,1572.4996501507596,1431.9596094538067,0.0,0.0,643,False
861373,5,Valparaiso,3427.5724150199885,5141.358622529982,2570.679311264991,856.8931037549974,32,8.0,2.0,2.0,8.0,0.0,True,,0.2433722940528098,2570.679311264991,5141.358622529982,1251.264242513316,856.8931037549972,0.0,0.0,643,False
861373,5,Valparaiso,3427.5724150199885,5141.358622529982,2570.679311264991,856.8931037549974,33,8.0,2.0,2.0,8.0,0.01,True,,0.3184029540453045,2445.941121462658,5141.358622529982,1325.178298714011,981.6312935573307,0.0,0.0,643,False
861373,5,Valparaiso,3427.5724150199885,5141.358622529982,2570.679311264991,856.8931037549974,34,8.0,2.0,2.0,16.0,0.0,True,,0.2492057676714393,2570.679311264991,5141.358622529982,1281.256222401758,856.8931037549974,0.0,0.0,643,False
861373,5,Valparaiso,3427.5724150199885,5141.358622529982,2570.679311264991,856.8931037549974,35,8.0,2.0,2.0,16.0,0.01,True,,0.3689128786162783,2366.009884794472,5141.358622529982,1385.0398432598608,1061.5625302255164,0.0,0.0,643,False
861373,5,Valparaiso,3427.5724150199885,5141.358622529982,2570.679311264991,856.8931037549974,36,8.0,2.0,2.0,32.0,0.0,True,,0.24993145269091624,2570.679311264991,5141.358622529982,1284.9872293338865,856.8931037549974,0.0,0.0,643,False
861373,5,Valparaiso,3427.5724150199885,5141.358622529982,2570.679311264991,856.8931037549974,37,8.0,2.0,2.0,32.0,0.01,True,,0.4531406730648131,2222.4937152720217,5141.358622529982,1459.2947166983931,1205.0786997479668,0.0,0.0,643,False
861373,5,Valparaiso,3427.5724150199885,5141.358622529982,2570.679311264991,856.8931037549974,38,8.0,2.0,2.0,64.0,0.0,True,,0.24993145269091624,2570.679311264991,5141.358622529982,1284.9872293338865,856.8931037549974,0.0,0.0,643,False
861373,5,Valparaiso,3427.5724150199885,5141.358622529982,2570.679311264991,856.8931037549974,39,8.0,2.0,2.0,64.0,0.01,True,,0.5854806356450054,1995.6128055661818,5141.358622529982,1572.4996501507596,1431.9596094538067,0.0,0.0,643,False
861373,5,Valparaiso,3427.5724150199885,5141.358622529982,2570.679311264991,856.8931037549974,40,8.0,2.0,4.0,8.0,0.0,True,,0.23058615790139986,2570.679311264991,5141.358622529982,1185.5261311624222,856.8931037549974,0.0,0.0,643,True
861373,5,Valparaiso,3427.5724150199885,5141.358622529982,2570.679311264991,856.8931037549974,41,8.0,2.0,4.0,8.0,0.01,True,,0.3000802120833014,2451.420894232602,5141.358622529982,1244.6739432641348,976.1515207873863,0.0,0.0,643,False
861373,5,Valparaiso,3427.5724150199885,5141.358622529982,2570.679311264991,856.8931037549974,42,8.0,2.0,4.0,16.0,0.0,True,,0.23481670382458622,2570.679311264991,5141.358622529982,1207.2768849226054,856.8931037549974,0.0,0.0,643,False
861373,5,Valparaiso,3427.5724150199885,5141.358622529982,2570.679311264991,856.8931037549974,43,8.0,2.0,4.0,16.0,0.01,True,,0.33283789808108744,2401.988108410842,5141.358622529982,1289.5109900685813,1025.5843066091466,0.0,0.0,643,False
861373,5,Valparaiso,3427.5724150199885,5141.358622529982,2570.679311264991,856.8931037549974,44,8.0,2.0,4.0,32.0,0.0,True,,0.2375331720137463,2570.679311264991,5141.358622529982,1221.243222069772,856.8931037549972,0.0,0.0,643,False
861373,5,Valparaiso,3427.5724150199885,5141.358622529982,2570.679311264991,856.8931037549974,45,8.0,2.0,4.0,32.0,0.01,True,,0.3768545262973749,2329.3635944756397,5141.358622529982,1334.254976245082,1098.2088205443488,0.0,0.0,643,False
861373,5,Valparaiso,3427.5724150199885,5141.358622529982,2570.679311264991,856.8931037549974,46,8.0,2.0,4.0,64.0,0.0,True,,0.23845868562586855,2570.679311264991,5141.358622529982,1226.0016194597256,856.8931037549972,0.0,0.0,643,False
861373,5,Valparaiso,3427.5724150199885,5141.358622529982,2570.679311264991,856.8931037549974,47,8.0,2.0,4.0,64.0,0.01,True,,0.42526914886584777,2247.3902684175473,5141.358622529982,1378.2385982988035,1180.1821466024412,0.0,0.0,643,False
861373,5,Valparaiso,3427.5724150199885,5141.358622529982,2570.679311264991,856.8931037549974,48,16.0,1.0,1.0,8.0,0.0,True,,0.533829145077121,2153.709363584285,5141.358622529982,1493.697234957946,1273.863051435704,416.9699476807066,0.0,322,False
861373,5,Valparaiso,3427.5724150199885,5141.358622529982,2570.679311264991,856.8931037549974,49,16.0,1.0,1.0,8.0,0.01,True,,0.6258939567484207,1994.7140626902428,5141.358622529982,1573.0939405993831,1432.8583523297457,409.87645856329414,0.0,322,False
861373,5,Valparaiso,3427.5724150199885,5141.358622529982,2570.679311264991,856.8931037549974,50,16.0,1.0,1.0,16.0,0.0,True,,0.24993145269091624,2570.679311264991,5141.358622529982,1284.9872293338865,856.8931037549974,0.0,0.0,322,False
861373,5,Valparaiso,3427.5724150199885,5141.358622529982,2570.679311264991,856.8931037549974,51,16.0,1.0,1.0,16.0,0.01,True,,0.42414954240974223,2272.137380721453,5141.358622529982,1434.3500807516293,1155.4350342985356,0.0,0.0,322,False
861373,5,Valparaiso,3427.5724150199885,5141.358622529982,2570.679311264991,856.8931037549974,52,16.0,1.0,1.0,32.0,0.0,True,,0.24993145269091624,2570.679311264991,5141.358622529982,1284.9872293338865,856.8931037549974,0.0,0.0,322,False
861373,5,Valparaiso,3427.5724150199885,5141.358622529982,2570.679311264991,856.8931037549974,53,16.0,1.0,1.0,32.0,0.01,True,,0.5076236644605314,2129.0654134539823,5141.358622529982,1505.8405597468973,1298.5070015660062,0.0,0.0,322,False
861373,5,Valparaiso,3427.5724150199885,5141.358622529982,2570.679311264991,856.8931037549974,54,16.0,1.0,1.0,64.0,0.0,True,,0.24993145269091624,2570.679311264991,5141.358622529982,1284.9872293338865,856.8931037549974,0.0,0.0,322,False
861373,5,Valparaiso,3427.5724150199885,5141.358622529982,2570.679311264991,856.8931037549974,55,16.0,1.0,1.0,64.0,0.01,True,,0.6535088027506571,1879.150291291912,5141.358622529982,1631.1005679886387,1548.4221237280765,0.0,0.0,322,False
861373,5,Valparaiso,3427.5724150199885,5141.358622529982,2570.679311264991,856.8931037549974,56,16.0,1.0,2.0,8.0,0.0,True,,0.533829145077121,2153.709363584285,5141.358622529982,1493.697234957946,1273.863051435704,416.9699476807066,0.0,322,False
861373,5,Valparaiso,3427.5724150199885,5141.358622529982,2570.679311264991,856.8931037549974,57,16.0,1.0,2.0,8.0,0.01,True,,0.6258939567484207,1994.7140626902428,5141.358622529982,1573.0939405993831,1432.8583523297457,409.87645856329414,0.0,322,False
861373,5,Valparaiso,3427.5724150199885,5141.358622529982,2570.679311264991,856.8931037549974,58,16.0,1.0,2.0,16.0,0.0,True,,0.24993145269091624,2570.679311264991,5141.358622529982,1284.9872293338865,856.8931037549974,0.0,0.0,322,False
861373,5,Valparaiso,3427.5724150199885,5141.358622529982,2570.679311264991,856.8931037549974,59,16.0,1.0,2.0,16.0,0.01,True,,0.42414954240974223,2272.137380721453,5141.358622529982,1434.3500807516293,1155.4350342985356,0.0,0.0,322,False
861373,5,Valparaiso,3427.5724150199885,5141.358622529982,2570.679311264991,856.8931037549974,60,16.0,1.0,2.0,32.0,0.0,True,,0.24993145269091624,2570.679311264991,5141.358622529982,1284.9872293338865,856.8931037549974,0.0,0.0,322,False
861373,5,Valparaiso,3427.5724150199885,5141.358622529982,2570.679311264991,856.8931037549974,61,16.0,1.0,2.0,32.0,0.01,True,,0.5076236644605314,2129.0654134539823,5141.358622529982,1505.8405597468973,1298.5070015660062,0.0,0.0,322,False
861373,5,Valparaiso,3427.5724150199885,5141.358622529982,2570.679311264991,856.8931037549974,62,16.0,1.0,2.0,64.0,0.0,True,,0.24993145269091624,2570.679311264991,5141.358622529982,1284.9872293338865,856.8931037549974,0.0,0.0,322,False
861373,5,Valparaiso,3427.5724150199885,5141.358622529982,2570.679311264991,856.8931037549974,63,16.0,1.0,2.0,64.0,0.01,True,,0.649707288263015,1885.460900759726,5141.358622529982,1627.3321423684622,1542.1115142602625,0.0,0.0,322,False
861373,5,Valparaiso,3427.5724150199885,5141.358622529982,2570.679311264991,856.8931037549974,64,16.0,1.0,4.0,8.0,0.0,True,,0.5082106407576376,2187.5819849858945,5141.358622529982,1463.601181083477,1239.9904300340938,383.0973262790963,0.0,322,False
861373,5,Valparaiso,3427.5724150199885,5141.358622529982,2570.679311264991,856.8931037549974,65,16.0,1.0,4.0,8.0,0.01,True,,0.5960659269704622,2034.3255560746966,5141.358622529982,1540.7485538180267,1393.2468589452924,365.91150286429803,0.0,322,False
861373,5,Valparaiso,3427.5724150199885,5141.358622529982,2570.679311264991,856.8931037549974,66,16.0,1.0,4.0,16.0,0.0,True,,0.24945092396035237,2570.679311264991,5141.358622529982,1282.5166588016286,856.8931037549974,0.0,0.0,322,False
861373,5,Valparaiso,3427.5724150199885,5141.358622529982,2570.679311264991,856.8931037549974,67,16.0,1.0,4.0,16.0,0.01,True,,0.4211901403749437,2276.8332053146814,5141.358622529982,1430.874295065556,1150.7392097053068,0.0,0.0,322,False
861373,5,Valparaiso,3427.5724150199885,5141.358622529982,2570.679311264991,856.8931037549974,68,16.0,1.0,4.0,32.0,0.0,True,,0.24993145269091624,2570.679311264991,5141.358622529982,1284.9872293338865,856.8931037549974,0.0,0.0,322,False
861373,5,Valparaiso,3427.5724150199885,5141.358622529982,2570.679311264991,856.8931037549974,69,16.0,1.0,4.0,32.0,0.01,True,,0.5068238702361066,2130.3568673549726,5141.358622529982,1504.9571655673774,1297.215547665016,0.0,0.0,322,False
861373,5,Valparaiso,3427.5724150199885,5141.358622529982,2570.679311264991,856.8931037549974,70,16.0,1.0,4.0,64.0,0.0,True,,0.24993145269091624,2570.679311264991,5141.358622529982,1284.9872293338865,856.8931037549974,0.0,0.0,322,False
861373,5,Valparaiso,3427.5724150199885,5141.358622529982,2570.679311264991,856.8931037549974,71,16.0,1.0,4.0,64.0,0.01,True,,0.6487199641309211,1887.1661622402096,5141.358622529982,1626.5191086298985,1540.406252779779,0.0,0.0,322,False
861373,5,Valparaiso,3427.5724150199885,5141.358622529982,2570.679311264991,856.8931037549974,72,16.0,2.0,1.0,8.0,0.0,True,,0.3131352855011271,2477.6310634015517,5141.358622529982,1330.7960565392896,949.9413516184366,93.0482478634392,0.0,322,False
861373,5,Valparaiso,3427.5724150199885,5141.358622529982,2570.679311264991,856.8931037549974,73,16.0,2.0,1.0,8.0,0.01,True,,0.42470060104191076,2286.422670116631,5141.358622529982,1424.4061448946582,1141.149744903358,96.98069878986999,0.0,322,False
861373,5,Valparaiso,3427.5724150199885,5141.358622529982,2570.679311264991,856.8931037549974,74,16.0,2.0,1.0,16.0,0.0,True,,0.24993145269091624,2570.679311264991,5141.358622529982,1284.9872293338865,856.8931037549974,0.0,0.0,322,False
861373,5,Valparaiso,3427.5724150199885,5141.358622529982,2570.679311264991,856.8931037549974,75,16.0,2.0,1.0,16.0,0.01,True,,0.4182285324129603,2282.242831658325,5141.358622529982,1429.1716722927683,1145.3295833616635,0.0,0.0,322,False
861373,5,Valparaiso,3427.5724150199885,5141.358622529982,2570.679311264991,856.8931037549974,76,16.0,2.0,1.0,32.0,0.0,True,,0.24993145269091624,2570.679311264991,5141.358622529982,1284.9872293338865,856.8931037549974,0.0,0.0,322,False
861373,5,Valparaiso,3427.5724150199885,5141.358622529982,2570.679311264991,856.8931037549974,77,16.0,2.0,1.0,32.0,0.01,True,,0.5024229065035523,2137.9868256852214,5141.358622529982,1501.4051285591893,1289.585589334767,0.0,0.0,322,False
861373,5,Valparaiso,3427.5724150199885,5141.358622529982,2570.679311264991,856.8931037549974,78,16.0,2.0,1.0,64.0,0.0,True,,0.24993145269091624,2570.679311264991,5141.358622529982,1284.9872293338865,856.8931037549974,0.0,0.0,322,False
861373,5,Valparaiso,3427.5724150199885,5141.358622529982,2570.679311264991,856.8931037549974,79,16.0,2.0,1.0,64.0,0.01,True,,0.645569302702698,1892.6761737213783,5141.358622529982,1624.0954570321526,1534.8962412986102,0.0,0.0,322,False
861373,5,Valparaiso,3427.5724150199885,5141.358622529982,2570.679311264991,856.8931037549974,80,16.0,2.0,2.0,8.0,0.0,True,,0.3131352855011271,2477.6310634015517,5141.358622529982,1330.7960565392896,949.9413516184366,93.0482478634392,0.0,322,False
861373,5,Valparaiso,3427.5724150199885,5141.358622529982,2570.679311264991,856.8931037549974,81,16.0,2.0,2.0,8.0,0.01,True,,0.42470060104191076,2286.422670116631,5141.358622529982,1424.4061448946582,1141.149744903358,96.98069878986999,0.0,322,False
861373,5,Valparaiso,3427.5724150199885,5141.358622529982,2570.679311264991,856.8931037549974,82,16.0,2.0,2.0,16.0,0.0,True,,0.24993145269091624,2570.679311264991,5141.358622529982,1284.9872293338865,856.8931037549974,0.0,0.0,322,False
861373,5,Valparaiso,3427.5724150199885,5141.358622529982,2570.679311264991,856.8931037549974,83,16.0,2.0,2.0,16.0,0.01,True,,0.4182285324129603,2282.242831658325,5141.358622529982,1429.1716722927683,1145.3295833616635,0.0,0.0,322,False
861373,5,Valparaiso,3427.5724150199885,5141.358622529982,2570.679311264991,856.8931037549974,84,16.0,2.0,2.0,32.0,0.0,True,,0.24993145269091624,2570.679311264991,5141.358622529982,1284.9872293338865,856.8931037549974,0.0,0.0,322,False
861373,5,Valparaiso,3427.5724150199885,5141.358622529982,2570.679311264991,856.8931037549974,85,16.0,2.0,2.0,32.0,0.01,True,,0.5024229065035523,2137.9868256852214,5141.358622529982,1501.4051285591893,1289.585589334767,0.0,0.0,322,False
861373,5,Valparaiso,3427.5724150199885,5141.358622529982,2570.679311264991,856.8931037549974,86,16.0,2.0,2.0,64.0,0.0,True,,0.24993145269091624,2570.679311264991,5141.358622529982,1284.9872293338865,856.8931037549974,0.0,0.0,322,False
861373,5,Valparaiso,3427.5724150199885,5141.358622529982,2570.679311264991,856.8931037549974,87,16.0,2.0,2.0,64.0,0.01,True,,0.645569302702698,1892.6761737213783,5141.358622529982,1624.0954570321526,1534.8962412986102,0.0,0.0,322,False
861373,5,Valparaiso,3427.5724150199885,5141.358622529982,2570.679311264991,856.8931037549974,88,16.0,2.0,4.0,8.0,0.0,True,,0.31608927695542943,2471.9696206681806,5141.358622529982,1328.999257773633,955.6027943518083,98.7096905968108,0.0,322,False
861373,5,Valparaiso,3427.5724150199885,5141.358622529982,2570.679311264991,856.8931037549974,89,16.0,2.0,4.0,8.0,0.01,True,,0.4232572897002666,2287.0784395907867,5141.358622529982,1419.1572295953617,1140.4939754292018,95.91621433652676,0.0,322,False
861373,5,Valparaiso,3427.5724150199885,5141.358622529982,2570.679311264991,856.8931037549974,90,16.0,2.0,4.0,16.0,0.0,True,,0.24945092396035237,2570.679311264991,5141.358622529982,1282.5166588016286,856.8931037549974,0.0,0.0,322,False
861373,5,Valparaiso,3427.5724150199885,5141.358622529982,2570.679311264991,856.8931037549974,91,16.0,2.0,4.0,16.0,0.01,True,,0.4155857265475505,2286.369753788973,5141.358622529982,1425.9013648955904,1141.2026612310156,0.0,0.0,322,False
861373,5,Valparaiso,3427.5724150199885,5141.358622529982,2570.679311264991,856.8931037549974,92,16.0,2.0,4.0,32.0,0.0,True,,0.24993145269091624,2570.679311264991,5141.358622529982,1284.9872293338865,856.8931037549974,0.0,0.0,322,False
861373,5,Valparaiso,3427.5724150199885,5141.358622529982,2570.679311264991,856.8931037549974,93,16.0,2.0,4.0,32.0,0.01,True,,0.5013926451721987,2139.682910358066,5141.358622529982,1500.3483972618867,1287.8895046619227,0.0,0.0,322,False
861373,5,Valparaiso,3427.5724150199885,5141.358622529982,2570.679311264991,856.8931037549974,94,16.0,2.0,4.0,64.0,0.0,True,,0.24993145269091624,2570.679311264991,5141.358622529982,1284.9872293338865,856.8931037549974,0.0,0.0,322,False
861373,5,Valparaiso,3427.5724150199885,5141.358622529982,2570.679311264991,856.8931037549974,95,16.0,2.0,4.0,64.0,0.01,True,,0.6406619947148618,1901.0948566885472,5141.358622529982,1619.9119342134031,1526.4775583314413,0.0,0.0,322,False
861373,5,Valparaiso,3427.5724150199885,5141.358622529982,2570.679311264991,856.8931037549974,96,32.0,1.0,1.0,8.0,0.0,True,,1.2698004987656417,1072.520692428724,5141.358622529982,2034.0238867128028,2355.0517225912645,1498.158618836267,0.0,161,False
861373,5,Valparaiso,3427.5724150199885,5141.358622529982,2570.679311264991,856.8931037549974,97,32.0,1.0,1.0,8.0,0.01,True,,1.3389791675645375,954.0352002090588,5141.358622529982,2093.6225692576486,2473.53721481093,1497.878483296946,0.0,161,False
861373,5,Valparaiso,3427.5724150199885,5141.358622529982,2570.679311264991,856.8931037549974,98,32.0,1.0,1.0,16.0,0.0,True,,0.6057710987788347,2048.051189643495,5141.358622529982,1546.6020971215353,1379.5212253764937,522.628121621496,0.0,161,False
861373,5,Valparaiso,3427.5724150199885,5141.358622529982,2570.679311264991,856.8931037549974,99,32.0,1.0,1.0,16.0,0.01,True,,0.7989972437616236,1716.0359626927557,5141.358622529982,1712.6035770155606,1711.536452327233,517.4388402907304,0.0,161,False
861373,5,Valparaiso,3427.5724150199885,5141.358622529982,2570.679311264991,856.8931037549974,100,32.0,1.0,1.0,32.0,0.0,True,,0.24993145269091624,2570.679311264991,5141.358622529982,1284.9872293338865,856.8931037549974,0.0,0.0,161,False
861373,5,Valparaiso,3427.5724150199885,5141.358622529982,2570.679311264991,856.8931037549974,101,32.0,1.0,1.0,32.0,0.01,True,,0.5844011517844783,1997.3863626968073,5141.358622529982,1571.3835293231205,1430.1860523231815,0.0,0.0,161,False
861373,5,Valparaiso,3427.5724150199885,5141.358622529982,2570.679311264991,856.8931037549974,102,32.0,1.0,1.0,64.0,0.0,True,,0.24993145269091624,2570.679311264991,5141.358622529982,1284.9872293338865,856.8931037549974,0.0,0.0,161,False
861373,5,Valparaiso,3427.5724150199885,5141.358622529982,2570.679311264991,856.8931037549974,103,32.0,1.0,1.0,64.0,0.01,True,,0.719903732871651,1765.2420284298134,5141.358622529982,1687.6900573032399,1662.330386590175,0.0,0.0,161,False
861373,5,Valparaiso,3427.5724150199885,5141.358622529982,2570.679311264991,856.8931037549974,104,32.0,1.0,2.0,8.0,0.0,True,,1.2698004987656417,1072.520692428724,5141.358622529982,2034.0238867128028,2355.0517225912645,1498.158618836267,0.0,161,False
861373,5,Valparaiso,3427.5724150199885,5141.358622529982,2570.679311264991,856.8931037549974,105,32.0,1.0,2.0,8.0,0.01,True,,1.3389791675645375,954.0352002090588,5141.358622529982,2093.6225692576486,2473.53721481093,1497.878483296946,0.0,161,False
861373,5,Valparaiso,3427.5724150199885,5141.358622529982,2570.679311264991,856.8931037549974,106,32.0,1.0,2.0,16.0,0.0,True,,0.6057710987788347,2048.051189643495,5141.358622529982,1546.6020971215353,1379.5212253764937,522.628121621496,0.0,161,False
861373,5,Valparaiso,3427.5724150199885,5141.358622529982,2570.679311264991,856.8931037549974,107,32.0,1.0,2.0,16.0,0.01,True,,0.7989972437616236,1716.0359626927557,5141.358622529982,1712.6035770155606,1711.536452327233,517.4388402907304,0.0,161,False
861373,5,Valparaiso,3427.5724150199885,5141.358622529982,2570.679311264991,856.8931037549974,108,32.0,1.0,2.0,32.0,0.0,True,,0.24993145269091624,2570.679311264991,5141.358622529982,1284.9872293338865,856.8931037549974,0.0,0.0,161,False
861373,5,Valparaiso,3427.5724150199885,5141.358622529982,2570.679311264991,856.8931037549974,109,32.0,1.0,2.0,32.0,0.01,True,,0.5844011517844783,1997.3863626968073,5141.358622529982,1571.3835293231205,1430.1860523231815,0.0,0.0,161,False
861373,5,Valparaiso,3427.5724150199885,5141.358622529982,2570.679311264991,856.8931037549974,110,32.0,1.0,2.0,64.0,0.0,True,,0.24993145269091624,2570.679311264991,5141.358622529982,1284.9872293338865,856.8931037549974,0.0,0.0,161,False
861373,5,Valparaiso,3427.5724150199885,5141.358622529982,2570.679311264991,856.8931037549974,111,32.0,1.0,2.0,64.0,0.01,True,,0.719903732871651,1765.2420284298134,5141.358622529982,1687.6900573032399,1662.330386590175,0.0,0.0,161,False
861373,5,Valparaiso,3427.5724150199885,5141.358622529982,2570.679311264991,856.8931037549974,112,32.0,1.0,4.0,8.0,0.0,True,,1.2639409269104869,1079.8599598151295,5141.358622529982,2025.9155285901852,2347.712455204859,1490.8193514498614,0.0,161,False
861373,5,Valparaiso,3427.5724150199885,5141.358622529982,2570.679311264991,856.8931037549974,113,32.0,1.0,4.0,8.0,0.01,True,,1.3323606350381683,962.5983417775021,5141.358622529982,2086.0852635699084,2464.9740732424866,1487.7123039687572,0.0,161,False
861373,5,Valparaiso,3427.5724150199885,5141.358622529982,2570.679311264991,856.8931037549974,114,32.0,1.0,4.0,16.0,0.0,True,,0.6057710987788347,2048.051189643495,5141.358622529982,1546.6020971215353,1379.5212253764937,522.628121621496,0.0,161,False
861373,5,Valparaiso,3427.5724150199885,5141.358622529982,2570.679311264991,856.8931037549974,115,32.0,1.0,4.0,16.0,0.01,True,,0.7989972437616236,1716.0359626927557,5141.358622529982,1712.6035770155606,1711.536452327233,517.4388402907304,0.0,161,False
861373,5,Valparaiso,3427.5724150199885,5141.358622529982,2570.679311264991,856.8931037549974,116,32.0,1.0,4.0,32.0,0.0,True,,0.24993145269091624,2570.679311264991,5141.358622529982,1284.9872293338865,856.8931037549974,0.0,0.0,161,False
861373,5,Valparaiso,3427.5724150199885,5141.358622529982,2570.679311264991,856.8931037549974,117,32.0,1.0,4.0,32.0,0.01,True,,0.5844011517844783,1997.3863626968073,5141.358622529982,1571.3835293231205,1430.1860523231815,0.0,0.0,161,False
861373,5,Valparaiso,3427.5724150199885,5141.358622529982,2570.679311264991,856.8931037549974,118,32.0,1.0,4.0,64.0,0.0,True,,0.24993145269091624,2570.679311264991,5141.358622529982,1284.9872293338865,856.8931037549974,0.0,0.0,161,False
861373,5,Valparaiso,3427.5724150199885,5141.358622529982,2570.679311264991,856.8931037549974,119,32.0,1.0,4.0,64.0,0.01,True,,0.719903732871651,1765.2420284298134,5141.358622529982,1687.6900573032399,1662.330386590175,0.0,0.0,161,False
861373,5,Valparaiso,3427.5724150199885,5141.358622529982,2570.679311264991,856.8931037549974,120,32.0,2.0,1.0,8.0,0.0,True,,1.1367908102550799,1267.9331861702515,5141.358622529982,1936.4108590335823,2159.639228849737,1302.7461250947395,0.0,161,False
861373,5,Valparaiso,3427.5724150199885,5141.358622529982,2570.679311264991,856.8931037549974,121,32.0,2.0,1.0,8.0,0.01,True,,1.2241369481782707,1119.2618819892632,5141.358622529982,2011.0327061095218,2308.3105330307253,1308.3015487500973,0.0,161,False
861373,5,Valparaiso,3427.5724150199885,5141.358622529982,2570.679311264991,856.8931037549974,122,32.0,2.0,1.0,16.0,0.0,True,,0.4525176315667916,2273.1434704625153,5141.358622529982,1433.9479044953423,1154.428944557473,297.5358408024756,0.0,161,False
861373,5,Valparaiso,3427.5724150199885,5141.358622529982,2570.679311264991,856.8931037549974,123,32.0,2.0,1.0,16.0,0.01,True,,0.6658644264188406,1907.0813623177808,5141.358622529982,1616.8508287918662,1520.4910527022078,295.20421808918934,0.0,161,False
861373,5,Valparaiso,3427.5724150199885,5141.358622529982,2570.679311264991,856.8931037549974,124,32.0,2.0,1.0,32.0,0.0,True,,0.24993145269091624,2570.679311264991,5141.358622529982,1284.9872293338865,856.8931037549974,0.0,0.0,161,False
861373,5,Valparaiso,3427.5724150199885,5141.358622529982,2570.679311264991,856.8931037549974,125,32.0,2.0,1.0,32.0,0.01,True,,0.5758249172957786,2012.2209628771484,5141.358622529982,1564.3765326366579,1415.3514521428401,0.0,0.0,161,False
861373,5,Valparaiso,3427.5724150199885,5141.358622529982,2570.679311264991,856.8931037549974,126,32.0,2.0,1.0,64.0,0.0,True,,0.24993145269091624,2570.679311264991,5141.358622529982,1284.9872293338865,856.8931037549974,0.0,0.0,161,False
861373,5,Valparaiso,3427.5724150199885,5141.358622529982,2570.679311264991,856.8931037549974,127,32.0,2.0,1.0,64.0,0.01,True,,0.7118193543876808,1778.9982633178686,5141.358622529982,1680.5159554970223,1648.57415170212,0.0,0.0,161,False
861373,5,Valparaiso,3427.5724150199885,5141.358622529982,2570.679311264991,856.8931037549974,128,32.0,2.0,2.0,8.0,0.0,True,,1.1367908102550799,1267.9331861702515,5141.358622529982,1936.4108590335823,2159.639228849737,1302.7461250947395,0.0,161,False
861373,5,Valparaiso,3427.5724150199885,5141.358622529982,2570.679311264991,856.8931037549974,129,32.0,2.0,2.0,8.0,0.01,True,,1.2241369481782707,1119.2618819892632,5141.358622529982,2011.0327061095218,2308.3105330307253,1308.3015487500973,0.0,161,False
861373,5,Valparaiso,3427.5724150199885,5141.358622529982,2570.679311264991,856.8931037549974,130,32.0,2.0,2.0,16.0,0.0,True,,0.4525176315667916,2273.1434704625153,5141.358622529982,1433.9479044953423,1154.428944557473,297.5358408024756,0.0,161,False
861373,5,Valparaiso,3427.5724150199885,5141.358622529982,2570.679311264991,856.8931037549974,131,32.0,2.0,2.0,16.0,0.01,True,,0.6658644264188406,1907.0813623177808,5141.358622529982,1616.8508287918662,1520.4910527022078,295.20421808918934,0.0,161,False
861373,5,Valparaiso,3427.5724150199885,5141.358622529982,2570.679311264991,856.8931037549974,132,32.0,2.0,2.0,32.0,0.0,True,,0.24993145269091624,2570.679311264991,5141.358622529982,1284.9872293338865,856.8931037549974,0.0,0.0,161,False
861373,5,Valparaiso,3427.5724150199885,5141.358622529982,2570.679311264991,856.8931037549974,133,32.0,2.0,2.0,32.0,0.01,True,,0.5758249172957786,2012.2209628771484,5141.358622529982,1564.3765326366579,1415.3514521428401,0.0,0.0,161,False
861373,5,Valparaiso,3427.5724150199885,5141.358622529982,2570.679311264991,856.8931037549974,134,32.0,2.0,2.0,64.0,0.0,True,,0.24993145269091624,2570.679311264991,5141.358622529982,1284.9872293338865,856.8931037549974,0.0,0.0,161,False
861373,5,Valparaiso,3427.5724150199885,5141.358622529982,2570.679311264991,856.8931037549974,135,32.0,2.0,2.0,64.0,0.01,True,,0.7118193543876808,1778.9982633178686,5141.358622529982,1680.5159554970223,1648.57415170212,0.0,0.0,161,False
861373,5,Valparaiso,3427.5724150199885,5141.358622529982,2570.679311264991,856.8931037549974,136,32.0,2.0,4.0,8.0,0.0,True,,1.1367908102550799,1267.9331861702515,5141.358622529982,1936.4108590335823,2159.639228849737,1302.7461250947395,0.0,161,False
861373,5,Valparaiso,3427.5724150199885,5141.358622529982,2570.679311264991,856.8931037549974,137,32.0,2.0,4.0,8.0,0.01,True,,1.2241369481782707,1119.2618819892632,5141.358622529982,2011.0327061095218,2308.3105330307253,1308.3015487500973,0.0,161,False
861373,5,Valparaiso,3427.5724150199885,5141.358622529982,2570.679311264991,856.8931037549974,138,32.0,2.0,4.0,16.0,0.0,True,,0.4525176315667916,2273.1434704625153,5141.358622529982,1433.9479044953423,1154.428944557473,297.5358408024756,0.0,161,False
861373,5,Valparaiso,3427.5724150199885,5141.358622529982,2570.679311264991,856.8931037549974,139,32.0,2.0,4.0,16.0,0.01,True,,0.6658644264188406,1907.0813623177808,5141.358622529982,1616.8508287918662,1520.4910527022078,295.20421808918934,0.0,161,False
861373,5,Valparaiso,3427.5724150199885,5141.358622529982,2570.679311264991,856.8931037549974,140,32.0,2.0,4.0,32.0,0.0,True,,0.24993145269091624,2570.679311264991,5141.358622529982,1284.9872293338865,856.8931037549974,0.0,0.0,161,False
861373,5,Valparaiso,3427.5724150199885,5141.358622529982,2570.679311264991,856.8931037549974,141,32.0,2.0,4.0,32.0,0.01,True,,0.5758249172957786,2012.2209628771484,5141.358622529982,1564.3765326366579,1415.3514521428401,0.0,0.0,161,False
861373,5,Valparaiso,3427.5724150199885,5141.358622529982,2570.679311264991,856.8931037549974,142,32.0,2.0,4.0,64.0,0.0,True,,0.24993145269091624,2570.679311264991,5141.358622529982,1284.9872293338865,856.8931037549974,0.0,0.0,161,False
861373,5,Valparaiso,3427.5724150199885,5141.358622529982,2570.679311264991,856.8931037549974,143,32.0,2.0,4.0,64.0,0.01,True,,0.7118193543876808,1778.9982633178686,5141.358622529982,1680.5159554970223,1648.57415170212,0.0,0.0,161,False
1202172,6,O'Higgins,2407.5492244520055,3611.3238366780083,1805.661918339004,601.8873061130018,0,8.0,1.0,1.0,8.0,0.0,True,,0.24996295048447528,1805.6619183390042,3611.3238366780083,902.6971613709495,601.8873061130017,0.0,0.0,452,False
1202172,6,O'Higgins,2407.5492244520055,3611.3238366780083,1805.661918339004,601.8873061130018,1,8.0,1.0,1.0,8.0,0.01,True,,0.3576323659556373,1675.9325817677293,3611.3238366780083,967.2029465149587,731.6166426842766,0.0,0.0,452,False
1202172,6,O'Higgins,2407.5492244520055,3611.3238366780083,1805.661918339004,601.8873061130018,2,8.0,1.0,1.0,16.0,0.0,True,,0.24996295048447528,1805.6619183390042,3611.3238366780083,902.6971613709495,601.8873061130017,0.0,0.0,452,False
1202172,6,O'Higgins,2407.5492244520055,3611.3238366780083,1805.661918339004,601.8873061130018,3,8.0,1.0,1.0,16.0,0.01,True,,0.4227139619134266,1597.6917247861556,3611.3238366780083,1006.6315228724361,809.8574996658502,0.0,0.0,452,False
1202172,6,O'Higgins,2407.5492244520055,3611.3238366780083,1805.661918339004,601.8873061130018,4,8.0,1.0,1.0,32.0,0.0,True,,0.24996295048447528,1805.6619183390042,3611.3238366780083,902.6971613709495,601.8873061130017,0.0,0.0,452,False
1202172,6,O'Higgins,2407.5492244520055,3611.3238366780083,1805.661918339004,601.8873061130018,5,8.0,1.0,1.0,32.0,0.01,True,,0.5214403019216061,1478.813058797704,3611.3238366780083,1065.9676428808232,928.7361656543019,0.0,0.0,452,False
1202172,6,O'Higgins,2407.5492244520055,3611.3238366780083,1805.661918339004,601.8873061130018,6,8.0,1.0,1.0,64.0,0.0,True,,0.24996295048447514,1805.661918339004,3611.3238366780083,902.6971613709495,601.8873061130017,0.0,0.0,452,False
1202172,6,O'Higgins,2407.5492244520055,3611.3238366780083,1805.661918339004,601.8873061130018,7,8.0,1.0,1.0,64.0,0.01,True,,0.6871854313126958,1279.299228162768,3611.3238366780083,1165.7424028768064,1128.249996289238,0.0,0.0,452,False
1202172,6,O'Higgins,2407.5492244520055,3611.3238366780083,1805.661918339004,601.8873061130018,8,8.0,1.0,2.0,8.0,0.0,True,,0.24996295048447528,1805.6619183390042,3611.3238366780083,902.6971613709495,601.8873061130017,0.0,0.0,452,False
1202172,6,O'Higgins,2407.5492244520055,3611.3238366780083,1805.661918339004,601.8873061130018,9,8.0,1.0,2.0,8.0,0.01,True,,0.3576323659556373,1675.9325817677293,3611.3238366780083,967.2029465149587,731.6166426842766,0.0,0.0,452,False
1202172,6,O'Higgins,2407.5492244520055,3611.3238366780083,1805.661918339004,601.8873061130018,10,8.0,1.0,2.0,16.0,0.0,True,,0.24996295048447528,1805.6619183390042,3611.3238366780083,902.6971613709495,601.8873061130017,0.0,0.0,452,False
1202172,6,O'Higgins,2407.5492244520055,3611.3238366780083,1805.661918339004,601.8873061130018,11,8.0,1.0,2.0,16.0,0.01,True,,0.4227139619134266,1597.6917247861556,3611.3238366780083,1006.6315228724361,809.8574996658502,0.0,0.0,452,False
1202172,6,O'Higgins,2407.5492244520055,3611.3238366780083,1805.661918339004,601.8873061130018,12,8.0,1.0,2.0,32.0,0.0,True,,0.24996295048447528,1805.6619183390042,3611.3238366780083,902.6971613709495,601.8873061130017,0.0,0.0,452,False
1202172,6,O'Higgins,2407.5492244520055,3611.3238366780083,1805.661918339004,601.8873061130018,13,8.0,1.0,2.0,32.0,0.01,True,,0.5214403019034118,1478.8130588164768,3611.3238366780083,1065.9676428620503,928.736165635529,0.0,0.0,452,False
1202172,6,O'Higgins,2407.5492244520055,3611.3238366780083,1805.661918339004,601.8873061130018,14,8.0,1.0,2.0,64.0,0.0,True,,0.24996295048447514,1805.661918339004,3611.3238366780083,902.6971613709495,601.8873061130017,0.0,0.0,452,False
1202172,6,O'Higgins,2407.5492244520055,3611.3238366780083,1805.661918339004,601.8873061130018,15,8.0,1.0,2.0,64.0,0.01,True,,0.684548945590178,1282.5182678541823,3611.3238366780083,1164.2687983705523,1125.0309565978234,0.0,0.0,452,False
1202172,6,O'Higgins,2407.5492244520055,3611.3238366780083,1805.661918339004,601.8873061130018,16,8.0,1.0,4.0,8.0,0.0,True,,0.2424999589397198,1805.6619183390044,3611.3238366780083,875.7458821124471,601.8873061130017,0.0,0.0,452,False
1202172,6,O'Higgins,2407.5492244520055,3611.3238366780083,1805.661918339004,601.8873061130018,17,8.0,1.0,4.0,8.0,0.01,True,,0.3450780641325933,1682.2079341544186,3611.3238366780083,937.5536780552729,725.3412902975872,0.0,0.0,452,False
1202172,6,O'Higgins,2407.5492244520055,3611.3238366780083,1805.661918339004,601.8873061130018,18,8.0,1.0,4.0,16.0,0.0,True,,0.24684481776821476,1805.6619183390042,3611.3238366780083,891.4365743667923,601.8873061130017,0.0,0.0,452,False
1202172,6,O'Higgins,2407.5492244520055,3611.3238366780083,1805.661918339004,601.8873061130018,19,8.0,1.0,4.0,16.0,0.01,True,,0.4028814790739041,1617.7077984323741,3611.3238366780083,985.050188969107,789.841426019632,0.0,0.0,452,False
1202172,6,O'Higgins,2407.5492244520055,3611.3238366780083,1805.661918339004,601.8873061130018,20,8.0,1.0,4.0,32.0,0.0,True,,0.2490816329004517,1805.661918339004,3611.3238366780083,899.5144381720822,601.8873061130016,0.0,0.0,452,False
1202172,6,O'Higgins,2407.5492244520055,3611.3238366780083,1805.661918339004,601.8873061130018,21,8.0,1.0,4.0,32.0,0.01,True,,0.4919873309919349,1512.534584145345,3611.3238366780083,1043.9072402706202,895.0146403066608,0.0,0.0,452,False
1202172,6,O'Higgins,2407.5492244520055,3611.3238366780083,1805.661918339004,601.8873061130018,22,8.0,1.0,4.0,64.0,0.0,True,,0.24939145652180122,1805.661918339004,3611.3238366780083,900.6333116010276,601.8873061130017,0.0,0.0,452,False
1202172,6,O'Higgins,2407.5492244520055,3611.3238366780083,1805.661918339004,601.8873061130018,23,8.0,1.0,4.0,64.0,0.01,True,,0.6047624326885408,1377.450570710163,3611.3238366780083,1113.4646196234044,1030.0986537418428,0.0,0.0,452,False
1202172,6,O'Higgins,2407.5492244520055,3611.3238366780083,1805.661918339004,601.8873061130018,24,8.0,2.0,1.0,8.0,0.0,True,,0.24996295048447528,1805.6619183390042,3611.3238366780083,902.6971613709495,601.8873061130017,0.0,0.0,452,False
1202172,6,O'Higgins,2407.5492244520055,3611.3238366780083,1805.661918339004,601.8873061130018,25,8.0,2.0,1.0,8.0,0.01,True,,0.34963897825241375,1685.6489791104505,3611.3238366780083,962.6272283233013,721.9002453415554,0.0,0.0,452,False
1202172,6,O'Higgins,2407.5492244520055,3611.3238366780083,1805.661918339004,601.8873061130018,26,8.0,2.0,1.0,16.0,0.0,True,,0.24996295048447528,1805.6619183390042,3611.3238366780083,902.6971613709495,601.8873061130017,0.0,0.0,452,False
1202172,6,O'Higgins,2407.5492244520055,3611.3238366780083,1805.661918339004,601.8873061130018,27,8.0,2.0,1.0,16.0,0.01,True,,0.41498975931635684,1607.0034082475058,3611.3238366780083,1002.0161345676836,800.5458162044998,0.0,0.0,452,False
1202172,6,O'Higgins,2407.5492244520055,3611.3238366780083,1805.661918339004,601.8873061130018,28,8.0,2.0,1.0,32.0,0.0,True,,0.24996295048447528,1805.6619183390042,3611.3238366780083,902.6971613709495,601.8873061130017,0.0,0.0,452,False
1202172,6,O'Higgins,2407.5492244520055,3611.3238366780083,1805.661918339004,601.8873061130018,29,8.0,2.0,1.0,32.0,0.01,True,,0.5158510096521669,1485.6231901013507,3611.3238366780083,1062.8082267371544,921.9260343506553,0.0,0.0,452,False
1202172,6,O'Higgins,2407.5492244520055,3611.3238366780083,1805.661918339004,601.8873061130018,30,8.0,2.0,1.0,64.0,0.0,True,,0.24996295048447514,1805.661918339004,3611.3238366780083,902.6971613709495,601.8873061130017,0.0,0.0,452,False
1202172,6,O'Higgins,2407.5492244520055,3611.3238366780083,1805.661918339004,601.8873061130018,31,8.0,2.0,1.0,64.0,0.01,True,,0.6785416080452857,1289.716365330693,3611.3238366780083,1160.5696007909885,1117.832859121313,0.0,0.0,452,False
1202172,6,O'Higgins,2407.5492244520055,3611.3238366780083,1805.661918339004,601.8873061130018,32,8.0,2.0,2.0,8.0,0.0,True,,0.24996295048447528,1805.6619183390042,3611.3238366780083,902.6971613709495,601.8873061130017,0.0,0.0,452,False
1202172,6,O'Higgins,2407.5492244520055,3611.3238366780083,1805.661918339004,601.8873061130018,33,8.0,2.0,2.0,8.0,0.01,True,,0.34963897825241375,1685.6489791104505,3611.3238366780083,962.6272283233013,721.9002453415554,0.0,0.0,452,False
1202172,6,O'Higgins,2407.5492244520055,3611.3238366780083,1805.661918339004,601.8873061130018,34,8.0,2.0,2.0,16.0,0.0,True,,0.24996295048447528,1805.6619183390042,3611.3238366780083,902.6971613709495,601.8873061130017,0.0,0.0,452,False
1202172,6,O'Higgins,2407.5492244520055,3611.3238366780083,1805.661918339004,601.8873061130018,35,8.0,2.0,2.0,16.0,0.01,True,,0.41498975931635684,1607.0034082475058,3611.3238366780083,1002.0161345676836,800.5458162044998,0.0,0.0,452,False
1202172,6,O'Higgins,2407.5492244520055,3611.3238366780083,1805.661918339004,601.8873061130018,36,8.0,2.0,2.0,32.0,0.0,True,,0.24996295048447528,1805.6619183390042,3611.3238366780083,902.6971613709495,601.8873061130017,0.0,0.0,452,False
1202172,6,O'Higgins,2407.5492244520055,3611.3238366780083,1805.661918339004,601.8873061130018,37,8.0,2.0,2.0,32.0,0.01,True,,0.5158510096521669,1485.6231901013507,3611.3238366780083,1062.8082267371544,921.9260343506553,0.0,0.0,452,False
1202172,6,O'Higgins,2407.5492244520055,3611.3238366780083,1805.661918339004,601.8873061130018,38,8.0,2.0,2.0,64.0,0.0,True,,0.24996295048447514,1805.661918339004,3611.3238366780083,902.6971613709495,601.8873061130017,0.0,0.0,452,False
1202172,6,O'Higgins,2407.5492244520055,3611.3238366780083,1805.661918339004,601.8873061130018,39,8.0,2.0,2.0,64.0,0.01,True,,0.6785416080452857,1289.716365330693,3611.3238366780083,1160.5696007909885,1117.832859121313,0.0,0.0,452,False
1202172,6,O'Higgins,2407.5492244520055,3611.3238366780083,1805.661918339004,601.8873061130018,40,8.0,2.0,4.0,8.0,0.0,True,,0.24234370635750654,1805.6619183390044,3611.3238366780083,875.181603437758,601.8873061130017,0.0,0.0,452,True
1202172,6,O'Higgins,2407.5492244520055,3611.3238366780083,1805.661918339004,601.8873061130018,41,8.0,2.0,4.0,8.0,0.01,True,,0.3378292275077103,1691.2551639777125,3611.3238366780083,933.9938561218833,716.2940604742932,0.0,0.0,452,False
1202172,6,O'Higgins,2407.5492244520055,3611.3238366780083,1805.661918339004,601.8873061130018,42,8.0,2.0,4.0,16.0,0.0,True,,0.24684481776821487,1805.6619183390044,3611.3238366780083,891.4365743667923,601.8873061130017,0.0,0.0,452,False
1202172,6,O'Higgins,2407.5492244520055,3611.3238366780083,1805.661918339004,601.8873061130018,43,8.0,2.0,4.0,16.0,0.01,True,,0.39928515172689166,1622.8865721608604,3611.3238366780083,985.0096206175601,784.6626522911453,0.0,0.0,452,False
1202172,6,O'Higgins,2407.5492244520055,3611.3238366780083,1805.661918339004,601.8873061130018,44,8.0,2.0,4.0,32.0,0.0,True,,0.2490816329004517,1805.661918339004,3611.3238366780083,899.5144381720822,601.8873061130016,0.0,0.0,452,False
1202172,6,O'Higgins,2407.5492244520055,3611.3238366780083,1805.661918339004,601.8873061130018,45,8.0,2.0,4.0,32.0,0.01,True,,0.4866117837293622,1519.4335226499634,3611.3238366780083,1041.7417445676479,888.1157018020424,0.0,0.0,452,False
1202172,6,O'Higgins,2407.5492244520055,3611.3238366780083,1805.661918339004,601.8873061130018,46,8.0,2.0,4.0,64.0,0.0,True,,0.24939145652180136,1805.6619183390042,3611.3238366780083,900.6333116010276,601.8873061130017,0.0,0.0,452,False
1202172,6,O'Higgins,2407.5492244520055,3611.3238366780083,1805.661918339004,601.8873061130018,47,8.0,2.0,4.0,64.0,0.01,True,,0.5980134136124968,1385.729669096627,3611.3238366780083,1109.7894721260523,1021.8195553553787,0.0,0.0,452,False
1202172,6,O'Higgins,2407.5492244520055,3611.3238366780083,1805.661918339004,601.8873061130018,48,16.0,1.0,1.0,8.0,0.0,True,,0.5624567543929455,1483.2069264477395,3611.3238366780083,1063.8485085659988,924.3422980042662,322.4549918912646,0.0,226,False
1202172,6,O'Higgins,2407.5492244520055,3611.3238366780083,1805.661918339004,601.8873061130018,49,16.0,1.0,1.0,8.0,0.01,True,,0.7010391892096015,1317.330773159281,3611.3238366780083,1146.768659164417,1090.2184512927247,328.166024648668,0.0,226,False
1202172,6,O'Higgins,2407.5492244520055,3611.3238366780083,1805.661918339004,601.8873061130018,50,16.0,1.0,1.0,16.0,0.0,True,,0.24996295048447528,1805.6619183390042,3611.3238366780083,902.6971613709495,601.8873061130017,0.0,0.0,226,False
1202172,6,O'Higgins,2407.5492244520055,3611.3238366780083,1805.661918339004,601.8873061130018,51,16.0,1.0,1.0,16.0,0.01,True,,0.4674169774581258,1543.8759154164482,3611.3238366780083,1033.5290650561274,863.6733090355575,0.0,0.0,226,False
1202172,6,O'Higgins,2407.5492244520055,3611.3238366780083,1805.661918339004,601.8873061130018,52,16.0,1.0,1.0,32.0,0.0,True,,0.24996295048447528,1805.6619183390042,3611.3238366780083,902.6971613709495,601.8873061130017,0.0,0.0,226,False
1202172,6,O'Higgins,2407.5492244520055,3611.3238366780083,1805.661918339004,601.8873061130018,53,16.0,1.0,1.0,32.0,0.01,True,,0.5756690438846798,1413.6187258802906,3611.3238366780083,1098.8193590715991,993.9304985717152,0.0,0.0,226,False
1202172,6,O'Higgins,2407.5492244520055,3611.3238366780083,1805.661918339004,601.8873061130018,54,16.0,1.0,1.0,64.0,0.0,True,,0.24996295048447528,1805.6619183390042,3611.3238366780083,902.6971613709495,601.8873061130016,0.0,0.0,226,False
1202172,6,O'Higgins,2407.5492244520055,3611.3238366780083,1805.661918339004,601.8873061130018,55,16.0,1.0,1.0,64.0,0.01,True,,0.7510040989783575,1202.5464640501305,3611.3238366780083,1204.330368361249,1205.0027604018755,0.0,0.0,226,False
1202172,6,O'Higgins,2407.5492244520055,3611.3238366780083,1805.661918339004,601.8873061130018,56,16.0,1.0,2.0,8.0,0.0,True,,0.5624567543929455,1483.2069264477395,3611.3238366780083,1063.8485085659988,924.3422980042662,322.4549918912646,0.0,226,False
1202172,6,O'Higgins,2407.5492244520055,3611.3238366780083,1805.661918339004,601.8873061130018,57,16.0,1.0,2.0,8.0,0.01,True,,0.7010391892096015,1317.330773159281,3611.3238366780083,1146.768659164417,1090.2184512927247,328.166024648668,0.0,226,False
1202172,6,O'Higgins,2407.5492244520055,3611.3238366780083,1805.661918339004,601.8873061130018,58,16.0,1.0,2.0,16.0,0.0,True,,0.24996295048447528,1805.6619183390042,3611.3238366780083,902.6971613709495,601.8873061130017,0.0,0.0,226,False
1202172,6,O'Higgins,2407.5492244520055,3611.3238366780083,1805.661918339004,601.8873061130018,59,16.0,1.0,2.0,16.0,0.01,True,,0.4674169774581258,1543.8759154164482,3611.3238366780083,1033.5290650561274,863.6733090355575,0.0,0.0,226,False
1202172,6,O'Higgins,2407.5492244520055,3611.3238366780083,1805.661918339004,601.8873061130018,60,16.0,1.0,2.0,32.0,0.0,True,,0.24996295048447528,1805.6619183390042,3611.3238366780083,902.6971613709495,601.8873061130017,0.0,0.0,226,False
1202172,6,O'Higgins,2407.5492244520055,3611.3238366780083,1805.661918339004,601.8873061130018,61,16.0,1.0,2.0,32.0,0.01,True,,0.5756690438846798,1413.6187258802906,3611.3238366780083,1098.8193590715991,993.9304985717152,0.0,0.0,226,False
1202172,6,O'Higgins,2407.5492244520055,3611.3238366780083,1805.661918339004,601.8873061130018,62,16.0,1.0,2.0,64.0,0.0,True,,0.24996295048447528,1805.6619183390042,3611.3238366780083,902.6971613709495,601.8873061130016,0.0,0.0,226,False
1202172,6,O'Higgins,2407.5492244520055,3611.3238366780083,1805.661918339004,601.8873061130018,63,16.0,1.0,2.0,64.0,0.01,True,,0.751004098978355,1202.5464640501332,3611.3238366780083,1204.3303683612462,1205.0027604018728,0.0,0.0,226,False
1202172,6,O'Higgins,2407.5492244520055,3611.3238366780083,1805.661918339004,601.8873061130018,64,16.0,1.0,4.0,8.0,0.0,True,,0.5624567543929455,1483.2069264477395,3611.3238366780083,1063.8485085659988,924.3422980042662,322.4549918912646,0.0,226,False
1202172,6,O'Higgins,2407.5492244520055,3611.3238366780083,1805.661918339004,601.8873061130018,65,16.0,1.0,4.0,8.0,0.01,True,,0.7010391892096015,1317.330773159281,3611.3238366780083,1146.768659164417,1090.2184512927247,328.166024648668,0.0,226,False
1202172,6,O'Higgins,2407.5492244520055,3611.3238366780083,1805.661918339004,601.8873061130018,66,16.0,1.0,4.0,16.0,0.0,True,,0.24996295048447528,1805.6619183390042,3611.3238366780083,902.6971613709495,601.8873061130017,0.0,0.0,226,False
1202172,6,O'Higgins,2407.5492244520055,3611.3238366780083,1805.661918339004,601.8873061130018,67,16.0,1.0,4.0,16.0,0.01,True,,0.4674169774581258,1543.8759154164482,3611.3238366780083,1033.5290650561274,863.6733090355575,0.0,0.0,226,False
1202172,6,O'Higgins,2407.5492244520055,3611.3238366780083,1805.661918339004,601.8873061130018,68,16.0,1.0,4.0,32.0,0.0,True,,0.24996295048447528,1805.6619183390042,3611.3238366780083,902.6971613709495,601.8873061130017,0.0,0.0,226,False
1202172,6,O'Higgins,2407.5492244520055,3611.3238366780083,1805.661918339004,601.8873061130018,69,16.0,1.0,4.0,32.0,0.01,True,,0.5756690438846798,1413.6187258802906,3611.3238366780083,1098.8193590715991,993.9304985717152,0.0,0.0,226,False
1202172,6,O'Higgins,2407.5492244520055,3611.3238366780083,1805.661918339004,601.8873061130018,70,16.0,1.0,4.0,64.0,0.0,True,,0.24996295048447528,1805.6619183390042,3611.3238366780083,902.6971613709495,601.8873061130016,0.0,0.0,226,False
1202172,6,O'Higgins,2407.5492244520055,3611.3238366780083,1805.661918339004,601.8873061130018,71,16.0,1.0,4.0,64.0,0.01,True,,0.7508826414796531,1202.706093634717,3611.3238366780083,1204.2908199625006,1204.843130817289,0.0,0.0,226,False
1202172,6,O'Higgins,2407.5492244520055,3611.3238366780083,1805.661918339004,601.8873061130018,72,16.0,2.0,1.0,8.0,0.0,True,,0.37868950101585147,1672.785382118298,3611.3238366780083,968.9408130561271,734.7638423337079,132.87653622070616,0.0,226,False
1202172,6,O'Higgins,2407.5492244520055,3611.3238366780083,1805.661918339004,601.8873061130018,73,16.0,2.0,1.0,8.0,0.01,True,,0.5240753518572329,1497.3423273312187,3611.3238366780083,1056.6732922142085,910.2068971207871,130.2670812875349,0.0,226,False
1202172,6,O'Higgins,2407.5492244520055,3611.3238366780083,1805.661918339004,601.8873061130018,74,16.0,2.0,1.0,16.0,0.0,True,,0.24996295048447528,1805.6619183390042,3611.3238366780083,902.6971613709495,601.8873061130017,0.0,0.0,226,False
1202172,6,O'Higgins,2407.5492244520055,3611.3238366780083,1805.661918339004,601.8873061130018,75,16.0,2.0,1.0,16.0,0.01,True,,0.46237618082517606,1549.8232653806922,3611.3238366780083,1030.19349093032,857.7259590713136,0.0,0.0,226,False
1202172,6,O'Higgins,2407.5492244520055,3611.3238366780083,1805.661918339004,601.8873061130018,76,16.0,2.0,1.0,32.0,0.0,True,,0.24996295048447528,1805.6619183390042,3611.3238366780083,902.6971613709495,601.8873061130017,0.0,0.0,226,False
1202172,6,O'Higgins,2407.5492244520055,3611.3238366780083,1805.661918339004,601.8873061130018,77,16.0,2.0,1.0,32.0,0.01,True,,0.5693324496639844,1421.2510027101266,3611.3238366780083,1095.0165573936358,986.2982217418792,0.0,0.0,226,False
1202172,6,O'Higgins,2407.5492244520055,3611.3238366780083,1805.661918339004,601.8873061130018,78,16.0,2.0,1.0,64.0,0.0,True,,0.24996295048447528,1805.6619183390042,3611.3238366780083,902.6971613709495,601.8873061130016,0.0,0.0,226,False
1202172,6,O'Higgins,2407.5492244520055,3611.3238366780083,1805.661918339004,601.8873061130018,79,16.0,2.0,1.0,64.0,0.01,True,,0.7464482486431218,1207.9607948684447,3611.3238366780083,1201.4135444950605,1199.588429583561,0.0,0.0,226,False
1202172,6,O'Higgins,2407.5492244520055,3611.3238366780083,1805.661918339004,601.8873061130018,80,16.0,2.0,2.0,8.0,0.0,True,,0.37868950101585147,1672.785382118298,3611.3238366780083,968.9408130561271,734.7638423337079,132.87653622070616,0.0,226,False
1202172,6,O'Higgins,2407.5492244520055,3611.3238366780083,1805.661918339004,601.8873061130018,81,16.0,2.0,2.0,8.0,0.01,True,,0.5240753518572329,1497.3423273312187,3611.3238366780083,1056.6732922142085,910.2068971207871,130.2670812875349,0.0,226,False
1202172,6,O'Higgins,2407.5492244520055,3611.3238366780083,1805.661918339004,601.8873061130018,82,16.0,2.0,2.0,16.0,0.0,True,,0.24996295048447528,1805.6619183390042,3611.3238366780083,902.6971613709495,601.8873061130017,0.0,0.0,226,False
1202172,6,O'Higgins,2407.5492244520055,3611.3238366780083,1805.661918339004,601.8873061130018,83,16.0,2.0,2.0,16.0,0.01,True,,0.46237618082517606,1549.8232653806922,3611.3238366780083,1030.19349093032,857.7259590713136,0.0,0.0,226,False
1202172,6,O'Higgins,2407.5492244520055,3611.3238366780083,1805.661918339004,601.8873061130018,84,16.0,2.0,2.0,32.0,0.0,True,,0.24996295048447528,1805.6619183390042,3611.3238366780083,902.6971613709495,601.8873061130017,0.0,0.0,226,False
1202172,6,O'Higgins,2407.5492244520055,3611.3238366780083,1805.661918339004,601.8873061130018,85,16.0,2.0,2.0,32.0,0.01,True,,0.5693324496639844,1421.2510027101266,3611.3238366780083,1095.0165573936358,986.2982217418792,0.0,0.0,226,False
1202172,6,O'Higgins,2407.5492244520055,3611.3238366780083,1805.661918339004,601.8873061130018,86,16.0,2.0,2.0,64.0,0.0,True,,0.24996295048447528,1805.6619183390042,3611.3238366780083,902.6971613709495,601.8873061130016,0.0,0.0,226,False
1202172,6,O'Higgins,2407.5492244520055,3611.3238366780083,1805.661918339004,601.8873061130018,87,16.0,2.0,2.0,64.0,0.01,True,,0.7464482486431218,1207.9607948684447,3611.3238366780083,1201.4135444950605,1199.588429583561,0.0,0.0,226,False
1202172,6,O'Higgins,2407.5492244520055,3611.3238366780083,1805.661918339004,601.8873061130018,88,16.0,2.0,4.0,8.0,0.0,True,,0.37868950101585147,1672.785382118298,3611.3238366780083,968.9408130561271,734.7638423337079,132.87653622070616,0.0,226,False
1202172,6,O'Higgins,2407.5492244520055,3611.3238366780083,1805.661918339004,601.8873061130018,89,16.0,2.0,4.0,8.0,0.01,True,,0.5240753518572329,1497.3423273312187,3611.3238366780083,1056.6732922142085,910.2068971207871,130.2670812875349,0.0,226,False
1202172,6,O'Higgins,2407.5492244520055,3611.3238366780083,1805.661918339004,601.8873061130018,90,16.0,2.0,4.0,16.0,0.0,True,,0.24996295048447528,1805.6619183390042,3611.3238366780083,902.6971613709495,601.8873061130017,0.0,0.0,226,False
1202172,6,O'Higgins,2407.5492244520055,3611.3238366780083,1805.661918339004,601.8873061130018,91,16.0,2.0,4.0,16.0,0.01,True,,0.46237618082517606,1549.8232653806922,3611.3238366780083,1030.19349093032,857.7259590713136,0.0,0.0,226,False
1202172,6,O'Higgins,2407.5492244520055,3611.3238366780083,1805.661918339004,601.8873061130018,92,16.0,2.0,4.0,32.0,0.0,True,,0.24996295048447528,1805.6619183390042,3611.3238366780083,902.6971613709495,601.8873061130017,0.0,0.0,226,False
1202172,6,O'Higgins,2407.5492244520055,3611.3238366780083,1805.661918339004,601.8873061130018,93,16.0,2.0,4.0,32.0,0.01,True,,0.5693324496639844,1421.2510027101266,3611.3238366780083,1095.0165573936358,986.2982217418792,0.0,0.0,226,False
1202172,6,O'Higgins,2407.5492244520055,3611.3238366780083,1805.661918339004,601.8873061130018,94,16.0,2.0,4.0,64.0,0.0,True,,0.24996295048447528,1805.6619183390042,3611.3238366780083,902.6971613709495,601.8873061130016,0.0,0.0,226,False
1202172,6,O'Higgins,2407.5492244520055,3611.3238366780083,1805.661918339004,601.8873061130018,95,16.0,2.0,4.0,64.0,0.01,True,,0.7464482011028404,1207.960843920831,3611.3238366780083,1201.4134954426745,1199.5883805311748,0.0,0.0,226,False
1202172,6,O'Higgins,2407.5492244520055,3611.3238366780083,1805.661918339004,601.8873061130018,96,32.0,1.0,1.0,8.0,0.0,True,,1.2841226339108356,738.6358065630966,3611.3238366780083,1436.304341732226,1668.9134178889092,1067.0261117759076,0.0,113,False
1202172,6,O'Higgins,2407.5492244520055,3611.3238366780083,1805.661918339004,601.8873061130018,97,32.0,1.0,1.0,8.0,0.01,True,,1.3760891239564326,627.5548368027219,3611.3238366780083,1491.824397882624,1779.994387649284,1064.822706027786,0.0,113,False
1202172,6,O'Higgins,2407.5492244520055,3611.3238366780083,1805.661918339004,601.8873061130018,98,32.0,1.0,1.0,16.0,0.0,True,,0.623586248316021,1420.1762294660425,3611.3238366780083,1095.5148161493737,987.3729949859635,385.48568887296176,0.0,113,False
1202172,6,O'Higgins,2407.5492244520055,3611.3238366780083,1805.661918339004,601.8873061130018,99,32.0,1.0,1.0,16.0,0.01,True,,0.8734192871359712,1119.3764780026272,3611.3238366780083,1245.5792073986206,1288.1727464493788,385.81416561776786,0.0,113,False
1202172,6,O'Higgins,2407.5492244520055,3611.3238366780083,1805.661918339004,601.8873061130018,100,32.0,1.0,1.0,32.0,0.0,True,,0.24996295048447528,1805.6619183390042,3611.3238366780083,902.6971613709495,601.8873061130017,0.0,0.0,113,False
1202172,6,O'Higgins,2407.5492244520055,3611.3238366780083,1805.661918339004,601.8873061130018,101,32.0,1.0,1.0,32.0,0.01,True,,0.6587309324030779,1313.5822953649333,3611.3238366780083,1148.6916607091885,1093.9669290870725,0.0,0.0,113,False
1202172,6,O'Higgins,2407.5492244520055,3611.3238366780083,1805.661918339004,601.8873061130018,102,32.0,1.0,1.0,64.0,0.0,True,,0.24996295048447528,1805.6619183390042,3611.3238366780083,902.6971613709495,601.8873061130017,0.0,0.0,113,False
1202172,6,O'Higgins,2407.5492244520055,3611.3238366780083,1805.661918339004,601.8873061130018,103,32.0,1.0,1.0,64.0,0.01,True,,0.8430731360933298,1091.734079389293,3611.3238366780083,1259.7905150624465,1315.815145062713,0.0,0.0,113,False
1202172,6,O'Higgins,2407.5492244520055,3611.3238366780083,1805.661918339004,601.8873061130018,104,32.0,1.0,2.0,8.0,0.0,True,,1.2841226339108356,738.6358065630966,3611.3238366780083,1436.304341732226,1668.9134178889092,1067.0261117759076,0.0,113,False
1202172,6,O'Higgins,2407.5492244520055,3611.3238366780083,1805.661918339004,601.8873061130018,105,32.0,1.0,2.0,8.0,0.01,True,,1.3760891239564326,627.5548368027219,3611.3238366780083,1491.824397882624,1779.994387649284,1064.822706027786,0.0,113,False
1202172,6,O'Higgins,2407.5492244520055,3611.3238366780083,1805.661918339004,601.8873061130018,106,32.0,1.0,2.0,16.0,0.0,True,,0.623586248316021,1420.1762294660425,3611.3238366780083,1095.5148161493737,987.3729949859635,385.48568887296176,0.0,113,False
1202172,6,O'Higgins,2407.5492244520055,3611.3238366780083,1805.661918339004,601.8873061130018,107,32.0,1.0,2.0,16.0,0.01,True,,0.8734192871359712,1119.3764780026272,3611.3238366780083,1245.5792073986206,1288.1727464493788,385.81416561776786,0.0,113,False
1202172,6,O'Higgins,2407.5492244520055,3611.3238366780083,1805.661918339004,601.8873061130018,108,32.0,1.0,2.0,32.0,0.0,True,,0.24996295048447528,1805.6619183390042,3611.3238366780083,902.6971613709495,601.8873061130017,0.0,0.0,113,False
1202172,6,O'Higgins,2407.5492244520055,3611.3238366780083,1805.661918339004,601.8873061130018,109,32.0,1.0,2.0,32.0,0.01,True,,0.6587309324030779,1313.5822953649333,3611.3238366780083,1148.6916607091885,1093.9669290870725,0.0,0.0,113,False
1202172,6,O'Higgins,2407.5492244520055,3611.3238366780083,1805.661918339004,601.8873061130018,110,32.0,1.0,2.0,64.0,0.0,True,,0.24996295048447528,1805.6619183390042,3611.3238366780083,902.6971613709495,601.8873061130017,0.0,0.0,113,False
1202172,6,O'Higgins,2407.5492244520055,3611.3238366780083,1805.661918339004,601.8873061130018,111,32.0,1.0,2.0,64.0,0.01,True,,0.8430731360933298,1091.734079389293,3611.3238366780083,1259.7905150624465,1315.815145062713,0.0,0.0,113,False
1202172,6,O'Higgins,2407.5492244520055,3611.3238366780083,1805.661918339004,601.8873061130018,112,32.0,1.0,4.0,8.0,0.0,True,,1.2841226339108356,738.6358065630966,3611.3238366780083,1436.304341732226,1668.9134178889092,1067.0261117759076,0.0,113,False
1202172,6,O'Higgins,2407.5492244520055,3611.3238366780083,1805.661918339004,601.8873061130018,113,32.0,1.0,4.0,8.0,0.01,True,,1.3760891239564326,627.5548368027219,3611.3238366780083,1491.824397882624,1779.994387649284,1064.822706027786,0.0,113,False
1202172,6,O'Higgins,2407.5492244520055,3611.3238366780083,1805.661918339004,601.8873061130018,114,32.0,1.0,4.0,16.0,0.0,True,,0.623586248316021,1420.1762294660425,3611.3238366780083,1095.5148161493737,987.3729949859635,385.48568887296176,0.0,113,False
1202172,6,O'Higgins,2407.5492244520055,3611.3238366780083,1805.661918339004,601.8873061130018,115,32.0,1.0,4.0,16.0,0.01,True,,0.8734192871359712,1119.3764780026272,3611.3238366780083,1245.5792073986206,1288.1727464493788,385.81416561776786,0.0,113,False
1202172,6,O'Higgins,2407.5492244520055,3611.3238366780083,1805.661918339004,601.8873061130018,116,32.0,1.0,4.0,32.0,0.0,True,,0.24996295048447528,1805.6619183390042,3611.3238366780083,902.6971613709495,601.8873061130017,0.0,0.0,113,False
1202172,6,O'Higgins,2407.5492244520055,3611.3238366780083,1805.661918339004,601.8873061130018,117,32.0,1.0,4.0,32.0,0.01,True,,0.6587309324030779,1313.5822953649333,3611.3238366780083,1148.6916607091885,1093.9669290870725,0.0,0.0,113,False
1202172,6,O'Higgins,2407.5492244520055,3611.3238366780083,1805.661918339004,601.8873061130018,118,32.0,1.0,4.0,64.0,0.0,True,,0.24996295048447528,1805.6619183390042,3611.3238366780083,902.6971613709495,601.8873061130017,0.0,0.0,113,False
1202172,6,O'Higgins,2407.5492244520055,3611.3238366780083,1805.661918339004,601.8873061130018,119,32.0,1.0,4.0,64.0,0.01,True,,0.8430731360933298,1091.734079389293,3611.3238366780083,1259.7905150624465,1315.815145062713,0.0,0.0,113,False
1202172,6,O'Higgins,2407.5492244520055,3611.3238366780083,1805.661918339004,601.8873061130018,120,32.0,2.0,1.0,8.0,0.0,True,,1.198246975432044,827.1966560208189,3611.3238366780083,1391.8620776505124,1580.352568431187,978.4652623181853,0.0,113,False
1202172,6,O'Higgins,2407.5492244520055,3611.3238366780083,1805.661918339004,601.8873061130018,121,32.0,2.0,1.0,8.0,0.01,True,,1.2986210958510647,705.3549659042867,3611.3238366780083,1452.7700810954511,1702.194258547719,972.407712155244,0.0,113,False
1202172,6,O'Higgins,2407.5492244520055,3611.3238366780083,1805.661918339004,601.8873061130018,122,32.0,2.0,1.0,16.0,0.0,True,,0.5089576639207014,1538.4144445907148,3611.3238366780083,1036.268522331916,869.1347798612911,267.2474737482894,0.0,113,False
1202172,6,O'Higgins,2407.5492244520055,3611.3238366780083,1805.661918339004,601.8873061130018,123,32.0,2.0,1.0,16.0,0.01,True,,0.7764308961170308,1216.7136633744633,3611.3238366780083,1196.9090430332722,1190.8355610775427,269.3274444721515,0.0,113,False
1202172,6,O'Higgins,2407.5492244520055,3611.3238366780083,1805.661918339004,601.8873061130018,124,32.0,2.0,1.0,32.0,0.0,True,,0.24996295048447528,1805.6619183390042,3611.3238366780083,902.6971613709495,601.8873061130017,0.0,0.0,113,False
1202172,6,O'Higgins,2407.5492244520055,3611.3238366780083,1805.661918339004,601.8873061130018,125,32.0,2.0,1.0,32.0,0.01,True,,0.6547680681961573,1318.3746269972069,3611.3238366780083,1146.3613038179014,1089.1745974547991,0.0,0.0,113,False
1202172,6,O'Higgins,2407.5492244520055,3611.3238366780083,1805.661918339004,601.8873061130018,126,32.0,2.0,1.0,64.0,0.0,True,,0.24996295048447528,1805.6619183390042,3611.3238366780083,902.6971613709495,601.8873061130017,0.0,0.0,113,False
1202172,6,O'Higgins,2407.5492244520055,3611.3238366780083,1805.661918339004,601.8873061130018,127,32.0,2.0,1.0,64.0,0.01,True,,0.8340310987678329,1102.5061832539784,3611.3238366780083,1254.0670497984609,1305.0430411980276,0.0,0.0,113,False
1202172,6,O'Higgins,2407.5492244520055,3611.3238366780083,1805.661918339004,601.8873061130018,128,32.0,2.0,2.0,8.0,0.0,True,,1.198246975432044,827.1966560208189,3611.3238366780083,1391.8620776505124,1580.352568431187,978.4652623181853,0.0,113,False
1202172,6,O'Higgins,2407.5492244520055,3611.3238366780083,1805.661918339004,601.8873061130018,129,32.0,2.0,2.0,8.0,0.01,True,,1.2986210958510647,705.3549659042867,3611.3238366780083,1452.7700810954511,1702.194258547719,972.407712155244,0.0,113,False
1202172,6,O'Higgins,2407.5492244520055,3611.3238366780083,1805.661918339004,601.8873061130018,130,32.0,2.0,2.0,16.0,0.0,True,,0.5089576639207014,1538.4144445907148,3611.3238366780083,1036.268522331916,869.1347798612911,267.2474737482894,0.0,113,False
1202172,6,O'Higgins,2407.5492244520055,3611.3238366780083,1805.661918339004,601.8873061130018,131,32.0,2.0,2.0,16.0,0.01,True,,0.7764308961170308,1216.7136633744633,3611.3238366780083,1196.9090430332722,1190.8355610775427,269.3274444721515,0.0,113,False
1202172,6,O'Higgins,2407.5492244520055,3611.3238366780083,1805.661918339004,601.8873061130018,132,32.0,2.0,2.0,32.0,0.0,True,,0.24996295048447528,1805.6619183390042,3611.3238366780083,902.6971613709495,601.8873061130017,0.0,0.0,113,False
1202172,6,O'Higgins,2407.5492244520055,3611.3238366780083,1805.661918339004,601.8873061130018,133,32.0,2.0,2.0,32.0,0.01,True,,0.6547680681961573,1318.3746269972069,3611.3238366780083,1146.3613038179014,1089.1745974547991,0.0,0.0,113,False
1202172,6,O'Higgins,2407.5492244520055,3611.3238366780083,1805.661918339004,601.8873061130018,134,32.0,2.0,2.0,64.0,0.0,True,,0.24996295048447528,1805.6619183390042,3611.3238366780083,902.6971613709495,601.8873061130017,0.0,0.0,113,False
1202172,6,O'Higgins,2407.5492244520055,3611.3238366780083,1805.661918339004,601.8873061130018,135,32.0,2.0,2.0,64.0,0.01,True,,0.8340310987678329,1102.5061832539784,3611.3238366780083,1254.0670497984609,1305.0430411980276,0.0,0.0,113,False
1202172,6,O'Higgins,2407.5492244520055,3611.3238366780083,1805.661918339004,601.8873061130018,136,32.0,2.0,4.0,8.0,0.0,True,,1.198246975432044,827.1966560208189,3611.3238366780083,1391.8620776505124,1580.352568431187,978.4652623181853,0.0,113,False
1202172,6,O'Higgins,2407.5492244520055,3611.3238366780083,1805.661918339004,601.8873061130018,137,32.0,2.0,4.0,8.0,0.01,True,,1.2986210958510647,705.3549659042867,3611.3238366780083,1452.7700810954511,1702.194258547719,972.407712155244,0.0,113,False
1202172,6,O'Higgins,2407.5492244520055,3611.3238366780083,1805.661918339004,601.8873061130018,138,32.0,2.0,4.0,16.0,0.0,True,,0.5089576639207014,1538.4144445907148,3611.3238366780083,1036.268522331916,869.1347798612911,267.2474737482894,0.0,113,False
1202172,6,O'Higgins,2407.5492244520055,3611.3238366780083,1805.661918339004,601.8873061130018,139,32.0,2.0,4.0,16.0,0.01,True,,0.7764308961170308,1216.7136633744633,3611.3238366780083,1196.9090430332722,1190.8355610775427,269.3274444721515,0.0,113,False
1202172,6,O'Higgins,2407.5492244520055,3611.3238366780083,1805.661918339004,601.8873061130018,140,32.0,2.0,4.0,32.0,0.0,True,,0.24996295048447528,1805.6619183390042,3611.3238366780083,902.6971613709495,601.8873061130017,0.0,0.0,113,False
1202172,6,O'Higgins,2407.5492244520055,3611.3238366780083,1805.661918339004,601.8873061130018,141,32.0,2.0,4.0,32.0,0.01,True,,0.6547680681961573,1318.3746269972069,3611.3238366780083,1146.3613038179014,1089.1745974547991,0.0,0.0,113,False
1202172,6,O'Higgins,2407.5492244520055,3611.3238366780083,1805.661918339004,601.8873061130018,142,32.0,2.0,4.0,64.0,0.0,True,,0.24996295048447528,1805.6619183390042,3611.3238366780083,902.6971613709495,601.8873061130017,0.0,0.0,113,False
1202172,6,O'Higgins,2407.5492244520055,3611.3238366780083,1805.661918339004,601.8873061130018,143,32.0,2.0,4.0,64.0,0.01,True,,0.8340310987678329,1102.5061832539784,3611.3238366780083,1254.0670497984609,1305.0430411980276,0.0,0.0,113,False
1440031,7,Maule,2842.6083360272332,4263.91250404085,2131.956252020425,710.6520840068083,0,8.0,1.0,1.0,8.0,0.0,True,,0.24990990027547216,2131.956252020425,4263.91250404085,1065.5939486681875,710.6520840068081,0.0,0.0,533,False
1440031,7,Maule,2842.6083360272332,4263.91250404085,2131.956252020425,710.6520840068083,1,8.0,1.0,1.0,8.0,0.01,True,,0.3527594256040835,1985.7501159455894,4263.91250404085,1138.6199855644309,856.8582200816436,0.0,0.0,533,False
1440031,7,Maule,2842.6083360272332,4263.91250404085,2131.956252020425,710.6520840068083,2,8.0,1.0,1.0,16.0,0.0,True,,0.24990990027547216,2131.956252020425,4263.91250404085,1065.5939486681875,710.6520840068081,0.0,0.0,533,False
1440031,7,Maule,2842.6083360272332,4263.91250404085,2131.956252020425,710.6520840068083,3,8.0,1.0,1.0,16.0,0.01,True,,0.4073303647783647,1908.2849343035855,4263.91250404085,1177.6427413618912,934.3234017236477,0.0,0.0,533,False
1440031,7,Maule,2842.6083360272332,4263.91250404085,2131.956252020425,710.6520840068083,4,8.0,1.0,1.0,32.0,0.0,True,,0.24990990027547214,2131.956252020425,4263.91250404085,1065.5939486681873,710.6520840068081,0.0,0.0,533,False
1440031,7,Maule,2842.6083360272332,4263.91250404085,2131.956252020425,710.6520840068083,5,8.0,1.0,1.0,32.0,0.01,True,,0.5057570509381007,1768.4347031378556,4263.91250404085,1247.6999412953699,1074.1736328893774,0.0,0.0,533,False
1440031,7,Maule,2842.6083360272332,4263.91250404085,2131.956252020425,710.6520840068083,6,8.0,1.0,1.0,64.0,0.0,True,,0.24990990027547214,2131.956252020425,4263.91250404085,1065.5939486681873,710.6520840068081,0.0,0.0,533,False
1440031,7,Maule,2842.6083360272332,4263.91250404085,2131.956252020425,710.6520840068083,7,8.0,1.0,1.0,64.0,0.01,True,,0.6659258942756081,1540.7393629842882,4263.91250404085,1361.4075247760086,1301.868973042945,0.0,0.0,533,False
1440031,7,Maule,2842.6083360272332,4263.91250404085,2131.956252020425,710.6520840068083,8,8.0,1.0,2.0,8.0,0.0,True,,0.24990990027547216,2131.956252020425,4263.91250404085,1065.5939486681875,710.6520840068081,0.0,0.0,533,False
1440031,7,Maule,2842.6083360272332,4263.91250404085,2131.956252020425,710.6520840068083,9,8.0,1.0,2.0,8.0,0.01,True,,0.3527594256040835,1985.7501159455894,4263.91250404085,1138.6199855644309,856.8582200816436,0.0,0.0,533,False
1440031,7,Maule,2842.6083360272332,4263.91250404085,2131.956252020425,710.6520840068083,10,8.0,1.0,2.0,16.0,0.0,True,,0.24990990027547216,2131.956252020425,4263.91250404085,1065.5939486681875,710.6520840068081,0.0,0.0,533,False
1440031,7,Maule,2842.6083360272332,4263.91250404085,2131.956252020425,710.6520840068083,11,8.0,1.0,2.0,16.0,0.01,True,,0.4046725805806316,1912.0972236424852,4263.91250404085,1175.8409054353842,930.5111123847479,0.0,0.0,533,False
1440031,7,Maule,2842.6083360272332,4263.91250404085,2131.956252020425,710.6520840068083,12,8.0,1.0,2.0,32.0,0.0,True,,0.24990990027547214,2131.956252020425,4263.91250404085,1065.5939486681873,710.6520840068081,0.0,0.0,533,False
1440031,7,Maule,2842.6083360272332,4263.91250404085,2131.956252020425,710.6520840068083,13,8.0,1.0,2.0,32.0,0.01,True,,0.5006097968864016,1775.7474443697158,4263.91250404085,1244.0343534625051,1066.8608916575174,0.0,0.0,533,False
1440031,7,Maule,2842.6083360272332,4263.91250404085,2131.956252020425,710.6520840068083,14,8.0,1.0,2.0,64.0,0.0,True,,0.24990990027547214,2131.956252020425,4263.91250404085,1065.5939486681873,710.6520840068081,0.0,0.0,533,False
1440031,7,Maule,2842.6083360272332,4263.91250404085,2131.956252020425,710.6520840068083,15,8.0,1.0,2.0,64.0,0.01,True,,0.6544653806460099,1556.88085841836,4263.91250404085,1352.8946359932133,1285.727477608873,0.0,0.0,533,False
1440031,7,Maule,2842.6083360272332,4263.91250404085,2131.956252020425,710.6520840068083,16,8.0,1.0,4.0,8.0,0.0,True,,0.24171785228228315,2131.956252020425,4263.91250404085,1030.6637727963262,710.6520840068082,0.0,0.0,533,False
1440031,7,Maule,2842.6083360272332,4263.91250404085,2131.956252020425,710.6520840068083,17,8.0,1.0,4.0,8.0,0.01,True,,0.34082184436915763,1991.435173957217,4263.91250404085,1101.9318286978964,851.1731620700157,0.0,0.0,533,False
1440031,7,Maule,2842.6083360272332,4263.91250404085,2131.956252020425,710.6520840068083,18,8.0,1.0,4.0,16.0,0.0,True,,0.24613553616885403,2131.956252020425,4263.91250404085,1049.5003903591755,710.6520840068082,0.0,0.0,533,False
1440031,7,Maule,2842.6083360272332,4263.91250404085,2131.956252020425,710.6520840068083,19,8.0,1.0,4.0,16.0,0.01,True,,0.38434260087090594,1936.5182246055037,4263.91250404085,1150.2081531517347,906.0901114217294,0.0,0.0,533,False
1440031,7,Maule,2842.6083360272332,4263.91250404085,2131.956252020425,710.6520840068083,20,8.0,1.0,4.0,32.0,0.0,True,,0.2483712501617681,2131.956252020425,4263.91250404085,1059.0332792090207,710.652084006808,0.0,0.0,533,False
1440031,7,Maule,2842.6083360272332,4263.91250404085,2131.956252020425,710.6520840068083,21,8.0,1.0,4.0,32.0,0.01,True,,0.47083398084241745,1816.0428559740842,4263.91250404085,1217.8114081254616,1026.565480053149,0.0,0.0,533,False
1440031,7,Maule,2842.6083360272332,4263.91250404085,2131.956252020425,710.6520840068083,22,8.0,1.0,4.0,64.0,0.0,True,,0.24911188545448645,2131.956252020425,4263.91250404085,1062.1912832945766,710.6520840068081,0.0,0.0,533,False
1440031,7,Maule,2842.6083360272332,4263.91250404085,2131.956252020425,710.6520840068083,23,8.0,1.0,4.0,64.0,0.01,True,,0.5759118894190489,1667.1500955094323,4263.91250404085,1293.6225152421923,1175.458240517801,0.0,0.0,533,False
1440031,7,Maule,2842.6083360272332,4263.91250404085,2131.956252020425,710.6520840068083,24,8.0,2.0,1.0,8.0,0.0,True,,0.24990990027547216,2131.956252020425,4263.91250404085,1065.5939486681875,710.6520840068081,0.0,0.0,533,False
1440031,7,Maule,2842.6083360272332,4263.91250404085,2131.956252020425,710.6520840068083,25,8.0,2.0,1.0,8.0,0.01,True,,0.34587194322832726,1995.5191845012196,4263.91250404085,1133.6750347301581,847.0891515260137,0.0,0.0,533,False
1440031,7,Maule,2842.6083360272332,4263.91250404085,2131.956252020425,710.6520840068083,26,8.0,2.0,1.0,16.0,0.0,True,,0.24990990027547216,2131.956252020425,4263.91250404085,1065.5939486681875,710.6520840068081,0.0,0.0,533,False
1440031,7,Maule,2842.6083360272332,4263.91250404085,2131.956252020425,710.6520840068083,27,8.0,2.0,1.0,16.0,0.01,True,,0.39568639014204193,1924.8747435095838,4263.91250404085,1169.468375328336,917.7335925176492,0.0,0.0,533,False
1440031,7,Maule,2842.6083360272332,4263.91250404085,2131.956252020425,710.6520840068083,28,8.0,2.0,1.0,32.0,0.0,True,,0.24990990027547214,2131.956252020425,4263.91250404085,1065.5939486681873,710.6520840068081,0.0,0.0,533,False
1440031,7,Maule,2842.6083360272332,4263.91250404085,2131.956252020425,710.6520840068083,29,8.0,2.0,1.0,32.0,0.01,True,,0.4946086808462645,1784.1778184964164,4263.91250404085,1239.522055057516,1058.4305175308168,0.0,0.0,533,False
1440031,7,Maule,2842.6083360272332,4263.91250404085,2131.956252020425,710.6520840068083,30,8.0,2.0,1.0,64.0,0.0,True,,0.24990990027547214,2131.956252020425,4263.91250404085,1065.5939486681873,710.6520840068081,0.0,0.0,533,False
1440031,7,Maule,2842.6083360272332,4263.91250404085,2131.956252020425,710.6520840068083,31,8.0,2.0,1.0,64.0,0.01,True,,0.645330815510918,1569.9595123200284,4263.91250404085,1346.6422842488905,1272.6488237072049,0.0,0.0,533,False
1440031,7,Maule,2842.6083360272332,4263.91250404085,2131.956252020425,710.6520840068083,32,8.0,2.0,2.0,8.0,0.0,True,,0.24990990027547216,2131.956252020425,4263.91250404085,1065.5939486681875,710.6520840068081,0.0,0.0,533,False
1440031,7,Maule,2842.6083360272332,4263.91250404085,2131.956252020425,710.6520840068083,33,8.0,2.0,2.0,8.0,0.01,True,,0.34587194322832726,1995.5191845012196,4263.91250404085,1133.6750347301581,847.0891515260137,0.0,0.0,533,False
1440031,7,Maule,2842.6083360272332,4263.91250404085,2131.956252020425,710.6520840068083,34,8.0,2.0,2.0,16.0,0.0,True,,0.24990990027547216,2131.956252020425,4263.91250404085,1065.5939486681875,710.6520840068081,0.0,0.0,533,False
1440031,7,Maule,2842.6083360272332,4263.91250404085,2131.956252020425,710.6520840068083,35,8.0,2.0,2.0,16.0,0.01,True,,0.39568639014204193,1924.8747435095838,4263.91250404085,1169.468375328336,917.7335925176492,0.0,0.0,533,False
1440031,7,Maule,2842.6083360272332,4263.91250404085,2131.956252020425,710.6520840068083,36,8.0,2.0,2.0,32.0,0.0,True,,0.24990990027547214,2131.956252020425,4263.91250404085,1065.5939486681873,710.6520840068081,0.0,0.0,533,False
1440031,7,Maule,2842.6083360272332,4263.91250404085,2131.956252020425,710.6520840068083,37,8.0,2.0,2.0,32.0,0.01,True,,0.4946086808462645,1784.1778184964164,4263.91250404085,1239.522055057516,1058.4305175308168,0.0,0.0,533,False
1440031,7,Maule,2842.6083360272332,4263.91250404085,2131.956252020425,710.6520840068083,38,8.0,2.0,2.0,64.0,0.0,True,,0.24990990027547214,2131.956252020425,4263.91250404085,1065.5939486681873,710.6520840068081,0.0,0.0,533,False
1440031,7,Maule,2842.6083360272332,4263.91250404085,2131.956252020425,710.6520840068083,39,8.0,2.0,2.0,64.0,0.01,True,,0.645330815510918,1569.9595123200284,4263.91250404085,1346.6422842488905,1272.6488237072049,0.0,0.0,533,False
1440031,7,Maule,2842.6083360272332,4263.91250404085,2131.956252020425,710.6520840068083,40,8.0,2.0,4.0,8.0,0.0,True,,0.24171255375870004,2131.9562520204254,4263.91250404085,1030.6411803553663,710.6520840068082,0.0,0.0,533,True
1440031,7,Maule,2842.6083360272332,4263.91250404085,2131.956252020425,710.6520840068083,41,8.0,2.0,4.0,8.0,0.01,True,,0.3331178224534092,2002.4884018428143,4263.91250404085,1096.7156230339247,840.1199341844189,0.0,0.0,533,False
1440031,7,Maule,2842.6083360272332,4263.91250404085,2131.956252020425,710.6520840068083,42,8.0,2.0,4.0,16.0,0.0,True,,0.24613553616885403,2131.956252020425,4263.91250404085,1049.5003903591755,710.6520840068082,0.0,0.0,533,False
1440031,7,Maule,2842.6083360272332,4263.91250404085,2131.956252020425,710.6520840068083,43,8.0,2.0,4.0,16.0,0.01,True,,0.3769380370615473,1946.3294754507042,4263.91250404085,1143.163868051043,896.2788605765288,0.0,0.0,533,False
1440031,7,Maule,2842.6083360272332,4263.91250404085,2131.956252020425,710.6520840068083,44,8.0,2.0,4.0,32.0,0.0,True,,0.2483712501617681,2131.956252020425,4263.91250404085,1059.0332792090207,710.652084006808,0.0,0.0,533,False
1440031,7,Maule,2842.6083360272332,4263.91250404085,2131.956252020425,710.6520840068083,45,8.0,2.0,4.0,32.0,0.01,True,,0.4664908467836002,1821.9885005933806,4263.91250404085,1214.1567760535868,1020.6198354338524,0.0,0.0,533,False
1440031,7,Maule,2842.6083360272332,4263.91250404085,2131.956252020425,710.6520840068083,46,8.0,2.0,4.0,64.0,0.0,True,,0.24911188545448645,2131.956252020425,4263.91250404085,1062.1912832945766,710.6520840068081,0.0,0.0,533,False
1440031,7,Maule,2842.6083360272332,4263.91250404085,2131.956252020425,710.6520840068083,47,8.0,2.0,4.0,64.0,0.01,True,,0.5723817350616228,1672.267641541057,4263.91250404085,1291.3641110154306,1170.340694486176,0.0,0.0,533,False
1440031,7,Maule,2842.6083360272332,4263.91250404085,2131.956252020425,710.6520840068083,48,16.0,1.0,1.0,8.0,0.0,True,,0.5640292776057204,1749.2524194386901,4263.91250404085,1256.8599916829548,1093.355916588543,382.70383258173473,0.0,267,False
1440031,7,Maule,2842.6083360272332,4263.91250404085,2131.956252020425,710.6520840068083,49,16.0,1.0,1.0,8.0,0.01,True,,0.6859126557944422,1576.538226149749,4263.91250404085,1343.594851195393,1266.0701098774841,385.063267699414,0.0,267,False
1440031,7,Maule,2842.6083360272332,4263.91250404085,2131.956252020425,710.6520840068083,50,16.0,1.0,1.0,16.0,0.0,True,,0.24990990027547214,2131.956252020425,4263.91250404085,1065.5939486681873,710.6520840068081,0.0,0.0,267,False
1440031,7,Maule,2842.6083360272332,4263.91250404085,2131.956252020425,710.6520840068083,51,16.0,1.0,1.0,16.0,0.01,True,,0.4594563914462126,1834.1756050042434,4263.91250404085,1214.6302350085393,1008.4327310229897,0.0,0.0,267,False
1440031,7,Maule,2842.6083360272332,4263.91250404085,2131.956252020425,710.6520840068083,52,16.0,1.0,1.0,32.0,0.0,True,,0.24990990027547214,2131.956252020425,4263.91250404085,1065.5939486681873,710.6520840068081,0.0,0.0,267,False
1440031,7,Maule,2842.6083360272332,4263.91250404085,2131.956252020425,710.6520840068083,53,16.0,1.0,1.0,32.0,0.01,True,,0.556703112881877,1695.9896923779897,4263.91250404085,1283.8169649494125,1146.6186436492433,0.0,0.0,267,False
1440031,7,Maule,2842.6083360272332,4263.91250404085,2131.956252020425,710.6520840068083,54,16.0,1.0,1.0,64.0,0.0,True,,0.24990990027547214,2131.956252020425,4263.91250404085,1065.5939486681873,710.6520840068081,0.0,0.0,267,False
1440031,7,Maule,2842.6083360272332,4263.91250404085,2131.956252020425,710.6520840068083,55,16.0,1.0,1.0,64.0,0.01,True,,0.720389761840062,1463.1988293549407,4263.91250404085,1399.7853566291396,1379.4095066722925,0.0,0.0,267,False
1440031,7,Maule,2842.6083360272332,4263.91250404085,2131.956252020425,710.6520840068083,56,16.0,1.0,2.0,8.0,0.0,True,,0.5640292776057204,1749.2524194386901,4263.91250404085,1256.8599916829548,1093.355916588543,382.70383258173473,0.0,267,False
1440031,7,Maule,2842.6083360272332,4263.91250404085,2131.956252020425,710.6520840068083,57,16.0,1.0,2.0,8.0,0.01,True,,0.6859126557944422,1576.538226149749,4263.91250404085,1343.594851195393,1266.0701098774841,385.063267699414,0.0,267,False
1440031,7,Maule,2842.6083360272332,4263.91250404085,2131.956252020425,710.6520840068083,58,16.0,1.0,2.0,16.0,0.0,True,,0.24990990027547214,2131.956252020425,4263.91250404085,1065.5939486681873,710.6520840068081,0.0,0.0,267,False
1440031,7,Maule,2842.6083360272332,4263.91250404085,2131.956252020425,710.6520840068083,59,16.0,1.0,2.0,16.0,0.01,True,,0.4594563914462126,1834.1756050042434,4263.91250404085,1214.6302350085393,1008.4327310229897,0.0,0.0,267,False
1440031,7,Maule,2842.6083360272332,4263.91250404085,2131.956252020425,710.6520840068083,60,16.0,1.0,2.0,32.0,0.0,True,,0.24990990027547214,2131.956252020425,4263.91250404085,1065.5939486681873,710.6520840068081,0.0,0.0,267,False
1440031,7,Maule,2842.6083360272332,4263.91250404085,2131.956252020425,710.6520840068083,61,16.0,1.0,2.0,32.0,0.01,True,,0.5518749946878349,1702.8859379591736,4263.91250404085,1280.4709053638082,1139.7223980680596,0.0,0.0,267,False
1440031,7,Maule,2842.6083360272332,4263.91250404085,2131.956252020425,710.6520840068083,62,16.0,1.0,2.0,64.0,0.0,True,,0.24990990027547214,2131.956252020425,4263.91250404085,1065.5939486681873,710.6520840068081,0.0,0.0,267,False
1440031,7,Maule,2842.6083360272332,4263.91250404085,2131.956252020425,710.6520840068083,63,16.0,1.0,2.0,64.0,0.01,True,,0.7155649608438623,1470.037835354159,4263.91250404085,1396.3103423299808,1372.5705006730743,0.0,0.0,267,False
1440031,7,Maule,2842.6083360272332,4263.91250404085,2131.956252020425,710.6520840068083,64,16.0,1.0,4.0,8.0,0.0,True,,0.5640292776057204,1749.2524194386901,4263.91250404085,1256.8599916829548,1093.355916588543,382.70383258173473,0.0,267,False
1440031,7,Maule,2842.6083360272332,4263.91250404085,2131.956252020425,710.6520840068083,65,16.0,1.0,4.0,8.0,0.01,True,,0.6859126557944422,1576.538226149749,4263.91250404085,1343.594851195393,1266.0701098774841,385.063267699414,0.0,267,False
1440031,7,Maule,2842.6083360272332,4263.91250404085,2131.956252020425,710.6520840068083,66,16.0,1.0,4.0,16.0,0.0,True,,0.24990990027547214,2131.956252020425,4263.91250404085,1065.5939486681873,710.6520840068081,0.0,0.0,267,False
1440031,7,Maule,2842.6083360272332,4263.91250404085,2131.956252020425,710.6520840068083,67,16.0,1.0,4.0,16.0,0.01,True,,0.4594563914462126,1834.1756050042434,4263.91250404085,1214.6302350085393,1008.4327310229897,0.0,0.0,267,False
1440031,7,Maule,2842.6083360272332,4263.91250404085,2131.956252020425,710.6520840068083,68,16.0,1.0,4.0,32.0,0.0,True,,0.24990990027547214,2131.956252020425,4263.91250404085,1065.5939486681873,710.6520840068081,0.0,0.0,267,False
1440031,7,Maule,2842.6083360272332,4263.91250404085,2131.956252020425,710.6520840068083,69,16.0,1.0,4.0,32.0,0.01,True,,0.5482935482574076,1707.9256776072234,4263.91250404085,1277.799280266682,1134.6826584200098,0.0,0.0,267,False
1440031,7,Maule,2842.6083360272332,4263.91250404085,2131.956252020425,710.6520840068083,70,16.0,1.0,4.0,64.0,0.0,True,,0.24990990027547214,2131.956252020425,4263.91250404085,1065.5939486681873,710.6520840068081,0.0,0.0,267,False
1440031,7,Maule,2842.6083360272332,4263.91250404085,2131.956252020425,710.6520840068083,71,16.0,1.0,4.0,64.0,0.01,True,,0.7155649608438623,1470.037835354159,4263.91250404085,1396.3103423299808,1372.5705006730743,0.0,0.0,267,False
1440031,7,Maule,2842.6083360272332,4263.91250404085,2131.956252020425,710.6520840068083,72,16.0,2.0,1.0,8.0,0.0,True,,0.3731409040937404,1981.7541506438401,4263.91250404085,1140.4338626046529,860.854185383393,150.20210137658484,0.0,267,False
1440031,7,Maule,2842.6083360272332,4263.91250404085,2131.956252020425,710.6520840068083,73,16.0,2.0,1.0,8.0,0.01,True,,0.5050365973060614,1794.0959115380087,4263.91250404085,1234.6623170844362,1048.5124244892245,148.23738792216386,0.0,267,False
1440031,7,Maule,2842.6083360272332,4263.91250404085,2131.956252020425,710.6520840068083,74,16.0,2.0,1.0,16.0,0.0,True,,0.24990990027547214,2131.956252020425,4263.91250404085,1065.5939486681873,710.6520840068081,0.0,0.0,267,False
1440031,7,Maule,2842.6083360272332,4263.91250404085,2131.956252020425,710.6520840068083,75,16.0,2.0,1.0,16.0,0.01,True,,0.4490382544461969,1848.9837940924767,4263.91250404085,1207.2286831059453,993.6245419347565,0.0,0.0,267,False
1440031,7,Maule,2842.6083360272332,4263.91250404085,2131.956252020425,710.6520840068083,76,16.0,2.0,1.0,32.0,0.0,True,,0.24990990027547214,2131.956252020425,4263.91250404085,1065.5939486681873,710.6520840068081,0.0,0.0,267,False
1440031,7,Maule,2842.6083360272332,4263.91250404085,2131.956252020425,710.6520840068083,77,16.0,2.0,1.0,32.0,0.01,True,,0.5427595206019635,1715.807335977241,4263.91250404085,1273.9068164739704,1126.8010000499921,0.0,0.0,267,False
1440031,7,Maule,2842.6083360272332,4263.91250404085,2131.956252020425,710.6520840068083,78,16.0,2.0,1.0,64.0,0.0,True,,0.24990990027547214,2131.956252020425,4263.91250404085,1065.5939486681873,710.6520840068081,0.0,0.0,267,False
1440031,7,Maule,2842.6083360272332,4263.91250404085,2131.956252020425,710.6520840068083,79,16.0,2.0,1.0,64.0,0.01,True,,0.7118190170046531,1475.5664338780177,4263.91250404085,1394.1594618641889,1367.0419021492155,0.0,0.0,267,False
1440031,7,Maule,2842.6083360272332,4263.91250404085,2131.956252020425,710.6520840068083,80,16.0,2.0,2.0,8.0,0.0,True,,0.3731409040937404,1981.7541506438401,4263.91250404085,1140.4338626046529,860.854185383393,150.20210137658484,0.0,267,False
1440031,7,Maule,2842.6083360272332,4263.91250404085,2131.956252020425,710.6520840068083,81,16.0,2.0,2.0,8.0,0.01,True,,0.5050365973060614,1794.0959115380087,4263.91250404085,1234.6623170844362,1048.5124244892245,148.23738792216386,0.0,267,False
1440031,7,Maule,2842.6083360272332,4263.91250404085,2131.956252020425,710.6520840068083,82,16.0,2.0,2.0,16.0,0.0,True,,0.24990990027547214,2131.956252020425,4263.91250404085,1065.5939486681873,710.6520840068081,0.0,0.0,267,False
1440031,7,Maule,2842.6083360272332,4263.91250404085,2131.956252020425,710.6520840068083,83,16.0,2.0,2.0,16.0,0.01,True,,0.4490382544461969,1848.9837940924767,4263.91250404085,1207.2286831059453,993.6245419347565,0.0,0.0,267,False
1440031,7,Maule,2842.6083360272332,4263.91250404085,2131.956252020425,710.6520840068083,84,16.0,2.0,2.0,32.0,0.0,True,,0.24990990027547214,2131.956252020425,4263.91250404085,1065.5939486681873,710.6520840068081,0.0,0.0,267,False
1440031,7,Maule,2842.6083360272332,4263.91250404085,2131.956252020425,710.6520840068083,85,16.0,2.0,2.0,32.0,0.01,True,,0.5427595206019635,1715.807335977241,4263.91250404085,1273.9068164739704,1126.8010000499921,0.0,0.0,267,False
1440031,7,Maule,2842.6083360272332,4263.91250404085,2131.956252020425,710.6520840068083,86,16.0,2.0,2.0,64.0,0.0,True,,0.24990990027547214,2131.956252020425,4263.91250404085,1065.5939486681873,710.6520840068081,0.0,0.0,267,False
1440031,7,Maule,2842.6083360272332,4263.91250404085,2131.956252020425,710.6520840068083,87,16.0,2.0,2.0,64.0,0.01,True,,0.7118190170046531,1475.5664338780177,4263.91250404085,1394.1594618641889,1367.0419021492155,0.0,0.0,267,False
1440031,7,Maule,2842.6083360272332,4263.91250404085,2131.956252020425,710.6520840068083,88,16.0,2.0,4.0,8.0,0.0,True,,0.3731409040937404,1981.7541506438401,4263.91250404085,1140.4338626046529,860.854185383393,150.20210137658484,0.0,267,False
1440031,7,Maule,2842.6083360272332,4263.91250404085,2131.956252020425,710.6520840068083,89,16.0,2.0,4.0,8.0,0.01,True,,0.5050365973060614,1794.0959115380087,4263.91250404085,1234.6623170844362,1048.5124244892245,148.23738792216386,0.0,267,False
1440031,7,Maule,2842.6083360272332,4263.91250404085,2131.956252020425,710.6520840068083,90,16.0,2.0,4.0,16.0,0.0,True,,0.24990990027547214,2131.956252020425,4263.91250404085,1065.5939486681873,710.6520840068081,0.0,0.0,267,False
1440031,7,Maule,2842.6083360272332,4263.91250404085,2131.956252020425,710.6520840068083,91,16.0,2.0,4.0,16.0,0.01,True,,0.4490382544461969,1848.9837940924767,4263.91250404085,1207.2286831059453,993.6245419347565,0.0,0.0,267,False
1440031,7,Maule,2842.6083360272332,4263.91250404085,2131.956252020425,710.6520840068083,92,16.0,2.0,4.0,32.0,0.0,True,,0.24990990027547214,2131.956252020425,4263.91250404085,1065.5939486681873,710.6520840068081,0.0,0.0,267,False
1440031,7,Maule,2842.6083360272332,4263.91250404085,2131.956252020425,710.6520840068083,93,16.0,2.0,4.0,32.0,0.01,True,,0.5427595206019635,1715.807335977241,4263.91250404085,1273.9068164739704,1126.8010000499921,0.0,0.0,267,False
1440031,7,Maule,2842.6083360272332,4263.91250404085,2131.956252020425,710.6520840068083,94,16.0,2.0,4.0,64.0,0.0,True,,0.24990990027547214,2131.956252020425,4263.91250404085,1065.5939486681873,710.6520840068081,0.0,0.0,267,False
1440031,7,Maule,2842.6083360272332,4263.91250404085,2131.956252020425,710.6520840068083,95,16.0,2.0,4.0,64.0,0.01,True,,0.7118190170046477,1475.5664338780243,4263.91250404085,1394.159461864182,1367.041902149209,0.0,0.0,267,False
1440031,7,Maule,2842.6083360272332,4263.91250404085,2131.956252020425,710.6520840068083,96,32.0,1.0,1.0,8.0,0.0,True,,1.2828178748113752,873.7097300174235,4263.91250404085,1695.083610806327,1968.8986060098098,1258.2465220030015,0.0,134,False
1440031,7,Maule,2842.6083360272332,4263.91250404085,2131.956252020425,710.6520840068083,97,32.0,1.0,1.0,8.0,0.01,True,,1.369684069515423,750.643058207618,4263.91250404085,1756.5764607002393,2091.965277819615,1260.7071707202258,0.0,134,False
1440031,7,Maule,2842.6083360272332,4263.91250404085,2131.956252020425,710.6520840068083,98,32.0,1.0,1.0,16.0,0.0,True,,0.6267064291915294,1673.0249189636502,4263.91250404085,1295.42738062223,1169.583417063583,458.931333056775,0.0,134,False
1440031,7,Maule,2842.6083360272332,4263.91250404085,2131.956252020425,710.6520840068083,99,32.0,1.0,1.0,16.0,0.01,True,,0.8533038616679144,1349.9155109927685,4263.91250404085,1456.7442552762636,1492.692825034465,453.1337953335183,0.0,134,False
1440031,7,Maule,2842.6083360272332,4263.91250404085,2131.956252020425,710.6520840068083,100,32.0,1.0,1.0,32.0,0.0,True,,0.24990990027547214,2131.956252020425,4263.91250404085,1065.5939486681873,710.6520840068081,0.0,0.0,134,False
1440031,7,Maule,2842.6083360272332,4263.91250404085,2131.956252020425,710.6520840068083,101,32.0,1.0,1.0,32.0,0.01,True,,0.6413883817924164,1575.554622083009,4263.91250404085,1343.8198662276711,1267.0537139442242,0.0,0.0,134,False
1440031,7,Maule,2842.6083360272332,4263.91250404085,2131.956252020425,710.6520840068083,102,32.0,1.0,1.0,64.0,0.0,True,,0.24990990027547214,2131.956252020425,4263.91250404085,1065.5939486681873,710.6520840068081,0.0,0.0,134,False
1440031,7,Maule,2842.6083360272332,4263.91250404085,2131.956252020425,710.6520840068083,103,32.0,1.0,1.0,64.0,0.01,True,,0.8014840143058435,1348.0583996703983,4263.91250404085,1457.7130795124751,1494.549936356835,0.0,0.0,134,False
1440031,7,Maule,2842.6083360272332,4263.91250404085,2131.956252020425,710.6520840068083,104,32.0,1.0,2.0,8.0,0.0,True,,1.2828178748113752,873.7097300174235,4263.91250404085,1695.083610806327,1968.8986060098098,1258.2465220030015,0.0,134,False
1440031,7,Maule,2842.6083360272332,4263.91250404085,2131.956252020425,710.6520840068083,105,32.0,1.0,2.0,8.0,0.01,True,,1.369684069515423,750.643058207618,4263.91250404085,1756.5764607002393,2091.965277819615,1260.7071707202258,0.0,134,False
1440031,7,Maule,2842.6083360272332,4263.91250404085,2131.956252020425,710.6520840068083,106,32.0,1.0,2.0,16.0,0.0,True,,0.6267064291915294,1673.0249189636502,4263.91250404085,1295.42738062223,1169.583417063583,458.931333056775,0.0,134,False
1440031,7,Maule,2842.6083360272332,4263.91250404085,2131.956252020425,710.6520840068083,107,32.0,1.0,2.0,16.0,0.01,True,,0.8533038616679144,1349.9155109927685,4263.91250404085,1456.7442552762636,1492.692825034465,453.1337953335183,0.0,134,False
1440031,7,Maule,2842.6083360272332,4263.91250404085,2131.956252020425,710.6520840068083,108,32.0,1.0,2.0,32.0,0.0,True,,0.24990990027547214,2131.956252020425,4263.91250404085,1065.5939486681873,710.6520840068081,0.0,0.0,134,False
1440031,7,Maule,2842.6083360272332,4263.91250404085,2131.956252020425,710.6520840068083,109,32.0,1.0,2.0,32.0,0.01,True,,0.6413883817924164,1575.554622083009,4263.91250404085,1343.8198662276711,1267.0537139442242,0.0,0.0,134,False
1440031,7,Maule,2842.6083360272332,4263.91250404085,2131.956252020425,710.6520840068083,110,32.0,1.0,2.0,64.0,0.0,True,,0.24990990027547214,2131.956252020425,4263.91250404085,1065.5939486681873,710.6520840068081,0.0,0.0,134,False
1440031,7,Maule,2842.6083360272332,4263.91250404085,2131.956252020425,710.6520840068083,111,32.0,1.0,2.0,64.0,0.01,True,,0.7923873876590657,1360.9645453529363,4263.91250404085,1451.1912236150329,1481.6437906742972,0.0,0.0,134,False
1440031,7,Maule,2842.6083360272332,4263.91250404085,2131.956252020425,710.6520840068083,112,32.0,1.0,4.0,8.0,0.0,True,,1.2828178748113752,873.7097300174235,4263.91250404085,1695.083610806327,1968.8986060098098,1258.2465220030015,0.0,134,False
1440031,7,Maule,2842.6083360272332,4263.91250404085,2131.956252020425,710.6520840068083,113,32.0,1.0,4.0,8.0,0.01,True,,1.369684069515423,750.643058207618,4263.91250404085,1756.5764607002393,2091.965277819615,1260.7071707202258,0.0,134,False
1440031,7,Maule,2842.6083360272332,4263.91250404085,2131.956252020425,710.6520840068083,114,32.0,1.0,4.0,16.0,0.0,True,,0.6267064291915294,1673.0249189636502,4263.91250404085,1295.42738062223,1169.583417063583,458.931333056775,0.0,134,False
1440031,7,Maule,2842.6083360272332,4263.91250404085,2131.956252020425,710.6520840068083,115,32.0,1.0,4.0,16.0,0.01,True,,0.8533038616679144,1349.9155109927685,4263.91250404085,1456.7442552762636,1492.692825034465,453.1337953335183,0.0,134,False
1440031,7,Maule,2842.6083360272332,4263.91250404085,2131.956252020425,710.6520840068083,116,32.0,1.0,4.0,32.0,0.0,True,,0.24990990027547214,2131.956252020425,4263.91250404085,1065.5939486681873,710.6520840068081,0.0,0.0,134,False
1440031,7,Maule,2842.6083360272332,4263.91250404085,2131.956252020425,710.6520840068083,117,32.0,1.0,4.0,32.0,0.01,True,,0.6413883817924164,1575.554622083009,4263.91250404085,1343.8198662276711,1267.0537139442242,0.0,0.0,134,False
1440031,7,Maule,2842.6083360272332,4263.91250404085,2131.956252020425,710.6520840068083,118,32.0,1.0,4.0,64.0,0.0,True,,0.24990990027547214,2131.956252020425,4263.91250404085,1065.5939486681873,710.6520840068081,0.0,0.0,134,False
1440031,7,Maule,2842.6083360272332,4263.91250404085,2131.956252020425,710.6520840068083,119,32.0,1.0,4.0,64.0,0.01,True,,0.7923873876590657,1360.9645453529363,4263.91250404085,1451.1912236150329,1481.6437906742972,0.0,0.0,134,False
1440031,7,Maule,2842.6083360272332,4263.91250404085,2131.956252020425,710.6520840068083,120,32.0,2.0,1.0,8.0,0.0,True,,1.196330726953851,979.0221231242222,4263.91250404085,1642.247158938196,1863.586212903011,1152.9341288962028,0.0,134,False
1440031,7,Maule,2842.6083360272332,4263.91250404085,2131.956252020425,710.6520840068083,121,32.0,2.0,1.0,8.0,0.01,True,,1.2833356932184457,853.4492361404868,4263.91250404085,1705.225902917102,1989.1590998867464,1141.0753331582305,0.0,134,False
1440031,7,Maule,2842.6083360272332,4263.91250404085,2131.956252020425,710.6520840068083,122,32.0,2.0,1.0,16.0,0.0,True,,0.5113464441845141,1813.5602052244649,4263.91250404085,1225.1483568672963,1029.0481308027684,318.3960467959602,0.0,134,False
1440031,7,Maule,2842.6083360272332,4263.91250404085,2131.956252020425,710.6520840068083,123,32.0,2.0,1.0,16.0,0.01,True,,0.7578553001368029,1463.9424019727467,4263.91250404085,1399.8037582964203,1378.6659340544866,323.1806141826597,0.0,134,False
1440031,7,Maule,2842.6083360272332,4263.91250404085,2131.956252020425,710.6520840068083,124,32.0,2.0,1.0,32.0,0.0,True,,0.24990990027547214,2131.956252020425,4263.91250404085,1065.5939486681873,710.6520840068081,0.0,0.0,134,False
1440031,7,Maule,2842.6083360272332,4263.91250404085,2131.956252020425,710.6520840068083,125,32.0,2.0,1.0,32.0,0.01,True,,0.6346326315430363,1585.2381079153731,4263.91250404085,1339.2226528460722,1257.3702281118601,0.0,0.0,134,False
1440031,7,Maule,2842.6083360272332,4263.91250404085,2131.956252020425,710.6520840068083,126,32.0,2.0,1.0,64.0,0.0,True,,0.24990990027547214,2131.956252020425,4263.91250404085,1065.5939486681873,710.6520840068081,0.0,0.0,134,False
1440031,7,Maule,2842.6083360272332,4263.91250404085,2131.956252020425,710.6520840068083,127,32.0,2.0,1.0,64.0,0.01,True,,0.7902270514705851,1364.0565300612516,4263.91250404085,1449.7097008988264,1478.5518059659817,0.0,0.0,134,False
1440031,7,Maule,2842.6083360272332,4263.91250404085,2131.956252020425,710.6520840068083,128,32.0,2.0,2.0,8.0,0.0,True,,1.196330726953851,979.0221231242222,4263.91250404085,1642.247158938196,1863.586212903011,1152.9341288962028,0.0,134,False
1440031,7,Maule,2842.6083360272332,4263.91250404085,2131.956252020425,710.6520840068083,129,32.0,2.0,2.0,8.0,0.01,True,,1.2833356932184457,853.4492361404868,4263.91250404085,1705.225902917102,1989.1590998867464,1141.0753331582305,0.0,134,False
1440031,7,Maule,2842.6083360272332,4263.91250404085,2131.956252020425,710.6520840068083,130,32.0,2.0,2.0,16.0,0.0,True,,0.5113464441845141,1813.5602052244649,4263.91250404085,1225.1483568672963,1029.0481308027684,318.3960467959602,0.0,134,False
1440031,7,Maule,2842.6083360272332,4263.91250404085,2131.956252020425,710.6520840068083,131,32.0,2.0,2.0,16.0,0.01,True,,0.7578553001368029,1463.9424019727467,4263.91250404085,1399.8037582964203,1378.6659340544866,323.1806141826597,0.0,134,False
1440031,7,Maule,2842.6083360272332,4263.91250404085,2131.956252020425,710.6520840068083,132,32.0,2.0,2.0,32.0,0.0,True,,0.24990990027547214,2131.956252020425,4263.91250404085,1065.5939486681873,710.6520840068081,0.0,0.0,134,False
1440031,7,Maule,2842.6083360272332,4263.91250404085,2131.956252020425,710.6520840068083,133,32.0,2.0,2.0,32.0,0.01,True,,0.6346326315430363,1585.2381079153731,4263.91250404085,1339.2226528460722,1257.3702281118601,0.0,0.0,134,False
1440031,7,Maule,2842.6083360272332,4263.91250404085,2131.956252020425,710.6520840068083,134,32.0,2.0,2.0,64.0,0.0,True,,0.24990990027547214,2131.956252020425,4263.91250404085,1065.5939486681873,710.6520840068081,0.0,0.0,134,False
1440031,7,Maule,2842.6083360272332,4263.91250404085,2131.956252020425,710.6520840068083,135,32.0,2.0,2.0,64.0,0.01,True,,0.7902270514705851,1364.0565300612516,4263.91250404085,1449.7097008988264,1478.5518059659817,0.0,0.0,134,False
1440031,7,Maule,2842.6083360272332,4263.91250404085,2131.956252020425,710.6520840068083,136,32.0,2.0,4.0,8.0,0.0,True,,1.196330726953851,979.0221231242222,4263.91250404085,1642.247158938196,1863.586212903011,1152.9341288962028,0.0,134,False
1440031,7,Maule,2842.6083360272332,4263.91250404085,2131.956252020425,710.6520840068083,137,32.0,2.0,4.0,8.0,0.01,True,,1.2833356932184457,853.4492361404868,4263.91250404085,1705.225902917102,1989.1590998867464,1141.0753331582305,0.0,134,False
1440031,7,Maule,2842.6083360272332,4263.91250404085,2131.956252020425,710.6520840068083,138,32.0,2.0,4.0,16.0,0.0,True,,0.5113464441845141,1813.5602052244649,4263.91250404085,1225.1483568672963,1029.0481308027684,318.3960467959602,0.0,134,False
1440031,7,Maule,2842.6083360272332,4263.91250404085,2131.956252020425,710.6520840068083,139,32.0,2.0,4.0,16.0,0.01,True,,0.7578553001368029,1463.9424019727467,4263.91250404085,1399.8037582964203,1378.6659340544866,323.1806141826597,0.0,134,False
1440031,7,Maule,2842.6083360272332,4263.91250404085,2131.956252020425,710.6520840068083,140,32.0,2.0,4.0,32.0,0.0,True,,0.24990990027547214,2131.956252020425,4263.91250404085,1065.5939486681873,710.6520840068081,0.0,0.0,134,False
1440031,7,Maule,2842.6083360272332,4263.91250404085,2131.956252020425,710.6520840068083,141,32.0,2.0,4.0,32.0,0.01,True,,0.6346326315430363,1585.2381079153731,4263.91250404085,1339.2226528460722,1257.3702281118601,0.0,0.0,134,False
1440031,7,Maule,2842.6083360272332,4263.91250404085,2131.956252020425,710.6520840068083,142,32.0,2.0,4.0,64.0,0.0,True,,0.24990990027547214,2131.956252020425,4263.91250404085,1065.5939486681873,710.6520840068081,0.0,0.0,134,False
1440031,7,Maule,2842.6083360272332,4263.91250404085,2131.956252020425,710.6520840068083,143,32.0,2.0,4.0,64.0,0.01,True,,0.7902270514705851,1364.0565300612516,4263.91250404085,1449.7097008988264,1478.5518059659817,0.0,0.0,134,False
1902270,8,Biobio,5814.568591773079,8721.852887659617,4360.926443829809,1453.6421479432702,0,8.0,1.0,1.0,8.0,0.0,True,,0.24924394631446276,4360.926443829809,8721.852887659617,2173.8690328944754,1453.6421479432697,0.0,0.0,1091,False
1902270,8,Biobio,5814.568591773079,8721.852887659617,4360.926443829809,1453.6421479432702,1,8.0,1.0,1.0,8.0,0.01,True,,0.30783464237802693,4190.428527446397,8721.852887659617,2258.6436735879315,1624.140064326681,0.0,0.0,1091,False
1902270,8,Biobio,5814.568591773079,8721.852887659617,4360.926443829809,1453.6421479432702,2,8.0,1.0,1.0,16.0,0.0,True,,0.24996245451847526,4360.926443829809,8721.852887659617,2180.135755748449,1453.6421479432697,0.0,0.0,1091,False
1902270,8,Biobio,5814.568591773079,8721.852887659617,4360.926443829809,1453.6421479432702,3,8.0,1.0,1.0,16.0,0.01,True,,0.34507960772353924,4084.346558653893,8721.852887659617,2318.28386015621,1730.2220331191854,0.0,0.0,1091,False
1902270,8,Biobio,5814.568591773079,8721.852887659617,4360.926443829809,1453.6421479432702,4,8.0,1.0,1.0,32.0,0.0,True,,0.24996245451847526,4360.926443829809,8721.852887659617,2180.135755748449,1453.6421479432697,0.0,0.0,1091,False
1902270,8,Biobio,5814.568591773079,8721.852887659617,4360.926443829809,1453.6421479432702,5,8.0,1.0,1.0,32.0,0.01,True,,0.4117688850318012,3890.6118079415946,8721.852887659617,2415.6010492424616,1923.956783831484,0.0,0.0,1091,False
1902270,8,Biobio,5814.568591773079,8721.852887659617,4360.926443829809,1453.6421479432702,6,8.0,1.0,1.0,64.0,0.0,True,,0.2499624545184753,4360.926443829809,8721.852887659617,2180.1357557484494,1453.6421479432697,0.0,0.0,1091,False
1902270,8,Biobio,5814.568591773079,8721.852887659617,4360.926443829809,1453.6421479432702,7,8.0,1.0,1.0,64.0,0.01,True,,0.5363665551979369,3528.2778078266174,8721.852887659617,2596.488598289189,2286.2907839464615,0.0,0.0,1091,False
1902270,8,Biobio,5814.568591773079,8721.852887659617,4360.926443829809,1453.6421479432702,8,8.0,1.0,2.0,8.0,0.0,True,,0.24364448103934291,4360.926443829809,8721.852887659617,2125.0313205153216,1453.6421479432697,0.0,0.0,1091,False
1902270,8,Biobio,5814.568591773079,8721.852887659617,4360.926443829809,1453.6421479432702,9,8.0,1.0,2.0,8.0,0.01,True,,0.3016453455339644,4191.597158496661,8721.852887659617,2207.5831146616206,1622.9714332764179,0.0,0.0,1091,False
1902270,8,Biobio,5814.568591773079,8721.852887659617,4360.926443829809,1453.6421479432702,10,8.0,1.0,2.0,16.0,0.0,True,,0.24920164176669313,4360.926443829809,8721.852887659617,2173.50005885235,1453.64214794327,0.0,0.0,1091,False
1902270,8,Biobio,5814.568591773079,8721.852887659617,4360.926443829809,1453.6421479432702,11,8.0,1.0,2.0,16.0,0.01,True,,0.34232557940259206,4089.876904203822,8721.852887659617,2308.0894941672827,1724.6916875692568,0.0,0.0,1091,False
1902270,8,Biobio,5814.568591773079,8721.852887659617,4360.926443829809,1453.6421479432702,12,8.0,1.0,2.0,32.0,0.0,True,,0.24996245451847526,4360.926443829809,8721.852887659617,2180.135755748449,1453.6421479432697,0.0,0.0,1091,False
1902270,8,Biobio,5814.568591773079,8721.852887659617,4360.926443829809,1453.6421479432702,13,8.0,1.0,2.0,32.0,0.01,True,,0.4093965103090418,3897.364295119095,8721.852887659617,2411.790763859902,1917.204296653984,0.0,0.0,1091,False
1902270,8,Biobio,5814.568591773079,8721.852887659617,4360.926443829809,1453.6421479432702,14,8.0,1.0,2.0,64.0,0.0,True,,0.2499624545184753,4360.926443829809,8721.852887659617,2180.1357557484494,1453.6421479432697,0.0,0.0,1091,False
1902270,8,Biobio,5814.568591773079,8721.852887659617,4360.926443829809,1453.6421479432702,15,8.0,1.0,2.0,64.0,0.01,True,,0.531535841472148,3542.353959605761,8721.852887659617,2589.546203278319,2272.214632167318,0.0,0.0,1091,False
1902270,8,Biobio,5814.568591773079,8721.852887659617,4360.926443829809,1453.6421479432702,16,8.0,1.0,4.0,8.0,0.0,True,,0.2308497469664124,4360.926443829809,8721.852887659617,2013.4375321944958,1453.64214794327,0.0,0.0,1091,False
1902270,8,Biobio,5814.568591773079,8721.852887659617,4360.926443829809,1453.6421479432702,17,8.0,1.0,4.0,8.0,0.01,True,,0.2891696382103436,4189.198101038726,8721.852887659617,2092.774187070666,1625.370490734353,0.0,0.0,1091,False
1902270,8,Biobio,5814.568591773079,8721.852887659617,4360.926443829809,1453.6421479432702,18,8.0,1.0,4.0,16.0,0.0,True,,0.2334381554358113,4360.926443829809,8721.852887659617,2036.0132500777654,1453.6421479432702,0.0,0.0,1091,False
1902270,8,Biobio,5814.568591773079,8721.852887659617,4360.926443829809,1453.6421479432702,19,8.0,1.0,4.0,16.0,0.01,True,,0.31116686731317794,4135.301996133819,8721.852887659617,2149.8905209794625,1679.2665956392602,0.0,0.0,1091,False
1902270,8,Biobio,5814.568591773079,8721.852887659617,4360.926443829809,1453.6421479432702,20,8.0,1.0,4.0,32.0,0.0,True,,0.23542868464366745,4360.926443829809,8721.852887659617,2053.374352997276,1453.6421479432697,0.0,0.0,1091,False
1902270,8,Biobio,5814.568591773079,8721.852887659617,4360.926443829809,1453.6421479432702,21,8.0,1.0,4.0,32.0,0.01,True,,0.34317779323839764,4045.9518039805944,8721.852887659617,2205.7096273139377,1768.616787792484,0.0,0.0,1091,False
1902270,8,Biobio,5814.568591773079,8721.852887659617,4360.926443829809,1453.6421479432702,22,8.0,1.0,4.0,64.0,0.0,True,,0.23571372262906418,4360.926443829809,8721.852887659617,2055.860412373301,1453.6421479432697,0.0,0.0,1091,False
1902270,8,Biobio,5814.568591773079,8721.852887659617,4360.926443829809,1453.6421479432702,23,8.0,1.0,4.0,64.0,0.01,True,,0.39786436110266654,3889.7077588079064,8721.852887659617,2292.0677142253853,1924.860832965172,0.0,0.0,1091,False
1902270,8,Biobio,5814.568591773079,8721.852887659617,4360.926443829809,1453.6421479432702,24,8.0,2.0,1.0,8.0,0.0,True,,0.24119571274392224,4360.926443829809,8721.852887659617,2103.6735236866975,1453.6421479432697,0.0,0.0,1091,False
1902270,8,Biobio,5814.568591773079,8721.852887659617,4360.926443829809,1453.6421479432702,25,8.0,2.0,1.0,8.0,0.01,True,,0.29276648700574187,4209.8942343694725,8721.852887659617,2175.8857064501512,1604.6743574036057,0.0,0.0,1091,False
1902270,8,Biobio,5814.568591773079,8721.852887659617,4360.926443829809,1453.6421479432702,26,8.0,2.0,1.0,16.0,0.0,True,,0.2488397002784925,4360.926443829809,8721.852887659617,2170.3432584383236,1453.64214794327,0.0,0.0,1091,False
1902270,8,Biobio,5814.568591773079,8721.852887659617,4360.926443829809,1453.6421479432702,27,8.0,2.0,1.0,16.0,0.01,True,,0.33361478249551746,4111.993453997239,8721.852887659617,2287.40657949304,1702.5751377758397,0.0,0.0,1091,False
1902270,8,Biobio,5814.568591773079,8721.852887659617,4360.926443829809,1453.6421479432702,28,8.0,2.0,1.0,32.0,0.0,True,,0.24996245451847526,4360.926443829809,8721.852887659617,2180.135755748449,1453.6421479432697,0.0,0.0,1091,False
1902270,8,Biobio,5814.568591773079,8721.852887659617,4360.926443829809,1453.6421479432702,29,8.0,2.0,1.0,32.0,0.01,True,,0.4031575047446617,3915.608786598135,8721.852887659617,2402.986303859689,1898.959805174944,0.0,0.0,1091,False
1902270,8,Biobio,5814.568591773079,8721.852887659617,4360.926443829809,1453.6421479432702,30,8.0,2.0,1.0,64.0,0.0,True,,0.24996245451847526,4360.926443829809,8721.852887659617,2180.135755748449,1453.6421479432697,0.0,0.0,1091,False
1902270,8,Biobio,5814.568591773079,8721.852887659617,4360.926443829809,1453.6421479432702,31,8.0,2.0,1.0,64.0,0.01,True,,0.5248471752454711,3561.836108503471,8721.852887659617,2579.914012678861,2252.7324832696077,0.0,0.0,1091,False
1902270,8,Biobio,5814.568591773079,8721.852887659617,4360.926443829809,1453.6421479432702,32,8.0,2.0,2.0,8.0,0.0,True,,0.24119571274392224,4360.926443829809,8721.852887659617,2103.6735236866975,1453.6421479432697,0.0,0.0,1091,False
1902270,8,Biobio,5814.568591773079,8721.852887659617,4360.926443829809,1453.6421479432702,33,8.0,2.0,2.0,8.0,0.01,True,,0.29276648700574187,4209.8942343694725,8721.852887659617,2175.8857064501512,1604.6743574036057,0.0,0.0,1091,False
1902270,8,Biobio,5814.568591773079,8721.852887659617,4360.926443829809,1453.6421479432702,34,8.0,2.0,2.0,16.0,0.0,True,,0.2488397002784925,4360.926443829809,8721.852887659617,2170.3432584383236,1453.64214794327,0.0,0.0,1091,False
1902270,8,Biobio,5814.568591773079,8721.852887659617,4360.926443829809,1453.6421479432702,35,8.0,2.0,2.0,16.0,0.01,True,,0.33361478249551746,4111.993453997239,8721.852887659617,2287.40657949304,1702.5751377758397,0.0,0.0,1091,False
1902270,8,Biobio,5814.568591773079,8721.852887659617,4360.926443829809,1453.6421479432702,36,8.0,2.0,2.0,32.0,0.0,True,,0.24996245451847526,4360.926443829809,8721.852887659617,2180.135755748449,1453.6421479432697,0.0,0.0,1091,False
1902270,8,Biobio,5814.568591773079,8721.852887659617,4360.926443829809,1453.6421479432702,37,8.0,2.0,2.0,32.0,0.01,True,,0.4031575047446617,3915.608786598135,8721.852887659617,2402.986303859689,1898.959805174944,0.0,0.0,1091,False
1902270,8,Biobio,5814.568591773079,8721.852887659617,4360.926443829809,1453.6421479432702,38,8.0,2.0,2.0,64.0,0.0,True,,0.24996245451847526,4360.926443829809,8721.852887659617,2180.135755748449,1453.6421479432697,0.0,0.0,1091,False
1902270,8,Biobio,5814.568591773079,8721.852887659617,4360.926443829809,1453.6421479432702,39,8.0,2.0,2.0,64.0,0.01,True,,0.5248471752454711,3561.836108503471,8721.852887659617,2579.914012678861,2252.7324832696077,0.0,0.0,1091,False
1902270,8,Biobio,5814.568591773079,8721.852887659617,4360.926443829809,1453.6421479432702,40,8.0,2.0,4.0,8.0,0.0,True,,0.22826142798041188,4360.926443829809,8721.852887659617,1990.862594772263,1453.64214794327,0.0,0.0,1091,True
1902270,8,Biobio,5814.568591773079,8721.852887659617,4360.926443829809,1453.6421479432702,41,8.0,2.0,4.0,8.0,0.01,True,,0.2797034384350078,4209.321933234651,8721.852887659617,2060.5209657148016,1605.2466585384286,0.0,0.0,1091,False
1902270,8,Biobio,5814.568591773079,8721.852887659617,4360.926443829809,1453.6421479432702,42,8.0,2.0,4.0,16.0,0.0,True,,0.23113192555049256,4360.926443829809,8721.852887659617,2015.8986522928913,1453.6421479432702,0.0,0.0,1091,False
1902270,8,Biobio,5814.568591773079,8721.852887659617,4360.926443829809,1453.6421479432702,43,8.0,2.0,4.0,16.0,0.01,True,,0.30207860922293844,4155.807417382831,8721.852887659617,2121.8876240338427,1658.7611743902473,0.0,0.0,1091,False
1902270,8,Biobio,5814.568591773079,8721.852887659617,4360.926443829809,1453.6421479432702,44,8.0,2.0,4.0,32.0,0.0,True,,0.23318390232030786,4360.926443829809,8721.852887659617,2033.7956918081154,1453.64214794327,0.0,0.0,1091,False
1902270,8,Biobio,5814.568591773079,8721.852887659617,4360.926443829809,1453.6421479432702,45,8.0,2.0,4.0,32.0,0.01,True,,0.3358875188653014,4061.7359828261488,8721.852887659617,2181.5853738350033,1752.8326089469301,0.0,0.0,1091,False
1902270,8,Biobio,5814.568591773079,8721.852887659617,4360.926443829809,1453.6421479432702,46,8.0,2.0,4.0,64.0,0.0,True,,0.23346894030570461,4360.926443829809,8721.852887659617,2036.2817511841404,1453.6421479432697,0.0,0.0,1091,False
1902270,8,Biobio,5814.568591773079,8721.852887659617,4360.926443829809,1453.6421479432702,47,8.0,2.0,4.0,64.0,0.01,True,,0.3895840124981973,3908.5542837645057,8721.852887659617,2266.964044230165,1906.0143080085732,0.0,0.0,1091,False
1902270,8,Biobio,5814.568591773079,8721.852887659617,4360.926443829809,1453.6421479432702,48,16.0,1.0,1.0,8.0,0.0,True,,0.5341470973536335,3652.5233966731207,8721.852887659617,2533.543262018727,2162.0451950999577,708.4030471566882,0.0,546,False
1902270,8,Biobio,5814.568591773079,8721.852887659617,4360.926443829809,1453.6421479432702,49,16.0,1.0,1.0,8.0,0.01,True,,0.6103802550802314,3431.8723172781984,8721.852887659617,2643.8991391529185,2382.6962744948805,714.2246696199702,0.0,546,False
1902270,8,Biobio,5814.568591773079,8721.852887659617,4360.926443829809,1453.6421479432702,50,16.0,1.0,1.0,16.0,0.0,True,,0.24996245451847524,4360.926443829809,8721.852887659617,2180.135755748449,1453.64214794327,0.0,0.0,546,False
1902270,8,Biobio,5814.568591773079,8721.852887659617,4360.926443829809,1453.6421479432702,51,16.0,1.0,1.0,16.0,0.01,True,,0.3803163721256627,3981.9238615138474,8721.852887659617,2369.5569926585376,1832.6447302592317,0.0,0.0,546,False
1902270,8,Biobio,5814.568591773079,8721.852887659617,4360.926443829809,1453.6421479432702,52,16.0,1.0,1.0,32.0,0.0,True,,0.24996245451847526,4360.926443829809,8721.852887659617,2180.135755748449,1453.6421479432697,0.0,0.0,546,False
1902270,8,Biobio,5814.568591773079,8721.852887659617,4360.926443829809,1453.6421479432702,53,16.0,1.0,1.0,32.0,0.01,True,,0.44282840625194764,3800.318154996065,8721.852887659617,2460.763491721896,2014.2504367770139,0.0,0.0,546,False
1902270,8,Biobio,5814.568591773079,8721.852887659617,4360.926443829809,1453.6421479432702,54,16.0,1.0,1.0,64.0,0.0,True,,0.24996245451847526,4360.926443829809,8721.852887659617,2180.135755748449,1453.6421479432697,0.0,0.0,546,False
1902270,8,Biobio,5814.568591773079,8721.852887659617,4360.926443829809,1453.6421479432702,55,16.0,1.0,1.0,64.0,0.01,True,,0.5663720871376555,3440.9401267515186,8721.852887659617,2639.8482309956403,2373.6284650215603,0.0,0.0,546,False
1902270,8,Biobio,5814.568591773079,8721.852887659617,4360.926443829809,1453.6421479432702,56,16.0,1.0,2.0,8.0,0.0,True,,0.5341470973536335,3652.5233966731207,8721.852887659617,2533.543262018727,2162.0451950999577,708.4030471566882,0.0,546,False
1902270,8,Biobio,5814.568591773079,8721.852887659617,4360.926443829809,1453.6421479432702,57,16.0,1.0,2.0,8.0,0.01,True,,0.6103802550802314,3431.8723172781984,8721.852887659617,2643.8991391529185,2382.6962744948805,714.2246696199702,0.0,546,False
1902270,8,Biobio,5814.568591773079,8721.852887659617,4360.926443829809,1453.6421479432702,58,16.0,1.0,2.0,16.0,0.0,True,,0.24996245451847524,4360.926443829809,8721.852887659617,2180.135755748449,1453.64214794327,0.0,0.0,546,False
1902270,8,Biobio,5814.568591773079,8721.852887659617,4360.926443829809,1453.6421479432702,59,16.0,1.0,2.0,16.0,0.01,True,,0.3803163721256627,3981.9238615138474,8721.852887659617,2369.5569926585376,1832.6447302592317,0.0,0.0,546,False
1902270,8,Biobio,5814.568591773079,8721.852887659617,4360.926443829809,1453.6421479432702,60,16.0,1.0,2.0,32.0,0.0,True,,0.24996245451847526,4360.926443829809,8721.852887659617,2180.135755748449,1453.6421479432697,0.0,0.0,546,False
1902270,8,Biobio,5814.568591773079,8721.852887659617,4360.926443829809,1453.6421479432702,61,16.0,1.0,2.0,32.0,0.01,True,,0.44282840625194764,3800.318154996065,8721.852887659617,2460.763491721896,2014.2504367770139,0.0,0.0,546,False
1902270,8,Biobio,5814.568591773079,8721.852887659617,4360.926443829809,1453.6421479432702,62,16.0,1.0,2.0,64.0,0.0,True,,0.24996245451847526,4360.926443829809,8721.852887659617,2180.135755748449,1453.6421479432697,0.0,0.0,546,False
1902270,8,Biobio,5814.568591773079,8721.852887659617,4360.926443829809,1453.6421479432702,63,16.0,1.0,2.0,64.0,0.01,True,,0.5663720871376555,3440.9401267515186,8721.852887659617,2639.8482309956403,2373.6284650215603,0.0,0.0,546,False
1902270,8,Biobio,5814.568591773079,8721.852887659617,4360.926443829809,1453.6421479432702,64,16.0,1.0,4.0,8.0,0.0,True,,0.4821563586400001,3770.759552901588,8721.852887659617,2434.796156123069,2043.8090388714904,590.1668909282206,0.0,546,False
1902270,8,Biobio,5814.568591773079,8721.852887659617,4360.926443829809,1453.6421479432702,65,16.0,1.0,4.0,8.0,0.01,True,,0.5596611078357717,3547.1283718385343,8721.852887659617,2549.3542682840475,2267.4402199345445,594.8648024519458,0.0,546,False
1902270,8,Biobio,5814.568591773079,8721.852887659617,4360.926443829809,1453.6421479432702,66,16.0,1.0,4.0,16.0,0.0,True,,0.24942040041912597,4360.926443829809,8721.852887659617,2175.4080396367717,1453.6421479432697,0.0,0.0,546,False
1902270,8,Biobio,5814.568591773079,8721.852887659617,4360.926443829809,1453.6421479432702,67,16.0,1.0,4.0,16.0,0.01,True,,0.3782841425157379,3986.849597965024,8721.852887659617,2364.146526094768,1827.718993808055,0.0,0.0,546,False
1902270,8,Biobio,5814.568591773079,8721.852887659617,4360.926443829809,1453.6421479432702,68,16.0,1.0,4.0,32.0,0.0,True,,0.24996245451847526,4360.926443829809,8721.852887659617,2180.135755748449,1453.6421479432697,0.0,0.0,546,False
1902270,8,Biobio,5814.568591773079,8721.852887659617,4360.926443829809,1453.6421479432702,69,16.0,1.0,4.0,32.0,0.01,True,,0.4411203701074914,3805.1800088980563,8721.852887659617,2458.020886498122,2009.3885828750226,0.0,0.0,546,False
1902270,8,Biobio,5814.568591773079,8721.852887659617,4360.926443829809,1453.6421479432702,70,16.0,1.0,4.0,64.0,0.0,True,,0.24996245451847526,4360.926443829809,8721.852887659617,2180.135755748449,1453.6421479432697,0.0,0.0,546,False
1902270,8,Biobio,5814.568591773079,8721.852887659617,4360.926443829809,1453.6421479432702,71,16.0,1.0,4.0,64.0,0.01,True,,0.5625568327192051,3452.1422598298586,8721.852887659617,2634.577475924773,2362.4263319432202,0.0,0.0,546,False
1902270,8,Biobio,5814.568591773079,8721.852887659617,4360.926443829809,1453.6421479432702,72,16.0,2.0,1.0,8.0,0.0,True,,0.31071888634887085,4208.781387351368,8721.852887659617,2253.609246716958,1605.7872044217104,152.14505647844044,0.0,546,False
1902270,8,Biobio,5814.568591773079,8721.852887659617,4360.926443829809,1453.6421479432702,73,16.0,2.0,1.0,8.0,0.01,True,,0.39033522948022065,3976.983749410356,8721.852887659617,2368.9630568863886,1837.5848423627226,151.25331092464288,0.0,546,False
1902270,8,Biobio,5814.568591773079,8721.852887659617,4360.926443829809,1453.6421479432702,74,16.0,2.0,1.0,16.0,0.0,True,,0.24996245451847526,4360.926443829809,8721.852887659617,2180.135755748449,1453.6421479432697,0.0,0.0,546,False
1902270,8,Biobio,5814.568591773079,8721.852887659617,4360.926443829809,1453.6421479432702,75,16.0,2.0,1.0,16.0,0.01,True,,0.37297826157411357,4003.022555471627,8721.852887659617,2358.301806848993,1811.5460363014517,0.0,0.0,546,False
1902270,8,Biobio,5814.568591773079,8721.852887659617,4360.926443829809,1453.6421479432702,76,16.0,2.0,1.0,32.0,0.0,True,,0.24996245451847526,4360.926443829809,8721.852887659617,2180.135755748449,1453.6421479432697,0.0,0.0,546,False
1902270,8,Biobio,5814.568591773079,8721.852887659617,4360.926443829809,1453.6421479432702,77,16.0,2.0,1.0,32.0,0.01,True,,0.43734510030234347,3816.1623409932636,8721.852887659617,2452.5493688844167,1998.4062507798155,0.0,0.0,546,False
1902270,8,Biobio,5814.568591773079,8721.852887659617,4360.926443829809,1453.6421479432702,78,16.0,2.0,1.0,64.0,0.0,True,,0.24996245451847526,4360.926443829809,8721.852887659617,2180.135755748449,1453.6421479432697,0.0,0.0,546,False
1902270,8,Biobio,5814.568591773079,8721.852887659617,4360.926443829809,1453.6421479432702,79,16.0,2.0,1.0,64.0,0.01,True,,0.5603569482441642,3458.5382382977914,8721.852887659617,2631.3803533334503,2356.0303534752875,0.0,0.0,546,False
1902270,8,Biobio,5814.568591773079,8721.852887659617,4360.926443829809,1453.6421479432702,80,16.0,2.0,2.0,8.0,0.0,True,,0.31071888634887085,4208.781387351368,8721.852887659617,2253.609246716958,1605.7872044217104,152.14505647844044,0.0,546,False
1902270,8,Biobio,5814.568591773079,8721.852887659617,4360.926443829809,1453.6421479432702,81,16.0,2.0,2.0,8.0,0.01,True,,0.39033522948022065,3976.983749410356,8721.852887659617,2368.9630568863886,1837.5848423627226,151.25331092464288,0.0,546,False
1902270,8,Biobio,5814.568591773079,8721.852887659617,4360.926443829809,1453.6421479432702,82,16.0,2.0,2.0,16.0,0.0,True,,0.24996245451847526,4360.926443829809,8721.852887659617,2180.135755748449,1453.6421479432697,0.0,0.0,546,False
1902270,8,Biobio,5814.568591773079,8721.852887659617,4360.926443829809,1453.6421479432702,83,16.0,2.0,2.0,16.0,0.01,True,,0.37297826157411357,4003.022555471627,8721.852887659617,2358.301806848993,1811.5460363014517,0.0,0.0,546,False
1902270,8,Biobio,5814.568591773079,8721.852887659617,4360.926443829809,1453.6421479432702,84,16.0,2.0,2.0,32.0,0.0,True,,0.24996245451847526,4360.926443829809,8721.852887659617,2180.135755748449,1453.6421479432697,0.0,0.0,546,False
1902270,8,Biobio,5814.568591773079,8721.852887659617,4360.926443829809,1453.6421479432702,85,16.0,2.0,2.0,32.0,0.01,True,,0.43734510030234347,3816.1623409932636,8721.852887659617,2452.5493688844167,1998.4062507798155,0.0,0.0,546,False
1902270,8,Biobio,5814.568591773079,8721.852887659617,4360.926443829809,1453.6421479432702,86,16.0,2.0,2.0,64.0,0.0,True,,0.24996245451847526,4360.926443829809,8721.852887659617,2180.135755748449,1453.6421479432697,0.0,0.0,546,False
1902270,8,Biobio,5814.568591773079,8721.852887659617,4360.926443829809,1453.6421479432702,87,16.0,2.0,2.0,64.0,0.01,True,,0.5603569482441642,3458.5382382977914,8721.852887659617,2631.3803533334503,2356.0303534752875,0.0,0.0,546,False
1902270,8,Biobio,5814.568591773079,8721.852887659617,4360.926443829809,1453.6421479432702,88,16.0,2.0,4.0,8.0,0.0,True,,0.31082244322744573,4203.411728704783,8721.852887659617,2238.403478637638,1611.1568630682957,157.51471512502604,0.0,546,False
1902270,8,Biobio,5814.568591773079,8721.852887659617,4360.926443829809,1453.6421479432702,89,16.0,2.0,4.0,8.0,0.01,True,,0.38689952677798073,3981.1323216602796,8721.852887659617,2351.6102205592274,1833.4362701127993,146.77045775924034,0.0,546,False
1902270,8,Biobio,5814.568591773079,8721.852887659617,4360.926443829809,1453.6421479432702,90,16.0,2.0,4.0,16.0,0.0,True,,0.24942040041912597,4360.926443829809,8721.852887659617,2175.4080396367717,1453.6421479432697,0.0,0.0,546,False
1902270,8,Biobio,5814.568591773079,8721.852887659617,4360.926443829809,1453.6421479432702,91,16.0,2.0,4.0,16.0,0.01,True,,0.3714675600558305,4006.549700720963,8721.852887659617,2353.9435535727025,1808.018891052116,0.0,0.0,546,False
1902270,8,Biobio,5814.568591773079,8721.852887659617,4360.926443829809,1453.6421479432702,92,16.0,2.0,4.0,32.0,0.0,True,,0.24996245451847526,4360.926443829809,8721.852887659617,2180.135755748449,1453.6421479432697,0.0,0.0,546,False
1902270,8,Biobio,5814.568591773079,8721.852887659617,4360.926443829809,1453.6421479432702,93,16.0,2.0,4.0,32.0,0.01,True,,0.435407957141463,3821.8193935866934,8721.852887659617,2449.796522696456,1992.7491981863855,0.0,0.0,546,False
1902270,8,Biobio,5814.568591773079,8721.852887659617,4360.926443829809,1453.6421479432702,94,16.0,2.0,4.0,64.0,0.0,True,,0.24996245451847526,4360.926443829809,8721.852887659617,2180.135755748449,1453.6421479432697,0.0,0.0,546,False
1902270,8,Biobio,5814.568591773079,8721.852887659617,4360.926443829809,1453.6421479432702,95,16.0,2.0,4.0,64.0,0.01,True,,0.55622848113688,3470.5195845760613,8721.852887659617,2625.3258362678503,2344.0490071970175,0.0,0.0,546,False
1902270,8,Biobio,5814.568591773079,8721.852887659617,4360.926443829809,1453.6421479432702,96,32.0,1.0,1.0,8.0,0.0,True,,1.270847193115807,1816.8820136079582,8721.852887659617,3452.008970385669,3997.6865781651204,2544.0444302218507,0.0,273,False
1902270,8,Biobio,5814.568591773079,8721.852887659617,4360.926443829809,1453.6421479432702,97,32.0,1.0,1.0,8.0,0.01,True,,1.320153540011875,1671.865631468966,8721.852887659617,3524.428894403458,4142.702960304113,2534.2080796021482,0.0,273,False
1902270,8,Biobio,5814.568591773079,8721.852887659617,4360.926443829809,1453.6421479432702,98,32.0,1.0,1.0,16.0,0.0,True,,0.6076551410367823,3469.535048862029,8721.852887659617,2625.7045616495334,2345.0335429110496,891.3913949677799,0.0,273,False
1902270,8,Biobio,5814.568591773079,8721.852887659617,4360.926443829809,1453.6421479432702,99,32.0,1.0,1.0,16.0,0.01,True,,0.7463648244271692,3064.136080049111,8721.852887659617,2828.759522841194,2750.4325117239678,877.8975337694626,0.0,273,False
1902270,8,Biobio,5814.568591773079,8721.852887659617,4360.926443829809,1453.6421479432702,100,32.0,1.0,1.0,32.0,0.0,True,,0.24996245451847526,4360.926443829809,8721.852887659617,2180.135755748449,1453.6421479432697,0.0,0.0,273,False
1902270,8,Biobio,5814.568591773079,8721.852887659617,4360.926443829809,1453.6421479432702,101,32.0,1.0,1.0,32.0,0.01,True,,0.5068332595753945,3614.0488020302646,8721.852887659617,2553.331024090731,2200.5197897428143,0.0,0.0,273,False
1902270,8,Biobio,5814.568591773079,8721.852887659617,4360.926443829809,1453.6421479432702,102,32.0,1.0,1.0,64.0,0.0,True,,0.24996245451847526,4360.926443829809,8721.852887659617,2180.135755748449,1453.6421479432697,0.0,0.0,273,False
1902270,8,Biobio,5814.568591773079,8721.852887659617,4360.926443829809,1453.6421479432702,103,32.0,1.0,1.0,64.0,0.01,True,,0.6168556464259547,3294.3566194333694,8721.852887659617,2713.699640058255,2520.2119723397095,0.0,0.0,273,False
1902270,8,Biobio,5814.568591773079,8721.852887659617,4360.926443829809,1453.6421479432702,104,32.0,1.0,2.0,8.0,0.0,True,,1.270847193115807,1816.8820136079582,8721.852887659617,3452.008970385669,3997.6865781651204,2544.0444302218507,0.0,273,False
1902270,8,Biobio,5814.568591773079,8721.852887659617,4360.926443829809,1453.6421479432702,105,32.0,1.0,2.0,8.0,0.01,True,,1.320153540011875,1671.865631468966,8721.852887659617,3524.428894403458,4142.702960304113,2534.2080796021482,0.0,273,False
1902270,8,Biobio,5814.568591773079,8721.852887659617,4360.926443829809,1453.6421479432702,106,32.0,1.0,2.0,16.0,0.0,True,,0.6076551410367823,3469.535048862029,8721.852887659617,2625.7045616495334,2345.0335429110496,891.3913949677799,0.0,273,False
1902270,8,Biobio,5814.568591773079,8721.852887659617,4360.926443829809,1453.6421479432702,107,32.0,1.0,2.0,16.0,0.01,True,,0.7463648244271692,3064.136080049111,8721.852887659617,2828.759522841194,2750.4325117239678,877.8975337694626,0.0,273,False
1902270,8,Biobio,5814.568591773079,8721.852887659617,4360.926443829809,1453.6421479432702,108,32.0,1.0,2.0,32.0,0.0,True,,0.24996245451847526,4360.926443829809,8721.852887659617,2180.135755748449,1453.6421479432697,0.0,0.0,273,False
1902270,8,Biobio,5814.568591773079,8721.852887659617,4360.926443829809,1453.6421479432702,109,32.0,1.0,2.0,32.0,0.01,True,,0.5068332595753945,3614.0488020302646,8721.852887659617,2553.331024090731,2200.5197897428143,0.0,0.0,273,False
1902270,8,Biobio,5814.568591773079,8721.852887659617,4360.926443829809,1453.6421479432702,110,32.0,1.0,2.0,64.0,0.0,True,,0.24996245451847526,4360.926443829809,8721.852887659617,2180.135755748449,1453.6421479432697,0.0,0.0,273,False
1902270,8,Biobio,5814.568591773079,8721.852887659617,4360.926443829809,1453.6421479432702,111,32.0,1.0,2.0,64.0,0.01,True,,0.6168556464259547,3294.3566194333694,8721.852887659617,2713.699640058255,2520.2119723397095,0.0,0.0,273,False
1902270,8,Biobio,5814.568591773079,8721.852887659617,4360.926443829809,1453.6421479432702,112,32.0,1.0,4.0,8.0,0.0,True,,1.2452904177839812,1875.219927360345,8721.852887659617,3404.1202769156785,3939.3486644127333,2485.7065164694636,0.0,273,False
1902270,8,Biobio,5814.568591773079,8721.852887659617,4360.926443829809,1453.6421479432702,113,32.0,1.0,4.0,8.0,0.01,True,,1.29816106189676,1721.481199408508,8721.852887659617,3482.3253604406136,4093.087392364571,2482.862669715337,0.0,273,False
1902270,8,Biobio,5814.568591773079,8721.852887659617,4360.926443829809,1453.6421479432702,114,32.0,1.0,4.0,16.0,0.0,True,,0.6076551410367823,3469.535048862029,8721.852887659617,2625.7045616495334,2345.0335429110496,891.3913949677799,0.0,273,False
1902270,8,Biobio,5814.568591773079,8721.852887659617,4360.926443829809,1453.6421479432702,115,32.0,1.0,4.0,16.0,0.01,True,,0.7463648244271692,3064.136080049111,8721.852887659617,2828.759522841194,2750.4325117239678,877.8975337694626,0.0,273,False
1902270,8,Biobio,5814.568591773079,8721.852887659617,4360.926443829809,1453.6421479432702,116,32.0,1.0,4.0,32.0,0.0,True,,0.24996245451847526,4360.926443829809,8721.852887659617,2180.135755748449,1453.6421479432697,0.0,0.0,273,False
1902270,8,Biobio,5814.568591773079,8721.852887659617,4360.926443829809,1453.6421479432702,117,32.0,1.0,4.0,32.0,0.01,True,,0.5068332595753945,3614.0488020302646,8721.852887659617,2553.331024090731,2200.5197897428143,0.0,0.0,273,False
1902270,8,Biobio,5814.568591773079,8721.852887659617,4360.926443829809,1453.6421479432702,118,32.0,1.0,4.0,64.0,0.0,True,,0.24996245451847526,4360.926443829809,8721.852887659617,2180.135755748449,1453.6421479432697,0.0,0.0,273,False
1902270,8,Biobio,5814.568591773079,8721.852887659617,4360.926443829809,1453.6421479432702,119,32.0,1.0,4.0,64.0,0.01,True,,0.6168556464259547,3294.3566194333694,8721.852887659617,2713.699640058255,2520.2119723397095,0.0,0.0,273,False
1902270,8,Biobio,5814.568591773079,8721.852887659617,4360.926443829809,1453.6421479432702,120,32.0,2.0,1.0,8.0,0.0,True,,1.1299512003282683,2168.0999277880283,8721.852887659617,3276.788591372216,3646.4686639850506,2192.8265160417805,0.0,273,False
1902270,8,Biobio,5814.568591773079,8721.852887659617,4360.926443829809,1453.6421479432702,121,32.0,2.0,1.0,8.0,0.01,True,,1.1864580234399338,2002.007300714306,8721.852887659617,3359.156903486463,3812.561291058773,2183.3151531025796,0.0,273,False
1902270,8,Biobio,5814.568591773079,8721.852887659617,4360.926443829809,1453.6421479432702,122,32.0,2.0,1.0,16.0,0.0,True,,0.4456973016839198,3873.091579892414,8721.852887659617,2423.801705901811,1941.477011880665,487.8348639373953,0.0,273,False
1902270,8,Biobio,5814.568591773079,8721.852887659617,4360.926443829809,1453.6421479432702,123,32.0,2.0,1.0,16.0,0.01,True,,0.6015139601895227,3420.4522602067154,8721.852887659617,2650.344419842868,2394.1163315663634,489.57278349192006,0.0,273,False
1902270,8,Biobio,5814.568591773079,8721.852887659617,4360.926443829809,1453.6421479432702,124,32.0,2.0,1.0,32.0,0.0,True,,0.24996245451847524,4360.926443829809,8721.852887659617,2180.135755748449,1453.64214794327,0.0,0.0,273,False
1902270,8,Biobio,5814.568591773079,8721.852887659617,4360.926443829809,1453.6421479432702,125,32.0,2.0,1.0,32.0,0.01,True,,0.5015036809166118,3629.667221032598,8721.852887659617,2545.893270581451,2184.901370740481,0.0,0.0,273,False
1902270,8,Biobio,5814.568591773079,8721.852887659617,4360.926443829809,1453.6421479432702,126,32.0,2.0,1.0,64.0,0.0,True,,0.24996245451847526,4360.926443829809,8721.852887659617,2180.135755748449,1453.6421479432697,0.0,0.0,273,False
1902270,8,Biobio,5814.568591773079,8721.852887659617,4360.926443829809,1453.6421479432702,127,32.0,2.0,1.0,64.0,0.01,True,,0.6125991706918218,3306.6974871172542,8721.852887659617,2707.427454094966,2507.8711046558246,0.0,0.0,273,False
1902270,8,Biobio,5814.568591773079,8721.852887659617,4360.926443829809,1453.6421479432702,128,32.0,2.0,2.0,8.0,0.0,True,,1.1299512003282683,2168.0999277880283,8721.852887659617,3276.788591372216,3646.4686639850506,2192.8265160417805,0.0,273,False
1902270,8,Biobio,5814.568591773079,8721.852887659617,4360.926443829809,1453.6421479432702,129,32.0,2.0,2.0,8.0,0.01,True,,1.1864580234399338,2002.007300714306,8721.852887659617,3359.156903486463,3812.561291058773,2183.3151531025796,0.0,273,False
1902270,8,Biobio,5814.568591773079,8721.852887659617,4360.926443829809,1453.6421479432702,130,32.0,2.0,2.0,16.0,0.0,True,,0.4456973016839198,3873.091579892414,8721.852887659617,2423.801705901811,1941.477011880665,487.8348639373953,0.0,273,False
1902270,8,Biobio,5814.568591773079,8721.852887659617,4360.926443829809,1453.6421479432702,131,32.0,2.0,2.0,16.0,0.01,True,,0.6015139601895227,3420.4522602067154,8721.852887659617,2650.344419842868,2394.1163315663634,489.57278349192006,0.0,273,False
1902270,8,Biobio,5814.568591773079,8721.852887659617,4360.926443829809,1453.6421479432702,132,32.0,2.0,2.0,32.0,0.0,True,,0.24996245451847524,4360.926443829809,8721.852887659617,2180.135755748449,1453.64214794327,0.0,0.0,273,False
1902270,8,Biobio,5814.568591773079,8721.852887659617,4360.926443829809,1453.6421479432702,133,32.0,2.0,2.0,32.0,0.01,True,,0.5015036809166118,3629.667221032598,8721.852887659617,2545.893270581451,2184.901370740481,0.0,0.0,273,False
1902270,8,Biobio,5814.568591773079,8721.852887659617,4360.926443829809,1453.6421479432702,134,32.0,2.0,2.0,64.0,0.0,True,,0.24996245451847526,4360.926443829809,8721.852887659617,2180.135755748449,1453.6421479432697,0.0,0.0,273,False
1902270,8,Biobio,5814.568591773079,8721.852887659617,4360.926443829809,1453.6421479432702,135,32.0,2.0,2.0,64.0,0.01,True,,0.6125991706918218,3306.6974871172542,8721.852887659617,2707.427454094966,2507.8711046558246,0.0,0.0,273,False
1902270,8,Biobio,5814.568591773079,8721.852887659617,4360.926443829809,1453.6421479432702,136,32.0,2.0,4.0,8.0,0.0,True,,1.1299512003282683,2168.0999277880283,8721.852887659617,3276.788591372216,3646.4686639850506,2192.8265160417805,0.0,273,False
1902270,8,Biobio,5814.568591773079,8721.852887659617,4360.926443829809,1453.6421479432702,137,32.0,2.0,4.0,8.0,0.01,True,,1.1864580234399338,2002.007300714306,8721.852887659617,3359.156903486463,3812.561291058773,2183.3151531025796,0.0,273,False
1902270,8,Biobio,5814.568591773079,8721.852887659617,4360.926443829809,1453.6421479432702,138,32.0,2.0,4.0,16.0,0.0,True,,0.4456973016839198,3873.091579892414,8721.852887659617,2423.801705901811,1941.477011880665,487.8348639373953,0.0,273,False
1902270,8,Biobio,5814.568591773079,8721.852887659617,4360.926443829809,1453.6421479432702,139,32.0,2.0,4.0,16.0,0.01,True,,0.6015139601895227,3420.4522602067154,8721.852887659617,2650.344419842868,2394.1163315663634,489.57278349192006,0.0,273,False
1902270,8,Biobio,5814.568591773079,8721.852887659617,4360.926443829809,1453.6421479432702,140,32.0,2.0,4.0,32.0,0.0,True,,0.24996245451847524,4360.926443829809,8721.852887659617,2180.135755748449,1453.64214794327,0.0,0.0,273,False
1902270,8,Biobio,5814.568591773079,8721.852887659617,4360.926443829809,1453.6421479432702,141,32.0,2.0,4.0,32.0,0.01,True,,0.5015036809166118,3629.667221032598,8721.852887659617,2545.893270581451,2184.901370740481,0.0,0.0,273,False
1902270,8,Biobio,5814.568591773079,8721.852887659617,4360.926443829809,1453.6421479432702,142,32.0,2.0,4.0,64.0,0.0,True,,0.24996245451847526,4360.926443829809,8721.852887659617,2180.135755748449,1453.6421479432697,0.0,0.0,273,False
1902270,8,Biobio,5814.568591773079,8721.852887659617,4360.926443829809,1453.6421479432702,143,32.0,2.0,4.0,64.0,0.01,True,,0.6125991706918218,3306.6974871172542,8721.852887659617,2707.427454094966,2507.8711046558246,0.0,0.0,273,False
2205143,9,Araucania,7006.616827209978,10509.925240814966,5254.962620407483,1751.6542068024946,0,8.0,1.0,1.0,8.0,0.0,True,,0.249611612062254,5254.962620407483,10509.925240814966,2623.3993820135966,1751.6542068024946,0.0,0.0,1314,False
2205143,9,Araucania,7006.616827209978,10509.925240814966,5254.962620407483,1751.6542068024946,1,8.0,1.0,1.0,8.0,0.01,True,,0.2998479847956436,5079.0080964426725,10509.925240814966,2711.493593899211,1927.6087307673051,0.0,0.0,1314,False
2205143,9,Araucania,7006.616827209978,10509.925240814966,5254.962620407483,1751.6542068024946,2,8.0,1.0,1.0,16.0,0.0,True,,0.2499998280238424,5254.962620407483,10509.925240814966,2627.479502747182,1751.6542068024946,0.0,0.0,1314,False
2205143,9,Araucania,7006.616827209978,10509.925240814966,5254.962620407483,1751.6542068024946,3,8.0,1.0,1.0,16.0,0.01,True,,0.331018176991414,4971.068419281408,10509.925240814966,2769.24079071543,2035.5484079285693,0.0,0.0,1314,False
2205143,9,Araucania,7006.616827209978,10509.925240814966,5254.962620407483,1751.6542068024946,4,8.0,1.0,1.0,32.0,0.0,True,,0.2499998280238424,5254.962620407483,10509.925240814966,2627.479502747182,1751.6542068024946,0.0,0.0,1314,False
2205143,9,Araucania,7006.616827209978,10509.925240814966,5254.962620407483,1751.6542068024946,5,8.0,1.0,1.0,32.0,0.01,True,,0.39150082934931296,4759.241089752031,10509.925240814966,2875.340621539707,2247.375737457947,0.0,0.0,1314,False
2205143,9,Araucania,7006.616827209978,10509.925240814966,5254.962620407483,1751.6542068024946,6,8.0,1.0,1.0,64.0,0.0,True,,0.2499998280238424,5254.962620407483,10509.925240814966,2627.479502747182,1751.6542068024946,0.0,0.0,1314,False
2205143,9,Araucania,7006.616827209978,10509.925240814966,5254.962620407483,1751.6542068024946,7,8.0,1.0,1.0,64.0,0.01,True,,0.5018471793200039,4372.533411162534,10509.925240814966,3068.3033138547307,2634.0834160474433,0.0,0.0,1314,False
2205143,9,Araucania,7006.616827209978,10509.925240814966,5254.962620407483,1751.6542068024946,8,8.0,1.0,2.0,8.0,0.0,True,,0.24756454265032432,5254.962620407483,10509.925240814966,2601.8848355314567,1751.6542068024949,0.0,0.0,1314,False
2205143,9,Araucania,7006.616827209978,10509.925240814966,5254.962620407483,1751.6542068024946,9,8.0,1.0,2.0,8.0,0.01,True,,0.2957789113248398,5080.920068476292,10509.925240814966,2673.507866005728,1925.6967587336862,0.0,0.0,1314,False
2205143,9,Araucania,7006.616827209978,10509.925240814966,5254.962620407483,1751.6542068024946,10,8.0,1.0,2.0,16.0,0.0,True,,0.2497917049958201,5254.962620407483,10509.925240814966,2625.2921452817754,1751.6542068024946,0.0,0.0,1314,False
2205143,9,Araucania,7006.616827209978,10509.925240814966,5254.962620407483,1751.6542068024946,11,8.0,1.0,2.0,16.0,0.01,True,,0.32960273833596987,4975.3604352404145,10509.925240814966,2765.0946761612695,2031.2563919695635,0.0,0.0,1314,False
2205143,9,Araucania,7006.616827209978,10509.925240814966,5254.962620407483,1751.6542068024946,12,8.0,1.0,2.0,32.0,0.0,True,,0.2499998280238424,5254.962620407483,10509.925240814966,2627.479502747182,1751.6542068024946,0.0,0.0,1314,False
2205143,9,Araucania,7006.616827209978,10509.925240814966,5254.962620407483,1751.6542068024946,13,8.0,1.0,2.0,32.0,0.01,True,,0.3899926136740128,4764.337570901396,10509.925240814966,2872.2305904186906,2242.279256308581,0.0,0.0,1314,False
2205143,9,Araucania,7006.616827209978,10509.925240814966,5254.962620407483,1751.6542068024946,14,8.0,1.0,2.0,64.0,0.0,True,,0.2499998280238424,5254.962620407483,10509.925240814966,2627.479502747182,1751.6542068024946,0.0,0.0,1314,False
2205143,9,Araucania,7006.616827209978,10509.925240814966,5254.962620407483,1751.6542068024946,15,8.0,1.0,2.0,64.0,0.01,True,,0.5000558864277415,4378.931898586181,10509.925240814966,3065.473178031767,2627.6849286237966,0.0,0.0,1314,False
2205143,9,Araucania,7006.616827209978,10509.925240814966,5254.962620407483,1751.6542068024946,16,8.0,1.0,4.0,8.0,0.0,True,,0.23115885707386946,5254.962620407483,10509.925240814966,2429.4623065985998,1751.6542068024946,0.0,0.0,1314,False
2205143,9,Araucania,7006.616827209978,10509.925240814966,5254.962620407483,1751.6542068024946,17,8.0,1.0,4.0,8.0,0.01,True,,0.27968222047506214,5084.625613752647,10509.925240814966,2513.5967117409423,1921.9912134573303,0.0,0.0,1314,False
2205143,9,Araucania,7006.616827209978,10509.925240814966,5254.962620407483,1751.6542068024946,18,8.0,1.0,4.0,16.0,0.0,True,,0.23517140872792539,5254.962620407483,10509.925240814966,2471.633924507636,1751.6542068024946,0.0,0.0,1314,False
2205143,9,Araucania,7006.616827209978,10509.925240814966,5254.962620407483,1751.6542068024946,19,8.0,1.0,4.0,16.0,0.01,True,,0.29979522765903377,5027.0630786791135,10509.925240814966,2581.076575928624,1979.5537485308641,0.0,0.0,1314,False
2205143,9,Araucania,7006.616827209978,10509.925240814966,5254.962620407483,1751.6542068024946,20,8.0,1.0,4.0,32.0,0.0,True,,0.2362628043047805,5254.962620407483,10509.925240814966,2483.1044104285393,1751.6542068024949,0.0,0.0,1314,False
2205143,9,Araucania,7006.616827209978,10509.925240814966,5254.962620407483,1751.6542068024946,21,8.0,1.0,4.0,32.0,0.01,True,,0.32667450662269715,4935.823619506486,10509.925240814966,2635.477140432167,2070.7932077034916,0.0,0.0,1314,False
2205143,9,Araucania,7006.616827209978,10509.925240814966,5254.962620407483,1751.6542068024946,22,8.0,1.0,4.0,64.0,0.0,True,,0.23638394603009671,5254.962620407483,10509.925240814966,2484.377600905156,1751.6542068024946,0.0,0.0,1314,False
2205143,9,Araucania,7006.616827209978,10509.925240814966,5254.962620407483,1751.6542068024946,23,8.0,1.0,4.0,64.0,0.01,True,,0.3687343695554319,4789.229757493702,10509.925240814966,2711.038500462175,2217.3870697162747,0.0,0.0,1314,False
2205143,9,Araucania,7006.616827209978,10509.925240814966,5254.962620407483,1751.6542068024946,24,8.0,2.0,1.0,8.0,0.0,True,,0.24640588260571625,5254.962620407483,10509.925240814966,2589.7074050831066,1751.6542068024949,0.0,0.0,1314,False
2205143,9,Araucania,7006.616827209978,10509.925240814966,5254.962620407483,1751.6542068024946,25,8.0,2.0,1.0,8.0,0.01,True,,0.28782165488825295,5107.597858535961,10509.925240814966,2656.5721708843785,1899.0189686740168,0.0,0.0,1314,False
2205143,9,Araucania,7006.616827209978,10509.925240814966,5254.962620407483,1751.6542068024946,26,8.0,2.0,1.0,16.0,0.0,True,,0.249756783427901,5254.962620407483,10509.925240814966,2624.9251222136536,1751.6542068024946,0.0,0.0,1314,False
2205143,9,Araucania,7006.616827209978,10509.925240814966,5254.962620407483,1751.6542068024946,27,8.0,2.0,1.0,16.0,0.01,True,,0.32343262966863234,4996.543436878768,10509.925240814966,2753.2047994357313,2010.07339033121,0.0,0.0,1314,False
2205143,9,Araucania,7006.616827209978,10509.925240814966,5254.962620407483,1751.6542068024946,28,8.0,2.0,1.0,32.0,0.0,True,,0.2499998280238424,5254.962620407483,10509.925240814966,2627.479502747182,1751.6542068024946,0.0,0.0,1314,False
2205143,9,Araucania,7006.616827209978,10509.925240814966,5254.962620407483,1751.6542068024946,29,8.0,2.0,1.0,32.0,0.01,True,,0.383350075569024,4787.745583478427,10509.925240814966,2860.93804296857,2218.8712437315503,0.0,0.0,1314,False
2205143,9,Araucania,7006.616827209978,10509.925240814966,5254.962620407483,1751.6542068024946,30,8.0,2.0,1.0,64.0,0.0,True,,0.2499998280238424,5254.962620407483,10509.925240814966,2627.479502747182,1751.6542068024946,0.0,0.0,1314,False
2205143,9,Araucania,7006.616827209978,10509.925240814966,5254.962620407483,1751.6542068024946,31,8.0,2.0,1.0,64.0,0.01,True,,0.4944491943986536,4398.570480756864,10509.925240814966,3055.6437193844868,2608.046346453114,0.0,0.0,1314,False
2205143,9,Araucania,7006.616827209978,10509.925240814966,5254.962620407483,1751.6542068024946,32,8.0,2.0,2.0,8.0,0.0,True,,0.24640588260571625,5254.962620407483,10509.925240814966,2589.7074050831066,1751.6542068024949,0.0,0.0,1314,False
2205143,9,Araucania,7006.616827209978,10509.925240814966,5254.962620407483,1751.6542068024946,33,8.0,2.0,2.0,8.0,0.01,True,,0.28782165488825295,5107.597858535961,10509.925240814966,2656.5721708843785,1899.0189686740168,0.0,0.0,1314,False
2205143,9,Araucania,7006.616827209978,10509.925240814966,5254.962620407483,1751.6542068024946,34,8.0,2.0,2.0,16.0,0.0,True,,0.249756783427901,5254.962620407483,10509.925240814966,2624.9251222136536,1751.6542068024946,0.0,0.0,1314,False
2205143,9,Araucania,7006.616827209978,10509.925240814966,5254.962620407483,1751.6542068024946,35,8.0,2.0,2.0,16.0,0.01,True,,0.32343262966863234,4996.543436878768,10509.925240814966,2753.2047994357313,2010.07339033121,0.0,0.0,1314,False
2205143,9,Araucania,7006.616827209978,10509.925240814966,5254.962620407483,1751.6542068024946,36,8.0,2.0,2.0,32.0,0.0,True,,0.2499998280238424,5254.962620407483,10509.925240814966,2627.479502747182,1751.6542068024946,0.0,0.0,1314,False
2205143,9,Araucania,7006.616827209978,10509.925240814966,5254.962620407483,1751.6542068024946,37,8.0,2.0,2.0,32.0,0.01,True,,0.383350075569024,4787.745583478427,10509.925240814966,2860.93804296857,2218.8712437315503,0.0,0.0,1314,False
2205143,9,Araucania,7006.616827209978,10509.925240814966,5254.962620407483,1751.6542068024946,38,8.0,2.0,2.0,64.0,0.0,True,,0.2499998280238424,5254.962620407483,10509.925240814966,2627.479502747182,1751.6542068024946,0.0,0.0,1314,False
2205143,9,Araucania,7006.616827209978,10509.925240814966,5254.962620407483,1751.6542068024946,39,8.0,2.0,2.0,64.0,0.01,True,,0.4944491943986536,4398.570480756864,10509.925240814966,3055.6437193844868,2608.046346453114,0.0,0.0,1314,False
2205143,9,Araucania,7006.616827209978,10509.925240814966,5254.962620407483,1751.6542068024946,40,8.0,2.0,4.0,8.0,0.0,True,,0.2300962242299972,5254.962620407483,10509.925240814966,2418.2941148510677,1751.6542068024946,0.0,0.0,1314,True
2205143,9,Araucania,7006.616827209978,10509.925240814966,5254.962620407483,1751.6542068024946,41,8.0,2.0,4.0,8.0,0.01,True,,0.27167447089858415,5108.816261014136,10509.925240814966,2489.9124804987136,1897.8005661958418,0.0,0.0,1314,False
2205143,9,Araucania,7006.616827209978,10509.925240814966,5254.962620407483,1751.6542068024946,42,8.0,2.0,4.0,16.0,0.0,True,,0.23457006225192545,5254.962620407483,10509.925240814966,2465.313818001049,1751.6542068024946,0.0,0.0,1314,False
2205143,9,Araucania,7006.616827209978,10509.925240814966,5254.962620407483,1751.6542068024946,43,8.0,2.0,4.0,16.0,0.01,True,,0.2917911543146224,5051.961790402658,10509.925240814966,2559.2011427657226,1954.65503680732,0.0,0.0,1314,False
2205143,9,Araucania,7006.616827209978,10509.925240814966,5254.962620407483,1751.6542068024946,44,8.0,2.0,4.0,32.0,0.0,True,,0.23510267491559658,5254.962620407483,10509.925240814966,2470.911537278544,1751.6542068024949,0.0,0.0,1314,False
2205143,9,Araucania,7006.616827209978,10509.925240814966,5254.962620407483,1751.6542068024946,45,8.0,2.0,4.0,32.0,0.01,True,,0.31803267962888715,4963.060306122554,10509.925240814966,2612.743901323337,2043.5565210874247,0.0,0.0,1314,False
2205143,9,Araucania,7006.616827209978,10509.925240814966,5254.962620407483,1751.6542068024946,46,8.0,2.0,4.0,64.0,0.0,True,,0.23519658407447566,5254.962620407483,10509.925240814966,2471.898515517791,1751.6542068024946,0.0,0.0,1314,False
2205143,9,Araucania,7006.616827209978,10509.925240814966,5254.962620407483,1751.6542068024946,47,8.0,2.0,4.0,64.0,0.01,True,,0.3627346017326901,4807.0044749712815,10509.925240814966,2692.4181828768606,2199.612352238695,0.0,0.0,1314,False
2205143,9,Araucania,7006.616827209978,10509.925240814966,5254.962620407483,1751.6542068024946,48,16.0,1.0,1.0,8.0,0.0,True,,0.5349765194873979,4399.049694729744,10509.925240814966,3054.824448370726,2607.5671324802333,855.9129256777387,0.0,657,False
2205143,9,Araucania,7006.616827209978,10509.925240814966,5254.962620407483,1751.6542068024946,49,16.0,1.0,1.0,8.0,0.01,True,,0.6020623709266602,4166.208097817425,10509.925240814966,3170.9910242625238,2840.4087293925522,869.5063560186819,0.0,657,False
2205143,9,Araucania,7006.616827209978,10509.925240814966,5254.962620407483,1751.6542068024946,50,16.0,1.0,1.0,16.0,0.0,True,,0.2499998280238424,5254.962620407483,10509.925240814966,2627.479502747182,1751.6542068024946,0.0,0.0,657,False
2205143,9,Araucania,7006.616827209978,10509.925240814966,5254.962620407483,1751.6542068024946,51,16.0,1.0,1.0,16.0,0.01,True,,0.3602956934536679,4868.4346743385795,10509.925240814966,2820.3609376133772,2138.182152871398,0.0,0.0,657,False
2205143,9,Araucania,7006.616827209978,10509.925240814966,5254.962620407483,1751.6542068024946,52,16.0,1.0,1.0,32.0,0.0,True,,0.2499998280238424,5254.962620407483,10509.925240814966,2627.479502747182,1751.6542068024946,0.0,0.0,657,False
2205143,9,Araucania,7006.616827209978,10509.925240814966,5254.962620407483,1751.6542068024946,53,16.0,1.0,1.0,32.0,0.01,True,,0.4217511041802637,4653.014491699819,10509.925240814966,2927.7022533965755,2353.602335510159,0.0,0.0,657,False
2205143,9,Araucania,7006.616827209978,10509.925240814966,5254.962620407483,1751.6542068024946,54,16.0,1.0,1.0,64.0,0.0,True,,0.2499998280238424,5254.962620407483,10509.925240814966,2627.479502747182,1751.6542068024946,0.0,0.0,657,False
2205143,9,Araucania,7006.616827209978,10509.925240814966,5254.962620407483,1751.6542068024946,55,16.0,1.0,1.0,64.0,0.01,True,,0.5269597670880741,4284.616138389449,10509.925240814966,3112.4415519678396,2722.0006888205294,0.0,0.0,657,False
2205143,9,Araucania,7006.616827209978,10509.925240814966,5254.962620407483,1751.6542068024946,56,16.0,1.0,2.0,8.0,0.0,True,,0.5349765194873979,4399.049694729744,10509.925240814966,3054.824448370726,2607.5671324802333,855.9129256777387,0.0,657,False
2205143,9,Araucania,7006.616827209978,10509.925240814966,5254.962620407483,1751.6542068024946,57,16.0,1.0,2.0,8.0,0.01,True,,0.6020623709266602,4166.208097817425,10509.925240814966,3170.9910242625238,2840.4087293925522,869.5063560186819,0.0,657,False
2205143,9,Araucania,7006.616827209978,10509.925240814966,5254.962620407483,1751.6542068024946,58,16.0,1.0,2.0,16.0,0.0,True,,0.2499998280238424,5254.962620407483,10509.925240814966,2627.479502747182,1751.6542068024946,0.0,0.0,657,False
2205143,9,Araucania,7006.616827209978,10509.925240814966,5254.962620407483,1751.6542068024946,59,16.0,1.0,2.0,16.0,0.01,True,,0.3602956934536679,4868.4346743385795,10509.925240814966,2820.3609376133772,2138.182152871398,0.0,0.0,657,False
2205143,9,Araucania,7006.616827209978,10509.925240814966,5254.962620407483,1751.6542068024946,60,16.0,1.0,2.0,32.0,0.0,True,,0.2499998280238424,5254.962620407483,10509.925240814966,2627.479502747182,1751.6542068024946,0.0,0.0,657,False
2205143,9,Araucania,7006.616827209978,10509.925240814966,5254.962620407483,1751.6542068024946,61,16.0,1.0,2.0,32.0,0.01,True,,0.4217511041802637,4653.014491699819,10509.925240814966,2927.7022533965755,2353.602335510159,0.0,0.0,657,False
2205143,9,Araucania,7006.616827209978,10509.925240814966,5254.962620407483,1751.6542068024946,62,16.0,1.0,2.0,64.0,0.0,True,,0.2499998280238424,5254.962620407483,10509.925240814966,2627.479502747182,1751.6542068024946,0.0,0.0,657,False
2205143,9,Araucania,7006.616827209978,10509.925240814966,5254.962620407483,1751.6542068024946,63,16.0,1.0,2.0,64.0,0.01,True,,0.5269597670880741,4284.616138389449,10509.925240814966,3112.4415519678396,2722.0006888205294,0.0,0.0,657,False
2205143,9,Araucania,7006.616827209978,10509.925240814966,5254.962620407483,1751.6542068024946,64,16.0,1.0,4.0,8.0,0.0,True,,0.49445071513652755,4511.156915354264,10509.925240814966,2965.222936192745,2495.4599118557135,743.8057050532188,0.0,657,False
2205143,9,Araucania,7006.616827209978,10509.925240814966,5254.962620407483,1751.6542068024946,65,16.0,1.0,4.0,8.0,0.01,True,,0.5591869483444637,4284.332992480466,10509.925240814966,3075.18283490331,2722.283834729512,750.512236037841,0.0,657,False
2205143,9,Araucania,7006.616827209978,10509.925240814966,5254.962620407483,1751.6542068024946,66,16.0,1.0,4.0,16.0,0.0,True,,0.24991707411510156,5254.962620407483,10509.925240814966,2626.6097653529305,1751.6542068024946,0.0,0.0,657,False
2205143,9,Araucania,7006.616827209978,10509.925240814966,5254.962620407483,1751.6542068024946,67,16.0,1.0,4.0,16.0,0.01,True,,0.3587062063947355,4873.59997325835,10509.925240814966,2816.56879475218,2133.0168539516276,0.0,0.0,657,False
2205143,9,Araucania,7006.616827209978,10509.925240814966,5254.962620407483,1751.6542068024946,68,16.0,1.0,4.0,32.0,0.0,True,,0.2499998280238424,5254.962620407483,10509.925240814966,2627.479502747182,1751.6542068024946,0.0,0.0,657,False
2205143,9,Araucania,7006.616827209978,10509.925240814966,5254.962620407483,1751.6542068024946,69,16.0,1.0,4.0,32.0,0.01,True,,0.42016790519443104,4658.754286255125,10509.925240814966,2925.412436802407,2347.8625409548517,0.0,0.0,657,False
2205143,9,Araucania,7006.616827209978,10509.925240814966,5254.962620407483,1751.6542068024946,70,16.0,1.0,4.0,64.0,0.0,True,,0.2499998280238424,5254.962620407483,10509.925240814966,2627.479502747182,1751.6542068024946,0.0,0.0,657,False
2205143,9,Araucania,7006.616827209978,10509.925240814966,5254.962620407483,1751.6542068024946,71,16.0,1.0,4.0,64.0,0.01,True,,0.5254425800567657,4289.823951505423,10509.925240814966,3109.515562482391,2716.7928757045543,0.0,0.0,657,False
2205143,9,Araucania,7006.616827209978,10509.925240814966,5254.962620407483,1751.6542068024946,72,16.0,2.0,1.0,8.0,0.0,True,,0.30560438800636125,5087.311109661575,10509.925240814966,2708.924738974143,1919.3057175484025,167.6515107459076,0.0,657,False
2205143,9,Araucania,7006.616827209978,10509.925240814966,5254.962620407483,1751.6542068024946,73,16.0,2.0,1.0,8.0,0.01,True,,0.37709036668590956,4838.705827689355,10509.925240814966,2833.8801627179155,2167.910999520622,177.33883677435253,0.0,657,False
2205143,9,Araucania,7006.616827209978,10509.925240814966,5254.962620407483,1751.6542068024946,74,16.0,2.0,1.0,16.0,0.0,True,,0.2499998280238424,5254.962620407483,10509.925240814966,2627.479502747182,1751.6542068024946,0.0,0.0,657,False
2205143,9,Araucania,7006.616827209978,10509.925240814966,5254.962620407483,1751.6542068024946,75,16.0,2.0,1.0,16.0,0.01,True,,0.35314456806269195,4893.6142244796165,10509.925240814966,2808.1520197191185,2113.002602730361,0.0,0.0,657,False
2205143,9,Araucania,7006.616827209978,10509.925240814966,5254.962620407483,1751.6542068024946,76,16.0,2.0,1.0,32.0,0.0,True,,0.2499998280238424,5254.962620407483,10509.925240814966,2627.479502747182,1751.6542068024946,0.0,0.0,657,False
2205143,9,Araucania,7006.616827209978,10509.925240814966,5254.962620407483,1751.6542068024946,77,16.0,2.0,1.0,32.0,0.01,True,,0.416000593016549,4673.40613841881,10509.925240814966,2918.243927766939,2333.210688791168,0.0,0.0,657,False
2205143,9,Araucania,7006.616827209978,10509.925240814966,5254.962620407483,1751.6542068024946,78,16.0,2.0,1.0,64.0,0.0,True,,0.2499998280238424,5254.962620407483,10509.925240814966,2627.479502747182,1751.6542068024946,0.0,0.0,657,False
2205143,9,Araucania,7006.616827209978,10509.925240814966,5254.962620407483,1751.6542068024946,79,16.0,2.0,1.0,64.0,0.01,True,,0.5219040607793523,4302.189123160591,10509.925240814966,3103.238918551514,2704.427704049386,0.0,0.0,657,False
2205143,9,Araucania,7006.616827209978,10509.925240814966,5254.962620407483,1751.6542068024946,80,16.0,2.0,2.0,8.0,0.0,True,,0.30560438800636125,5087.311109661575,10509.925240814966,2708.924738974143,1919.3057175484025,167.6515107459076,0.0,657,False
2205143,9,Araucania,7006.616827209978,10509.925240814966,5254.962620407483,1751.6542068024946,81,16.0,2.0,2.0,8.0,0.01,True,,0.37709036668590956,4838.705827689355,10509.925240814966,2833.8801627179155,2167.910999520622,177.33883677435253,0.0,657,False
2205143,9,Araucania,7006.616827209978,10509.925240814966,5254.962620407483,1751.6542068024946,82,16.0,2.0,2.0,16.0,0.0,True,,0.2499998280238424,5254.962620407483,10509.925240814966,2627.479502747182,1751.6542068024946,0.0,0.0,657,False
2205143,9,Araucania,7006.616827209978,10509.925240814966,5254.962620407483,1751.6542068024946,83,16.0,2.0,2.0,16.0,0.01,True,,0.35314456806269195,4893.6142244796165,10509.925240814966,2808.1520197191185,2113.002602730361,0.0,0.0,657,False
2205143,9,Araucania,7006.616827209978,10509.925240814966,5254.962620407483,1751.6542068024946,84,16.0,2.0,2.0,32.0,0.0,True,,0.2499998280238424,5254.962620407483,10509.925240814966,2627.479502747182,1751.6542068024946,0.0,0.0,657,False
2205143,9,Araucania,7006.616827209978,10509.925240814966,5254.962620407483,1751.6542068024946,85,16.0,2.0,2.0,32.0,0.01,True,,0.416000593016549,4673.40613841881,10509.925240814966,2918.243927766939,2333.210688791168,0.0,0.0,657,False
2205143,9,Araucania,7006.616827209978,10509.925240814966,5254.962620407483,1751.6542068024946,86,16.0,2.0,2.0,64.0,0.0,True,,0.2499998280238424,5254.962620407483,10509.925240814966,2627.479502747182,1751.6542068024946,0.0,0.0,657,False
2205143,9,Araucania,7006.616827209978,10509.925240814966,5254.962620407483,1751.6542068024946,87,16.0,2.0,2.0,64.0,0.01,True,,0.5219040607793523,4302.189123160591,10509.925240814966,3103.238918551514,2704.427704049386,0.0,0.0,657,False
2205143,9,Araucania,7006.616827209978,10509.925240814966,5254.962620407483,1751.6542068024946,88,16.0,2.0,4.0,8.0,0.0,True,,0.30932466209744813,5071.232349013188,10509.925240814966,2699.7882596016457,1935.3844781967894,183.73027139429468,0.0,657,False
2205143,9,Araucania,7006.616827209978,10509.925240814966,5254.962620407483,1751.6542068024946,89,16.0,2.0,4.0,8.0,0.01,True,,0.3726841983240546,4846.663171354978,10509.925240814966,2810.564680715517,2159.9536558550003,171.13951894418312,0.0,657,False
2205143,9,Araucania,7006.616827209978,10509.925240814966,5254.962620407483,1751.6542068024946,90,16.0,2.0,4.0,16.0,0.0,True,,0.24991707411510156,5254.962620407483,10509.925240814966,2626.6097653529305,1751.6542068024946,0.0,0.0,657,False
2205143,9,Araucania,7006.616827209978,10509.925240814966,5254.962620407483,1751.6542068024946,91,16.0,2.0,4.0,16.0,0.01,True,,0.3523086862751293,4896.103539824638,10509.925240814966,2805.590252984229,2110.51328738534,0.0,0.0,657,False
2205143,9,Araucania,7006.616827209978,10509.925240814966,5254.962620407483,1751.6542068024946,92,16.0,2.0,4.0,32.0,0.0,True,,0.2499998280238424,5254.962620407483,10509.925240814966,2627.479502747182,1751.6542068024946,0.0,0.0,657,False
2205143,9,Araucania,7006.616827209978,10509.925240814966,5254.962620407483,1751.6542068024946,93,16.0,2.0,4.0,32.0,0.01,True,,0.4131224357401548,4683.336535506914,10509.925240814966,2912.820702680988,2323.280291703064,0.0,0.0,657,False
2205143,9,Araucania,7006.616827209978,10509.925240814966,5254.962620407483,1751.6542068024946,94,16.0,2.0,4.0,64.0,0.0,True,,0.2499998280238424,5254.962620407483,10509.925240814966,2627.479502747182,1751.6542068024946,0.0,0.0,657,False
2205143,9,Araucania,7006.616827209978,10509.925240814966,5254.962620407483,1751.6542068024946,95,16.0,2.0,4.0,64.0,0.01,True,,0.5204734151366552,4307.342148775813,10509.925240814966,3101.0855038387253,2699.2746784341643,0.0,0.0,657,False
2205143,9,Araucania,7006.616827209978,10509.925240814966,5254.962620407483,1751.6542068024946,96,32.0,1.0,1.0,8.0,0.0,True,,1.2715310972888796,2187.3240272367602,10509.925240814966,4160.780994365379,4819.292799973217,3067.6385931707223,0.0,329,False
2205143,9,Araucania,7006.616827209978,10509.925240814966,5254.962620407483,1751.6542068024946,97,32.0,1.0,1.0,8.0,0.01,True,,1.316618545727092,2030.360693104429,10509.925240814966,4239.274279685627,4976.256134105549,3073.566776637991,0.0,329,False
2205143,9,Araucania,7006.616827209978,10509.925240814966,5254.962620407483,1751.6542068024946,98,32.0,1.0,1.0,16.0,0.0,True,,0.6068734758582839,4183.178971795683,10509.925240814966,3162.8439160686894,2823.437855414295,1071.7836486118,0.0,329,False
2205143,9,Araucania,7006.616827209978,10509.925240814966,5254.962620407483,1751.6542068024946,99,32.0,1.0,1.0,16.0,0.01,True,,0.7335872265441824,3740.791156078708,10509.925240814966,3384.212712094375,3265.8256711312697,1080.6110713596706,0.0,329,False
2205143,9,Araucania,7006.616827209978,10509.925240814966,5254.962620407483,1751.6542068024946,100,32.0,1.0,1.0,32.0,0.0,True,,0.2499998280238424,5254.962620407483,10509.925240814966,2627.479502747182,1751.6542068024946,0.0,0.0,329,False
2205143,9,Araucania,7006.616827209978,10509.925240814966,5254.962620407483,1751.6542068024946,101,32.0,1.0,1.0,32.0,0.01,True,,0.4747299702095955,4467.566991581243,10509.925240814966,3020.887424411565,2539.049835628734,0.0,0.0,329,False
2205143,9,Araucania,7006.616827209978,10509.925240814966,5254.962620407483,1751.6542068024946,102,32.0,1.0,1.0,64.0,0.0,True,,0.2499998280238424,5254.962620407483,10509.925240814966,2627.479502747182,1751.6542068024946,0.0,0.0,329,False
2205143,9,Araucania,7006.616827209978,10509.925240814966,5254.962620407483,1751.6542068024946,103,32.0,1.0,1.0,64.0,0.01,True,,0.5772681098141044,4108.371791965097,10509.925240814966,3200.5676069468363,2898.2450352448805,0.0,0.0,329,False
2205143,9,Araucania,7006.616827209978,10509.925240814966,5254.962620407483,1751.6542068024946,104,32.0,1.0,2.0,8.0,0.0,True,,1.2715310972888796,2187.3240272367602,10509.925240814966,4160.780994365379,4819.292799973217,3067.6385931707223,0.0,329,False
2205143,9,Araucania,7006.616827209978,10509.925240814966,5254.962620407483,1751.6542068024946,105,32.0,1.0,2.0,8.0,0.01,True,,1.316618545727092,2030.360693104429,10509.925240814966,4239.274279685627,4976.256134105549,3073.566776637991,0.0,329,False
2205143,9,Araucania,7006.616827209978,10509.925240814966,5254.962620407483,1751.6542068024946,106,32.0,1.0,2.0,16.0,0.0,True,,0.6068734758582839,4183.178971795683,10509.925240814966,3162.8439160686894,2823.437855414295,1071.7836486118,0.0,329,False
2205143,9,Araucania,7006.616827209978,10509.925240814966,5254.962620407483,1751.6542068024946,107,32.0,1.0,2.0,16.0,0.01,True,,0.7335872265441824,3740.791156078708,10509.925240814966,3384.212712094375,3265.8256711312697,1080.6110713596706,0.0,329,False
2205143,9,Araucania,7006.616827209978,10509.925240814966,5254.962620407483,1751.6542068024946,108,32.0,1.0,2.0,32.0,0.0,True,,0.2499998280238424,5254.962620407483,10509.925240814966,2627.479502747182,1751.6542068024946,0.0,0.0,329,False
2205143,9,Araucania,7006.616827209978,10509.925240814966,5254.962620407483,1751.6542068024946,109,32.0,1.0,2.0,32.0,0.01,True,,0.4747299702095955,4467.566991581243,10509.925240814966,3020.887424411565,2539.049835628734,0.0,0.0,329,False
2205143,9,Araucania,7006.616827209978,10509.925240814966,5254.962620407483,1751.6542068024946,110,32.0,1.0,2.0,64.0,0.0,True,,0.2499998280238424,5254.962620407483,10509.925240814966,2627.479502747182,1751.6542068024946,0.0,0.0,329,False
2205143,9,Araucania,7006.616827209978,10509.925240814966,5254.962620407483,1751.6542068024946,111,32.0,1.0,2.0,64.0,0.01,True,,0.5772681098141044,4108.371791965097,10509.925240814966,3200.5676069468363,2898.2450352448805,0.0,0.0,329,False
2205143,9,Araucania,7006.616827209978,10509.925240814966,5254.962620407483,1751.6542068024946,112,32.0,1.0,4.0,8.0,0.0,True,,1.2561604890381142,2229.710727976885,10509.925240814966,4126.397152964354,4776.906099233092,3025.2518924305978,0.0,329,False
2205143,9,Araucania,7006.616827209978,10509.925240814966,5254.962620407483,1751.6542068024946,113,32.0,1.0,4.0,8.0,0.01,True,,1.3014767750485527,2071.921154495589,10509.925240814966,4204.854543823451,4934.695672714389,3031.930799628116,0.0,329,False
2205143,9,Araucania,7006.616827209978,10509.925240814966,5254.962620407483,1751.6542068024946,114,32.0,1.0,4.0,16.0,0.0,True,,0.6068734758582839,4183.178971795683,10509.925240814966,3162.8439160686894,2823.437855414295,1071.7836486118,0.0,329,False
2205143,9,Araucania,7006.616827209978,10509.925240814966,5254.962620407483,1751.6542068024946,115,32.0,1.0,4.0,16.0,0.01,True,,0.7335872265441824,3740.791156078708,10509.925240814966,3384.212712094375,3265.8256711312697,1080.6110713596706,0.0,329,False
2205143,9,Araucania,7006.616827209978,10509.925240814966,5254.962620407483,1751.6542068024946,116,32.0,1.0,4.0,32.0,0.0,True,,0.2499998280238424,5254.962620407483,10509.925240814966,2627.479502747182,1751.6542068024946,0.0,0.0,329,False
2205143,9,Araucania,7006.616827209978,10509.925240814966,5254.962620407483,1751.6542068024946,117,32.0,1.0,4.0,32.0,0.01,True,,0.4747299702095955,4467.566991581243,10509.925240814966,3020.887424411565,2539.049835628734,0.0,0.0,329,False
2205143,9,Araucania,7006.616827209978,10509.925240814966,5254.962620407483,1751.6542068024946,118,32.0,1.0,4.0,64.0,0.0,True,,0.2499998280238424,5254.962620407483,10509.925240814966,2627.479502747182,1751.6542068024946,0.0,0.0,329,False
2205143,9,Araucania,7006.616827209978,10509.925240814966,5254.962620407483,1751.6542068024946,119,32.0,1.0,4.0,64.0,0.01,True,,0.5772681098141044,4108.371791965097,10509.925240814966,3200.5676069468363,2898.2450352448805,0.0,0.0,329,False
2205143,9,Araucania,7006.616827209978,10509.925240814966,5254.962620407483,1751.6542068024946,120,32.0,2.0,1.0,8.0,0.0,True,,1.1307335053233918,2610.2109021335673,10509.925240814966,3949.6694534117505,4396.40592507641,2644.7517182739157,0.0,329,False
2205143,9,Araucania,7006.616827209978,10509.925240814966,5254.962620407483,1751.6542068024946,121,32.0,2.0,1.0,8.0,0.01,True,,1.1749626832770375,2451.6392077246182,10509.925240814966,4028.325772215872,4554.977619485359,2624.2713161319634,0.0,329,False
2205143,9,Araucania,7006.616827209978,10509.925240814966,5254.962620407483,1751.6542068024946,122,32.0,2.0,1.0,16.0,0.0,True,,0.45157676068195224,4649.625452979895,10509.925240814966,2930.026492973946,2356.9913742300823,605.3371674275874,0.0,329,False
2205143,9,Araucania,7006.616827209978,10509.925240814966,5254.962620407483,1751.6542068024946,123,32.0,2.0,1.0,16.0,0.01,True,,0.582748180490924,4188.521066849171,10509.925240814966,3160.651817429235,2818.0957603608067,595.7682197110845,0.0,329,False
2205143,9,Araucania,7006.616827209978,10509.925240814966,5254.962620407483,1751.6542068024946,124,32.0,2.0,1.0,32.0,0.0,True,,0.2499998280238424,5254.962620407483,10509.925240814966,2627.479502747182,1751.6542068024946,0.0,0.0,329,False
2205143,9,Araucania,7006.616827209978,10509.925240814966,5254.962620407483,1751.6542068024946,125,32.0,2.0,1.0,32.0,0.01,True,,0.4667749133039362,4495.499800536569,10509.925240814966,3007.1123934349707,2511.117026673409,0.0,0.0,329,False
2205143,9,Araucania,7006.616827209978,10509.925240814966,5254.962620407483,1751.6542068024946,126,32.0,2.0,1.0,64.0,0.0,True,,0.2499998280238424,5254.962620407483,10509.925240814966,2627.479502747182,1751.6542068024946,0.0,0.0,329,False
2205143,9,Araucania,7006.616827209978,10509.925240814966,5254.962620407483,1751.6542068024946,127,32.0,2.0,1.0,64.0,0.01,True,,0.5688585675436013,4137.7486692733855,10509.925240814966,3185.6261396450973,2868.868157936592,0.0,0.0,329,False
2205143,9,Araucania,7006.616827209978,10509.925240814966,5254.962620407483,1751.6542068024946,128,32.0,2.0,2.0,8.0,0.0,True,,1.1307335053233918,2610.2109021335673,10509.925240814966,3949.6694534117505,4396.40592507641,2644.7517182739157,0.0,329,False
2205143,9,Araucania,7006.616827209978,10509.925240814966,5254.962620407483,1751.6542068024946,129,32.0,2.0,2.0,8.0,0.01,True,,1.1749626832770375,2451.6392077246182,10509.925240814966,4028.325772215872,4554.977619485359,2624.2713161319634,0.0,329,False
2205143,9,Araucania,7006.616827209978,10509.925240814966,5254.962620407483,1751.6542068024946,130,32.0,2.0,2.0,16.0,0.0,True,,0.45157676068195224,4649.625452979895,10509.925240814966,2930.026492973946,2356.9913742300823,605.3371674275874,0.0,329,False
2205143,9,Araucania,7006.616827209978,10509.925240814966,5254.962620407483,1751.6542068024946,131,32.0,2.0,2.0,16.0,0.01,True,,0.582748180490924,4188.521066849171,10509.925240814966,3160.651817429235,2818.0957603608067,595.7682197110845,0.0,329,False
2205143,9,Araucania,7006.616827209978,10509.925240814966,5254.962620407483,1751.6542068024946,132,32.0,2.0,2.0,32.0,0.0,True,,0.2499998280238424,5254.962620407483,10509.925240814966,2627.479502747182,1751.6542068024946,0.0,0.0,329,False
2205143,9,Araucania,7006.616827209978,10509.925240814966,5254.962620407483,1751.6542068024946,133,32.0,2.0,2.0,32.0,0.01,True,,0.4667749133039362,4495.499800536569,10509.925240814966,3007.1123934349707,2511.117026673409,0.0,0.0,329,False
2205143,9,Araucania,7006.616827209978,10509.925240814966,5254.962620407483,1751.6542068024946,134,32.0,2.0,2.0,64.0,0.0,True,,0.2499998280238424,5254.962620407483,10509.925240814966,2627.479502747182,1751.6542068024946,0.0,0.0,329,False
2205143,9,Araucania,7006.616827209978,10509.925240814966,5254.962620407483,1751.6542068024946,135,32.0,2.0,2.0,64.0,0.01,True,,0.5688585675436013,4137.7486692733855,10509.925240814966,3185.6261396450973,2868.868157936592,0.0,0.0,329,False
2205143,9,Araucania,7006.616827209978,10509.925240814966,5254.962620407483,1751.6542068024946,136,32.0,2.0,4.0,8.0,0.0,True,,1.1307335053233918,2610.2109021335673,10509.925240814966,3949.6694534117505,4396.40592507641,2644.7517182739157,0.0,329,False
2205143,9,Araucania,7006.616827209978,10509.925240814966,5254.962620407483,1751.6542068024946,137,32.0,2.0,4.0,8.0,0.01,True,,1.1749626832770375,2451.6392077246182,10509.925240814966,4028.325772215872,4554.977619485359,2624.2713161319634,0.0,329,False
2205143,9,Araucania,7006.616827209978,10509.925240814966,5254.962620407483,1751.6542068024946,138,32.0,2.0,4.0,16.0,0.0,True,,0.45157676068195224,4649.625452979895,10509.925240814966,2930.026492973946,2356.9913742300823,605.3371674275874,0.0,329,False
2205143,9,Araucania,7006.616827209978,10509.925240814966,5254.962620407483,1751.6542068024946,139,32.0,2.0,4.0,16.0,0.01,True,,0.582748180490924,4188.521066849171,10509.925240814966,3160.651817429235,2818.0957603608067,595.7682197110845,0.0,329,False
2205143,9,Araucania,7006.616827209978,10509.925240814966,5254.962620407483,1751.6542068024946,140,32.0,2.0,4.0,32.0,0.0,True,,0.2499998280238424,5254.962620407483,10509.925240814966,2627.479502747182,1751.6542068024946,0.0,0.0,329,False
2205143,9,Araucania,7006.616827209978,10509.925240814966,5254.962620407483,1751.6542068024946,141,32.0,2.0,4.0,32.0,0.01,True,,0.4667749133039362,4495.499800536569,10509.925240814966,3007.1123934349707,2511.117026673409,0.0,0.0,329,False
2205143,9,Araucania,7006.616827209978,10509.925240814966,5254.962620407483,1751.6542068024946,142,32.0,2.0,4.0,64.0,0.0,True,,0.2499998280238424,5254.962620407483,10509.925240814966,2627.479502747182,1751.6542068024946,0.0,0.0,329,False
2205143,9,Araucania,7006.616827209978,10509.925240814966,5254.962620407483,1751.6542068024946,143,32.0,2.0,4.0,64.0,0.01,True,,0.5688585675436013,4137.7486692733855,10509.925240814966,3185.6261396450973,2868.868157936592,0.0,0.0,329,False
2542125,10,Los Lagos,10459.312208885523,15688.968313328285,7844.484156664142,2614.8280522213827,0,8.0,1.0,1.0,8.0,0.0,True,,0.24955515887896257,7844.484156664143,15688.968313328285,3915.2629800796467,2614.8280522213818,0.0,0.0,1962,False
2542125,10,Los Lagos,10459.312208885523,15688.968313328285,7844.484156664142,2614.8280522213827,1,8.0,1.0,1.0,8.0,0.01,True,,0.28047620115610217,7682.4502423371005,15688.968313328285,3995.297446763173,2776.861966548424,0.0,0.0,1962,False
2542125,10,Los Lagos,10459.312208885523,15688.968313328285,7844.484156664142,2614.8280522213827,2,8.0,1.0,1.0,16.0,0.0,True,,0.24996000840562954,7844.484156664143,15688.968313328285,3921.614651475191,2614.8280522213818,0.0,0.0,1962,False
2542125,10,Los Lagos,10459.312208885523,15688.968313328285,7844.484156664142,2614.8280522213827,3,8.0,1.0,1.0,16.0,0.01,True,,0.30333529443085916,7565.475516235136,15688.968313328285,4061.4962215673395,2893.836692650388,0.0,0.0,1962,False
2542125,10,Los Lagos,10459.312208885523,15688.968313328285,7844.484156664142,2614.8280522213827,4,8.0,1.0,1.0,32.0,0.0,True,,0.24996000840562954,7844.484156664143,15688.968313328285,3921.614651475191,2614.8280522213818,0.0,0.0,1962,False
2542125,10,Los Lagos,10459.312208885523,15688.968313328285,7844.484156664142,2614.8280522213827,5,8.0,1.0,1.0,32.0,0.01,True,,0.3469318189905487,7337.521612875658,15688.968313328285,4175.595955556853,3121.790596009865,0.0,0.0,1962,False
2542125,10,Los Lagos,10459.312208885523,15688.968313328285,7844.484156664142,2614.8280522213827,6,8.0,1.0,1.0,64.0,0.0,True,,0.24996000840562954,7844.484156664143,15688.968313328285,3921.614651475191,2614.8280522213818,0.0,0.0,1962,False
2542125,10,Los Lagos,10459.312208885523,15688.968313328285,7844.484156664142,2614.8280522213827,7,8.0,1.0,1.0,64.0,0.01,True,,0.42656971274292915,6920.991937385141,15688.968313328285,4383.708158451861,3538.3202715003836,0.0,0.0,1962,False
2542125,10,Los Lagos,10459.312208885523,15688.968313328285,7844.484156664142,2614.8280522213827,8,8.0,1.0,2.0,8.0,0.0,True,,0.2444439727603209,7844.484156664143,15688.968313328285,3835.073743020754,2614.8280522213818,0.0,0.0,1962,False
2542125,10,Los Lagos,10459.312208885523,15688.968313328285,7844.484156664142,2614.8280522213827,9,8.0,1.0,2.0,8.0,0.01,True,,0.2738469645245914,7685.763295694302,15688.968313328285,3899.574196702849,2773.548913191223,0.0,0.0,1962,False
2542125,10,Los Lagos,10459.312208885523,15688.968313328285,7844.484156664142,2614.8280522213827,10,8.0,1.0,2.0,16.0,0.0,True,,0.24798973889805875,7844.4841566641435,15688.968313328285,3890.703155602194,2614.8280522213818,0.0,0.0,1962,False
2542125,10,Los Lagos,10459.312208885523,15688.968313328285,7844.484156664142,2614.8280522213827,11,8.0,1.0,2.0,16.0,0.01,True,,0.2988242352036521,7575.907013385473,15688.968313328285,4016.801099167983,2883.4051955000514,0.0,0.0,1962,False
2542125,10,Los Lagos,10459.312208885523,15688.968313328285,7844.484156664142,2614.8280522213827,12,8.0,1.0,2.0,32.0,0.0,True,,0.24966401632808427,7844.484156664143,15688.968313328285,3916.9708411495867,2614.8280522213818,0.0,0.0,1962,False
2542125,10,Los Lagos,10459.312208885523,15688.968313328285,7844.484156664142,2614.8280522213827,13,8.0,1.0,2.0,32.0,0.01,True,,0.34086306473552563,7364.638410154515,15688.968313328285,4148.175455545563,3094.6737987310094,0.0,0.0,1962,False
2542125,10,Los Lagos,10459.312208885523,15688.968313328285,7844.484156664142,2614.8280522213827,14,8.0,1.0,2.0,64.0,0.0,True,,0.24996000840562962,7844.484156664143,15688.968313328285,3921.6146514751917,2614.8280522213818,0.0,0.0,1962,False
2542125,10,Los Lagos,10459.312208885523,15688.968313328285,7844.484156664142,2614.8280522213827,15,8.0,1.0,2.0,64.0,0.01,True,,0.41486057446472524,6981.789241582499,15688.968313328285,4351.997119522136,3477.5229673030244,0.0,0.0,1962,False
2542125,10,Los Lagos,10459.312208885523,15688.968313328285,7844.484156664142,2614.8280522213827,16,8.0,1.0,4.0,8.0,0.0,True,,0.472924219027726,6884.403784191974,13776.0,4061.2098911829466,3574.9084246935504,0.0,3.5962158080257707,1722,False
2542125,10,Los Lagos,10459.312208885523,15688.968313328285,7844.484156664142,2614.8280522213827,17,8.0,1.0,4.0,8.0,0.01,True,,0.4763567918908087,6832.69246153216,13968.0,4081.9065827667887,3626.619747353364,0.0,3.353273105460117,1746,False
2542125,10,Los Lagos,10459.312208885523,15688.968313328285,7844.484156664142,2614.8280522213827,18,8.0,1.0,4.0,16.0,0.0,True,,0.4312622259360015,7054.5232978869535,14112.0,4001.9347427817156,3404.788910998571,0.0,1.4767021130465137,1764,False
2542125,10,Los Lagos,10459.312208885523,15688.968313328285,7844.484156664142,2614.8280522213827,19,8.0,1.0,4.0,16.0,0.01,True,,0.4345400545709382,6990.372700157812,14384.0,4028.580894414541,3468.9395087277135,0.0,2.282909381769344,1798,False
2542125,10,Los Lagos,10459.312208885523,15688.968313328285,7844.484156664142,2614.8280522213827,20,8.0,1.0,4.0,32.0,0.0,True,,0.4039431977962829,7165.461128229968,14336.0,3962.140866975791,3293.851080655556,0.0,2.5388717700317915,1792,False
2542125,10,Los Lagos,10459.312208885523,15688.968313328285,7844.484156664142,2614.8280522213827,21,8.0,1.0,4.0,32.0,0.01,True,,0.40846456553715665,7074.320700859556,14728.0,4000.8181931015206,3384.991508025969,0.0,3.353273105460117,1841,False
2542125,10,Los Lagos,10459.312208885523,15688.968313328285,7844.484156664142,2614.8280522213827,22,8.0,1.0,4.0,64.0,0.0,True,,0.3916884102056322,7214.956480586938,14448.0,3946.3619498504117,3244.355728298587,0.0,9.043519413062675,1806,False
2542125,10,Los Lagos,10459.312208885523,15688.968313328285,7844.484156664142,2614.8280522213827,23,8.0,1.0,4.0,64.0,0.01,True,,0.39558719252794816,7096.787335140107,15008.0,3993.1349232522184,3362.5248737454185,0.0,6.987590006052337,1876,False
2542125,10,Los Lagos,10459.312208885523,15688.968313328285,7844.484156664142,2614.8280522213827,24,8.0,2.0,1.0,8.0,0.0,True,,0.24227862623082894,7844.484156664143,15688.968313328285,3801.1016899321794,2614.8280522213818,0.0,0.0,1962,True
2542125,10,Los Lagos,10459.312208885523,15688.968313328285,7844.484156664142,2614.8280522213827,25,8.0,2.0,1.0,8.0,0.01,True,,0.2649666189484191,7725.054945162052,15688.968313328285,3858.4798600162517,2734.257263723474,0.0,0.0,1962,False
2542125,10,Los Lagos,10459.312208885523,15688.968313328285,7844.484156664142,2614.8280522213827,26,8.0,2.0,1.0,16.0,0.0,True,,0.24723728317019456,7844.4841566641435,15688.968313328285,3878.89790153055,2614.828052221382,0.0,0.0,1962,False
2542125,10,Los Lagos,10459.312208885523,15688.968313328285,7844.484156664142,2614.8280522213827,27,8.0,2.0,1.0,16.0,0.01,True,,0.29057225467989944,7613.865738456218,15688.968313328285,3982.23285088549,2845.446470429306,0.0,0.0,1962,False
2542125,10,Los Lagos,10459.312208885523,15688.968313328285,7844.484156664142,2614.8280522213827,28,8.0,2.0,1.0,32.0,0.0,True,,0.24958012915174518,7844.484156664143,15688.968313328285,3915.654737898108,2614.828052221382,0.0,0.0,1962,False
2542125,10,Los Lagos,10459.312208885523,15688.968313328285,7844.484156664142,2614.8280522213827,29,8.0,2.0,1.0,32.0,0.01,True,,0.3338798929988432,7401.7878091295115,15688.968313328285,4131.4901928797135,3057.524399756012,0.0,0.0,1962,False
2542125,10,Los Lagos,10459.312208885523,15688.968313328285,7844.484156664142,2614.8280522213827,30,8.0,2.0,1.0,64.0,0.0,True,,0.24996000840562962,7844.484156664143,15688.968313328285,3921.6146514751917,2614.8280522213818,0.0,0.0,1962,False
2542125,10,Los Lagos,10459.312208885523,15688.968313328285,7844.484156664142,2614.8280522213827,31,8.0,2.0,1.0,64.0,0.01,True,,0.4091587529901061,7011.963950362317,15688.968313328285,4337.978195028127,3447.3482585232077,0.0,0.0,1962,False
2542125,10,Los Lagos,10459.312208885523,15688.968313328285,7844.484156664142,2614.8280522213827,32,8.0,2.0,2.0,8.0,0.0,True,,0.24227862623082894,7844.484156664143,15688.968313328285,3801.1016899321794,2614.8280522213818,0.0,0.0,1962,False
2542125,10,Los Lagos,10459.312208885523,15688.968313328285,7844.484156664142,2614.8280522213827,33,8.0,2.0,2.0,8.0,0.01,True,,0.2649666189484191,7725.054945162052,15688.968313328285,3858.4798600162517,2734.257263723474,0.0,0.0,1962,False
2542125,10,Los Lagos,10459.312208885523,15688.968313328285,7844.484156664142,2614.8280522213827,34,8.0,2.0,2.0,16.0,0.0,True,,0.24723728317019456,7844.4841566641435,15688.968313328285,3878.89790153055,2614.828052221382,0.0,0.0,1962,False
2542125,10,Los Lagos,10459.312208885523,15688.968313328285,7844.484156664142,2614.8280522213827,35,8.0,2.0,2.0,16.0,0.01,True,,0.29057225467989944,7613.865738456218,15688.968313328285,3982.23285088549,2845.446470429306,0.0,0.0,1962,False
2542125,10,Los Lagos,10459.312208885523,15688.968313328285,7844.484156664142,2614.8280522213827,36,8.0,2.0,2.0,32.0,0.0,True,,0.24958012915174518,7844.484156664143,15688.968313328285,3915.654737898108,2614.828052221382,0.0,0.0,1962,False
2542125,10,Los Lagos,10459.312208885523,15688.968313328285,7844.484156664142,2614.8280522213827,37,8.0,2.0,2.0,32.0,0.01,True,,0.3338798929988432,7401.7878091295115,15688.968313328285,4131.4901928797135,3057.524399756012,0.0,0.0,1962,False
2542125,10,Los Lagos,10459.312208885523,15688.968313328285,7844.484156664142,2614.8280522213827,38,8.0,2.0,2.0,64.0,0.0,True,,0.24996000840562962,7844.484156664143,15688.968313328285,3921.6146514751917,2614.8280522213818,0.0,0.0,1962,False
2542125,10,Los Lagos,10459.312208885523,15688.968313328285,7844.484156664142,2614.8280522213827,39,8.0,2.0,2.0,64.0,0.01,True,,0.4091587529901061,7011.963950362317,15688.968313328285,4337.978195028127,3447.3482585232077,0.0,0.0,1962,False
2542125,10,Los Lagos,10459.312208885523,15688.968313328285,7844.484156664142,2614.8280522213827,40,8.0,2.0,4.0,8.0,0.0,True,,0.47148811115184597,6884.403784191974,13776.0,4038.6788402237435,3574.9084246935504,0.0,3.5962158080257707,1722,False
2542125,10,Los Lagos,10459.312208885523,15688.968313328285,7844.484156664142,2614.8280522213827,41,8.0,2.0,4.0,8.0,0.01,True,,0.46945268548610974,6860.381265180165,13952.0,4034.781589929615,3598.9309437053594,0.0,3.410663789495815,1744,False
2542125,10,Los Lagos,10459.312208885523,15688.968313328285,7844.484156664142,2614.8280522213827,42,8.0,2.0,4.0,16.0,0.0,True,,0.42956817493940436,7054.5232978869535,14112.0,3975.35683037494,3404.788910998571,0.0,1.4767021130465137,1764,False
2542125,10,Los Lagos,10459.312208885523,15688.968313328285,7844.484156664142,2614.8280522213827,43,8.0,2.0,4.0,16.0,0.01,True,,0.4276946123351455,7018.862581029326,14376.0,3988.379260446662,3440.449627856199,0.0,2.3397290189576356,1797,False
2542125,10,Los Lagos,10459.312208885523,15688.968313328285,7844.484156664142,2614.8280522213827,44,8.0,2.0,4.0,32.0,0.0,True,,0.4022626890622673,7165.461128229968,14336.0,3935.775418697549,3293.851080655556,0.0,2.5388717700317915,1792,False
2542125,10,Los Lagos,10459.312208885523,15688.968313328285,7844.484156664142,2614.8280522213827,45,8.0,2.0,4.0,32.0,0.01,True,,0.4015360941408517,7104.077470477416,14716.0,3961.0295449145087,3355.2347384081077,0.0,2.3132811759211265,1840,False
2542125,10,Los Lagos,10459.312208885523,15688.968313328285,7844.484156664142,2614.8280522213827,46,8.0,2.0,4.0,64.0,0.0,True,,0.3899867352858215,7214.956480586938,14448.0,3919.664425953916,3244.355728298587,0.0,9.043519413062668,1806,False
2542125,10,Los Lagos,10459.312208885523,15688.968313328285,7844.484156664142,2614.8280522213827,47,8.0,2.0,4.0,64.0,0.01,True,,0.38836142560429954,7126.101248556342,15008.0,3952.934521528702,3333.210960329182,0.0,7.228303925025945,1876,False
2542125,10,Los Lagos,10459.312208885523,15688.968313328285,7844.484156664142,2614.8280522213827,48,16.0,1.0,1.0,8.0,0.0,True,,0.49641604138444667,6739.672728105176,15688.968313328285,4473.82125783155,3719.6394807803476,1104.8114285589659,0.0,981,False
2542125,10,Los Lagos,10459.312208885523,15688.968313328285,7844.484156664142,2614.8280522213827,49,16.0,1.0,1.0,8.0,0.01,True,,0.5439087840384816,6496.604197610883,15688.968313328285,4595.609138329206,3962.7080112746416,1136.1172843166023,0.0,981,False
2542125,10,Los Lagos,10459.312208885523,15688.968313328285,7844.484156664142,2614.8280522213827,50,16.0,1.0,1.0,16.0,0.0,True,,0.24996000840562954,7844.484156664143,15688.968313328285,3921.614651475191,2614.8280522213818,0.0,0.0,981,False
2542125,10,Los Lagos,10459.312208885523,15688.968313328285,7844.484156664142,2614.8280522213827,51,16.0,1.0,1.0,16.0,0.01,True,,0.32472645763842695,7453.546174666596,15688.968313328285,4117.278149394755,3005.7660342189283,0.0,0.0,981,False
2542125,10,Los Lagos,10459.312208885523,15688.968313328285,7844.484156664142,2614.8280522213827,52,16.0,1.0,1.0,32.0,0.0,True,,0.24996000840562954,7844.484156664143,15688.968313328285,3921.614651475191,2614.8280522213818,0.0,0.0,981,False
2542125,10,Los Lagos,10459.312208885523,15688.968313328285,7844.484156664142,2614.8280522213827,53,16.0,1.0,1.0,32.0,0.01,True,,0.3677622720035647,7228.555892691128,15688.968313328285,4229.98997236901,3230.7563161943963,0.0,0.0,981,False
2542125,10,Los Lagos,10459.312208885523,15688.968313328285,7844.484156664142,2614.8280522213827,54,16.0,1.0,1.0,64.0,0.0,True,,0.24996000840562954,7844.484156664143,15688.968313328285,3921.614651475191,2614.8280522213818,0.0,0.0,981,False
2542125,10,Los Lagos,10459.312208885523,15688.968313328285,7844.484156664142,2614.8280522213827,55,16.0,1.0,1.0,64.0,0.01,True,,0.4451109193834409,6823.980109751072,15688.968313328285,4432.0709928405495,3635.3320991344517,0.0,0.0,981,False
2542125,10,Los Lagos,10459.312208885523,15688.968313328285,7844.484156664142,2614.8280522213827,56,16.0,1.0,2.0,8.0,0.0,True,,0.49641604138444667,6739.672728105176,15688.968313328285,4473.82125783155,3719.6394807803476,1104.8114285589659,0.0,981,False
2542125,10,Los Lagos,10459.312208885523,15688.968313328285,7844.484156664142,2614.8280522213827,57,16.0,1.0,2.0,8.0,0.01,True,,0.5439087840384816,6496.604197610883,15688.968313328285,4595.609138329206,3962.7080112746416,1136.1172843166023,0.0,981,False
2542125,10,Los Lagos,10459.312208885523,15688.968313328285,7844.484156664142,2614.8280522213827,58,16.0,1.0,2.0,16.0,0.0,True,,0.24996000840562954,7844.484156664143,15688.968313328285,3921.614651475191,2614.8280522213818,0.0,0.0,981,False
2542125,10,Los Lagos,10459.312208885523,15688.968313328285,7844.484156664142,2614.8280522213827,59,16.0,1.0,2.0,16.0,0.01,True,,0.32472645763842695,7453.546174666596,15688.968313328285,4117.278149394755,3005.7660342189283,0.0,0.0,981,False
2542125,10,Los Lagos,10459.312208885523,15688.968313328285,7844.484156664142,2614.8280522213827,60,16.0,1.0,2.0,32.0,0.0,True,,0.24996000840562954,7844.484156664143,15688.968313328285,3921.614651475191,2614.8280522213818,0.0,0.0,981,False
2542125,10,Los Lagos,10459.312208885523,15688.968313328285,7844.484156664142,2614.8280522213827,61,16.0,1.0,2.0,32.0,0.01,True,,0.3677622720035647,7228.555892691128,15688.968313328285,4229.98997236901,3230.7563161943963,0.0,0.0,981,False
2542125,10,Los Lagos,10459.312208885523,15688.968313328285,7844.484156664142,2614.8280522213827,62,16.0,1.0,2.0,64.0,0.0,True,,0.24996000840562954,7844.484156664143,15688.968313328285,3921.614651475191,2614.8280522213818,0.0,0.0,981,False
2542125,10,Los Lagos,10459.312208885523,15688.968313328285,7844.484156664142,2614.8280522213827,63,16.0,1.0,2.0,64.0,0.01,True,,0.4451109193834409,6823.980109751072,15688.968313328285,4432.0709928405495,3635.3320991344517,0.0,0.0,981,False
2542125,10,Los Lagos,10459.312208885523,15688.968313328285,7844.484156664142,2614.8280522213827,64,16.0,1.0,4.0,8.0,0.0,True,,0.42809378047177277,7021.55369822096,15688.968313328285,4247.558381625009,3437.7585106645656,822.9304584431841,0.0,981,False
2542125,10,Los Lagos,10459.312208885523,15688.968313328285,7844.484156664142,2614.8280522213827,65,16.0,1.0,4.0,8.0,0.01,True,,0.46385458876559627,6828.1225796875415,15688.968313328285,4335.720248883843,3631.1896291979833,801.5515076200339,0.0,981,False
2542125,10,Los Lagos,10459.312208885523,15688.968313328285,7844.484156664142,2614.8280522213827,66,16.0,1.0,4.0,16.0,0.0,True,,0.2490335795473612,7844.4841566641435,15688.968313328285,3907.0799384732636,2614.828052221382,0.0,0.0,981,False
2542125,10,Los Lagos,10459.312208885523,15688.968313328285,7844.484156664142,2614.8280522213827,67,16.0,1.0,4.0,16.0,0.01,True,,0.3212043349480161,7465.796771370396,15688.968313328285,4092.646169868743,2993.515437515129,0.0,0.0,981,False
2542125,10,Los Lagos,10459.312208885523,15688.968313328285,7844.484156664142,2614.8280522213827,68,16.0,1.0,4.0,32.0,0.0,True,,0.2498287171826286,7844.484156664143,15688.968313328285,3919.554827637711,2614.8280522213818,0.0,0.0,981,False
2542125,10,Los Lagos,10459.312208885523,15688.968313328285,7844.484156664142,2614.8280522213827,69,16.0,1.0,4.0,32.0,0.01,True,,0.36133809072270917,7259.230659295501,15688.968313328285,4205.888112325523,3200.0815495900233,0.0,0.0,981,False
2542125,10,Los Lagos,10459.312208885523,15688.968313328285,7844.484156664142,2614.8280522213827,70,16.0,1.0,4.0,64.0,0.0,True,,0.24996000840562954,7844.484156664143,15688.968313328285,3921.614651475191,2614.8280522213818,0.0,0.0,981,False
2542125,10,Los Lagos,10459.312208885523,15688.968313328285,7844.484156664142,2614.8280522213827,71,16.0,1.0,4.0,64.0,0.01,True,,0.43277644305097096,6887.520871362694,15688.968313328285,4397.407688527987,3571.7913375228304,0.0,0.0,981,False
2542125,10,Los Lagos,10459.312208885523,15688.968313328285,7844.484156664142,2614.8280522213827,72,16.0,2.0,1.0,8.0,0.0,True,,0.28121774623538015,7702.836178854936,15688.968313328285,3987.072376404857,2756.476030030588,141.6479778092062,0.0,981,False
2542125,10,Los Lagos,10459.312208885523,15688.968313328285,7844.484156664142,2614.8280522213827,73,16.0,2.0,1.0,8.0,0.01,True,,0.3244041730563919,7477.3554861929115,15688.968313328285,4101.248071621504,2981.9567226926133,140.99408798723442,0.0,981,False
2542125,10,Los Lagos,10459.312208885523,15688.968313328285,7844.484156664142,2614.8280522213827,74,16.0,2.0,1.0,16.0,0.0,True,,0.24996000840562962,7844.484156664143,15688.968313328285,3921.6146514751917,2614.8280522213818,0.0,0.0,981,False
2542125,10,Los Lagos,10459.312208885523,15688.968313328285,7844.484156664142,2614.8280522213827,75,16.0,2.0,1.0,16.0,0.01,True,,0.31829526643694017,7487.184769683456,15688.968313328285,4100.475881959823,2972.1274392020687,0.0,0.0,981,False
2542125,10,Los Lagos,10459.312208885523,15688.968313328285,7844.484156664142,2614.8280522213827,76,16.0,2.0,1.0,32.0,0.0,True,,0.24996000840562954,7844.484156664143,15688.968313328285,3921.614651475191,2614.8280522213818,0.0,0.0,981,False
2542125,10,Los Lagos,10459.312208885523,15688.968313328285,7844.484156664142,2614.8280522213827,77,16.0,2.0,1.0,32.0,0.01,True,,0.36006981261793863,7268.789771993105,15688.968313328285,4209.8879190713005,3190.5224368924187,0.0,0.0,981,False
2542125,10,Los Lagos,10459.312208885523,15688.968313328285,7844.484156664142,2614.8280522213827,78,16.0,2.0,1.0,64.0,0.0,True,,0.24996000840562954,7844.484156664143,15688.968313328285,3921.614651475191,2614.8280522213818,0.0,0.0,981,False
2542125,10,Los Lagos,10459.312208885523,15688.968313328285,7844.484156664142,2614.8280522213827,79,16.0,2.0,1.0,64.0,0.01,True,,0.43943105741052685,6853.677154336776,15688.968313328285,4417.202429787682,3605.6350545487485,0.0,0.0,981,False
2542125,10,Los Lagos,10459.312208885523,15688.968313328285,7844.484156664142,2614.8280522213827,80,16.0,2.0,2.0,8.0,0.0,True,,0.28121774623538015,7702.836178854936,15688.968313328285,3987.072376404857,2756.476030030588,141.6479778092062,0.0,981,False
2542125,10,Los Lagos,10459.312208885523,15688.968313328285,7844.484156664142,2614.8280522213827,81,16.0,2.0,2.0,8.0,0.01,True,,0.3244041730563919,7477.3554861929115,15688.968313328285,4101.248071621504,2981.9567226926133,140.99408798723442,0.0,981,False
2542125,10,Los Lagos,10459.312208885523,15688.968313328285,7844.484156664142,2614.8280522213827,82,16.0,2.0,2.0,16.0,0.0,True,,0.24996000840562962,7844.484156664143,15688.968313328285,3921.6146514751917,2614.8280522213818,0.0,0.0,981,False
2542125,10,Los Lagos,10459.312208885523,15688.968313328285,7844.484156664142,2614.8280522213827,83,16.0,2.0,2.0,16.0,0.01,True,,0.31829526643694017,7487.184769683456,15688.968313328285,4100.475881959823,2972.1274392020687,0.0,0.0,981,False
2542125,10,Los Lagos,10459.312208885523,15688.968313328285,7844.484156664142,2614.8280522213827,84,16.0,2.0,2.0,32.0,0.0,True,,0.24996000840562954,7844.484156664143,15688.968313328285,3921.614651475191,2614.8280522213818,0.0,0.0,981,False
2542125,10,Los Lagos,10459.312208885523,15688.968313328285,7844.484156664142,2614.8280522213827,85,16.0,2.0,2.0,32.0,0.01,True,,0.36006981261793863,7268.789771993105,15688.968313328285,4209.8879190713005,3190.5224368924187,0.0,0.0,981,False
2542125,10,Los Lagos,10459.312208885523,15688.968313328285,7844.484156664142,2614.8280522213827,86,16.0,2.0,2.0,64.0,0.0,True,,0.24996000840562954,7844.484156664143,15688.968313328285,3921.614651475191,2614.8280522213818,0.0,0.0,981,False
2542125,10,Los Lagos,10459.312208885523,15688.968313328285,7844.484156664142,2614.8280522213827,87,16.0,2.0,2.0,64.0,0.01,True,,0.43943105741052685,6853.677154336776,15688.968313328285,4417.202429787682,3605.6350545487485,0.0,0.0,981,False
2542125,10,Los Lagos,10459.312208885523,15688.968313328285,7844.484156664142,2614.8280522213827,88,16.0,2.0,4.0,8.0,0.0,True,,0.2786802214773085,7705.394032840328,15688.968313328285,3954.934792837358,2753.9181760451966,139.0901238238145,0.0,981,False
2542125,10,Los Lagos,10459.312208885523,15688.968313328285,7844.484156664142,2614.8280522213827,89,16.0,2.0,4.0,8.0,0.01,True,,0.3227502862654024,7472.906547884049,15688.968313328285,4060.670751480966,2986.4056610014754,148.0084818086666,0.0,981,False
2542125,10,Los Lagos,10459.312208885523,15688.968313328285,7844.484156664142,2614.8280522213827,90,16.0,2.0,4.0,16.0,0.0,True,,0.2490335795473612,7844.4841566641435,15688.968313328285,3907.0799384732636,2614.828052221382,0.0,0.0,981,False
2542125,10,Los Lagos,10459.312208885523,15688.968313328285,7844.484156664142,2614.8280522213827,91,16.0,2.0,4.0,16.0,0.01,True,,0.31466203821734146,7500.451557432713,15688.968313328285,4076.641248920592,2958.860651452812,0.0,0.0,981,False
2542125,10,Los Lagos,10459.312208885523,15688.968313328285,7844.484156664142,2614.8280522213827,92,16.0,2.0,4.0,32.0,0.0,True,,0.2498287171826286,7844.484156664143,15688.968313328285,3919.554827637711,2614.8280522213818,0.0,0.0,981,False
2542125,10,Los Lagos,10459.312208885523,15688.968313328285,7844.484156664142,2614.8280522213827,93,16.0,2.0,4.0,32.0,0.01,True,,0.3546543451490041,7294.867736544094,15688.968313328285,4190.1197329268,3164.444472341431,0.0,0.0,981,False
2542125,10,Los Lagos,10459.312208885523,15688.968313328285,7844.484156664142,2614.8280522213827,94,16.0,2.0,4.0,64.0,0.0,True,,0.24996000840562962,7844.484156664143,15688.968313328285,3921.6146514751917,2614.8280522213818,0.0,0.0,981,False
2542125,10,Los Lagos,10459.312208885523,15688.968313328285,7844.484156664142,2614.8280522213827,95,16.0,2.0,4.0,64.0,0.01,True,,0.42689147332822,6919.074484509689,15688.968313328285,4383.962617890336,3540.237724375835,0.0,0.0,981,False
2542125,10,Los Lagos,10459.312208885523,15688.968313328285,7844.484156664142,2614.8280522213827,96,32.0,1.0,1.0,8.0,0.0,True,,1.255980831886344,3335.0152661991506,15688.968313328285,6176.636802217572,7124.296942686375,4509.468890464992,0.0,491,False
2542125,10,Los Lagos,10459.312208885523,15688.968313328285,7844.484156664142,2614.8280522213827,97,32.0,1.0,1.0,8.0,0.01,True,,1.291245881646675,3156.405962814765,15688.968313328285,6265.615306596498,7302.906246070759,4545.009861300777,0.0,491,False
2542125,10,Los Lagos,10459.312208885523,15688.968313328285,7844.484156664142,2614.8280522213827,98,32.0,1.0,1.0,16.0,0.0,True,,0.5921122196041254,6310.941262278498,15688.968313328285,4689.001168146668,4148.370946607027,1533.5428943856446,0.0,491,False
2542125,10,Los Lagos,10459.312208885523,15688.968313328285,7844.484156664142,2614.8280522213827,99,32.0,1.0,1.0,16.0,0.01,True,,0.6774373569685223,5865.467160125974,15688.968313328285,4910.924904986385,4593.845048759549,1539.6516628244108,0.0,491,False
2542125,10,Los Lagos,10459.312208885523,15688.968313328285,7844.484156664142,2614.8280522213827,100,32.0,1.0,1.0,32.0,0.0,True,,0.24996000840562954,7844.484156664143,15688.968313328285,3921.614651475191,2614.8280522213818,0.0,0.0,491,False
2542125,10,Los Lagos,10459.312208885523,15688.968313328285,7844.484156664142,2614.8280522213827,101,32.0,1.0,1.0,32.0,0.01,True,,0.40547967613055214,7031.16754683525,15688.968313328285,4328.266265938617,3428.1446620502743,0.0,0.0,491,False
2542125,10,Los Lagos,10459.312208885523,15688.968313328285,7844.484156664142,2614.8280522213827,102,32.0,1.0,1.0,64.0,0.0,True,,0.24996000840562954,7844.484156664143,15688.968313328285,3921.614651475191,2614.8280522213818,0.0,0.0,491,False
2542125,10,Los Lagos,10459.312208885523,15688.968313328285,7844.484156664142,2614.8280522213827,103,32.0,1.0,1.0,64.0,0.01,True,,0.4818569738067879,6631.771899344141,15688.968313328285,4528.058150310951,3827.5403095413826,0.0,0.0,491,False
2542125,10,Los Lagos,10459.312208885523,15688.968313328285,7844.484156664142,2614.8280522213827,104,32.0,1.0,2.0,8.0,0.0,True,,1.255980831886344,3335.0152661991506,15688.968313328285,6176.636802217572,7124.296942686375,4509.468890464992,0.0,491,False
2542125,10,Los Lagos,10459.312208885523,15688.968313328285,7844.484156664142,2614.8280522213827,105,32.0,1.0,2.0,8.0,0.01,True,,1.291245881646675,3156.405962814765,15688.968313328285,6265.615306596498,7302.906246070759,4545.009861300777,0.0,491,False
2542125,10,Los Lagos,10459.312208885523,15688.968313328285,7844.484156664142,2614.8280522213827,106,32.0,1.0,2.0,16.0,0.0,True,,0.5921122196041254,6310.941262278498,15688.968313328285,4689.001168146668,4148.370946607027,1533.5428943856446,0.0,491,False
2542125,10,Los Lagos,10459.312208885523,15688.968313328285,7844.484156664142,2614.8280522213827,107,32.0,1.0,2.0,16.0,0.01,True,,0.6774373569685223,5865.467160125974,15688.968313328285,4910.924904986385,4593.845048759549,1539.6516628244108,0.0,491,False
2542125,10,Los Lagos,10459.312208885523,15688.968313328285,7844.484156664142,2614.8280522213827,108,32.0,1.0,2.0,32.0,0.0,True,,0.24996000840562954,7844.484156664143,15688.968313328285,3921.614651475191,2614.8280522213818,0.0,0.0,491,False
2542125,10,Los Lagos,10459.312208885523,15688.968313328285,7844.484156664142,2614.8280522213827,109,32.0,1.0,2.0,32.0,0.01,True,,0.40547967613055214,7031.16754683525,15688.968313328285,4328.266265938617,3428.1446620502743,0.0,0.0,491,False
2542125,10,Los Lagos,10459.312208885523,15688.968313328285,7844.484156664142,2614.8280522213827,110,32.0,1.0,2.0,64.0,0.0,True,,0.24996000840562954,7844.484156664143,15688.968313328285,3921.614651475191,2614.8280522213818,0.0,0.0,491,False
2542125,10,Los Lagos,10459.312208885523,15688.968313328285,7844.484156664142,2614.8280522213827,111,32.0,1.0,2.0,64.0,0.01,True,,0.4818569738067879,6631.771899344141,15688.968313328285,4528.058150310951,3827.5403095413826,0.0,0.0,491,False
2542125,10,Los Lagos,10459.312208885523,15688.968313328285,7844.484156664142,2614.8280522213827,112,32.0,1.0,4.0,8.0,0.0,True,,1.233435960240235,3428.197822161367,15688.968313328285,6102.478693220369,7031.114386724157,4416.286334502775,0.0,491,False
2542125,10,Los Lagos,10459.312208885523,15688.968313328285,7844.484156664142,2614.8280522213827,113,32.0,1.0,4.0,8.0,0.01,True,,1.2620846836644444,3278.040786064694,15688.968313328285,6173.592532576255,7181.271422820831,4422.211303347089,0.0,491,False
2542125,10,Los Lagos,10459.312208885523,15688.968313328285,7844.484156664142,2614.8280522213827,114,32.0,1.0,4.0,16.0,0.0,True,,0.5921122196041254,6310.941262278498,15688.968313328285,4689.001168146668,4148.370946607027,1533.5428943856446,0.0,491,False
2542125,10,Los Lagos,10459.312208885523,15688.968313328285,7844.484156664142,2614.8280522213827,115,32.0,1.0,4.0,16.0,0.01,True,,0.6774373569685223,5865.467160125974,15688.968313328285,4910.924904986385,4593.845048759549,1539.6516628244108,0.0,491,False
2542125,10,Los Lagos,10459.312208885523,15688.968313328285,7844.484156664142,2614.8280522213827,116,32.0,1.0,4.0,32.0,0.0,True,,0.24996000840562954,7844.484156664143,15688.968313328285,3921.614651475191,2614.8280522213818,0.0,0.0,491,False
2542125,10,Los Lagos,10459.312208885523,15688.968313328285,7844.484156664142,2614.8280522213827,117,32.0,1.0,4.0,32.0,0.01,True,,0.40547967613055214,7031.16754683525,15688.968313328285,4328.266265938617,3428.1446620502743,0.0,0.0,491,False
2542125,10,Los Lagos,10459.312208885523,15688.968313328285,7844.484156664142,2614.8280522213827,118,32.0,1.0,4.0,64.0,0.0,True,,0.24996000840562954,7844.484156664143,15688.968313328285,3921.614651475191,2614.8280522213818,0.0,0.0,491,False
2542125,10,Los Lagos,10459.312208885523,15688.968313328285,7844.484156664142,2614.8280522213827,119,32.0,1.0,4.0,64.0,0.01,True,,0.4818569738067879,6631.771899344141,15688.968313328285,4528.058150310951,3827.5403095413826,0.0,0.0,491,False
2542125,10,Los Lagos,10459.312208885523,15688.968313328285,7844.484156664142,2614.8280522213827,120,32.0,2.0,1.0,8.0,0.0,True,,1.0911986454686606,4073.6241179664753,15688.968313328285,5807.200856211559,6385.6880909190495,3770.8600386976677,0.0,491,False
2542125,10,Los Lagos,10459.312208885523,15688.968313328285,7844.484156664142,2614.8280522213827,121,32.0,2.0,1.0,8.0,0.01,True,,1.1214820164415464,3912.6267450007995,15688.968313328285,5887.621762719476,6546.685463884725,3755.2610560822,0.0,491,False
2542125,10,Los Lagos,10459.312208885523,15688.968313328285,7844.484156664142,2614.8280522213827,122,32.0,2.0,1.0,16.0,0.0,True,,0.4165434327349813,7097.850200639802,15688.968313328285,4295.234849231094,3361.462008245722,746.6339560243399,0.0,491,False
2542125,10,Los Lagos,10459.312208885523,15688.968313328285,7844.484156664142,2614.8280522213827,123,32.0,2.0,1.0,16.0,0.01,True,,0.5002105686645398,6652.4955996950275,15688.968313328285,4517.645433894816,3806.8166091904964,700.3418709045716,0.0,491,False
2542125,10,Los Lagos,10459.312208885523,15688.968313328285,7844.484156664142,2614.8280522213827,124,32.0,2.0,1.0,32.0,0.0,True,,0.24996000840562954,7844.484156664143,15688.968313328285,3921.614651475191,2614.8280522213818,0.0,0.0,491,False
2542125,10,Los Lagos,10459.312208885523,15688.968313328285,7844.484156664142,2614.8280522213827,125,32.0,2.0,1.0,32.0,0.01,True,,0.3983562176949917,7068.438194672901,15688.968313328285,4309.683171855926,3390.8740142126235,0.0,0.0,491,False
2542125,10,Los Lagos,10459.312208885523,15688.968313328285,7844.484156664142,2614.8280522213827,126,32.0,2.0,1.0,64.0,0.0,True,,0.24996000840562954,7844.484156664143,15688.968313328285,3921.614651475191,2614.8280522213818,0.0,0.0,491,False
2542125,10,Los Lagos,10459.312208885523,15688.968313328285,7844.484156664142,2614.8280522213827,127,32.0,2.0,1.0,64.0,0.01,True,,0.474458571104197,6670.5118987244105,15688.968313328285,4508.834843191433,3788.800310161114,0.0,0.0,491,False
2542125,10,Los Lagos,10459.312208885523,15688.968313328285,7844.484156664142,2614.8280522213827,128,32.0,2.0,2.0,8.0,0.0,True,,1.0911986454686606,4073.6241179664753,15688.968313328285,5807.200856211559,6385.6880909190495,3770.8600386976677,0.0,491,False
2542125,10,Los Lagos,10459.312208885523,15688.968313328285,7844.484156664142,2614.8280522213827,129,32.0,2.0,2.0,8.0,0.01,True,,1.1214820164415464,3912.6267450007995,15688.968313328285,5887.621762719476,6546.685463884725,3755.2610560822,0.0,491,False
2542125,10,Los Lagos,10459.312208885523,15688.968313328285,7844.484156664142,2614.8280522213827,130,32.0,2.0,2.0,16.0,0.0,True,,0.4165434327349813,7097.850200639802,15688.968313328285,4295.234849231094,3361.462008245722,746.6339560243399,0.0,491,False
2542125,10,Los Lagos,10459.312208885523,15688.968313328285,7844.484156664142,2614.8280522213827,131,32.0,2.0,2.0,16.0,0.01,True,,0.5002105686645398,6652.4955996950275,15688.968313328285,4517.645433894816,3806.8166091904964,700.3418709045716,0.0,491,False
2542125,10,Los Lagos,10459.312208885523,15688.968313328285,7844.484156664142,2614.8280522213827,132,32.0,2.0,2.0,32.0,0.0,True,,0.24996000840562954,7844.484156664143,15688.968313328285,3921.614651475191,2614.8280522213818,0.0,0.0,491,False
2542125,10,Los Lagos,10459.312208885523,15688.968313328285,7844.484156664142,2614.8280522213827,133,32.0,2.0,2.0,32.0,0.01,True,,0.3983562176949917,7068.438194672901,15688.968313328285,4309.683171855926,3390.8740142126235,0.0,0.0,491,False
2542125,10,Los Lagos,10459.312208885523,15688.968313328285,7844.484156664142,2614.8280522213827,134,32.0,2.0,2.0,64.0,0.0,True,,0.24996000840562954,7844.484156664143,15688.968313328285,3921.614651475191,2614.8280522213818,0.0,0.0,491,False
2542125,10,Los Lagos,10459.312208885523,15688.968313328285,7844.484156664142,2614.8280522213827,135,32.0,2.0,2.0,64.0,0.01,True,,0.474458571104197,6670.5118987244105,15688.968313328285,4508.834843191433,3788.800310161114,0.0,0.0,491,False
2542125,10,Los Lagos,10459.312208885523,15688.968313328285,7844.484156664142,2614.8280522213827,136,32.0,2.0,4.0,8.0,0.0,True,,1.0911986454686606,4073.6241179664753,15688.968313328285,5807.200856211559,6385.6880909190495,3770.8600386976677,0.0,491,False
2542125,10,Los Lagos,10459.312208885523,15688.968313328285,7844.484156664142,2614.8280522213827,137,32.0,2.0,4.0,8.0,0.01,True,,1.1214820164415464,3912.6267450007995,15688.968313328285,5887.621762719476,6546.685463884725,3755.2610560822,0.0,491,False
2542125,10,Los Lagos,10459.312208885523,15688.968313328285,7844.484156664142,2614.8280522213827,138,32.0,2.0,4.0,16.0,0.0,True,,0.4165434327349813,7097.850200639802,15688.968313328285,4295.234849231094,3361.462008245722,746.6339560243399,0.0,491,False
2542125,10,Los Lagos,10459.312208885523,15688.968313328285,7844.484156664142,2614.8280522213827,139,32.0,2.0,4.0,16.0,0.01,True,,0.5002105686645398,6652.4955996950275,15688.968313328285,4517.645433894816,3806.8166091904964,700.3418709045716,0.0,491,False
2542125,10,Los Lagos,10459.312208885523,15688.968313328285,7844.484156664142,2614.8280522213827,140,32.0,2.0,4.0,32.0,0.0,True,,0.24996000840562954,7844.484156664143,15688.968313328285,3921.614651475191,2614.8280522213818,0.0,0.0,491,False
2542125,10,Los Lagos,10459.312208885523,15688.968313328285,7844.484156664142,2614.8280522213827,141,32.0,2.0,4.0,32.0,0.01,True,,0.3983562176949917,7068.438194672901,15688.968313328285,4309.683171855926,3390.8740142126235,0.0,0.0,491,False
2542125,10,Los Lagos,10459.312208885523,15688.968313328285,7844.484156664142,2614.8280522213827,142,32.0,2.0,4.0,64.0,0.0,True,,0.24996000840562954,7844.484156664143,15688.968313328285,3921.614651475191,2614.8280522213818,0.0,0.0,491,False
2542125,10,Los Lagos,10459.312208885523,15688.968313328285,7844.484156664142,2614.8280522213827,143,32.0,2.0,4.0,64.0,0.01,True,,0.474458571104197,6670.5118987244105,15688.968313328285,4508.834843191433,3788.800310161114,0.0,0.0,491,False
2551775,11,Aysen,3625.4349082911026,5438.152362436654,2719.0761812183273,906.3587270727753,0,8.0,1.0,1.0,8.0,0.0,True,,0.2499944943173931,2719.076181218327,5438.152362436654,1359.5081498682862,906.3587270727758,0.0,0.0,680,False
2551775,11,Aysen,3625.4349082911026,5438.152362436654,2719.0761812183273,906.3587270727753,1,8.0,1.0,1.0,8.0,0.01,True,,0.3589464200263483,2521.575496289902,5438.152362436654,1458.2536097334014,1103.8594120012008,0.0,0.0,680,False
2551775,11,Aysen,3625.4349082911026,5438.152362436654,2719.0761812183273,906.3587270727753,2,8.0,1.0,1.0,16.0,0.0,True,,0.2499944943173931,2719.076181218327,5438.152362436654,1359.5081498682862,906.3587270727758,0.0,0.0,680,False
2551775,11,Aysen,3625.4349082911026,5438.152362436654,2719.0761812183273,906.3587270727753,3,8.0,1.0,1.0,16.0,0.01,True,,0.41706530063096064,2416.1782216878173,5438.152362436654,1510.8197510903365,1209.2566866032855,0.0,0.0,680,False
2551775,11,Aysen,3625.4349082911026,5438.152362436654,2719.0761812183273,906.3587270727753,4,8.0,1.0,1.0,32.0,0.0,True,,0.2499944943173931,2719.076181218327,5438.152362436654,1359.5081498682862,906.3587270727758,0.0,0.0,680,False
2551775,11,Aysen,3625.4349082911026,5438.152362436654,2719.0761812183273,906.3587270727753,5,8.0,1.0,1.0,32.0,0.01,True,,0.5211910269348018,2227.429758292118,5438.152362436654,1605.2001570907546,1398.0051499989845,0.0,0.0,680,False
2551775,11,Aysen,3625.4349082911026,5438.152362436654,2719.0761812183273,906.3587270727753,6,8.0,1.0,1.0,64.0,0.0,True,,0.24999449431739326,2719.0761812183264,5438.152362436654,1359.5081498682862,906.3587270727759,0.0,0.0,680,False
2551775,11,Aysen,3625.4349082911026,5438.152362436654,2719.0761812183273,906.3587270727753,7,8.0,1.0,1.0,64.0,0.01,True,,0.7028254918273009,1898.2154715737347,5438.152362436654,1769.9203346498575,1727.2194367173677,0.0,0.0,680,False
2551775,11,Aysen,3625.4349082911026,5438.152362436654,2719.0761812183273,906.3587270727753,8,8.0,1.0,2.0,8.0,0.0,True,,0.2499944943173931,2719.076181218327,5438.152362436654,1359.5081498682862,906.3587270727758,0.0,0.0,680,False
2551775,11,Aysen,3625.4349082911026,5438.152362436654,2719.0761812183273,906.3587270727753,9,8.0,1.0,2.0,8.0,0.01,True,,0.3589464200263483,2521.575496289902,5438.152362436654,1458.2536097334014,1103.8594120012008,0.0,0.0,680,False
2551775,11,Aysen,3625.4349082911026,5438.152362436654,2719.0761812183273,906.3587270727753,10,8.0,1.0,2.0,16.0,0.0,True,,0.2499944943173931,2719.076181218327,5438.152362436654,1359.5081498682862,906.3587270727758,0.0,0.0,680,False
2551775,11,Aysen,3625.4349082911026,5438.152362436654,2719.0761812183273,906.3587270727753,11,8.0,1.0,2.0,16.0,0.01,True,,0.41706530063096064,2416.1782216878173,5438.152362436654,1510.8197510903365,1209.2566866032855,0.0,0.0,680,False
2551775,11,Aysen,3625.4349082911026,5438.152362436654,2719.0761812183273,906.3587270727753,12,8.0,1.0,2.0,32.0,0.0,True,,0.2499944943173931,2719.076181218327,5438.152362436654,1359.5081498682862,906.3587270727758,0.0,0.0,680,False
2551775,11,Aysen,3625.4349082911026,5438.152362436654,2719.0761812183273,906.3587270727753,13,8.0,1.0,2.0,32.0,0.01,True,,0.5211910269348018,2227.429758292118,5438.152362436654,1605.2001570907546,1398.0051499989845,0.0,0.0,680,False
2551775,11,Aysen,3625.4349082911026,5438.152362436654,2719.0761812183273,906.3587270727753,14,8.0,1.0,2.0,64.0,0.0,True,,0.24999449431739326,2719.0761812183264,5438.152362436654,1359.5081498682862,906.3587270727759,0.0,0.0,680,False
2551775,11,Aysen,3625.4349082911026,5438.152362436654,2719.0761812183273,906.3587270727753,15,8.0,1.0,2.0,64.0,0.01,True,,0.7010752030370511,1901.3222625997266,5438.152362436654,1768.1689750951937,1724.112645691376,0.0,0.0,680,False
2551775,11,Aysen,3625.4349082911026,5438.152362436654,2719.0761812183273,906.3587270727753,16,8.0,1.0,4.0,8.0,0.0,True,,0.24977311326845486,2719.0761812183264,5438.152362436654,1358.3042459940032,906.3587270727758,0.0,0.0,680,True
2551775,11,Aysen,3625.4349082911026,5438.152362436654,2719.0761812183273,906.3587270727753,17,8.0,1.0,4.0,8.0,0.01,True,,0.35814149149709673,2522.64381698367,5438.152362436654,1456.5470874848802,1102.7910913074325,0.0,0.0,680,False
2551775,11,Aysen,3625.4349082911026,5438.152362436654,2719.0761812183273,906.3587270727753,18,8.0,1.0,4.0,16.0,0.0,True,,0.2499944943173931,2719.076181218327,5438.152362436654,1359.5081498682862,906.3587270727758,0.0,0.0,680,False
2551775,11,Aysen,3625.4349082911026,5438.152362436654,2719.0761812183273,906.3587270727753,19,8.0,1.0,4.0,16.0,0.01,True,,0.41582092147308325,2418.404270632118,5438.152362436654,1509.6177499939104,1207.0306376589847,0.0,0.0,680,False
2551775,11,Aysen,3625.4349082911026,5438.152362436654,2719.0761812183273,906.3587270727753,20,8.0,1.0,4.0,32.0,0.0,True,,0.2499944943173931,2719.076181218327,5438.152362436654,1359.5081498682862,906.3587270727758,0.0,0.0,680,False
2551775,11,Aysen,3625.4349082911026,5438.152362436654,2719.0761812183273,906.3587270727753,21,8.0,1.0,4.0,32.0,0.01,True,,0.519270243429558,2230.961988275117,5438.152362436654,1603.5852186914813,1394.4729200159854,0.0,0.0,680,False
2551775,11,Aysen,3625.4349082911026,5438.152362436654,2719.0761812183273,906.3587270727753,22,8.0,1.0,4.0,64.0,0.0,True,,0.24999449431739326,2719.0761812183264,5438.152362436654,1359.5081498682862,906.3587270727759,0.0,0.0,680,False
2551775,11,Aysen,3625.4349082911026,5438.152362436654,2719.0761812183273,906.3587270727753,23,8.0,1.0,4.0,64.0,0.01,True,,0.695641333335905,1911.1834458915846,5438.152362436654,1763.2717219723786,1714.251462399518,0.0,0.0,680,False
2551775,11,Aysen,3625.4349082911026,5438.152362436654,2719.0761812183273,906.3587270727753,24,8.0,2.0,1.0,8.0,0.0,True,,0.2499944943173931,2719.076181218327,5438.152362436654,1359.5081498682862,906.3587270727758,0.0,0.0,680,False
2551775,11,Aysen,3625.4349082911026,5438.152362436654,2719.0761812183273,906.3587270727753,25,8.0,2.0,1.0,8.0,0.01,True,,0.3509171206077047,2536.047467672267,5438.152362436654,1450.768984587106,1089.3874406188359,0.0,0.0,680,False
2551775,11,Aysen,3625.4349082911026,5438.152362436654,2719.0761812183273,906.3587270727753,26,8.0,2.0,1.0,16.0,0.0,True,,0.2499944943173931,2719.076181218327,5438.152362436654,1359.5081498682862,906.3587270727758,0.0,0.0,680,False
2551775,11,Aysen,3625.4349082911026,5438.152362436654,2719.0761812183273,906.3587270727753,27,8.0,2.0,1.0,16.0,0.01,True,,0.41022144157453644,2428.5338906303796,5438.152362436654,1504.4909751508653,1196.901017660723,0.0,0.0,680,False
2551775,11,Aysen,3625.4349082911026,5438.152362436654,2719.0761812183273,906.3587270727753,28,8.0,2.0,1.0,32.0,0.0,True,,0.2499944943173931,2719.076181218327,5438.152362436654,1359.5081498682862,906.3587270727758,0.0,0.0,680,False
2551775,11,Aysen,3625.4349082911026,5438.152362436654,2719.0761812183273,906.3587270727753,29,8.0,2.0,1.0,32.0,0.01,True,,0.5143352742830589,2239.8428447426186,5438.152362436654,1598.9502457376489,1385.5920635484838,0.0,0.0,680,False
2551775,11,Aysen,3625.4349082911026,5438.152362436654,2719.0761812183273,906.3587270727753,30,8.0,2.0,1.0,64.0,0.0,True,,0.24999449431739326,2719.0761812183264,5438.152362436654,1359.5081498682862,906.3587270727759,0.0,0.0,680,False
2551775,11,Aysen,3625.4349082911026,5438.152362436654,2719.0761812183273,906.3587270727753,31,8.0,2.0,1.0,64.0,0.01,True,,0.693673112842211,1914.8043304392563,5438.152362436654,1761.6204504139791,1710.6305778518463,0.0,0.0,680,False
2551775,11,Aysen,3625.4349082911026,5438.152362436654,2719.0761812183273,906.3587270727753,32,8.0,2.0,2.0,8.0,0.0,True,,0.2499944943173931,2719.076181218327,5438.152362436654,1359.5081498682862,906.3587270727758,0.0,0.0,680,False
2551775,11,Aysen,3625.4349082911026,5438.152362436654,2719.0761812183273,906.3587270727753,33,8.0,2.0,2.0,8.0,0.01,True,,0.3509171206077047,2536.047467672267,5438.152362436654,1450.768984587106,1089.3874406188359,0.0,0.0,680,False
2551775,11,Aysen,3625.4349082911026,5438.152362436654,2719.0761812183273,906.3587270727753,34,8.0,2.0,2.0,16.0,0.0,True,,0.2499944943173931,2719.076181218327,5438.152362436654,1359.5081498682862,906.3587270727758,0.0,0.0,680,False
2551775,11,Aysen,3625.4349082911026,5438.152362436654,2719.0761812183273,906.3587270727753,35,8.0,2.0,2.0,16.0,0.01,True,,0.41022144157453644,2428.5338906303796,5438.152362436654,1504.4909751508653,1196.901017660723,0.0,0.0,680,False
2551775,11,Aysen,3625.4349082911026,5438.152362436654,2719.0761812183273,906.3587270727753,36,8.0,2.0,2.0,32.0,0.0,True,,0.2499944943173931,2719.076181218327,5438.152362436654,1359.5081498682862,906.3587270727758,0.0,0.0,680,False
2551775,11,Aysen,3625.4349082911026,5438.152362436654,2719.0761812183273,906.3587270727753,37,8.0,2.0,2.0,32.0,0.01,True,,0.5143352742830589,2239.8428447426186,5438.152362436654,1598.9502457376489,1385.5920635484838,0.0,0.0,680,False
2551775,11,Aysen,3625.4349082911026,5438.152362436654,2719.0761812183273,906.3587270727753,38,8.0,2.0,2.0,64.0,0.0,True,,0.24999449431739326,2719.0761812183264,5438.152362436654,1359.5081498682862,906.3587270727759,0.0,0.0,680,False
2551775,11,Aysen,3625.4349082911026,5438.152362436654,2719.0761812183273,906.3587270727753,39,8.0,2.0,2.0,64.0,0.01,True,,0.693673112842211,1914.8043304392563,5438.152362436654,1761.6204504139791,1710.6305778518463,0.0,0.0,680,False
2551775,11,Aysen,3625.4349082911026,5438.152362436654,2719.0761812183273,906.3587270727753,40,8.0,2.0,4.0,8.0,0.0,True,,0.24977311326845486,2719.0761812183264,5438.152362436654,1358.3042459940032,906.3587270727758,0.0,0.0,680,False
2551775,11,Aysen,3625.4349082911026,5438.152362436654,2719.0761812183273,906.3587270727753,41,8.0,2.0,4.0,8.0,0.01,True,,0.3502020096607359,2537.224727336211,5438.152362436654,1449.8232514613032,1088.2101809548917,0.0,0.0,680,False
2551775,11,Aysen,3625.4349082911026,5438.152362436654,2719.0761812183273,906.3587270727753,42,8.0,2.0,4.0,16.0,0.0,True,,0.2499944943173931,2719.076181218327,5438.152362436654,1359.5081498682862,906.3587270727758,0.0,0.0,680,False
2551775,11,Aysen,3625.4349082911026,5438.152362436654,2719.0761812183273,906.3587270727753,43,8.0,2.0,4.0,16.0,0.01,True,,0.4086861699241297,2431.39219680484,5438.152362436654,1503.2876994343746,1194.0427114862625,0.0,0.0,680,False
2551775,11,Aysen,3625.4349082911026,5438.152362436654,2719.0761812183273,906.3587270727753,44,8.0,2.0,4.0,32.0,0.0,True,,0.2499944943173931,2719.076181218327,5438.152362436654,1359.5081498682862,906.3587270727758,0.0,0.0,680,False
2551775,11,Aysen,3625.4349082911026,5438.152362436654,2719.0761812183273,906.3587270727753,45,8.0,2.0,4.0,32.0,0.01,True,,0.5115690106912252,2244.829530064281,5438.152362436654,1596.3735961547509,1380.6053782268218,0.0,0.0,680,False
2551775,11,Aysen,3625.4349082911026,5438.152362436654,2719.0761812183273,906.3587270727753,46,8.0,2.0,4.0,64.0,0.0,True,,0.24999449431739326,2719.0761812183264,5438.152362436654,1359.5081498682862,906.3587270727759,0.0,0.0,680,False
2551775,11,Aysen,3625.4349082911026,5438.152362436654,2719.0761812183273,906.3587270727753,47,8.0,2.0,4.0,64.0,0.01,True,,0.6888704559876931,1923.507808492687,5438.152362436654,1757.261565828187,1701.9270997984156,0.0,0.0,680,False
2551775,11,Aysen,3625.4349082911026,5438.152362436654,2719.0761812183273,906.3587270727753,48,16.0,1.0,1.0,8.0,0.0,True,,0.605705585036703,2166.3048025894122,5438.152362436654,1635.6051223216768,1459.1301057016904,552.7713786289146,0.0,340,False
2551775,11,Aysen,3625.4349082911026,5438.152362436654,2719.0761812183273,906.3587270727753,49,16.0,1.0,1.0,8.0,0.01,True,,0.7288395931529078,1943.8896641074264,5438.152362436654,1747.0654065780036,1681.5452441836762,557.0181119731964,0.0,340,False
2551775,11,Aysen,3625.4349082911026,5438.152362436654,2719.0761812183273,906.3587270727753,50,16.0,1.0,1.0,16.0,0.0,True,,0.2499944943173931,2719.076181218327,5438.152362436654,1359.5081498682862,906.3587270727758,0.0,0.0,340,False
2551775,11,Aysen,3625.4349082911026,5438.152362436654,2719.0761812183273,906.3587270727753,51,16.0,1.0,1.0,16.0,0.01,True,,0.46735594278113235,2325.02916755727,5438.152362436654,1556.4352901813804,1300.4057407338328,0.0,0.0,340,False
2551775,11,Aysen,3625.4349082911026,5438.152362436654,2719.0761812183273,906.3587270727753,52,16.0,1.0,1.0,32.0,0.0,True,,0.2499944943173931,2719.076181218327,5438.152362436654,1359.5081498682862,906.3587270727758,0.0,0.0,340,False
2551775,11,Aysen,3625.4349082911026,5438.152362436654,2719.0761812183273,906.3587270727753,53,16.0,1.0,1.0,32.0,0.01,True,,0.5661378062109637,2145.9735024262113,5438.152362436654,1645.9869513305666,1479.4614058648913,0.0,0.0,340,False
2551775,11,Aysen,3625.4349082911026,5438.152362436654,2719.0761812183273,906.3587270727753,54,16.0,1.0,1.0,64.0,0.0,True,,0.24999449431739326,2719.0761812183264,5438.152362436654,1359.5081498682862,906.3587270727759,0.0,0.0,340,False
2551775,11,Aysen,3625.4349082911026,5438.152362436654,2719.0761812183273,906.3587270727753,55,16.0,1.0,1.0,64.0,0.01,True,,0.7405794908019064,1829.788536112107,5438.152362436654,1804.1649947109704,1795.6463721789953,0.0,0.0,340,False
2551775,11,Aysen,3625.4349082911026,5438.152362436654,2719.0761812183273,906.3587270727753,56,16.0,1.0,2.0,8.0,0.0,True,,0.605705585036703,2166.3048025894122,5438.152362436654,1635.6051223216768,1459.1301057016904,552.7713786289146,0.0,340,False
2551775,11,Aysen,3625.4349082911026,5438.152362436654,2719.0761812183273,906.3587270727753,57,16.0,1.0,2.0,8.0,0.01,True,,0.7288395931529078,1943.8896641074264,5438.152362436654,1747.0654065780036,1681.5452441836762,557.0181119731964,0.0,340,False
2551775,11,Aysen,3625.4349082911026,5438.152362436654,2719.0761812183273,906.3587270727753,58,16.0,1.0,2.0,16.0,0.0,True,,0.2499944943173931,2719.076181218327,5438.152362436654,1359.5081498682862,906.3587270727758,0.0,0.0,340,False
2551775,11,Aysen,3625.4349082911026,5438.152362436654,2719.0761812183273,906.3587270727753,59,16.0,1.0,2.0,16.0,0.01,True,,0.46735594278113235,2325.02916755727,5438.152362436654,1556.4352901813804,1300.4057407338328,0.0,0.0,340,False
2551775,11,Aysen,3625.4349082911026,5438.152362436654,2719.0761812183273,906.3587270727753,60,16.0,1.0,2.0,32.0,0.0,True,,0.2499944943173931,2719.076181218327,5438.152362436654,1359.5081498682862,906.3587270727758,0.0,0.0,340,False
2551775,11,Aysen,3625.4349082911026,5438.152362436654,2719.0761812183273,906.3587270727753,61,16.0,1.0,2.0,32.0,0.01,True,,0.5661378062109637,2145.9735024262113,5438.152362436654,1645.9869513305666,1479.4614058648913,0.0,0.0,340,False
2551775,11,Aysen,3625.4349082911026,5438.152362436654,2719.0761812183273,906.3587270727753,62,16.0,1.0,2.0,64.0,0.0,True,,0.24999449431739326,2719.0761812183264,5438.152362436654,1359.5081498682862,906.3587270727759,0.0,0.0,340,False
2551775,11,Aysen,3625.4349082911026,5438.152362436654,2719.0761812183273,906.3587270727753,63,16.0,1.0,2.0,64.0,0.01,True,,0.7405794908019064,1829.788536112107,5438.152362436654,1804.1649947109704,1795.6463721789953,0.0,0.0,340,False
2551775,11,Aysen,3625.4349082911026,5438.152362436654,2719.0761812183273,906.3587270727753,64,16.0,1.0,4.0,8.0,0.0,True,,0.605705585036703,2166.3048025894122,5438.152362436654,1635.6051223216768,1459.1301057016904,552.7713786289146,0.0,340,False
2551775,11,Aysen,3625.4349082911026,5438.152362436654,2719.0761812183273,906.3587270727753,65,16.0,1.0,4.0,8.0,0.01,True,,0.7288395931529078,1943.8896641074264,5438.152362436654,1747.0654065780036,1681.5452441836762,557.0181119731964,0.0,340,False
2551775,11,Aysen,3625.4349082911026,5438.152362436654,2719.0761812183273,906.3587270727753,66,16.0,1.0,4.0,16.0,0.0,True,,0.2499944943173931,2719.076181218327,5438.152362436654,1359.5081498682862,906.3587270727758,0.0,0.0,340,False
2551775,11,Aysen,3625.4349082911026,5438.152362436654,2719.0761812183273,906.3587270727753,67,16.0,1.0,4.0,16.0,0.01,True,,0.46735594278113235,2325.02916755727,5438.152362436654,1556.4352901813804,1300.4057407338328,0.0,0.0,340,False
2551775,11,Aysen,3625.4349082911026,5438.152362436654,2719.0761812183273,906.3587270727753,68,16.0,1.0,4.0,32.0,0.0,True,,0.2499944943173931,2719.076181218327,5438.152362436654,1359.5081498682862,906.3587270727758,0.0,0.0,340,False
2551775,11,Aysen,3625.4349082911026,5438.152362436654,2719.0761812183273,906.3587270727753,69,16.0,1.0,4.0,32.0,0.01,True,,0.5661378062109637,2145.9735024262113,5438.152362436654,1645.9869513305666,1479.4614058648913,0.0,0.0,340,False
2551775,11,Aysen,3625.4349082911026,5438.152362436654,2719.0761812183273,906.3587270727753,70,16.0,1.0,4.0,64.0,0.0,True,,0.24999449431739326,2719.0761812183264,5438.152362436654,1359.5081498682862,906.3587270727759,0.0,0.0,340,False
2551775,11,Aysen,3625.4349082911026,5438.152362436654,2719.0761812183273,906.3587270727753,71,16.0,1.0,4.0,64.0,0.01,True,,0.7396563514415916,1831.4344661866273,5438.152362436654,1803.2596474041165,1794.0004421044753,0.0,0.0,340,False
2551775,11,Aysen,3625.4349082911026,5438.152362436654,2719.0761812183273,906.3587270727753,72,16.0,2.0,1.0,8.0,0.0,True,,0.4586187619096977,2394.9004483849485,5438.152362436654,1521.511505036859,1230.534459906154,324.17573283337816,0.0,340,False
2551775,11,Aysen,3625.4349082911026,5438.152362436654,2719.0761812183273,906.3587270727753,73,16.0,2.0,1.0,8.0,0.01,True,,0.5834396480260207,2166.614019464464,5438.152362436654,1635.7207822492173,1458.8208888266388,311.91502723607636,0.0,340,False
2551775,11,Aysen,3625.4349082911026,5438.152362436654,2719.0761812183273,906.3587270727753,74,16.0,2.0,1.0,16.0,0.0,True,,0.2499944943173931,2719.076181218327,5438.152362436654,1359.5081498682862,906.3587270727758,0.0,0.0,340,False
2551775,11,Aysen,3625.4349082911026,5438.152362436654,2719.0761812183273,906.3587270727753,75,16.0,2.0,1.0,16.0,0.01,True,,0.45987127015151996,2338.5910384180324,5438.152362436654,1549.637177190495,1286.8438698730704,0.0,0.0,340,False
2551775,11,Aysen,3625.4349082911026,5438.152362436654,2719.0761812183273,906.3587270727753,76,16.0,2.0,1.0,32.0,0.0,True,,0.2499944943173931,2719.076181218327,5438.152362436654,1359.5081498682862,906.3587270727758,0.0,0.0,340,False
2551775,11,Aysen,3625.4349082911026,5438.152362436654,2719.0761812183273,906.3587270727753,77,16.0,2.0,1.0,32.0,0.01,True,,0.5623391864332618,2152.782060239637,5438.152362436654,1642.3508727460217,1472.6528480514658,0.0,0.0,340,False
2551775,11,Aysen,3625.4349082911026,5438.152362436654,2719.0761812183273,906.3587270727753,78,16.0,2.0,1.0,64.0,0.0,True,,0.24999449431739326,2719.0761812183264,5438.152362436654,1359.5081498682862,906.3587270727759,0.0,0.0,340,False
2551775,11,Aysen,3625.4349082911026,5438.152362436654,2719.0761812183273,906.3587270727753,79,16.0,2.0,1.0,64.0,0.01,True,,0.7344509258596473,1840.8798889440623,5438.152362436654,1798.565306871766,1784.5550193470403,0.0,0.0,340,False
2551775,11,Aysen,3625.4349082911026,5438.152362436654,2719.0761812183273,906.3587270727753,80,16.0,2.0,2.0,8.0,0.0,True,,0.4586187619096977,2394.9004483849485,5438.152362436654,1521.511505036859,1230.534459906154,324.17573283337816,0.0,340,False
2551775,11,Aysen,3625.4349082911026,5438.152362436654,2719.0761812183273,906.3587270727753,81,16.0,2.0,2.0,8.0,0.01,True,,0.5834396480260207,2166.614019464464,5438.152362436654,1635.7207822492173,1458.8208888266388,311.91502723607636,0.0,340,False
2551775,11,Aysen,3625.4349082911026,5438.152362436654,2719.0761812183273,906.3587270727753,82,16.0,2.0,2.0,16.0,0.0,True,,0.2499944943173931,2719.076181218327,5438.152362436654,1359.5081498682862,906.3587270727758,0.0,0.0,340,False
2551775,11,Aysen,3625.4349082911026,5438.152362436654,2719.0761812183273,906.3587270727753,83,16.0,2.0,2.0,16.0,0.01,True,,0.45987127015151996,2338.5910384180324,5438.152362436654,1549.637177190495,1286.8438698730704,0.0,0.0,340,False
2551775,11,Aysen,3625.4349082911026,5438.152362436654,2719.0761812183273,906.3587270727753,84,16.0,2.0,2.0,32.0,0.0,True,,0.2499944943173931,2719.076181218327,5438.152362436654,1359.5081498682862,906.3587270727758,0.0,0.0,340,False
2551775,11,Aysen,3625.4349082911026,5438.152362436654,2719.0761812183273,906.3587270727753,85,16.0,2.0,2.0,32.0,0.01,True,,0.5623391864332618,2152.782060239637,5438.152362436654,1642.3508727460217,1472.6528480514658,0.0,0.0,340,False
2551775,11,Aysen,3625.4349082911026,5438.152362436654,2719.0761812183273,906.3587270727753,86,16.0,2.0,2.0,64.0,0.0,True,,0.24999449431739326,2719.0761812183264,5438.152362436654,1359.5081498682862,906.3587270727759,0.0,0.0,340,False
2551775,11,Aysen,3625.4349082911026,5438.152362436654,2719.0761812183273,906.3587270727753,87,16.0,2.0,2.0,64.0,0.01,True,,0.7344509258596473,1840.8798889440623,5438.152362436654,1798.565306871766,1784.5550193470403,0.0,0.0,340,False
2551775,11,Aysen,3625.4349082911026,5438.152362436654,2719.0761812183273,906.3587270727753,88,16.0,2.0,4.0,8.0,0.0,True,,0.4586187619096977,2394.9004483849485,5438.152362436654,1521.511505036859,1230.534459906154,324.17573283337816,0.0,340,False
2551775,11,Aysen,3625.4349082911026,5438.152362436654,2719.0761812183273,906.3587270727753,89,16.0,2.0,4.0,8.0,0.01,True,,0.5834396480260207,2166.614019464464,5438.152362436654,1635.7207822492173,1458.8208888266388,311.91502723607636,0.0,340,False
2551775,11,Aysen,3625.4349082911026,5438.152362436654,2719.0761812183273,906.3587270727753,90,16.0,2.0,4.0,16.0,0.0,True,,0.2499944943173931,2719.076181218327,5438.152362436654,1359.5081498682862,906.3587270727758,0.0,0.0,340,False
2551775,11,Aysen,3625.4349082911026,5438.152362436654,2719.0761812183273,906.3587270727753,91,16.0,2.0,4.0,16.0,0.01,True,,0.45987127015151996,2338.5910384180324,5438.152362436654,1549.637177190495,1286.8438698730704,0.0,0.0,340,False
2551775,11,Aysen,3625.4349082911026,5438.152362436654,2719.0761812183273,906.3587270727753,92,16.0,2.0,4.0,32.0,0.0,True,,0.2499944943173931,2719.076181218327,5438.152362436654,1359.5081498682862,906.3587270727758,0.0,0.0,340,False
2551775,11,Aysen,3625.4349082911026,5438.152362436654,2719.0761812183273,906.3587270727753,93,16.0,2.0,4.0,32.0,0.01,True,,0.5623391864332618,2152.782060239637,5438.152362436654,1642.3508727460217,1472.6528480514658,0.0,0.0,340,False
2551775,11,Aysen,3625.4349082911026,5438.152362436654,2719.0761812183273,906.3587270727753,94,16.0,2.0,4.0,64.0,0.0,True,,0.24999449431739326,2719.0761812183264,5438.152362436654,1359.5081498682862,906.3587270727759,0.0,0.0,340,False
2551775,11,Aysen,3625.4349082911026,5438.152362436654,2719.0761812183273,906.3587270727753,95,16.0,2.0,4.0,64.0,0.01,True,,0.7344509258596473,1840.8798889440623,5438.152362436654,1798.565306871766,1784.5550193470403,0.0,0.0,340,False
2551775,11,Aysen,3625.4349082911026,5438.152362436654,2719.0761812183273,906.3587270727753,96,32.0,1.0,1.0,8.0,0.0,True,,1.3013797455690084,1085.483911896987,5438.152362436654,2176.3245298292923,2539.9509963941155,1633.5922693213397,0.0,170,False
2551775,11,Aysen,3625.4349082911026,5438.152362436654,2719.0761812183273,906.3587270727753,97,32.0,1.0,1.0,8.0,0.01,True,,1.388773129906087,928.7790737085504,5438.152362436654,2254.5396477184618,2696.655834582552,1644.1549215888576,0.0,170,False
2551775,11,Aysen,3625.4349082911026,5438.152362436654,2719.0761812183273,906.3587270727753,98,32.0,1.0,1.0,16.0,0.0,True,,0.6456892510988775,2104.233555833542,5438.152362436654,1666.8286501089588,1521.2013524575605,614.8426253847845,0.0,170,False
2551775,11,Aysen,3625.4349082911026,5438.152362436654,2719.0761812183273,906.3587270727753,99,32.0,1.0,1.0,16.0,0.01,True,,0.8739191869371261,1690.2285125561182,5438.152362436654,1873.8669533622478,1935.2063957349844,613.0391320061613,0.0,170,False
2551775,11,Aysen,3625.4349082911026,5438.152362436654,2719.0761812183273,906.3587270727753,100,32.0,1.0,1.0,32.0,0.0,True,,0.2499944943173931,2719.076181218327,5438.152362436654,1359.5081498682862,906.3587270727758,0.0,0.0,170,False
2551775,11,Aysen,3625.4349082911026,5438.152362436654,2719.0761812183273,906.3587270727753,101,32.0,1.0,1.0,32.0,0.01,True,,0.6531009303514892,1988.3027619915724,5438.152362436654,1724.7288192336396,1637.1321462995302,0.0,0.0,170,False
2551775,11,Aysen,3625.4349082911026,5438.152362436654,2719.0761812183273,906.3587270727753,102,32.0,1.0,1.0,64.0,0.0,True,,0.24999449431739326,2719.0761812183264,5438.152362436654,1359.5081498682862,906.3587270727759,0.0,0.0,170,False
2551775,11,Aysen,3625.4349082911026,5438.152362436654,2719.0761812183273,906.3587270727753,103,32.0,1.0,1.0,64.0,0.01,True,,0.8112749995966249,1701.6155019234357,5438.152362436654,1868.1853574049514,1923.819406367667,0.0,0.0,170,False
2551775,11,Aysen,3625.4349082911026,5438.152362436654,2719.0761812183273,906.3587270727753,104,32.0,1.0,2.0,8.0,0.0,True,,1.3013797455690084,1085.483911896987,5438.152362436654,2176.3245298292923,2539.9509963941155,1633.5922693213397,0.0,170,False
2551775,11,Aysen,3625.4349082911026,5438.152362436654,2719.0761812183273,906.3587270727753,105,32.0,1.0,2.0,8.0,0.01,True,,1.388773129906087,928.7790737085504,5438.152362436654,2254.5396477184618,2696.655834582552,1644.1549215888576,0.0,170,False
2551775,11,Aysen,3625.4349082911026,5438.152362436654,2719.0761812183273,906.3587270727753,106,32.0,1.0,2.0,16.0,0.0,True,,0.6456892510988775,2104.233555833542,5438.152362436654,1666.8286501089588,1521.2013524575605,614.8426253847845,0.0,170,False
2551775,11,Aysen,3625.4349082911026,5438.152362436654,2719.0761812183273,906.3587270727753,107,32.0,1.0,2.0,16.0,0.01,True,,0.8739191869371261,1690.2285125561182,5438.152362436654,1873.8669533622478,1935.2063957349844,613.0391320061613,0.0,170,False
2551775,11,Aysen,3625.4349082911026,5438.152362436654,2719.0761812183273,906.3587270727753,108,32.0,1.0,2.0,32.0,0.0,True,,0.2499944943173931,2719.076181218327,5438.152362436654,1359.5081498682862,906.3587270727758,0.0,0.0,170,False
2551775,11,Aysen,3625.4349082911026,5438.152362436654,2719.0761812183273,906.3587270727753,109,32.0,1.0,2.0,32.0,0.01,True,,0.6531009303514892,1988.3027619915724,5438.152362436654,1724.7288192336396,1637.1321462995302,0.0,0.0,170,False
2551775,11,Aysen,3625.4349082911026,5438.152362436654,2719.0761812183273,906.3587270727753,110,32.0,1.0,2.0,64.0,0.0,True,,0.24999449431739326,2719.0761812183264,5438.152362436654,1359.5081498682862,906.3587270727759,0.0,0.0,170,False
2551775,11,Aysen,3625.4349082911026,5438.152362436654,2719.0761812183273,906.3587270727753,111,32.0,1.0,2.0,64.0,0.01,True,,0.8112749995966249,1701.6155019234357,5438.152362436654,1868.1853574049514,1923.819406367667,0.0,0.0,170,False
2551775,11,Aysen,3625.4349082911026,5438.152362436654,2719.0761812183273,906.3587270727753,112,32.0,1.0,4.0,8.0,0.0,True,,1.3013797455690084,1085.483911896987,5438.152362436654,2176.3245298292923,2539.9509963941155,1633.5922693213397,0.0,170,False
2551775,11,Aysen,3625.4349082911026,5438.152362436654,2719.0761812183273,906.3587270727753,113,32.0,1.0,4.0,8.0,0.01,True,,1.388773129906087,928.7790737085504,5438.152362436654,2254.5396477184618,2696.655834582552,1644.1549215888576,0.0,170,False
2551775,11,Aysen,3625.4349082911026,5438.152362436654,2719.0761812183273,906.3587270727753,114,32.0,1.0,4.0,16.0,0.0,True,,0.6456892510988775,2104.233555833542,5438.152362436654,1666.8286501089588,1521.2013524575605,614.8426253847845,0.0,170,False
2551775,11,Aysen,3625.4349082911026,5438.152362436654,2719.0761812183273,906.3587270727753,115,32.0,1.0,4.0,16.0,0.01,True,,0.8739191869371261,1690.2285125561182,5438.152362436654,1873.8669533622478,1935.2063957349844,613.0391320061613,0.0,170,False
2551775,11,Aysen,3625.4349082911026,5438.152362436654,2719.0761812183273,906.3587270727753,116,32.0,1.0,4.0,32.0,0.0,True,,0.2499944943173931,2719.076181218327,5438.152362436654,1359.5081498682862,906.3587270727758,0.0,0.0,170,False
2551775,11,Aysen,3625.4349082911026,5438.152362436654,2719.0761812183273,906.3587270727753,117,32.0,1.0,4.0,32.0,0.01,True,,0.6531009303514892,1988.3027619915724,5438.152362436654,1724.7288192336396,1637.1321462995302,0.0,0.0,170,False
2551775,11,Aysen,3625.4349082911026,5438.152362436654,2719.0761812183273,906.3587270727753,118,32.0,1.0,4.0,64.0,0.0,True,,0.24999449431739326,2719.0761812183264,5438.152362436654,1359.5081498682862,906.3587270727759,0.0,0.0,170,False
2551775,11,Aysen,3625.4349082911026,5438.152362436654,2719.0761812183273,906.3587270727753,119,32.0,1.0,4.0,64.0,0.01,True,,0.8112749995966249,1701.6155019234357,5438.152362436654,1868.1853574049514,1923.819406367667,0.0,0.0,170,False
2551775,11,Aysen,3625.4349082911026,5438.152362436654,2719.0761812183273,906.3587270727753,120,32.0,2.0,1.0,8.0,0.0,True,,1.242342021677875,1177.1638625970827,5438.152362436654,2130.3082442781306,2448.27104569402,1541.9123186212444,0.0,170,False
2551775,11,Aysen,3625.4349082911026,5438.152362436654,2719.0761812183273,906.3587270727753,121,32.0,2.0,1.0,8.0,0.01,True,,1.3241998519821323,1026.3018085172596,5438.152362436654,2205.576349419295,2599.133099773843,1527.3765444458695,0.0,170,False
2551775,11,Aysen,3625.4349082911026,5438.152362436654,2719.0761812183273,906.3587270727753,122,32.0,2.0,1.0,16.0,0.0,True,,0.5682091384739053,2224.630875929235,5438.152362436654,1606.671952882687,1400.8040323618675,494.44530528909183,0.0,170,False
2551775,11,Aysen,3625.4349082911026,5438.152362436654,2719.0761812183273,906.3587270727753,123,32.0,2.0,1.0,16.0,0.01,True,,0.8036197127439572,1796.8201465080965,5438.152362436654,1820.4935450422868,1828.614761783006,488.1456150827024,0.0,170,False
2551775,11,Aysen,3625.4349082911026,5438.152362436654,2719.0761812183273,906.3587270727753,124,32.0,2.0,1.0,32.0,0.0,True,,0.2499944943173931,2719.076181218327,5438.152362436654,1359.5081498682862,906.3587270727758,0.0,0.0,170,False
2551775,11,Aysen,3625.4349082911026,5438.152362436654,2719.0761812183273,906.3587270727753,125,32.0,2.0,1.0,32.0,0.01,True,,0.6507148922240804,1992.6897035635006,5438.152362436654,1722.7205342840284,1632.7452047276017,0.0,0.0,170,False
2551775,11,Aysen,3625.4349082911026,5438.152362436654,2719.0761812183273,906.3587270727753,126,32.0,2.0,1.0,64.0,0.0,True,,0.24999449431739326,2719.0761812183264,5438.152362436654,1359.5081498682862,906.3587270727759,0.0,0.0,170,False
2551775,11,Aysen,3625.4349082911026,5438.152362436654,2719.0761812183273,906.3587270727753,127,32.0,2.0,1.0,64.0,0.01,True,,0.8036864643313154,1715.3295514199308,5438.152362436654,1861.2028701657127,1910.1053568711718,0.0,0.0,170,False
2551775,11,Aysen,3625.4349082911026,5438.152362436654,2719.0761812183273,906.3587270727753,128,32.0,2.0,2.0,8.0,0.0,True,,1.242342021677875,1177.1638625970827,5438.152362436654,2130.3082442781306,2448.27104569402,1541.9123186212444,0.0,170,False
2551775,11,Aysen,3625.4349082911026,5438.152362436654,2719.0761812183273,906.3587270727753,129,32.0,2.0,2.0,8.0,0.01,True,,1.3241998519821323,1026.3018085172596,5438.152362436654,2205.576349419295,2599.133099773843,1527.3765444458695,0.0,170,False
2551775,11,Aysen,3625.4349082911026,5438.152362436654,2719.0761812183273,906.3587270727753,130,32.0,2.0,2.0,16.0,0.0,True,,0.5682091384739053,2224.630875929235,5438.152362436654,1606.671952882687,1400.8040323618675,494.44530528909183,0.0,170,False
2551775,11,Aysen,3625.4349082911026,5438.152362436654,2719.0761812183273,906.3587270727753,131,32.0,2.0,2.0,16.0,0.01,True,,0.8036197127439572,1796.8201465080965,5438.152362436654,1820.4935450422868,1828.614761783006,488.1456150827024,0.0,170,False
2551775,11,Aysen,3625.4349082911026,5438.152362436654,2719.0761812183273,906.3587270727753,132,32.0,2.0,2.0,32.0,0.0,True,,0.2499944943173931,2719.076181218327,5438.152362436654,1359.5081498682862,906.3587270727758,0.0,0.0,170,False
2551775,11,Aysen,3625.4349082911026,5438.152362436654,2719.0761812183273,906.3587270727753,133,32.0,2.0,2.0,32.0,0.01,True,,0.6507148922240804,1992.6897035635006,5438.152362436654,1722.7205342840284,1632.7452047276017,0.0,0.0,170,False
2551775,11,Aysen,3625.4349082911026,5438.152362436654,2719.0761812183273,906.3587270727753,134,32.0,2.0,2.0,64.0,0.0,True,,0.24999449431739326,2719.0761812183264,5438.152362436654,1359.5081498682862,906.3587270727759,0.0,0.0,170,False
2551775,11,Aysen,3625.4349082911026,5438.152362436654,2719.0761812183273,906.3587270727753,135,32.0,2.0,2.0,64.0,0.01,True,,0.8036864643313154,1715.3295514199308,5438.152362436654,1861.2028701657127,1910.1053568711718,0.0,0.0,170,False
2551775,11,Aysen,3625.4349082911026,5438.152362436654,2719.0761812183273,906.3587270727753,136,32.0,2.0,4.0,8.0,0.0,True,,1.242342021677875,1177.1638625970827,5438.152362436654,2130.3082442781306,2448.27104569402,1541.9123186212444,0.0,170,False
2551775,11,Aysen,3625.4349082911026,5438.152362436654,2719.0761812183273,906.3587270727753,137,32.0,2.0,4.0,8.0,0.01,True,,1.3241998519821323,1026.3018085172596,5438.152362436654,2205.576349419295,2599.133099773843,1527.3765444458695,0.0,170,False
2551775,11,Aysen,3625.4349082911026,5438.152362436654,2719.0761812183273,906.3587270727753,138,32.0,2.0,4.0,16.0,0.0,True,,0.5682091384739053,2224.630875929235,5438.152362436654,1606.671952882687,1400.8040323618675,494.44530528909183,0.0,170,False
2551775,11,Aysen,3625.4349082911026,5438.152362436654,2719.0761812183273,906.3587270727753,139,32.0,2.0,4.0,16.0,0.01,True,,0.8036197127439572,1796.8201465080965,5438.152362436654,1820.4935450422868,1828.614761783006,488.1456150827024,0.0,170,False
2551775,11,Aysen,3625.4349082911026,5438.152362436654,2719.0761812183273,906.3587270727753,140,32.0,2.0,4.0,32.0,0.0,True,,0.2499944943173931,2719.076181218327,5438.152362436654,1359.5081498682862,906.3587270727758,0.0,0.0,170,False
2551775,11,Aysen,3625.4349082911026,5438.152362436654,2719.0761812183273,906.3587270727753,141,32.0,2.0,4.0,32.0,0.01,True,,0.6507148922240804,1992.6897035635006,5438.152362436654,1722.7205342840284,1632.7452047276017,0.0,0.0,170,False
2551775,11,Aysen,3625.4349082911026,5438.152362436654,2719.0761812183273,906.3587270727753,142,32.0,2.0,4.0,64.0,0.0,True,,0.24999449431739326,2719.0761812183264,5438.152362436654,1359.5081498682862,906.3587270727759,0.0,0.0,170,False
2551775,11,Aysen,3625.4349082911026,5438.152362436654,2719.0761812183273,906.3587270727753,143,32.0,2.0,4.0,64.0,0.01,True,,0.8036864643313154,1715.3295514199308,5438.152362436654,1861.2028701657127,1910.1053568711718,0.0,0.0,170,False
2577343,12,Magallanes,17910.3373687088,26865.506053063196,13432.753026531598,4477.584342177201,0,8.0,1.0,1.0,8.0,0.0,True,,0.2378011606441547,13432.753026531598,26865.506053063196,6388.648520710992,4477.584342177201,0.0,0.0,3359,False
2577343,12,Magallanes,17910.3373687088,26865.506053063196,13432.753026531598,4477.584342177201,1,8.0,1.0,1.0,8.0,0.01,True,,0.2508944660795808,13314.099780746514,26865.506053063196,6443.773682678326,4596.237587962286,0.0,0.0,3359,False
2577343,12,Magallanes,17910.3373687088,26865.506053063196,13432.753026531598,4477.584342177201,2,8.0,1.0,1.0,16.0,0.0,True,,0.24900879308641566,13432.753026531598,26865.506053063196,6689.747237929061,4477.584342177201,0.0,0.0,3359,False
2577343,12,Magallanes,17910.3373687088,26865.506053063196,13432.753026531598,4477.584342177201,3,8.0,1.0,1.0,16.0,0.01,True,,0.27483253141601593,13201.60227681718,26865.506053063196,6805.638162049614,4708.735091891619,0.0,0.0,3359,False
2577343,12,Magallanes,17910.3373687088,26865.506053063196,13432.753026531598,4477.584342177201,4,8.0,1.0,1.0,32.0,0.0,True,,0.2494595458651271,13432.753026531598,26865.506053063196,6701.856939433968,4477.584342177201,0.0,0.0,3359,False
2577343,12,Magallanes,17910.3373687088,26865.506053063196,13432.753026531598,4477.584342177201,5,8.0,1.0,1.0,32.0,0.01,True,,0.30075111523865156,12971.236452458754,26865.506053063196,6926.03947172739,4939.100916250044,0.0,0.0,3359,False
2577343,12,Magallanes,17910.3373687088,26865.506053063196,13432.753026531598,4477.584342177201,6,8.0,1.0,1.0,64.0,0.0,True,,0.2499135556078654,13432.753026531598,26865.506053063196,6714.054140925654,4477.584342177201,0.0,0.0,3359,False
2577343,12,Magallanes,17910.3373687088,26865.506053063196,13432.753026531598,4477.584342177201,7,8.0,1.0,1.0,64.0,0.01,True,,0.3501421027031275,12532.3793085814,26865.506053063196,7155.81048472765,5377.9580601274,0.0,0.0,3359,False
2577343,12,Magallanes,17910.3373687088,26865.506053063196,13432.753026531598,4477.584342177201,8,8.0,1.0,2.0,8.0,0.0,True,,0.20574288857093595,13432.753026531598,26865.506053063196,5527.386818277187,4477.584342177201,0.0,0.0,3359,False
2577343,12,Magallanes,17910.3373687088,26865.506053063196,13432.753026531598,4477.584342177201,9,8.0,1.0,2.0,8.0,0.01,True,,0.21722966610907496,13329.30267348173,26865.506053063196,5577.359027133581,4581.034695227068,0.0,0.0,3359,False
2577343,12,Magallanes,17910.3373687088,26865.506053063196,13432.753026531598,4477.584342177201,10,8.0,1.0,2.0,16.0,0.0,True,,0.20933425147339743,13432.753026531598,26865.506053063196,5623.870600072012,4477.584342177201,0.0,0.0,3359,False
2577343,12,Magallanes,17910.3373687088,26865.506053063196,13432.753026531598,4477.584342177201,11,8.0,1.0,2.0,16.0,0.01,True,,0.22572498472826757,13281.284638308887,26865.506053063196,5685.544972988093,4629.0527303999115,0.0,0.0,3359,False
2577343,12,Magallanes,17910.3373687088,26865.506053063196,13432.753026531598,4477.584342177201,12,8.0,1.0,2.0,32.0,0.0,True,,0.2115071945162056,13432.753026531598,26865.506053063196,5682.247814541536,4477.584342177201,0.0,0.0,3359,False
2577343,12,Magallanes,17910.3373687088,26865.506053063196,13432.753026531598,4477.584342177201,13,8.0,1.0,2.0,32.0,0.01,True,,0.23800012529843118,13189.989183811365,26865.506053063196,5787.08420003422,4720.348184897433,0.0,0.0,3359,False
2577343,12,Magallanes,17910.3373687088,26865.506053063196,13432.753026531598,4477.584342177201,14,8.0,1.0,2.0,64.0,0.0,True,,0.2130625953570743,13432.753026531598,26865.506053063196,5724.034445246834,4477.584342177201,0.0,0.0,3359,False
2577343,12,Magallanes,17910.3373687088,26865.506053063196,13432.753026531598,4477.584342177201,15,8.0,1.0,2.0,64.0,0.01,True,,0.2566932146409078,13031.078574319614,26865.506053063196,5892.006981185597,4879.258794389185,0.0,0.0,3359,False
2577343,12,Magallanes,17910.3373687088,26865.506053063196,13432.753026531598,4477.584342177201,16,8.0,1.0,4.0,8.0,0.0,True,,0.9463474414512032,8529.2311249316,17064.0,8263.160698542379,9381.106243777198,0.0,2.7688750683998955,2133,False
2577343,12,Magallanes,17910.3373687088,26865.506053063196,13432.753026531598,4477.584342177201,17,8.0,1.0,4.0,8.0,0.01,True,,0.9529924116262859,8469.911462681805,17080.0,8301.400015177242,9440.425906026994,0.0,2.732903471906035,2135,False
2577343,12,Magallanes,17910.3373687088,26865.506053063196,13432.753026531598,4477.584342177201,18,8.0,1.0,4.0,16.0,0.0,True,,0.9357264651096457,8604.821185987432,17216.0,8242.592977516322,9305.516182721367,0.0,3.178814012567105,2152,False
2577343,12,Magallanes,17910.3373687088,26865.506053063196,13432.753026531598,4477.584342177201,19,8.0,1.0,4.0,16.0,0.01,True,,0.9411305884492277,8549.163475484946,17264.0,8270.853472017006,9361.173893223853,0.0,6.738289080830781,2158,False
2577343,12,Magallanes,17910.3373687088,26865.506053063196,13432.753026531598,4477.584342177201,20,8.0,1.0,4.0,32.0,0.0,True,,0.9284296286298345,8653.453857723453,17328.0,8220.457788107798,9256.883510985346,0.0,10.546142276548315,2166,False
2577343,12,Magallanes,17910.3373687088,26865.506053063196,13432.753026531598,4477.584342177201,21,8.0,1.0,4.0,32.0,0.01,True,,0.9366130045139918,8577.416469271542,17336.0,8255.46176537721,9332.920899437257,0.0,8.052314178807032,2167,False
2577343,12,Magallanes,17910.3373687088,26865.506053063196,13432.753026531598,4477.584342177201,22,8.0,1.0,4.0,64.0,0.0,True,,0.9283551837265429,8653.453857723453,17336.0,8220.457788107798,9256.883510985346,0.0,14.54614227654831,2167,False
2577343,12,Magallanes,17910.3373687088,26865.506053063196,13432.753026531598,4477.584342177201,23,8.0,1.0,4.0,64.0,0.01,True,,0.9366111841457154,8577.416469271542,17336.0,8255.46176537721,9332.920899437257,0.0,7.954503948915951,2167,False
2577343,12,Magallanes,17910.3373687088,26865.506053063196,13432.753026531598,4477.584342177201,24,8.0,2.0,1.0,8.0,0.0,True,,0.14239645813798996,13432.753026531598,26865.506053063196,3825.552908040929,4477.584342177201,0.0,0.0,3359,True
2577343,12,Magallanes,17910.3373687088,26865.506053063196,13432.753026531598,4477.584342177201,25,8.0,2.0,1.0,8.0,0.01,True,,0.14793729482189974,13382.214880969052,26865.506053063196,3848.064925605175,4528.122487739749,0.0,0.0,3359,False
2577343,12,Magallanes,17910.3373687088,26865.506053063196,13432.753026531598,4477.584342177201,26,8.0,2.0,1.0,16.0,0.0,True,,0.14927367730437893,13432.753026531598,26865.506053063196,4010.3128811837946,4477.584342177201,0.0,0.0,3359,False
2577343,12,Magallanes,17910.3373687088,26865.506053063196,13432.753026531598,4477.584342177201,27,8.0,2.0,1.0,16.0,0.01,True,,0.16000921861087491,13333.611302694479,26865.506053063196,4050.8743215435734,4576.72606601432,0.0,0.0,3359,False
2577343,12,Magallanes,17910.3373687088,26865.506053063196,13432.753026531598,4477.584342177201,28,8.0,2.0,1.0,32.0,0.0,True,,0.1533927682526785,13432.753026531598,26865.506053063196,4120.974343988454,4477.584342177201,0.0,0.0,3359,False
2577343,12,Magallanes,17910.3373687088,26865.506053063196,13432.753026531598,4477.584342177201,29,8.0,2.0,1.0,32.0,0.01,True,,0.17385278555865516,13243.47299476658,26865.506053063196,4197.442983355403,4666.864373942218,0.0,0.0,3359,False
2577343,12,Magallanes,17910.3373687088,26865.506053063196,13432.753026531598,4477.584342177201,30,8.0,2.0,1.0,64.0,0.0,True,,0.1558929525752319,13432.753026531598,26865.506053063196,4188.1430610397865,4477.584342177201,0.0,0.0,3359,False
2577343,12,Magallanes,17910.3373687088,26865.506053063196,13432.753026531598,4477.584342177201,31,8.0,2.0,1.0,64.0,0.01,True,,0.19352366643803293,13081.377819211426,26865.506053063196,4320.673213801525,4828.959549497375,0.0,0.0,3359,False
2577343,12,Magallanes,17910.3373687088,26865.506053063196,13432.753026531598,4477.584342177201,32,8.0,2.0,2.0,8.0,0.0,True,,0.14239645813798996,13432.753026531598,26865.506053063196,3825.552908040929,4477.584342177201,0.0,0.0,3359,False
2577343,12,Magallanes,17910.3373687088,26865.506053063196,13432.753026531598,4477.584342177201,33,8.0,2.0,2.0,8.0,0.01,True,,0.14793729482189974,13382.214880969052,26865.506053063196,3848.064925605175,4528.122487739749,0.0,0.0,3359,False
2577343,12,Magallanes,17910.3373687088,26865.506053063196,13432.753026531598,4477.584342177201,34,8.0,2.0,2.0,16.0,0.0,True,,0.14927367730437893,13432.753026531598,26865.506053063196,4010.3128811837946,4477.584342177201,0.0,0.0,3359,False
2577343,12,Magallanes,17910.3373687088,26865.506053063196,13432.753026531598,4477.584342177201,35,8.0,2.0,2.0,16.0,0.01,True,,0.16000921861087491,13333.611302694479,26865.506053063196,4050.8743215435734,4576.72606601432,0.0,0.0,3359,False
2577343,12,Magallanes,17910.3373687088,26865.506053063196,13432.753026531598,4477.584342177201,36,8.0,2.0,2.0,32.0,0.0,True,,0.1533927682526785,13432.753026531598,26865.506053063196,4120.974343988454,4477.584342177201,0.0,0.0,3359,False
2577343,12,Magallanes,17910.3373687088,26865.506053063196,13432.753026531598,4477.584342177201,37,8.0,2.0,2.0,32.0,0.01,True,,0.17385278555865516,13243.47299476658,26865.506053063196,4197.442983355403,4666.864373942218,0.0,0.0,3359,False
2577343,12,Magallanes,17910.3373687088,26865.506053063196,13432.753026531598,4477.584342177201,38,8.0,2.0,2.0,64.0,0.0,True,,0.1558929525752319,13432.753026531598,26865.506053063196,4188.1430610397865,4477.584342177201,0.0,0.0,3359,False
2577343,12,Magallanes,17910.3373687088,26865.506053063196,13432.753026531598,4477.584342177201,39,8.0,2.0,2.0,64.0,0.01,True,,0.19352366643803293,13081.377819211426,26865.506053063196,4320.673213801525,4828.959549497375,0.0,0.0,3359,False
2577343,12,Magallanes,17910.3373687088,26865.506053063196,13432.753026531598,4477.584342177201,40,8.0,2.0,4.0,8.0,0.0,True,,0.9131750697113026,8529.2311249316,17064.0,7371.968144769616,9381.106243777198,0.0,2.7688750683998955,2133,False
2577343,12,Magallanes,17910.3373687088,26865.506053063196,13432.753026531598,4477.584342177201,41,8.0,2.0,4.0,8.0,0.01,True,,0.9157052723575684,8504.916613297095,17080.0,7387.165075824074,9405.420755411704,0.0,2.752803804407699,2135,False
2577343,12,Magallanes,17910.3373687088,26865.506053063196,13432.753026531598,4477.584342177201,42,8.0,2.0,4.0,16.0,0.0,True,,0.902316771003592,8604.821185987432,17216.0,7345.024638279143,9305.516182721367,0.0,3.178814012567105,2152,False
2577343,12,Magallanes,17910.3373687088,26865.506053063196,13432.753026531598,4477.584342177201,43,8.0,2.0,4.0,16.0,0.01,True,,0.9044341141032818,8580.258950487985,17248.0,7356.353228999065,9330.078418220814,0.0,3.4774427977417033,2156,False
2577343,12,Magallanes,17910.3373687088,26865.506053063196,13432.753026531598,4477.584342177201,44,8.0,2.0,4.0,32.0,0.0,True,,0.8950150670036543,8653.453857723453,17328.0,7322.758680479202,9256.883510985346,0.0,10.546142276548318,2166,False
2577343,12,Magallanes,17910.3373687088,26865.506053063196,13432.753026531598,4477.584342177201,45,8.0,2.0,4.0,32.0,0.01,True,,0.8993385132490238,8612.50624237129,17336.0,7341.624799735551,9297.831126337509,0.0,8.378969553165831,2167,False
2577343,12,Magallanes,17910.3373687088,26865.506053063196,13432.753026531598,4477.584342177201,46,8.0,2.0,4.0,64.0,0.0,True,,0.8949406221003627,8653.453857723453,17336.0,7322.758680479202,9256.883510985346,0.0,14.546142276548316,2167,False
2577343,12,Magallanes,17910.3373687088,26865.506053063196,13432.753026531598,4477.584342177201,47,8.0,2.0,4.0,64.0,0.01,True,,0.8993348358305266,8612.50624237129,17336.0,7341.624799735551,9297.831126337509,0.0,8.181378135374656,2167,False
2577343,12,Magallanes,17910.3373687088,26865.506053063196,13432.753026531598,4477.584342177201,48,16.0,1.0,1.0,8.0,0.0,True,,0.4317505803898547,11981.183940961651,26865.506053063196,7244.490574167347,5929.153427747148,1451.5690855699472,0.0,1680,False
2577343,12,Magallanes,17910.3373687088,26865.506053063196,13432.753026531598,4477.584342177201,49,16.0,1.0,1.0,8.0,0.01,True,,0.45532564005039183,11775.056872300927,26865.506053063196,7352.141095068135,6135.280496407871,1472.3445164877298,0.0,1680,False
2577343,12,Magallanes,17910.3373687088,26865.506053063196,13432.753026531598,4477.584342177201,50,16.0,1.0,1.0,16.0,0.0,True,,0.24991951873539006,13432.753026531598,26865.506053063196,6714.214343364262,4477.584342177201,0.0,0.0,1680,False
2577343,12,Magallanes,17910.3373687088,26865.506053063196,13432.753026531598,4477.584342177201,51,16.0,1.0,1.0,16.0,0.01,True,,0.2888072892879787,13084.358163152592,26865.506053063196,6887.966820087451,4825.979205556207,0.0,0.0,1680,False
2577343,12,Magallanes,17910.3373687088,26865.506053063196,13432.753026531598,4477.584342177201,52,16.0,1.0,1.0,32.0,0.0,True,,0.24998096636960063,13432.753026531598,26865.506053063196,6715.865165153093,4477.584342177201,0.0,0.0,1680,False
2577343,12,Magallanes,17910.3373687088,26865.506053063196,13432.753026531598,4477.584342177201,53,16.0,1.0,1.0,32.0,0.01,True,,0.31480874972482636,12852.342314667745,26865.506053063196,7006.469591629947,5057.995054041053,0.0,0.0,1680,False
2577343,12,Magallanes,17910.3373687088,26865.506053063196,13432.753026531598,4477.584342177201,54,16.0,1.0,1.0,64.0,0.0,True,,0.24998096636960063,13432.753026531598,26865.506053063196,6715.865165153093,4477.584342177201,0.0,0.0,1680,False
2577343,12,Magallanes,17910.3373687088,26865.506053063196,13432.753026531598,4477.584342177201,55,16.0,1.0,1.0,64.0,0.01,True,,0.363496369296294,12416.305659194288,26865.506053063196,7224.395491252805,5494.03170951451,0.0,0.0,1680,False
2577343,12,Magallanes,17910.3373687088,26865.506053063196,13432.753026531598,4477.584342177201,56,16.0,1.0,2.0,8.0,0.0,True,,0.4317505803898547,11981.183940961651,26865.506053063196,7244.490574167347,5929.153427747148,1451.5690855699472,0.0,1680,False
2577343,12,Magallanes,17910.3373687088,26865.506053063196,13432.753026531598,4477.584342177201,57,16.0,1.0,2.0,8.0,0.01,True,,0.45532564005039183,11775.056872300927,26865.506053063196,7352.141095068135,6135.280496407871,1472.3445164877298,0.0,1680,False
2577343,12,Magallanes,17910.3373687088,26865.506053063196,13432.753026531598,4477.584342177201,58,16.0,1.0,2.0,16.0,0.0,True,,0.2490300344705344,13432.753026531598,26865.506053063196,6690.317898462678,4477.584342177201,0.0,0.0,1680,False
2577343,12,Magallanes,17910.3373687088,26865.506053063196,13432.753026531598,4477.584342177201,59,16.0,1.0,2.0,16.0,0.01,True,,0.28802304657689637,13083.208163213378,26865.506053063196,6864.02274293776,4827.129205495423,0.0,0.0,1680,False
2577343,12,Magallanes,17910.3373687088,26865.506053063196,13432.753026531598,4477.584342177201,60,16.0,1.0,2.0,32.0,0.0,True,,0.24946044240259965,13432.753026531598,26865.506053063196,6701.8810253668635,4477.584342177201,0.0,0.0,1680,False
2577343,12,Magallanes,17910.3373687088,26865.506053063196,13432.753026531598,4477.584342177201,61,16.0,1.0,2.0,32.0,0.01,True,,0.3136853374970136,12856.021753235345,26865.506053063196,6985.487150042558,5054.315615473454,0.0,0.0,1680,False
2577343,12,Magallanes,17910.3373687088,26865.506053063196,13432.753026531598,4477.584342177201,62,16.0,1.0,2.0,64.0,0.0,True,,0.24991355560786538,13432.753026531598,26865.506053063196,6714.054140925653,4477.584342177201,0.0,0.0,1680,False
2577343,12,Magallanes,17910.3373687088,26865.506053063196,13432.753026531598,4477.584342177201,63,16.0,1.0,2.0,64.0,0.01,True,,0.36173363937703146,12428.13242979327,26865.506053063196,7206.6057864343975,5482.204938915529,0.0,0.0,1680,False
2577343,12,Magallanes,17910.3373687088,26865.506053063196,13432.753026531598,4477.584342177201,64,16.0,1.0,4.0,8.0,0.0,True,,0.3055179107233392,12850.607228092513,26865.506053063196,6461.455884539836,5059.730140616286,582.1457984390847,0.0,1680,False
2577343,12,Magallanes,17910.3373687088,26865.506053063196,13432.753026531598,4477.584342177201,65,16.0,1.0,4.0,8.0,0.01,True,,0.32280077308270094,12688.90839880248,26865.506053063196,6539.117521782281,5221.428969906318,546.954064163411,0.0,1680,False
2577343,12,Magallanes,17910.3373687088,26865.506053063196,13432.753026531598,4477.584342177201,66,16.0,1.0,4.0,16.0,0.0,True,,0.23206752083881557,13432.753026531598,26865.506053063196,6234.611385814569,4477.584342177201,0.0,0.0,1680,False
2577343,12,Magallanes,17910.3373687088,26865.506053063196,13432.753026531598,4477.584342177201,67,16.0,1.0,4.0,16.0,0.01,True,,0.26212144806419707,13163.589320174133,26865.506053063196,6369.116083712714,4746.748048534666,0.0,0.0,1680,False
2577343,12,Magallanes,17910.3373687088,26865.506053063196,13432.753026531598,4477.584342177201,68,16.0,1.0,4.0,32.0,0.0,True,,0.23279826353123956,13432.753026531596,26865.506053063196,6254.243158041114,4477.584342177201,0.0,0.0,1680,False
2577343,12,Magallanes,17910.3373687088,26865.506053063196,13432.753026531598,4477.584342177201,69,16.0,1.0,4.0,32.0,0.01,True,,0.27224529185481733,13076.108900039882,26865.506053063196,6422.397220014261,4834.228468668918,0.0,0.0,1680,False
2577343,12,Magallanes,17910.3373687088,26865.506053063196,13432.753026531598,4477.584342177201,70,16.0,1.0,4.0,64.0,0.0,True,,0.23354035534538176,13432.753026531598,26865.506053063196,6274.179830165884,4477.584342177201,0.0,0.0,1680,False
2577343,12,Magallanes,17910.3373687088,26865.506053063196,13432.753026531598,4477.584342177201,71,16.0,1.0,4.0,64.0,0.01,True,,0.29022530402426366,12918.351012278072,26865.506053063196,6511.044626382146,4991.986356430728,0.0,0.0,1680,False
2577343,12,Magallanes,17910.3373687088,26865.506053063196,13432.753026531598,4477.584342177201,72,16.0,2.0,1.0,8.0,0.0,True,,0.25093961823494815,13368.322917541132,26865.506053063196,6548.329505672969,4542.014451167666,64.43010899046568,0.0,1680,False
2577343,12,Magallanes,17910.3373687088,26865.506053063196,13432.753026531598,4477.584342177201,73,16.0,2.0,1.0,8.0,0.01,True,,0.26850773601338757,13209.534870379368,26865.506053063196,6627.9988596376115,4700.802498329432,55.103914287542686,0.0,1680,False
2577343,12,Magallanes,17910.3373687088,26865.506053063196,13432.753026531598,4477.584342177201,74,16.0,2.0,1.0,16.0,0.0,True,,0.24900879308641566,13432.753026531598,26865.506053063196,6689.747237929061,4477.584342177201,0.0,0.0,1680,False
2577343,12,Magallanes,17910.3373687088,26865.506053063196,13432.753026531598,4477.584342177201,75,16.0,2.0,1.0,16.0,0.01,True,,0.2807185440089259,13149.194953139286,26865.506053063196,6832.7505597981035,4761.142415569514,0.0,0.0,1680,False
2577343,12,Magallanes,17910.3373687088,26865.506053063196,13432.753026531598,4477.584342177201,76,16.0,2.0,1.0,32.0,0.0,True,,0.2494595458651271,13432.753026531598,26865.506053063196,6701.856939433968,4477.584342177201,0.0,0.0,1680,False
2577343,12,Magallanes,17910.3373687088,26865.506053063196,13432.753026531598,4477.584342177201,77,16.0,2.0,1.0,32.0,0.01,True,,0.30650078776517053,12919.86303187406,26865.506053063196,6952.0737823299805,4990.47433683474,0.0,0.0,1680,False
2577343,12,Magallanes,17910.3373687088,26865.506053063196,13432.753026531598,4477.584342177201,78,16.0,2.0,1.0,64.0,0.0,True,,0.24991355560786538,13432.753026531598,26865.506053063196,6714.054140925653,4477.584342177201,0.0,0.0,1680,False
2577343,12,Magallanes,17910.3373687088,26865.506053063196,13432.753026531598,4477.584342177201,79,16.0,2.0,1.0,64.0,0.01,True,,0.354911481143441,12489.497881609472,26865.506053063196,7176.738682655422,5420.839487099328,0.0,0.0,1680,False
2577343,12,Magallanes,17910.3373687088,26865.506053063196,13432.753026531598,4477.584342177201,80,16.0,2.0,2.0,8.0,0.0,True,,0.25093961823494815,13368.322917541132,26865.506053063196,6548.329505672969,4542.014451167666,64.43010899046568,0.0,1680,False
2577343,12,Magallanes,17910.3373687088,26865.506053063196,13432.753026531598,4477.584342177201,81,16.0,2.0,2.0,8.0,0.01,True,,0.26850773601338757,13209.534870379368,26865.506053063196,6627.9988596376115,4700.802498329432,55.103914287542686,0.0,1680,False
2577343,12,Magallanes,17910.3373687088,26865.506053063196,13432.753026531598,4477.584342177201,82,16.0,2.0,2.0,16.0,0.0,True,,0.24900879308641566,13432.753026531598,26865.506053063196,6689.747237929061,4477.584342177201,0.0,0.0,1680,False
2577343,12,Magallanes,17910.3373687088,26865.506053063196,13432.753026531598,4477.584342177201,83,16.0,2.0,2.0,16.0,0.01,True,,0.2807185440089259,13149.194953139286,26865.506053063196,6832.7505597981035,4761.142415569514,0.0,0.0,1680,False
2577343,12,Magallanes,17910.3373687088,26865.506053063196,13432.753026531598,4477.584342177201,84,16.0,2.0,2.0,32.0,0.0,True,,0.2494595458651271,13432.753026531598,26865.506053063196,6701.856939433968,4477.584342177201,0.0,0.0,1680,False
2577343,12,Magallanes,17910.3373687088,26865.506053063196,13432.753026531598,4477.584342177201,85,16.0,2.0,2.0,32.0,0.01,True,,0.30650078776517053,12919.86303187406,26865.506053063196,6952.0737823299805,4990.47433683474,0.0,0.0,1680,False
2577343,12,Magallanes,17910.3373687088,26865.506053063196,13432.753026531598,4477.584342177201,86,16.0,2.0,2.0,64.0,0.0,True,,0.24991355560786538,13432.753026531598,26865.506053063196,6714.054140925653,4477.584342177201,0.0,0.0,1680,False
2577343,12,Magallanes,17910.3373687088,26865.506053063196,13432.753026531598,4477.584342177201,87,16.0,2.0,2.0,64.0,0.01,True,,0.354911481143441,12489.497881609472,26865.506053063196,7176.738682655422,5420.839487099328,0.0,0.0,1680,False
2577343,12,Magallanes,17910.3373687088,26865.506053063196,13432.753026531598,4477.584342177201,88,16.0,2.0,4.0,8.0,0.0,True,,0.23909412903341207,13371.97151508218,26865.506053063196,6241.040236450746,4538.365853626621,60.78151144942025,0.0,1680,False
2577343,12,Magallanes,17910.3373687088,26865.506053063196,13432.753026531598,4477.584342177201,89,16.0,2.0,4.0,8.0,0.01,True,,0.2544179887488287,13227.87485539672,26865.506053063196,6298.250557292658,4682.462513312079,49.24406321993432,0.0,1680,False
2577343,12,Magallanes,17910.3373687088,26865.506053063196,13432.753026531598,4477.584342177201,90,16.0,2.0,4.0,16.0,0.0,True,,0.2320355304673611,13432.753026531598,26865.506053063196,6233.75194829662,4477.584342177201,0.0,0.0,1680,False
2577343,12,Magallanes,17910.3373687088,26865.506053063196,13432.753026531598,4477.584342177201,91,16.0,2.0,4.0,16.0,0.01,True,,0.2550332800965881,13225.940797774641,26865.506053063196,6334.567558275057,4684.396570934157,0.0,0.0,1680,False
2577343,12,Magallanes,17910.3373687088,26865.506053063196,13432.753026531598,4477.584342177201,92,16.0,2.0,4.0,32.0,0.0,True,,0.2327658371955855,13432.753026531596,26865.506053063196,6253.372008124321,4477.584342177201,0.0,0.0,1680,False
2577343,12,Magallanes,17910.3373687088,26865.506053063196,13432.753026531598,4477.584342177201,93,16.0,2.0,4.0,32.0,0.01,True,,0.2653895495776018,13139.727987179935,26865.506053063196,6397.261952217618,4770.609381528864,0.0,0.0,1680,False
2577343,12,Magallanes,17910.3373687088,26865.506053063196,13432.753026531598,4477.584342177201,94,16.0,2.0,4.0,64.0,0.0,True,,0.2335100186060568,13432.753026531598,26865.506053063196,6273.3648183119185,4477.584342177201,0.0,0.0,1680,False
2577343,12,Magallanes,17910.3373687088,26865.506053063196,13432.753026531598,4477.584342177201,95,16.0,2.0,4.0,64.0,0.01,True,,0.28283192870418605,12983.79733636432,26865.506053063196,6476.033667183652,4926.54003234448,0.0,0.0,1680,False
2577343,12,Magallanes,17910.3373687088,26865.506053063196,13432.753026531598,4477.584342177201,96,32.0,1.0,1.0,8.0,0.0,True,,1.237903978864134,5838.928280285738,26865.506053063196,10475.442598547826,12071.40908842306,7593.82474624586,0.0,840,False
2577343,12,Magallanes,17910.3373687088,26865.506053063196,13432.753026531598,4477.584342177201,97,32.0,1.0,1.0,8.0,0.01,True,,1.2502772425676805,5728.005091685515,26865.506053063196,10533.956262648928,12182.332277023284,7587.009456890093,0.0,840,False
2577343,12,Magallanes,17910.3373687088,26865.506053063196,13432.753026531598,4477.584342177201,98,32.0,1.0,1.0,16.0,0.0,True,,0.5564661920118064,11080.329345940241,26865.506053063196,7892.474808044142,6830.008022768557,2352.4236805913565,0.0,840,False
2577343,12,Magallanes,17910.3373687088,26865.506053063196,13432.753026531598,4477.584342177201,99,32.0,1.0,1.0,16.0,0.01,True,,0.6040201275948929,10655.51580156645,26865.506053063196,8104.66771980433,7254.821567142351,2359.0912237107955,0.0,840,False
2577343,12,Magallanes,17910.3373687088,26865.506053063196,13432.753026531598,4477.584342177201,100,32.0,1.0,1.0,32.0,0.0,True,,0.24998096636960063,13432.753026531598,26865.506053063196,6715.865165153093,4477.584342177201,0.0,0.0,840,False
2577343,12,Magallanes,17910.3373687088,26865.506053063196,13432.753026531598,4477.584342177201,101,32.0,1.0,1.0,32.0,0.01,True,,0.33969860343540115,12629.287397716867,26865.506053063196,7117.510814774057,5281.049970991932,0.0,0.0,840,False
2577343,12,Magallanes,17910.3373687088,26865.506053063196,13432.753026531598,4477.584342177201,102,32.0,1.0,1.0,64.0,0.0,True,,0.24998096636960063,13432.753026531598,26865.506053063196,6715.865165153093,4477.584342177201,0.0,0.0,840,False
2577343,12,Magallanes,17910.3373687088,26865.506053063196,13432.753026531598,4477.584342177201,103,32.0,1.0,1.0,64.0,0.01,True,,0.3865499052882593,12209.869935737117,26865.506053063196,7327.6510933465315,5700.467432971682,0.0,0.0,840,False
2577343,12,Magallanes,17910.3373687088,26865.506053063196,13432.753026531598,4477.584342177201,104,32.0,1.0,2.0,8.0,0.0,True,,1.237903978864134,5838.928280285738,26865.506053063196,10475.442598547826,12071.40908842306,7593.82474624586,0.0,840,False
2577343,12,Magallanes,17910.3373687088,26865.506053063196,13432.753026531598,4477.584342177201,105,32.0,1.0,2.0,8.0,0.01,True,,1.2502772425676805,5728.005091685515,26865.506053063196,10533.956262648928,12182.332277023284,7587.009456890093,0.0,840,False
2577343,12,Magallanes,17910.3373687088,26865.506053063196,13432.753026531598,4477.584342177201,106,32.0,1.0,2.0,16.0,0.0,True,,0.5564661920118064,11080.329345940241,26865.506053063196,7892.474808044142,6830.008022768557,2352.4236805913565,0.0,840,False
2577343,12,Magallanes,17910.3373687088,26865.506053063196,13432.753026531598,4477.584342177201,107,32.0,1.0,2.0,16.0,0.01,True,,0.6040201275948929,10655.51580156645,26865.506053063196,8104.66771980433,7254.821567142351,2359.0912237107955,0.0,840,False
2577343,12,Magallanes,17910.3373687088,26865.506053063196,13432.753026531598,4477.584342177201,108,32.0,1.0,2.0,32.0,0.0,True,,0.24998096636960063,13432.753026531598,26865.506053063196,6715.865165153093,4477.584342177201,0.0,0.0,840,False
2577343,12,Magallanes,17910.3373687088,26865.506053063196,13432.753026531598,4477.584342177201,109,32.0,1.0,2.0,32.0,0.01,True,,0.33969860343540115,12629.287397716867,26865.506053063196,7117.510814774057,5281.049970991932,0.0,0.0,840,False
2577343,12,Magallanes,17910.3373687088,26865.506053063196,13432.753026531598,4477.584342177201,110,32.0,1.0,2.0,64.0,0.0,True,,0.24998096636960063,13432.753026531598,26865.506053063196,6715.865165153093,4477.584342177201,0.0,0.0,840,False
2577343,12,Magallanes,17910.3373687088,26865.506053063196,13432.753026531598,4477.584342177201,111,32.0,1.0,2.0,64.0,0.01,True,,0.3865499052882593,12209.869935737117,26865.506053063196,7327.6510933465315,5700.467432971682,0.0,0.0,840,False
2577343,12,Magallanes,17910.3373687088,26865.506053063196,13432.753026531598,4477.584342177201,112,32.0,1.0,4.0,8.0,0.0,True,,1.1785010319762395,6245.722772803434,26865.506053063196,10099.935846914395,11664.614595905365,7187.030253728162,0.0,840,False
2577343,12,Magallanes,17910.3373687088,26865.506053063196,13432.753026531598,4477.584342177201,113,32.0,1.0,4.0,8.0,0.01,True,,1.1896272633493323,6143.475633179634,26865.506053063196,10151.116024462883,11766.861735529164,7171.257873115404,0.0,840,False
2577343,12,Magallanes,17910.3373687088,26865.506053063196,13432.753026531598,4477.584342177201,114,32.0,1.0,4.0,16.0,0.0,True,,0.5467024168034506,11148.827025417848,26865.506053063196,7835.659084516127,6761.510343290951,2283.9260011137503,0.0,840,False
2577343,12,Magallanes,17910.3373687088,26865.506053063196,13432.753026531598,4477.584342177201,115,32.0,1.0,4.0,16.0,0.01,True,,0.5951632286941763,10716.26625059117,26865.506053063196,8049.734366227306,7194.071118117628,2296.82003393131,0.0,840,False
2577343,12,Magallanes,17910.3373687088,26865.506053063196,13432.753026531598,4477.584342177201,116,32.0,1.0,4.0,32.0,0.0,True,,0.24968661332179795,13432.753026531598,26865.506053063196,6707.957221565613,4477.584342177201,0.0,0.0,840,False
2577343,12,Magallanes,17910.3373687088,26865.506053063196,13432.753026531598,4477.584342177201,117,32.0,1.0,4.0,32.0,0.01,True,,0.3387037141852792,12634.152313723498,26865.506053063196,7102.944901619355,5276.185054985302,0.0,0.0,840,False
2577343,12,Magallanes,17910.3373687088,26865.506053063196,13432.753026531598,4477.584342177201,118,32.0,1.0,4.0,64.0,0.0,True,,0.24992533963928762,13432.753026531598,26865.506053063196,6714.370724893157,4477.584342177201,0.0,0.0,840,False
2577343,12,Magallanes,17910.3373687088,26865.506053063196,13432.753026531598,4477.584342177201,119,32.0,1.0,4.0,64.0,0.01,True,,0.38480040186297126,12222.447191577154,26865.506053063196,7312.092938084694,5687.890177131645,0.0,0.0,840,False
2577343,12,Magallanes,17910.3373687088,26865.506053063196,13432.753026531598,4477.584342177201,120,32.0,2.0,1.0,8.0,0.0,True,,0.9948672627788637,7695.209595399197,26865.506053063196,9514.98217678277,10215.127773309603,5737.5434311324025,0.0,840,False
2577343,12,Magallanes,17910.3373687088,26865.506053063196,13432.753026531598,4477.584342177201,121,32.0,2.0,1.0,8.0,0.01,True,,1.0065428522239115,7582.023587417181,26865.506053063196,9569.089061120154,10328.313781291617,5690.740860365584,0.0,840,False
2577343,12,Magallanes,17910.3373687088,26865.506053063196,13432.753026531598,4477.584342177201,122,32.0,2.0,1.0,16.0,0.0,True,,0.32892470157649684,12826.627476944372,26865.506053063196,7018.351912443702,5083.709891764428,606.1255495872263,0.0,840,False
2577343,12,Magallanes,17910.3373687088,26865.506053063196,13432.753026531598,4477.584342177201,123,32.0,2.0,1.0,16.0,0.01,True,,0.3774718125055892,12386.61717514207,26865.506053063196,7238.1527822935195,5523.72019356673,574.9577059246037,0.0,840,False
2577343,12,Magallanes,17910.3373687088,26865.506053063196,13432.753026531598,4477.584342177201,124,32.0,2.0,1.0,32.0,0.0,True,,0.24998096636960063,13432.753026531598,26865.506053063196,6715.865165153093,4477.584342177201,0.0,0.0,840,False
2577343,12,Magallanes,17910.3373687088,26865.506053063196,13432.753026531598,4477.584342177201,125,32.0,2.0,1.0,32.0,0.01,True,,0.33231660733008034,12695.43262561235,26865.506053063196,7084.552823461577,5214.90474309645,0.0,0.0,840,False
2577343,12,Magallanes,17910.3373687088,26865.506053063196,13432.753026531598,4477.584342177201,126,32.0,2.0,1.0,64.0,0.0,True,,0.24998096636960063,13432.753026531598,26865.506053063196,6715.865165153093,4477.584342177201,0.0,0.0,840,False
2577343,12,Magallanes,17910.3373687088,26865.506053063196,13432.753026531598,4477.584342177201,127,32.0,2.0,1.0,64.0,0.01,True,,0.3798413324922035,12269.86781298153,26865.506053063196,7297.416583397714,5640.469555727268,0.0,0.0,840,False
2577343,12,Magallanes,17910.3373687088,26865.506053063196,13432.753026531598,4477.584342177201,128,32.0,2.0,2.0,8.0,0.0,True,,0.9948672627788637,7695.209595399197,26865.506053063196,9514.98217678277,10215.127773309603,5737.5434311324025,0.0,840,False
2577343,12,Magallanes,17910.3373687088,26865.506053063196,13432.753026531598,4477.584342177201,129,32.0,2.0,2.0,8.0,0.01,True,,1.0065428522239115,7582.023587417181,26865.506053063196,9569.089061120154,10328.313781291617,5690.740860365584,0.0,840,False
2577343,12,Magallanes,17910.3373687088,26865.506053063196,13432.753026531598,4477.584342177201,130,32.0,2.0,2.0,16.0,0.0,True,,0.32892470157649684,12826.627476944372,26865.506053063196,7018.351912443702,5083.709891764428,606.1255495872263,0.0,840,False
2577343,12,Magallanes,17910.3373687088,26865.506053063196,13432.753026531598,4477.584342177201,131,32.0,2.0,2.0,16.0,0.01,True,,0.3774718125055892,12386.61717514207,26865.506053063196,7238.1527822935195,5523.72019356673,574.9577059246037,0.0,840,False
2577343,12,Magallanes,17910.3373687088,26865.506053063196,13432.753026531598,4477.584342177201,132,32.0,2.0,2.0,32.0,0.0,True,,0.24998096636960063,13432.753026531598,26865.506053063196,6715.865165153093,4477.584342177201,0.0,0.0,840,False
2577343,12,Magallanes,17910.3373687088,26865.506053063196,13432.753026531598,4477.584342177201,133,32.0,2.0,2.0,32.0,0.01,True,,0.33231660733008034,12695.43262561235,26865.506053063196,7084.552823461577,5214.90474309645,0.0,0.0,840,False
2577343,12,Magallanes,17910.3373687088,26865.506053063196,13432.753026531598,4477.584342177201,134,32.0,2.0,2.0,64.0,0.0,True,,0.24998096636960063,13432.753026531598,26865.506053063196,6715.865165153093,4477.584342177201,0.0,0.0,840,False
2577343,12,Magallanes,17910.3373687088,26865.506053063196,13432.753026531598,4477.584342177201,135,32.0,2.0,2.0,64.0,0.01,True,,0.3798413324922035,12269.86781298153,26865.506053063196,7297.416583397714,5640.469555727268,0.0,0.0,840,False
2577343,12,Magallanes,17910.3373687088,26865.506053063196,13432.753026531598,4477.584342177201,136,32.0,2.0,4.0,8.0,0.0,True,,0.9756145683413431,7826.125157813989,26865.506053063196,9390.495485078167,10084.21221089481,5606.62786871761,0.0,840,False
2577343,12,Magallanes,17910.3373687088,26865.506053063196,13432.753026531598,4477.584342177201,137,32.0,2.0,4.0,8.0,0.01,True,,0.9883298466678521,7705.369625454389,26865.506053063196,9450.020967707016,10204.967743254409,5567.004015356326,0.0,840,False
2577343,12,Magallanes,17910.3373687088,26865.506053063196,13432.753026531598,4477.584342177201,138,32.0,2.0,4.0,16.0,0.0,True,,0.3282001014936911,12828.735138813876,26865.506053063196,7005.208150141546,5081.602229894923,604.0178877177214,0.0,840,False
2577343,12,Magallanes,17910.3373687088,26865.506053063196,13432.753026531598,4477.584342177201,139,32.0,2.0,4.0,16.0,0.01,True,,0.37776503989072135,12380.400541301315,26865.506053063196,7227.545657168905,5529.936827407485,580.8441911504422,0.0,840,False
2577343,12,Magallanes,17910.3373687088,26865.506053063196,13432.753026531598,4477.584342177201,140,32.0,2.0,4.0,32.0,0.0,True,,0.24968661332179795,13432.753026531598,26865.506053063196,6707.957221565613,4477.584342177201,0.0,0.0,840,False
2577343,12,Magallanes,17910.3373687088,26865.506053063196,13432.753026531598,4477.584342177201,141,32.0,2.0,4.0,32.0,0.01,True,,0.3311969891705469,12700.935284406329,26865.506053063196,7068.23036200446,5209.40208430247,0.0,0.0,840,False
2577343,12,Magallanes,17910.3373687088,26865.506053063196,13432.753026531598,4477.584342177201,142,32.0,2.0,4.0,64.0,0.0,True,,0.24992533963928762,13432.753026531598,26865.506053063196,6714.370724893157,4477.584342177201,0.0,0.0,840,False
2577343,12,Magallanes,17910.3373687088,26865.506053063196,13432.753026531598,4477.584342177201,143,32.0,2.0,4.0,64.0,0.01,True,,0.3781315561453279,12282.748778925908,26865.506053063196,7283.684991462287,5627.588589782891,0.0,0.0,840,False
3136144,13,RM,1298.8640505972378,1948.2960758958566,974.1480379479283,324.7160126493095,0,8.0,1.0,1.0,8.0,0.0,True,,0.24983025510331755,974.1480379479283,1948.2960758958566,486.7433056578543,324.71601264930945,0.0,0.0,244,False
3136144,13,RM,1298.8640505972378,1948.2960758958566,974.1480379479283,324.7160126493095,1,8.0,1.0,1.0,8.0,0.01,True,,0.47602996504961753,827.3383073133423,1948.2960758958566,560.4229863285466,471.5257432838955,0.0,0.0,244,False
3136144,13,RM,1298.8640505972378,1948.2960758958566,974.1480379479283,324.7160126493095,2,8.0,1.0,1.0,16.0,0.0,True,,0.24983025510331752,974.1480379479283,1948.2960758958566,486.7433056578543,324.7160126493095,0.0,0.0,244,True
3136144,13,RM,1298.8640505972378,1948.2960758958566,974.1480379479283,324.7160126493095,3,8.0,1.0,1.0,16.0,0.01,True,,0.58924062600228,753.8177124591432,1948.2960758958566,597.1893856766975,545.0463381380945,0.0,0.0,244,False
3136144,13,RM,1298.8640505972378,1948.2960758958566,974.1480379479283,324.7160126493095,4,8.0,1.0,1.0,32.0,0.0,True,,0.24983025510331752,974.1480379479283,1948.2960758958566,486.7433056578543,324.7160126493095,0.0,0.0,244,False
3136144,13,RM,1298.8640505972378,1948.2960758958566,974.1480379479283,324.7160126493095,5,8.0,1.0,1.0,32.0,0.01,True,,0.7635716675281663,640.5170926977041,1948.2960758958566,653.5863203848218,658.3469578995335,0.0,0.0,244,False
3136144,13,RM,1298.8640505972378,1948.2960758958566,974.1480379479283,324.7160126493095,6,8.0,1.0,1.0,64.0,0.0,True,,0.24983025510331755,974.1480379479283,1948.2960758958566,486.74330565785436,324.7160126493095,0.0,0.0,244,False
3136144,13,RM,1298.8640505972378,1948.2960758958566,974.1480379479283,324.7160126493095,7,8.0,1.0,1.0,64.0,0.01,True,,1.0372220789777313,462.84566230445256,1948.2960758958566,742.5597671961668,836.0183882927852,0.0,0.0,244,False
3136144,13,RM,1298.8640505972378,1948.2960758958566,974.1480379479283,324.7160126493095,8,8.0,1.0,2.0,8.0,0.0,True,,0.24983025510331755,974.1480379479283,1948.2960758958566,486.7433056578543,324.71601264930945,0.0,0.0,244,False
3136144,13,RM,1298.8640505972378,1948.2960758958566,974.1480379479283,324.7160126493095,9,8.0,1.0,2.0,8.0,0.01,True,,0.47602996504961753,827.3383073133423,1948.2960758958566,560.4229863285466,471.5257432838955,0.0,0.0,244,False
3136144,13,RM,1298.8640505972378,1948.2960758958566,974.1480379479283,324.7160126493095,10,8.0,1.0,2.0,16.0,0.0,True,,0.24983025510331752,974.1480379479283,1948.2960758958566,486.7433056578543,324.7160126493095,0.0,0.0,244,False
3136144,13,RM,1298.8640505972378,1948.2960758958566,974.1480379479283,324.7160126493095,11,8.0,1.0,2.0,16.0,0.01,True,,0.58924062600228,753.8177124591432,1948.2960758958566,597.1893856766975,545.0463381380945,0.0,0.0,244,False
3136144,13,RM,1298.8640505972378,1948.2960758958566,974.1480379479283,324.7160126493095,12,8.0,1.0,2.0,32.0,0.0,True,,0.24983025510331752,974.1480379479283,1948.2960758958566,486.7433056578543,324.7160126493095,0.0,0.0,244,False
3136144,13,RM,1298.8640505972378,1948.2960758958566,974.1480379479283,324.7160126493095,13,8.0,1.0,2.0,32.0,0.01,True,,0.763571667528166,640.5170926977047,1948.2960758958566,653.5863203848223,658.3469578995331,0.0,0.0,244,False
3136144,13,RM,1298.8640505972378,1948.2960758958566,974.1480379479283,324.7160126493095,14,8.0,1.0,2.0,64.0,0.0,True,,0.24983025510331752,974.1480379479283,1948.2960758958566,486.7433056578543,324.7160126493095,0.0,0.0,244,False
3136144,13,RM,1298.8640505972378,1948.2960758958566,974.1480379479283,324.7160126493095,15,8.0,1.0,2.0,64.0,0.01,True,,1.02836489487096,468.6073748440997,1948.2960758958566,739.7076315065752,830.2566757531381,0.0,0.0,244,False
3136144,13,RM,1298.8640505972378,1948.2960758958566,974.1480379479283,324.7160126493095,16,8.0,1.0,4.0,8.0,0.0,True,,0.24983025510331755,974.1480379479283,1948.2960758958566,486.7433056578543,324.71601264930945,0.0,0.0,244,False
3136144,13,RM,1298.8640505972378,1948.2960758958566,974.1480379479283,324.7160126493095,17,8.0,1.0,4.0,8.0,0.01,True,,0.47538529755806513,827.7184598164841,1948.2960758958566,560.1173644423521,471.1455907807536,0.0,0.0,244,False
3136144,13,RM,1298.8640505972378,1948.2960758958566,974.1480379479283,324.7160126493095,18,8.0,1.0,4.0,16.0,0.0,True,,0.24983025510331752,974.1480379479283,1948.2960758958566,486.7433056578543,324.7160126493095,0.0,0.0,244,False
3136144,13,RM,1298.8640505972378,1948.2960758958566,974.1480379479283,324.7160126493095,19,8.0,1.0,4.0,16.0,0.01,True,,0.5867322300113241,755.4247735011684,1948.2960758958566,596.3199402157883,543.4392770960694,0.0,0.0,244,False
3136144,13,RM,1298.8640505972378,1948.2960758958566,974.1480379479283,324.7160126493095,20,8.0,1.0,4.0,32.0,0.0,True,,0.24983025510331752,974.1480379479283,1948.2960758958566,486.7433056578543,324.7160126493095,0.0,0.0,244,False
3136144,13,RM,1298.8640505972378,1948.2960758958566,974.1480379479283,324.7160126493095,21,8.0,1.0,4.0,32.0,0.01,True,,0.7561286168079762,645.3874907818602,1948.2960758958566,651.2610490843714,653.4765598153775,0.0,0.0,244,False
3136144,13,RM,1298.8640505972378,1948.2960758958566,974.1480379479283,324.7160126493095,22,8.0,1.0,4.0,64.0,0.0,True,,0.24983025510331755,974.1480379479283,1948.2960758958566,486.74330565785436,324.7160126493095,0.0,0.0,244,False
3136144,13,RM,1298.8640505972378,1948.2960758958566,974.1480379479283,324.7160126493095,23,8.0,1.0,4.0,64.0,0.01,True,,0.9953105854952594,490.09553569049797,1948.2960758958566,729.0284523744458,808.7685149067398,0.0,0.0,244,False
3136144,13,RM,1298.8640505972378,1948.2960758958566,974.1480379479283,324.7160126493095,24,8.0,2.0,1.0,8.0,0.0,True,,0.24983025510331755,974.1480379479283,1948.2960758958566,486.7433056578543,324.71601264930945,0.0,0.0,244,False
3136144,13,RM,1298.8640505972378,1948.2960758958566,974.1480379479283,324.7160126493095,25,8.0,2.0,1.0,8.0,0.01,True,,0.4701400715490927,831.089816108177,1948.2960758958566,558.3265019211165,467.77423448906075,0.0,0.0,244,False
3136144,13,RM,1298.8640505972378,1948.2960758958566,974.1480379479283,324.7160126493095,26,8.0,2.0,1.0,16.0,0.0,True,,0.24983025510331752,974.1480379479283,1948.2960758958566,486.7433056578543,324.7160126493095,0.0,0.0,244,False
3136144,13,RM,1298.8640505972378,1948.2960758958566,974.1480379479283,324.7160126493095,27,8.0,2.0,1.0,16.0,0.01,True,,0.5810917797119021,759.1077489253554,1948.2960758958566,594.5381115916061,539.7563016718823,0.0,0.0,244,False
3136144,13,RM,1298.8640505972378,1948.2960758958566,974.1480379479283,324.7160126493095,28,8.0,2.0,1.0,32.0,0.0,True,,0.24983025510331752,974.1480379479283,1948.2960758958566,486.7433056578543,324.7160126493095,0.0,0.0,244,False
3136144,13,RM,1298.8640505972378,1948.2960758958566,974.1480379479283,324.7160126493095,29,8.0,2.0,1.0,32.0,0.01,True,,0.7583988908891535,643.9633085967229,1948.2960758958566,652.123759705094,654.9007420005149,0.0,0.0,244,False
3136144,13,RM,1298.8640505972378,1948.2960758958566,974.1480379479283,324.7160126493095,30,8.0,2.0,1.0,64.0,0.0,True,,0.24983025510331752,974.1480379479283,1948.2960758958566,486.7433056578543,324.7160126493095,0.0,0.0,244,False
3136144,13,RM,1298.8640505972378,1948.2960758958566,974.1480379479283,324.7160126493095,31,8.0,2.0,1.0,64.0,0.01,True,,1.0194716143412315,474.3675797565356,1948.2960758958566,736.7814002297533,824.4964708407023,0.0,0.0,244,False
3136144,13,RM,1298.8640505972378,1948.2960758958566,974.1480379479283,324.7160126493095,32,8.0,2.0,2.0,8.0,0.0,True,,0.24983025510331755,974.1480379479283,1948.2960758958566,486.7433056578543,324.71601264930945,0.0,0.0,244,False
3136144,13,RM,1298.8640505972378,1948.2960758958566,974.1480379479283,324.7160126493095,33,8.0,2.0,2.0,8.0,0.01,True,,0.4701400715490927,831.089816108177,1948.2960758958566,558.3265019211165,467.77423448906075,0.0,0.0,244,False
3136144,13,RM,1298.8640505972378,1948.2960758958566,974.1480379479283,324.7160126493095,34,8.0,2.0,2.0,16.0,0.0,True,,0.24983025510331752,974.1480379479283,1948.2960758958566,486.7433056578543,324.7160126493095,0.0,0.0,244,False
3136144,13,RM,1298.8640505972378,1948.2960758958566,974.1480379479283,324.7160126493095,35,8.0,2.0,2.0,16.0,0.01,True,,0.5810917797119021,759.1077489253554,1948.2960758958566,594.5381115916061,539.7563016718823,0.0,0.0,244,False
3136144,13,RM,1298.8640505972378,1948.2960758958566,974.1480379479283,324.7160126493095,36,8.0,2.0,2.0,32.0,0.0,True,,0.24983025510331752,974.1480379479283,1948.2960758958566,486.7433056578543,324.7160126493095,0.0,0.0,244,False
3136144,13,RM,1298.8640505972378,1948.2960758958566,974.1480379479283,324.7160126493095,37,8.0,2.0,2.0,32.0,0.01,True,,0.7583988908891535,643.9633085967229,1948.2960758958566,652.123759705094,654.9007420005149,0.0,0.0,244,False
3136144,13,RM,1298.8640505972378,1948.2960758958566,974.1480379479283,324.7160126493095,38,8.0,2.0,2.0,64.0,0.0,True,,0.24983025510331752,974.1480379479283,1948.2960758958566,486.7433056578543,324.7160126493095,0.0,0.0,244,False
3136144,13,RM,1298.8640505972378,1948.2960758958566,974.1480379479283,324.7160126493095,39,8.0,2.0,2.0,64.0,0.01,True,,1.0194716143412315,474.3675797565356,1948.2960758958566,736.7814002297533,824.4964708407023,0.0,0.0,244,False
3136144,13,RM,1298.8640505972378,1948.2960758958566,974.1480379479283,324.7160126493095,40,8.0,2.0,4.0,8.0,0.0,True,,0.24983025510331755,974.1480379479283,1948.2960758958566,486.7433056578543,324.71601264930945,0.0,0.0,244,False
3136144,13,RM,1298.8640505972378,1948.2960758958566,974.1480379479283,324.7160126493095,41,8.0,2.0,4.0,8.0,0.01,True,,0.47003402513146936,831.2126257831351,1948.2960758958566,558.4269162891932,467.65142481410265,0.0,0.0,244,False
3136144,13,RM,1298.8640505972378,1948.2960758958566,974.1480379479283,324.7160126493095,42,8.0,2.0,4.0,16.0,0.0,True,,0.24983025510331752,974.1480379479283,1948.2960758958566,486.7433056578543,324.7160126493095,0.0,0.0,244,False
3136144,13,RM,1298.8640505972378,1948.2960758958566,974.1480379479283,324.7160126493095,43,8.0,2.0,4.0,16.0,0.01,True,,0.5807105603029924,759.319957004908,1948.2960758958566,594.3259035120535,539.5440935923298,0.0,0.0,244,False
3136144,13,RM,1298.8640505972378,1948.2960758958566,974.1480379479283,324.7160126493095,44,8.0,2.0,4.0,32.0,0.0,True,,0.24983025510331752,974.1480379479283,1948.2960758958566,486.7433056578543,324.7160126493095,0.0,0.0,244,False
3136144,13,RM,1298.8640505972378,1948.2960758958566,974.1480379479283,324.7160126493095,45,8.0,2.0,4.0,32.0,0.01,True,,0.7513564871142396,648.5489485400452,1948.2960758958566,649.8671719238613,650.3151020571926,0.0,0.0,244,False
3136144,13,RM,1298.8640505972378,1948.2960758958566,974.1480379479283,324.7160126493095,46,8.0,2.0,4.0,64.0,0.0,True,,0.24983025510331755,974.1480379479283,1948.2960758958566,486.74330565785436,324.7160126493095,0.0,0.0,244,False
3136144,13,RM,1298.8640505972378,1948.2960758958566,974.1480379479283,324.7160126493095,47,8.0,2.0,4.0,64.0,0.01,True,,0.9921552143720801,492.14731949960833,1948.2960758958566,728.0103147199361,806.7167310976295,0.0,0.0,244,False
3136144,13,RM,1298.8640505972378,1948.2960758958566,974.1480379479283,324.7160126493095,48,16.0,1.0,1.0,8.0,0.0,True,,0.6033527357521098,777.4443109899286,1948.2960758958566,585.398586572866,521.4197396073091,196.70372695799972,0.0,122,False
3136144,13,RM,1298.8640505972378,1948.2960758958566,974.1480379479283,324.7160126493095,49,16.0,1.0,1.0,8.0,0.01,True,,0.867694867124846,606.6268046285082,1948.2960758958566,670.6548388672436,692.2372459687296,202.13716505704082,0.0,122,False
3136144,13,RM,1298.8640505972378,1948.2960758958566,974.1480379479283,324.7160126493095,50,16.0,1.0,1.0,16.0,0.0,True,,0.24983025510331752,974.1480379479283,1948.2960758958566,486.7433056578543,324.7160126493095,0.0,0.0,122,False
3136144,13,RM,1298.8640505972378,1948.2960758958566,974.1480379479283,324.7160126493095,51,16.0,1.0,1.0,16.0,0.01,True,,0.6613853868378773,706.8601716740329,1948.2960758958566,620.354888146361,592.0038789232049,0.0,0.0,122,False
3136144,13,RM,1298.8640505972378,1948.2960758958566,974.1480379479283,324.7160126493095,52,16.0,1.0,1.0,32.0,0.0,True,,0.24983025510331755,974.1480379479283,1948.2960758958566,486.7433056578543,324.71601264930945,0.0,0.0,122,False
3136144,13,RM,1298.8640505972378,1948.2960758958566,974.1480379479283,324.7160126493095,53,16.0,1.0,1.0,32.0,0.01,True,,0.8432847442974866,588.7964277954433,1948.2960758958566,679.5893327964213,710.0676228017945,0.0,0.0,122,False
3136144,13,RM,1298.8640505972378,1948.2960758958566,974.1480379479283,324.7160126493095,54,16.0,1.0,1.0,64.0,0.0,True,,0.24983025510331752,974.1480379479283,1948.2960758958566,486.7433056578543,324.7160126493095,0.0,0.0,122,False
3136144,13,RM,1298.8640505972378,1948.2960758958566,974.1480379479283,324.7160126493095,55,16.0,1.0,1.0,64.0,0.01,True,,1.1085235119836985,416.57777992118855,1948.2960758958566,765.8063633692836,882.2862706760493,0.0,0.0,122,False
3136144,13,RM,1298.8640505972378,1948.2960758958566,974.1480379479283,324.7160126493095,56,16.0,1.0,2.0,8.0,0.0,True,,0.6033527357521098,777.4443109899286,1948.2960758958566,585.398586572866,521.4197396073091,196.70372695799972,0.0,122,False
3136144,13,RM,1298.8640505972378,1948.2960758958566,974.1480379479283,324.7160126493095,57,16.0,1.0,2.0,8.0,0.01,True,,0.867694867124846,606.6268046285082,1948.2960758958566,670.6548388672436,692.2372459687296,202.13716505704082,0.0,122,False
3136144,13,RM,1298.8640505972378,1948.2960758958566,974.1480379479283,324.7160126493095,58,16.0,1.0,2.0,16.0,0.0,True,,0.24983025510331752,974.1480379479283,1948.2960758958566,486.7433056578543,324.7160126493095,0.0,0.0,122,False
3136144,13,RM,1298.8640505972378,1948.2960758958566,974.1480379479283,324.7160126493095,59,16.0,1.0,2.0,16.0,0.01,True,,0.6613853868378773,706.8601716740329,1948.2960758958566,620.354888146361,592.0038789232049,0.0,0.0,122,False
3136144,13,RM,1298.8640505972378,1948.2960758958566,974.1480379479283,324.7160126493095,60,16.0,1.0,2.0,32.0,0.0,True,,0.24983025510331755,974.1480379479283,1948.2960758958566,486.7433056578543,324.71601264930945,0.0,0.0,122,False
3136144,13,RM,1298.8640505972378,1948.2960758958566,974.1480379479283,324.7160126493095,61,16.0,1.0,2.0,32.0,0.01,True,,0.8432847442974866,588.7964277954433,1948.2960758958566,679.5893327964213,710.0676228017945,0.0,0.0,122,False
3136144,13,RM,1298.8640505972378,1948.2960758958566,974.1480379479283,324.7160126493095,62,16.0,1.0,2.0,64.0,0.0,True,,0.24983025510331752,974.1480379479283,1948.2960758958566,486.7433056578543,324.7160126493095,0.0,0.0,122,False
3136144,13,RM,1298.8640505972378,1948.2960758958566,974.1480379479283,324.7160126493095,63,16.0,1.0,2.0,64.0,0.01,True,,1.108523511983315,416.5777799216865,1948.2960758958566,765.8063633697816,882.2862706755513,0.0,0.0,122,False
3136144,13,RM,1298.8640505972378,1948.2960758958566,974.1480379479283,324.7160126493095,64,16.0,1.0,4.0,8.0,0.0,True,,0.6033527357521098,777.4443109899286,1948.2960758958566,585.398586572866,521.4197396073091,196.70372695799972,0.0,122,False
3136144,13,RM,1298.8640505972378,1948.2960758958566,974.1480379479283,324.7160126493095,65,16.0,1.0,4.0,8.0,0.01,True,,0.867694867124846,606.6268046285082,1948.2960758958566,670.6548388672436,692.2372459687296,202.13716505704082,0.0,122,False
3136144,13,RM,1298.8640505972378,1948.2960758958566,974.1480379479283,324.7160126493095,66,16.0,1.0,4.0,16.0,0.0,True,,0.24983025510331752,974.1480379479283,1948.2960758958566,486.7433056578543,324.7160126493095,0.0,0.0,122,False
3136144,13,RM,1298.8640505972378,1948.2960758958566,974.1480379479283,324.7160126493095,67,16.0,1.0,4.0,16.0,0.01,True,,0.6613853868378773,706.8601716740329,1948.2960758958566,620.354888146361,592.0038789232049,0.0,0.0,122,False
3136144,13,RM,1298.8640505972378,1948.2960758958566,974.1480379479283,324.7160126493095,68,16.0,1.0,4.0,32.0,0.0,True,,0.24983025510331755,974.1480379479283,1948.2960758958566,486.7433056578543,324.71601264930945,0.0,0.0,122,False
3136144,13,RM,1298.8640505972378,1948.2960758958566,974.1480379479283,324.7160126493095,69,16.0,1.0,4.0,32.0,0.01,True,,0.8432847442974866,588.7964277954433,1948.2960758958566,679.5893327964213,710.0676228017945,0.0,0.0,122,False
3136144,13,RM,1298.8640505972378,1948.2960758958566,974.1480379479283,324.7160126493095,70,16.0,1.0,4.0,64.0,0.0,True,,0.24983025510331752,974.1480379479283,1948.2960758958566,486.7433056578543,324.7160126493095,0.0,0.0,122,False
3136144,13,RM,1298.8640505972378,1948.2960758958566,974.1480379479283,324.7160126493095,71,16.0,1.0,4.0,64.0,0.01,True,,1.1005995292664463,421.7371902082067,1948.2960758958566,763.2666246533405,877.1268603890311,0.0,0.0,122,False
3136144,13,RM,1298.8640505972378,1948.2960758958566,974.1480379479283,324.7160126493095,72,16.0,2.0,1.0,8.0,0.0,True,,0.48381412679866753,843.971752098192,1948.2960758958566,552.0843071556156,454.8922984990457,130.17628584973622,0.0,122,False
3136144,13,RM,1298.8640505972378,1948.2960758958566,974.1480379479283,324.7160126493095,73,16.0,2.0,1.0,8.0,0.01,True,,0.7637938889319672,662.93341310378,1948.2960758958566,642.6129186262382,635.9306374934578,134.89431172555732,0.0,122,False
3136144,13,RM,1298.8640505972378,1948.2960758958566,974.1480379479283,324.7160126493095,74,16.0,2.0,1.0,16.0,0.0,True,,0.24983025510331752,974.1480379479283,1948.2960758958566,486.7433056578543,324.7160126493095,0.0,0.0,122,False
3136144,13,RM,1298.8640505972378,1948.2960758958566,974.1480379479283,324.7160126493095,75,16.0,2.0,1.0,16.0,0.01,True,,0.6590391582557118,708.4731771294512,1948.2960758958566,619.8162538451188,590.3908734677866,0.0,0.0,122,False
3136144,13,RM,1298.8640505972378,1948.2960758958566,974.1480379479283,324.7160126493095,76,16.0,2.0,1.0,32.0,0.0,True,,0.24983025510331755,974.1480379479283,1948.2960758958566,486.7433056578543,324.71601264930945,0.0,0.0,122,False
3136144,13,RM,1298.8640505972378,1948.2960758958566,974.1480379479283,324.7160126493095,77,16.0,2.0,1.0,32.0,0.01,True,,0.840287270856603,590.7938555160588,1948.2960758958566,678.7429363554846,708.070195081179,0.0,0.0,122,False
3136144,13,RM,1298.8640505972378,1948.2960758958566,974.1480379479283,324.7160126493095,78,16.0,2.0,1.0,64.0,0.0,True,,0.24983025510331752,974.1480379479283,1948.2960758958566,486.7433056578543,324.7160126493095,0.0,0.0,122,False
3136144,13,RM,1298.8640505972378,1948.2960758958566,974.1480379479283,324.7160126493095,79,16.0,2.0,1.0,64.0,0.01,True,,1.108091117157314,416.8385835309645,1948.2960758958566,765.6159392502416,882.0254670662733,0.0,0.0,122,False
3136144,13,RM,1298.8640505972378,1948.2960758958566,974.1480379479283,324.7160126493095,80,16.0,2.0,2.0,8.0,0.0,True,,0.48381412679866753,843.971752098192,1948.2960758958566,552.0843071556156,454.8922984990457,130.17628584973622,0.0,122,False
3136144,13,RM,1298.8640505972378,1948.2960758958566,974.1480379479283,324.7160126493095,81,16.0,2.0,2.0,8.0,0.01,True,,0.7637938889319672,662.93341310378,1948.2960758958566,642.6129186262382,635.9306374934578,134.89431172555732,0.0,122,False
3136144,13,RM,1298.8640505972378,1948.2960758958566,974.1480379479283,324.7160126493095,82,16.0,2.0,2.0,16.0,0.0,True,,0.24983025510331752,974.1480379479283,1948.2960758958566,486.7433056578543,324.7160126493095,0.0,0.0,122,False
3136144,13,RM,1298.8640505972378,1948.2960758958566,974.1480379479283,324.7160126493095,83,16.0,2.0,2.0,16.0,0.01,True,,0.6590391582557118,708.4731771294512,1948.2960758958566,619.8162538451188,590.3908734677866,0.0,0.0,122,False
3136144,13,RM,1298.8640505972378,1948.2960758958566,974.1480379479283,324.7160126493095,84,16.0,2.0,2.0,32.0,0.0,True,,0.24983025510331755,974.1480379479283,1948.2960758958566,486.7433056578543,324.71601264930945,0.0,0.0,122,False
3136144,13,RM,1298.8640505972378,1948.2960758958566,974.1480379479283,324.7160126493095,85,16.0,2.0,2.0,32.0,0.01,True,,0.840287270856603,590.7938555160588,1948.2960758958566,678.7429363554846,708.070195081179,0.0,0.0,122,False
3136144,13,RM,1298.8640505972378,1948.2960758958566,974.1480379479283,324.7160126493095,86,16.0,2.0,2.0,64.0,0.0,True,,0.24983025510331752,974.1480379479283,1948.2960758958566,486.7433056578543,324.7160126493095,0.0,0.0,122,False
3136144,13,RM,1298.8640505972378,1948.2960758958566,974.1480379479283,324.7160126493095,87,16.0,2.0,2.0,64.0,0.01,True,,1.108091117157314,416.8385835309645,1948.2960758958566,765.6159392502416,882.0254670662733,0.0,0.0,122,False
3136144,13,RM,1298.8640505972378,1948.2960758958566,974.1480379479283,324.7160126493095,88,16.0,2.0,4.0,8.0,0.0,True,,0.48381412679866753,843.971752098192,1948.2960758958566,552.0843071556156,454.8922984990457,130.17628584973622,0.0,122,False
3136144,13,RM,1298.8640505972378,1948.2960758958566,974.1480379479283,324.7160126493095,89,16.0,2.0,4.0,8.0,0.01,True,,0.7637938889319672,662.93341310378,1948.2960758958566,642.6129186262382,635.9306374934578,134.89431172555732,0.0,122,False
3136144,13,RM,1298.8640505972378,1948.2960758958566,974.1480379479283,324.7160126493095,90,16.0,2.0,4.0,16.0,0.0,True,,0.24983025510331752,974.1480379479283,1948.2960758958566,486.7433056578543,324.7160126493095,0.0,0.0,122,False
3136144,13,RM,1298.8640505972378,1948.2960758958566,974.1480379479283,324.7160126493095,91,16.0,2.0,4.0,16.0,0.01,True,,0.6590391582557118,708.4731771294512,1948.2960758958566,619.8162538451188,590.3908734677866,0.0,0.0,122,False
3136144,13,RM,1298.8640505972378,1948.2960758958566,974.1480379479283,324.7160126493095,92,16.0,2.0,4.0,32.0,0.0,True,,0.24983025510331755,974.1480379479283,1948.2960758958566,486.7433056578543,324.71601264930945,0.0,0.0,122,False
3136144,13,RM,1298.8640505972378,1948.2960758958566,974.1480379479283,324.7160126493095,93,16.0,2.0,4.0,32.0,0.01,True,,0.840287270856603,590.7938555160588,1948.2960758958566,678.7429363554846,708.070195081179,0.0,0.0,122,False
3136144,13,RM,1298.8640505972378,1948.2960758958566,974.1480379479283,324.7160126493095,94,16.0,2.0,4.0,64.0,0.0,True,,0.24983025510331752,974.1480379479283,1948.2960758958566,486.7433056578543,324.7160126493095,0.0,0.0,122,False
3136144,13,RM,1298.8640505972378,1948.2960758958566,974.1480379479283,324.7160126493095,95,16.0,2.0,4.0,64.0,0.01,True,,1.1001321726206152,421.99734709938286,1948.2960758958566,763.0064677621643,876.8667034978549,0.0,0.0,122,False
3136144,13,RM,1298.8640505972378,1948.2960758958566,974.1480379479283,324.7160126493095,96,32.0,1.0,1.0,8.0,0.0,True,,1.3024787188912574,388.26850443836486,1948.2960758958566,779.9755764250092,910.5955461588729,585.8795335095635,0.0,61,False
3136144,13,RM,1298.8640505972378,1948.2960758958566,974.1480379479283,324.7160126493095,97,32.0,1.0,1.0,8.0,0.01,True,,1.4863672731678887,268.9095574317885,1948.2960758958566,839.5121436464517,1029.9544931654493,586.5503614324423,0.0,61,False
3136144,13,RM,1298.8640505972378,1948.2960758958566,974.1480379479283,324.7160126493095,98,32.0,1.0,1.0,16.0,0.0,True,,0.6441673426939174,754.6794084861673,1948.2960758958566,596.622817605538,544.1846421110704,219.46862946176097,0.0,61,False
3136144,13,RM,1298.8640505972378,1948.2960758958566,974.1480379479283,324.7160126493095,99,32.0,1.0,1.0,16.0,0.01,True,,1.0840723160639278,467.8503257784338,1948.2960758958566,740.1750780205697,831.013724818804,212.34896186075395,0.0,61,False
3136144,13,RM,1298.8640505972378,1948.2960758958566,974.1480379479283,324.7160126493095,100,32.0,1.0,1.0,32.0,0.0,True,,0.24983025510331752,974.1480379479283,1948.2960758958566,486.7433056578543,324.7160126493095,0.0,0.0,61,False
3136144,13,RM,1298.8640505972378,1948.2960758958566,974.1480379479283,324.7160126493095,101,32.0,1.0,1.0,32.0,0.01,True,,0.9941253667907749,490.8711862652847,1948.2960758958566,728.6584218603869,807.9928643319531,0.0,0.0,61,False
3136144,13,RM,1298.8640505972378,1948.2960758958566,974.1480379479283,324.7160126493095,102,32.0,1.0,1.0,64.0,0.0,True,,0.24983025510331752,974.1480379479283,1948.2960758958566,486.7433056578543,324.7160126493095,0.0,0.0,61,False
3136144,13,RM,1298.8640505972378,1948.2960758958566,974.1480379479283,324.7160126493095,103,32.0,1.0,1.0,64.0,0.01,True,,1.1788733590757157,370.9004815045064,1948.2960758958566,788.675448356829,927.9635690927314,0.0,0.0,61,False
3136144,13,RM,1298.8640505972378,1948.2960758958566,974.1480379479283,324.7160126493095,104,32.0,1.0,2.0,8.0,0.0,True,,1.3024787188912574,388.26850443836486,1948.2960758958566,779.9755764250092,910.5955461588729,585.8795335095635,0.0,61,False
3136144,13,RM,1298.8640505972378,1948.2960758958566,974.1480379479283,324.7160126493095,105,32.0,1.0,2.0,8.0,0.01,True,,1.4863672731678887,268.9095574317885,1948.2960758958566,839.5121436464517,1029.9544931654493,586.5503614324423,0.0,61,False
3136144,13,RM,1298.8640505972378,1948.2960758958566,974.1480379479283,324.7160126493095,106,32.0,1.0,2.0,16.0,0.0,True,,0.6441673426939174,754.6794084861673,1948.2960758958566,596.622817605538,544.1846421110704,219.46862946176097,0.0,61,False
3136144,13,RM,1298.8640505972378,1948.2960758958566,974.1480379479283,324.7160126493095,107,32.0,1.0,2.0,16.0,0.01,True,,1.0840723160639278,467.8503257784338,1948.2960758958566,740.1750780205697,831.013724818804,212.34896186075395,0.0,61,False
3136144,13,RM,1298.8640505972378,1948.2960758958566,974.1480379479283,324.7160126493095,108,32.0,1.0,2.0,32.0,0.0,True,,0.24983025510331752,974.1480379479283,1948.2960758958566,486.7433056578543,324.7160126493095,0.0,0.0,61,False
3136144,13,RM,1298.8640505972378,1948.2960758958566,974.1480379479283,324.7160126493095,109,32.0,1.0,2.0,32.0,0.01,True,,0.9941253667907749,490.8711862652847,1948.2960758958566,728.6584218603869,807.9928643319531,0.0,0.0,61,False
3136144,13,RM,1298.8640505972378,1948.2960758958566,974.1480379479283,324.7160126493095,110,32.0,1.0,2.0,64.0,0.0,True,,0.24983025510331752,974.1480379479283,1948.2960758958566,486.7433056578543,324.7160126493095,0.0,0.0,61,False
3136144,13,RM,1298.8640505972378,1948.2960758958566,974.1480379479283,324.7160126493095,111,32.0,1.0,2.0,64.0,0.01,True,,1.1788733590757157,370.9004815045064,1948.2960758958566,788.675448356829,927.9635690927314,0.0,0.0,61,False
3136144,13,RM,1298.8640505972378,1948.2960758958566,974.1480379479283,324.7160126493095,112,32.0,1.0,4.0,8.0,0.0,True,,1.3024787188912574,388.26850443836486,1948.2960758958566,779.9755764250092,910.5955461588729,585.8795335095635,0.0,61,False
3136144,13,RM,1298.8640505972378,1948.2960758958566,974.1480379479283,324.7160126493095,113,32.0,1.0,4.0,8.0,0.01,True,,1.4863672731678887,268.9095574317885,1948.2960758958566,839.5121436464517,1029.9544931654493,586.5503614324423,0.0,61,False
3136144,13,RM,1298.8640505972378,1948.2960758958566,974.1480379479283,324.7160126493095,114,32.0,1.0,4.0,16.0,0.0,True,,0.6441673426939174,754.6794084861673,1948.2960758958566,596.622817605538,544.1846421110704,219.46862946176097,0.0,61,False
3136144,13,RM,1298.8640505972378,1948.2960758958566,974.1480379479283,324.7160126493095,115,32.0,1.0,4.0,16.0,0.01,True,,1.0840723160639278,467.8503257784338,1948.2960758958566,740.1750780205697,831.013724818804,212.34896186075395,0.0,61,False
3136144,13,RM,1298.8640505972378,1948.2960758958566,974.1480379479283,324.7160126493095,116,32.0,1.0,4.0,32.0,0.0,True,,0.24983025510331752,974.1480379479283,1948.2960758958566,486.7433056578543,324.7160126493095,0.0,0.0,61,False
3136144,13,RM,1298.8640505972378,1948.2960758958566,974.1480379479283,324.7160126493095,117,32.0,1.0,4.0,32.0,0.01,True,,0.9941253667907749,490.8711862652847,1948.2960758958566,728.6584218603869,807.9928643319531,0.0,0.0,61,False
3136144,13,RM,1298.8640505972378,1948.2960758958566,974.1480379479283,324.7160126493095,118,32.0,1.0,4.0,64.0,0.0,True,,0.24983025510331752,974.1480379479283,1948.2960758958566,486.7433056578543,324.7160126493095,0.0,0.0,61,False
3136144,13,RM,1298.8640505972378,1948.2960758958566,974.1480379479283,324.7160126493095,119,32.0,1.0,4.0,64.0,0.01,True,,1.1788733590757157,370.9004815045064,1948.2960758958566,788.675448356829,927.9635690927314,0.0,0.0,61,False
3136144,13,RM,1298.8640505972378,1948.2960758958566,974.1480379479283,324.7160126493095,120,32.0,2.0,1.0,8.0,0.0,True,,1.245475061749223,419.9830950564577,1948.2960758958566,764.0593467577495,878.8809555407801,554.1649428914704,0.0,61,False
3136144,13,RM,1298.8640505972378,1948.2960758958566,974.1480379479283,324.7160126493095,121,32.0,2.0,1.0,8.0,0.01,True,,1.4419890145345478,292.68908357298125,1948.2960758958566,827.591252223843,1006.1749670242566,556.3658006827643,0.0,61,False
3136144,13,RM,1298.8640505972378,1948.2960758958566,974.1480379479283,324.7160126493095,122,32.0,2.0,1.0,16.0,0.0,True,,0.578437599521501,791.2874768086264,1948.2960758958566,578.3860218804537,507.57657378861137,182.86056113930192,0.0,61,False
3136144,13,RM,1298.8640505972378,1948.2960758958566,974.1480379479283,324.7160126493095,123,32.0,2.0,1.0,16.0,0.01,True,,1.0420181864025326,489.8391309300664,1948.2960758958566,729.0751850381743,809.0249196671714,180.62498199468524,0.0,61,False
3136144,13,RM,1298.8640505972378,1948.2960758958566,974.1480379479283,324.7160126493095,124,32.0,2.0,1.0,32.0,0.0,True,,0.24983025510331755,974.1480379479283,1948.2960758958566,486.7433056578543,324.71601264930945,0.0,0.0,61,False
3136144,13,RM,1298.8640505972378,1948.2960758958566,974.1480379479283,324.7160126493095,125,32.0,2.0,1.0,32.0,0.01,True,,0.986758315110103,495.67167645836025,1948.2960758958566,726.3064494627008,803.1923741388775,0.0,0.0,61,False
3136144,13,RM,1298.8640505972378,1948.2960758958566,974.1480379479283,324.7160126493095,126,32.0,2.0,1.0,64.0,0.0,True,,0.24983025510331752,974.1480379479283,1948.2960758958566,486.7433056578543,324.7160126493095,0.0,0.0,61,False
3136144,13,RM,1298.8640505972378,1948.2960758958566,974.1480379479283,324.7160126493095,127,32.0,2.0,1.0,64.0,0.01,True,,1.1776181003693411,371.6773510058351,1948.2960758958566,788.1720064982874,927.1866995914027,0.0,0.0,61,False
3136144,13,RM,1298.8640505972378,1948.2960758958566,974.1480379479283,324.7160126493095,128,32.0,2.0,2.0,8.0,0.0,True,,1.245475061749223,419.9830950564577,1948.2960758958566,764.0593467577495,878.8809555407801,554.1649428914704,0.0,61,False
3136144,13,RM,1298.8640505972378,1948.2960758958566,974.1480379479283,324.7160126493095,129,32.0,2.0,2.0,8.0,0.01,True,,1.4419890145345478,292.68908357298125,1948.2960758958566,827.591252223843,1006.1749670242566,556.3658006827643,0.0,61,False
3136144,13,RM,1298.8640505972378,1948.2960758958566,974.1480379479283,324.7160126493095,130,32.0,2.0,2.0,16.0,0.0,True,,0.578437599521501,791.2874768086264,1948.2960758958566,578.3860218804537,507.57657378861137,182.86056113930192,0.0,61,False
3136144,13,RM,1298.8640505972378,1948.2960758958566,974.1480379479283,324.7160126493095,131,32.0,2.0,2.0,16.0,0.01,True,,1.0420181864025326,489.8391309300664,1948.2960758958566,729.0751850381743,809.0249196671714,180.62498199468524,0.0,61,False
3136144,13,RM,1298.8640505972378,1948.2960758958566,974.1480379479283,324.7160126493095,132,32.0,2.0,2.0,32.0,0.0,True,,0.24983025510331755,974.1480379479283,1948.2960758958566,486.7433056578543,324.71601264930945,0.0,0.0,61,False
3136144,13,RM,1298.8640505972378,1948.2960758958566,974.1480379479283,324.7160126493095,133,32.0,2.0,2.0,32.0,0.01,True,,0.986758315110103,495.67167645836025,1948.2960758958566,726.3064494627008,803.1923741388775,0.0,0.0,61,False
3136144,13,RM,1298.8640505972378,1948.2960758958566,974.1480379479283,324.7160126493095,134,32.0,2.0,2.0,64.0,0.0,True,,0.24983025510331752,974.1480379479283,1948.2960758958566,486.7433056578543,324.7160126493095,0.0,0.0,61,False
3136144,13,RM,1298.8640505972378,1948.2960758958566,974.1480379479283,324.7160126493095,135,32.0,2.0,2.0,64.0,0.01,True,,1.1776181003693411,371.6773510058351,1948.2960758958566,788.1720064982874,927.1866995914027,0.0,0.0,61,False
3136144,13,RM,1298.8640505972378,1948.2960758958566,974.1480379479283,324.7160126493095,136,32.0,2.0,4.0,8.0,0.0,True,,1.245475061749223,419.9830950564577,1948.2960758958566,764.0593467577495,878.8809555407801,554.1649428914704,0.0,61,False
3136144,13,RM,1298.8640505972378,1948.2960758958566,974.1480379479283,324.7160126493095,137,32.0,2.0,4.0,8.0,0.01,True,,1.4419890145345478,292.68908357298125,1948.2960758958566,827.591252223843,1006.1749670242566,556.3658006827643,0.0,61,False
3136144,13,RM,1298.8640505972378,1948.2960758958566,974.1480379479283,324.7160126493095,138,32.0,2.0,4.0,16.0,0.0,True,,0.578437599521501,791.2874768086264,1948.2960758958566,578.3860218804537,507.57657378861137,182.86056113930192,0.0,61,False
3136144,13,RM,1298.8640505972378,1948.2960758958566,974.1480379479283,324.7160126493095,139,32.0,2.0,4.0,16.0,0.01,True,,1.0420181864025326,489.8391309300664,1948.2960758958566,729.0751850381743,809.0249196671714,180.62498199468524,0.0,61,False
3136144,13,RM,1298.8640505972378,1948.2960758958566,974.1480379479283,324.7160126493095,140,32.0,2.0,4.0,32.0,0.0,True,,0.24983025510331755,974.1480379479283,1948.2960758958566,486.7433056578543,324.71601264930945,0.0,0.0,61,False
3136144,13,RM,1298.8640505972378,1948.2960758958566,974.1480379479283,324.7160126493095,141,32.0,2.0,4.0,32.0,0.01,True,,0.986758315110103,495.67167645836025,1948.2960758958566,726.3064494627008,803.1923741388775,0.0,0.0,61,False
3136144,13,RM,1298.8640505972378,1948.2960758958566,974.1480379479283,324.7160126493095,142,32.0,2.0,4.0,64.0,0.0,True,,0.24983025510331752,974.1480379479283,1948.2960758958566,486.7433056578543,324.7160126493095,0.0,0.0,61,False
3136144,13,RM,1298.8640505972378,1948.2960758958566,974.1480379479283,324.7160126493095,143,32.0,2.0,4.0,64.0,0.01,True,,1.1776181003693411,371.67735100583513,1948.2960758958566,788.1720064982874,927.1866995914027,0.0,0.0,61,False
2355533,14,Los Rios,7113.351371397601,10670.027057096402,5335.0135285482,1778.3378428494013,0,8.0,1.0,1.0,8.0,0.0,True,,0.24947480493085533,5335.013528548201,10670.027057096402,2661.9029186760704,1778.3378428494007,0.0,0.0,1334,False
2355533,14,Los Rios,7113.351371397601,10670.027057096402,5335.0135285482,1778.3378428494013,1,8.0,1.0,1.0,8.0,0.01,True,,0.2982157724638073,5162.110788497814,10670.027057096402,2749.713510915761,1951.2405828997876,0.0,0.0,1334,False
2355533,14,Los Rios,7113.351371397601,10670.027057096402,5335.0135285482,1778.3378428494013,2,8.0,1.0,1.0,16.0,0.0,True,,0.24999448797700363,5335.013528548201,10670.027057096402,2667.447950839587,1778.3378428494007,0.0,0.0,1334,False
2355533,14,Los Rios,7113.351371397601,10670.027057096402,5335.0135285482,1778.3378428494013,3,8.0,1.0,1.0,16.0,0.01,True,,0.3297168303748517,5051.414078527742,10670.027057096402,2809.0888762285867,2061.9372928698594,0.0,0.0,1334,False
2355533,14,Los Rios,7113.351371397601,10670.027057096402,5335.0135285482,1778.3378428494013,4,8.0,1.0,1.0,32.0,0.0,True,,0.24999448797700363,5335.013528548201,10670.027057096402,2667.447950839587,1778.3378428494007,0.0,0.0,1334,False
2355533,14,Los Rios,7113.351371397601,10670.027057096402,5335.0135285482,1778.3378428494013,5,8.0,1.0,1.0,32.0,0.01,True,,0.3879259338166941,4844.307556811419,10670.027057096402,2912.415280631561,2269.043814586182,0.0,0.0,1334,False
2355533,14,Los Rios,7113.351371397601,10670.027057096402,5335.0135285482,1778.3378428494013,6,8.0,1.0,1.0,64.0,0.0,True,,0.24999448797700363,5335.013528548201,10670.027057096402,2667.447950839587,1778.3378428494007,0.0,0.0,1334,False
2355533,14,Los Rios,7113.351371397601,10670.027057096402,5335.0135285482,1778.3378428494013,7,8.0,1.0,1.0,64.0,0.01,True,,0.4960964779128076,4459.544334140492,10670.027057096402,3104.6898562406122,2653.80703725711,0.0,0.0,1334,False
2355533,14,Los Rios,7113.351371397601,10670.027057096402,5335.0135285482,1778.3378428494013,8,8.0,1.0,2.0,8.0,0.0,True,,0.2449066212058684,5335.013528548201,10670.027057096402,2613.1602747286724,1778.3378428494007,0.0,0.0,1334,False
2355533,14,Los Rios,7113.351371397601,10670.027057096402,5335.0135285482,1778.3378428494013,9,8.0,1.0,2.0,8.0,0.01,True,,0.29373744839543414,5163.785974726388,10670.027057096402,2706.11763750721,1949.5653966712127,0.0,0.0,1334,False
2355533,14,Los Rios,7113.351371397601,10670.027057096402,5335.0135285482,1778.3378428494013,10,8.0,1.0,2.0,16.0,0.0,True,,0.24909518803996183,5335.013528548201,10670.027057096402,2657.852396178906,1778.3378428494007,0.0,0.0,1334,False
2355533,14,Los Rios,7113.351371397601,10670.027057096402,5335.0135285482,1778.3378428494013,11,8.0,1.0,2.0,16.0,0.01,True,,0.3275273476027509,5055.376656497534,10670.027057096402,2795.6334807337043,2057.9747149000677,0.0,0.0,1334,False
2355533,14,Los Rios,7113.351371397601,10670.027057096402,5335.0135285482,1778.3378428494013,12,8.0,1.0,2.0,32.0,0.0,True,,0.24999448797700363,5335.013528548201,10670.027057096402,2667.447950839587,1778.3378428494007,0.0,0.0,1334,False
2355533,14,Los Rios,7113.351371397601,10670.027057096402,5335.0135285482,1778.3378428494013,13,8.0,1.0,2.0,32.0,0.01,True,,0.38591135517641445,4851.357195498324,10670.027057096402,2908.5437687483895,2261.9941758992777,0.0,0.0,1334,False
2355533,14,Los Rios,7113.351371397601,10670.027057096402,5335.0135285482,1778.3378428494013,14,8.0,1.0,2.0,64.0,0.0,True,,0.24999448797700363,5335.013528548201,10670.027057096402,2667.447950839587,1778.3378428494007,0.0,0.0,1334,False
2355533,14,Los Rios,7113.351371397601,10670.027057096402,5335.0135285482,1778.3378428494013,15,8.0,1.0,2.0,64.0,0.01,True,,0.49317447199732045,4469.823447364608,10670.027057096402,3099.20975712166,2643.5279240329937,0.0,0.0,1334,False
2355533,14,Los Rios,7113.351371397601,10670.027057096402,5335.0135285482,1778.3378428494013,16,8.0,1.0,4.0,8.0,0.0,True,,0.23001168140638972,5335.013528548201,10670.027057096402,2454.230864054413,1778.3378428494007,0.0,0.0,1334,False
2355533,14,Los Rios,7113.351371397601,10670.027057096402,5335.0135285482,1778.3378428494013,17,8.0,1.0,4.0,8.0,0.01,True,,0.2803348139126514,5156.286679285762,10670.027057096402,2544.36292633798,1957.0646921118396,0.0,0.0,1334,False
2355533,14,Los Rios,7113.351371397601,10670.027057096402,5335.0135285482,1778.3378428494013,18,8.0,1.0,4.0,16.0,0.0,True,,0.23290149758642714,5335.013528548201,10670.027057096402,2485.065280885447,1778.3378428494007,0.0,0.0,1334,False
2355533,14,Los Rios,7113.351371397601,10670.027057096402,5335.0135285482,1778.3378428494013,19,8.0,1.0,4.0,16.0,0.01,True,,0.2981952248090186,5100.359889615478,10670.027057096402,2595.117019677367,2012.9914817821236,0.0,0.0,1334,False
2355533,14,Los Rios,7113.351371397601,10670.027057096402,5335.0135285482,1778.3378428494013,20,8.0,1.0,4.0,32.0,0.0,True,,0.23409613917751723,5335.013528548201,10670.027057096402,2497.812138985911,1778.3378428494007,0.0,0.0,1334,False
2355533,14,Los Rios,7113.351371397601,10670.027057096402,5335.0135285482,1778.3378428494013,21,8.0,1.0,4.0,32.0,0.01,True,,0.3254385191304273,5007.276556490744,10670.027057096402,2653.0953743994028,2106.074814906858,0.0,0.0,1334,False
2355533,14,Los Rios,7113.351371397601,10670.027057096402,5335.0135285482,1778.3378428494013,22,8.0,1.0,4.0,64.0,0.0,True,,0.23433832458086445,5335.013528548201,10670.027057096402,2500.3962637924596,1778.3378428494007,0.0,0.0,1334,False
2355533,14,Los Rios,7113.351371397601,10670.027057096402,5335.0135285482,1778.3378428494013,23,8.0,1.0,4.0,64.0,0.01,True,,0.3650327740995982,4867.4666975421715,10670.027057096402,2726.042498854599,2245.8846738554303,0.0,0.0,1334,False
2355533,14,Los Rios,7113.351371397601,10670.027057096402,5335.0135285482,1778.3378428494013,24,8.0,2.0,1.0,8.0,0.0,True,,0.24219794395384464,5335.013528548201,10670.027057096402,2584.2586151606374,1778.3378428494007,0.0,0.0,1334,False
2355533,14,Los Rios,7113.351371397601,10670.027057096402,5335.0135285482,1778.3378428494013,25,8.0,2.0,1.0,8.0,0.01,True,,0.28550314034762764,5185.878187207627,10670.027057096402,2673.487879043744,1927.473184189975,0.0,0.0,1334,False
2355533,14,Los Rios,7113.351371397601,10670.027057096402,5335.0135285482,1778.3378428494013,26,8.0,2.0,1.0,16.0,0.0,True,,0.24804435936235042,5335.013528548201,10670.027057096402,2646.640025756419,1778.3378428494007,0.0,0.0,1334,False
2355533,14,Los Rios,7113.351371397601,10670.027057096402,5335.0135285482,1778.3378428494013,27,8.0,2.0,1.0,16.0,0.01,True,,0.3199257844170051,5081.61048403083,10670.027057096402,2780.109164698808,2031.740887366772,0.0,0.0,1334,False
2355533,14,Los Rios,7113.351371397601,10670.027057096402,5335.0135285482,1778.3378428494013,28,8.0,2.0,1.0,32.0,0.0,True,,0.24999448797700363,5335.013528548201,10670.027057096402,2667.447950839587,1778.3378428494007,0.0,0.0,1334,False
2355533,14,Los Rios,7113.351371397601,10670.027057096402,5335.0135285482,1778.3378428494013,29,8.0,2.0,1.0,32.0,0.01,True,,0.37942797993867267,4874.603099613488,10670.027057096402,2897.480739828287,2238.7482717841135,0.0,0.0,1334,False
2355533,14,Los Rios,7113.351371397601,10670.027057096402,5335.0135285482,1778.3378428494013,30,8.0,2.0,1.0,64.0,0.0,True,,0.24999448797700363,5335.013528548201,10670.027057096402,2667.447950839587,1778.3378428494007,0.0,0.0,1334,False
2355533,14,Los Rios,7113.351371397601,10670.027057096402,5335.0135285482,1778.3378428494013,31,8.0,2.0,1.0,64.0,0.01,True,,0.48517658404584385,4498.48251480495,10670.027057096402,3085.519744880636,2614.8688565926504,0.0,0.0,1334,False
2355533,14,Los Rios,7113.351371397601,10670.027057096402,5335.0135285482,1778.3378428494013,32,8.0,2.0,2.0,8.0,0.0,True,,0.24219794395384464,5335.013528548201,10670.027057096402,2584.2586151606374,1778.3378428494007,0.0,0.0,1334,False
2355533,14,Los Rios,7113.351371397601,10670.027057096402,5335.0135285482,1778.3378428494013,33,8.0,2.0,2.0,8.0,0.01,True,,0.28550314034762764,5185.878187207627,10670.027057096402,2673.487879043744,1927.473184189975,0.0,0.0,1334,False
2355533,14,Los Rios,7113.351371397601,10670.027057096402,5335.0135285482,1778.3378428494013,34,8.0,2.0,2.0,16.0,0.0,True,,0.24804435936235042,5335.013528548201,10670.027057096402,2646.640025756419,1778.3378428494007,0.0,0.0,1334,False
2355533,14,Los Rios,7113.351371397601,10670.027057096402,5335.0135285482,1778.3378428494013,35,8.0,2.0,2.0,16.0,0.01,True,,0.3199257844170051,5081.61048403083,10670.027057096402,2780.109164698808,2031.740887366772,0.0,0.0,1334,False
2355533,14,Los Rios,7113.351371397601,10670.027057096402,5335.0135285482,1778.3378428494013,36,8.0,2.0,2.0,32.0,0.0,True,,0.24999448797700363,5335.013528548201,10670.027057096402,2667.447950839587,1778.3378428494007,0.0,0.0,1334,False
2355533,14,Los Rios,7113.351371397601,10670.027057096402,5335.0135285482,1778.3378428494013,37,8.0,2.0,2.0,32.0,0.01,True,,0.37942797993867267,4874.603099613488,10670.027057096402,2897.480739828287,2238.7482717841135,0.0,0.0,1334,False
2355533,14,Los Rios,7113.351371397601,10670.027057096402,5335.0135285482,1778.3378428494013,38,8.0,2.0,2.0,64.0,0.0,True,,0.24999448797700363,5335.013528548201,10670.027057096402,2667.447950839587,1778.3378428494007,0.0,0.0,1334,False
2355533,14,Los Rios,7113.351371397601,10670.027057096402,5335.0135285482,1778.3378428494013,39,8.0,2.0,2.0,64.0,0.01,True,,0.48517658404584385,4498.48251480495,10670.027057096402,3085.519744880636,2614.8688565926504,0.0,0.0,1334,False
2355533,14,Los Rios,7113.351371397601,10670.027057096402,5335.0135285482,1778.3378428494013,40,8.0,2.0,4.0,8.0,0.0,True,,0.22840917568030775,5335.013528548201,10670.027057096402,2437.1320845979662,1778.3378428494007,0.0,0.0,1334,True
2355533,14,Los Rios,7113.351371397601,10670.027057096402,5335.0135285482,1778.3378428494013,41,8.0,2.0,4.0,8.0,0.01,True,,0.2715389402202367,5182.215868436291,10670.027057096402,2515.3336889254347,1931.1355029613107,0.0,0.0,1334,False
2355533,14,Los Rios,7113.351371397601,10670.027057096402,5335.0135285482,1778.3378428494013,42,8.0,2.0,4.0,16.0,0.0,True,,0.23137507986984998,5335.013528548201,10670.027057096402,2468.7783625491375,1778.3378428494007,0.0,0.0,1334,False
2355533,14,Los Rios,7113.351371397601,10670.027057096402,5335.0135285482,1778.3378428494013,43,8.0,2.0,4.0,16.0,0.01,True,,0.2904610144824583,5123.7126754054725,10670.027057096402,2570.9747507026796,1989.6386959921292,0.0,0.0,1334,False
2355533,14,Los Rios,7113.351371397601,10670.027057096402,5335.0135285482,1778.3378428494013,44,8.0,2.0,4.0,32.0,0.0,True,,0.23212729838611335,5335.013528548201,10670.027057096402,2476.8045544705165,1778.3378428494007,0.0,0.0,1334,False
2355533,14,Los Rios,7113.351371397601,10670.027057096402,5335.0135285482,1778.3378428494013,45,8.0,2.0,4.0,32.0,0.01,True,,0.31757781347418024,5029.947858118844,10670.027057096402,2625.899686429626,2083.4035132787576,0.0,0.0,1334,False
2355533,14,Los Rios,7113.351371397601,10670.027057096402,5335.0135285482,1778.3378428494013,46,8.0,2.0,4.0,64.0,0.0,True,,0.2326909176465381,5335.013528548201,10670.027057096402,2482.8183872291493,1778.3378428494007,0.0,0.0,1334,False
2355533,14,Los Rios,7113.351371397601,10670.027057096402,5335.0135285482,1778.3378428494013,47,8.0,2.0,4.0,64.0,0.01,True,,0.3574327549459281,4889.495224835987,10670.027057096402,2700.0214070850257,2223.8561465616153,0.0,0.0,1334,False
2355533,14,Los Rios,7113.351371397601,10670.027057096402,5335.0135285482,1778.3378428494013,48,16.0,1.0,1.0,8.0,0.0,True,,0.5341923761130515,4468.344077554968,10670.027057096402,3099.8387538411794,2645.0072938426333,866.6694509932329,0.0,667,False
2355533,14,Los Rios,7113.351371397601,10670.027057096402,5335.0135285482,1778.3378428494013,49,16.0,1.0,1.0,8.0,0.01,True,,0.5953941725129324,4250.765580258307,10670.027057096402,3209.3246450360234,2862.5857911392945,865.8548291795056,0.0,667,False
2355533,14,Los Rios,7113.351371397601,10670.027057096402,5335.0135285482,1778.3378428494013,50,16.0,1.0,1.0,16.0,0.0,True,,0.24999448797700363,5335.013528548201,10670.027057096402,2667.447950839587,1778.3378428494007,0.0,0.0,667,False
2355533,14,Los Rios,7113.351371397601,10670.027057096402,5335.0135285482,1778.3378428494013,51,16.0,1.0,1.0,16.0,0.01,True,,0.35881130014503193,4947.804939732848,10670.027057096402,2860.504808901047,2165.5464316647535,0.0,0.0,667,False
2355533,14,Los Rios,7113.351371397601,10670.027057096402,5335.0135285482,1778.3378428494013,52,16.0,1.0,1.0,32.0,0.0,True,,0.24999448797700363,5335.013528548201,10670.027057096402,2667.447950839587,1778.3378428494007,0.0,0.0,667,False
2355533,14,Los Rios,7113.351371397601,10670.027057096402,5335.0135285482,1778.3378428494013,53,16.0,1.0,1.0,32.0,0.01,True,,0.41681552432954905,4741.699086585901,10670.027057096402,2964.146817508363,2371.6522848117,0.0,0.0,667,False
2355533,14,Los Rios,7113.351371397601,10670.027057096402,5335.0135285482,1778.3378428494013,54,16.0,1.0,1.0,64.0,0.0,True,,0.24999448797700363,5335.013528548201,10670.027057096402,2667.447950839587,1778.3378428494007,0.0,0.0,667,False
2355533,14,Los Rios,7113.351371397601,10670.027057096402,5335.0135285482,1778.3378428494013,55,16.0,1.0,1.0,64.0,0.01,True,,0.5210209192503826,4371.068694104368,10670.027057096402,3149.4452196052416,2742.282677293233,0.0,0.0,667,False
2355533,14,Los Rios,7113.351371397601,10670.027057096402,5335.0135285482,1778.3378428494013,56,16.0,1.0,2.0,8.0,0.0,True,,0.5341923761130515,4468.344077554968,10670.027057096402,3099.8387538411794,2645.0072938426333,866.6694509932329,0.0,667,False
2355533,14,Los Rios,7113.351371397601,10670.027057096402,5335.0135285482,1778.3378428494013,57,16.0,1.0,2.0,8.0,0.01,True,,0.5953941725129324,4250.765580258307,10670.027057096402,3209.3246450360234,2862.5857911392945,865.8548291795056,0.0,667,False
2355533,14,Los Rios,7113.351371397601,10670.027057096402,5335.0135285482,1778.3378428494013,58,16.0,1.0,2.0,16.0,0.0,True,,0.24999448797700363,5335.013528548201,10670.027057096402,2667.447950839587,1778.3378428494007,0.0,0.0,667,False
2355533,14,Los Rios,7113.351371397601,10670.027057096402,5335.0135285482,1778.3378428494013,59,16.0,1.0,2.0,16.0,0.01,True,,0.35881130014503193,4947.804939732848,10670.027057096402,2860.504808901047,2165.5464316647535,0.0,0.0,667,False
2355533,14,Los Rios,7113.351371397601,10670.027057096402,5335.0135285482,1778.3378428494013,60,16.0,1.0,2.0,32.0,0.0,True,,0.24999448797700363,5335.013528548201,10670.027057096402,2667.447950839587,1778.3378428494007,0.0,0.0,667,False
2355533,14,Los Rios,7113.351371397601,10670.027057096402,5335.0135285482,1778.3378428494013,61,16.0,1.0,2.0,32.0,0.01,True,,0.41681552432954905,4741.699086585901,10670.027057096402,2964.146817508363,2371.6522848117,0.0,0.0,667,False
2355533,14,Los Rios,7113.351371397601,10670.027057096402,5335.0135285482,1778.3378428494013,62,16.0,1.0,2.0,64.0,0.0,True,,0.24999448797700363,5335.013528548201,10670.027057096402,2667.447950839587,1778.3378428494007,0.0,0.0,667,False
2355533,14,Los Rios,7113.351371397601,10670.027057096402,5335.0135285482,1778.3378428494013,63,16.0,1.0,2.0,64.0,0.01,True,,0.5210209192503826,4371.068694104368,10670.027057096402,3149.4452196052416,2742.282677293233,0.0,0.0,667,False
2355533,14,Los Rios,7113.351371397601,10670.027057096402,5335.0135285482,1778.3378428494013,64,16.0,1.0,4.0,8.0,0.0,True,,0.4877405258031868,4599.915781931932,10670.027057096402,2998.9113673136226,2513.4355894656696,735.0977466162691,0.0,667,False
2355533,14,Los Rios,7113.351371397601,10670.027057096402,5335.0135285482,1778.3378428494013,65,16.0,1.0,4.0,8.0,0.01,True,,0.549662487426611,4378.475818744963,10670.027057096402,3105.147356959691,2734.8755526526384,736.8439632901321,0.0,667,False
2355533,14,Los Rios,7113.351371397601,10670.027057096402,5335.0135285482,1778.3378428494013,66,16.0,1.0,4.0,16.0,0.0,True,,0.24945454670147993,5335.013528548201,10670.027057096402,2661.686762820506,1778.3378428494007,0.0,0.0,667,False
2355533,14,Los Rios,7113.351371397601,10670.027057096402,5335.0135285482,1778.3378428494013,67,16.0,1.0,4.0,16.0,0.01,True,,0.35622970025104717,4955.057547869015,10670.027057096402,2851.090588522052,2158.293823528586,0.0,0.0,667,False
2355533,14,Los Rios,7113.351371397601,10670.027057096402,5335.0135285482,1778.3378428494013,68,16.0,1.0,4.0,32.0,0.0,True,,0.24999448797700363,5335.013528548201,10670.027057096402,2667.447950839587,1778.3378428494007,0.0,0.0,667,False
2355533,14,Los Rios,7113.351371397601,10670.027057096402,5335.0135285482,1778.3378428494013,69,16.0,1.0,4.0,32.0,0.01,True,,0.4144429727367298,4749.934501926411,10670.027057096402,2959.4201661699,2363.4168694711902,0.0,0.0,667,False
2355533,14,Los Rios,7113.351371397601,10670.027057096402,5335.0135285482,1778.3378428494013,70,16.0,1.0,4.0,64.0,0.0,True,,0.24999448797700363,5335.013528548201,10670.027057096402,2667.447950839587,1778.3378428494007,0.0,0.0,667,False
2355533,14,Los Rios,7113.351371397601,10670.027057096402,5335.0135285482,1778.3378428494013,71,16.0,1.0,4.0,64.0,0.01,True,,0.5182790501084386,4380.768333997434,10670.027057096402,3144.4385014063446,2732.5830374001675,0.0,0.0,667,False
2355533,14,Los Rios,7113.351371397601,10670.027057096402,5335.0135285482,1778.3378428494013,72,16.0,2.0,1.0,8.0,0.0,True,,0.30633201332611776,5162.146523632832,10670.027057096402,2749.9698558983873,1951.2048477647693,172.86700491536863,0.0,667,False
2355533,14,Los Rios,7113.351371397601,10670.027057096402,5335.0135285482,1778.3378428494013,73,16.0,2.0,1.0,8.0,0.01,True,,0.37342344837488395,4924.427363949253,10670.027057096402,2871.1418351388975,2188.924007448348,173.6621025559732,0.0,667,False
2355533,14,Los Rios,7113.351371397601,10670.027057096402,5335.0135285482,1778.3378428494013,74,16.0,2.0,1.0,16.0,0.0,True,,0.24999448797700363,5335.013528548201,10670.027057096402,2667.447950839587,1778.3378428494007,0.0,0.0,667,False
2355533,14,Los Rios,7113.351371397601,10670.027057096402,5335.0135285482,1778.3378428494013,75,16.0,2.0,1.0,16.0,0.01,True,,0.35131001704243825,4974.610913956809,10670.027057096402,2847.480850793335,2138.7404574407924,0.0,0.0,667,False
2355533,14,Los Rios,7113.351371397601,10670.027057096402,5335.0135285482,1778.3378428494013,76,16.0,2.0,1.0,32.0,0.0,True,,0.24999448797700363,5335.013528548201,10670.027057096402,2667.447950839587,1778.3378428494007,0.0,0.0,667,False
2355533,14,Los Rios,7113.351371397601,10670.027057096402,5335.0135285482,1778.3378428494013,77,16.0,2.0,1.0,32.0,0.01,True,,0.40991722707321476,4766.112817871526,10670.027057096402,2951.5761273494463,2347.2385535260746,0.0,0.0,667,False
2355533,14,Los Rios,7113.351371397601,10670.027057096402,5335.0135285482,1778.3378428494013,78,16.0,2.0,1.0,64.0,0.0,True,,0.24999448797700363,5335.013528548201,10670.027057096402,2667.447950839587,1778.3378428494007,0.0,0.0,667,False
2355533,14,Los Rios,7113.351371397601,10670.027057096402,5335.0135285482,1778.3378428494013,79,16.0,2.0,1.0,64.0,0.01,True,,0.5143829174698269,4394.564097247802,10670.027057096402,3137.3560688602433,2718.787274149799,0.0,0.0,667,False
2355533,14,Los Rios,7113.351371397601,10670.027057096402,5335.0135285482,1778.3378428494013,80,16.0,2.0,2.0,8.0,0.0,True,,0.30633201332611776,5162.146523632832,10670.027057096402,2749.9698558983873,1951.2048477647693,172.86700491536863,0.0,667,False
2355533,14,Los Rios,7113.351371397601,10670.027057096402,5335.0135285482,1778.3378428494013,81,16.0,2.0,2.0,8.0,0.01,True,,0.37342344837488395,4924.427363949253,10670.027057096402,2871.1418351388975,2188.924007448348,173.6621025559732,0.0,667,False
2355533,14,Los Rios,7113.351371397601,10670.027057096402,5335.0135285482,1778.3378428494013,82,16.0,2.0,2.0,16.0,0.0,True,,0.24999448797700363,5335.013528548201,10670.027057096402,2667.447950839587,1778.3378428494007,0.0,0.0,667,False
2355533,14,Los Rios,7113.351371397601,10670.027057096402,5335.0135285482,1778.3378428494013,83,16.0,2.0,2.0,16.0,0.01,True,,0.35131001704243825,4974.610913956809,10670.027057096402,2847.480850793335,2138.7404574407924,0.0,0.0,667,False
2355533,14,Los Rios,7113.351371397601,10670.027057096402,5335.0135285482,1778.3378428494013,84,16.0,2.0,2.0,32.0,0.0,True,,0.24999448797700363,5335.013528548201,10670.027057096402,2667.447950839587,1778.3378428494007,0.0,0.0,667,False
2355533,14,Los Rios,7113.351371397601,10670.027057096402,5335.0135285482,1778.3378428494013,85,16.0,2.0,2.0,32.0,0.01,True,,0.40991722707321476,4766.112817871526,10670.027057096402,2951.5761273494463,2347.2385535260746,0.0,0.0,667,False
2355533,14,Los Rios,7113.351371397601,10670.027057096402,5335.0135285482,1778.3378428494013,86,16.0,2.0,2.0,64.0,0.0,True,,0.24999448797700363,5335.013528548201,10670.027057096402,2667.447950839587,1778.3378428494007,0.0,0.0,667,False
2355533,14,Los Rios,7113.351371397601,10670.027057096402,5335.0135285482,1778.3378428494013,87,16.0,2.0,2.0,64.0,0.01,True,,0.5143829174698269,4394.564097247802,10670.027057096402,3137.3560688602433,2718.787274149799,0.0,0.0,667,False
2355533,14,Los Rios,7113.351371397601,10670.027057096402,5335.0135285482,1778.3378428494013,88,16.0,2.0,4.0,8.0,0.0,True,,0.3075597038786182,5153.668900998727,10670.027057096402,2737.6364794089914,1959.682470398875,181.34462754947438,0.0,667,False
2355533,14,Los Rios,7113.351371397601,10670.027057096402,5335.0135285482,1778.3378428494013,89,16.0,2.0,4.0,8.0,0.01,True,,0.3726309062178747,4921.131996618011,10670.027057096402,2852.3417508073708,2192.21937477959,177.87254204446046,0.0,667,False
2355533,14,Los Rios,7113.351371397601,10670.027057096402,5335.0135285482,1778.3378428494013,90,16.0,2.0,4.0,16.0,0.0,True,,0.24945454670147993,5335.013528548201,10670.027057096402,2661.686762820506,1778.3378428494007,0.0,0.0,667,False
2355533,14,Los Rios,7113.351371397601,10670.027057096402,5335.0135285482,1778.3378428494013,91,16.0,2.0,4.0,16.0,0.01,True,,0.34933374176333376,4978.97728110493,10670.027057096402,2837.3098579633215,2134.374090292672,0.0,0.0,667,False
2355533,14,Los Rios,7113.351371397601,10670.027057096402,5335.0135285482,1778.3378428494013,92,16.0,2.0,4.0,32.0,0.0,True,,0.24999448797700363,5335.013528548201,10670.027057096402,2667.447950839587,1778.3378428494007,0.0,0.0,667,False
2355533,14,Los Rios,7113.351371397601,10670.027057096402,5335.0135285482,1778.3378428494013,93,16.0,2.0,4.0,32.0,0.01,True,,0.4084290579696196,4771.465770031705,10670.027057096402,2949.0797031489974,2341.885601365896,0.0,0.0,667,False
2355533,14,Los Rios,7113.351371397601,10670.027057096402,5335.0135285482,1778.3378428494013,94,16.0,2.0,4.0,64.0,0.0,True,,0.24999448797700363,5335.013528548201,10670.027057096402,2667.447950839587,1778.3378428494007,0.0,0.0,667,False
2355533,14,Los Rios,7113.351371397601,10670.027057096402,5335.0135285482,1778.3378428494013,95,16.0,2.0,4.0,64.0,0.01,True,,0.5119236393307265,4403.340274591786,10670.027057096402,3133.055947935074,2710.0110968058157,0.0,0.0,667,False
2355533,14,Los Rios,7113.351371397601,10670.027057096402,5335.0135285482,1778.3378428494013,96,32.0,1.0,1.0,8.0,0.0,True,,1.2708660978114101,2222.7052763479323,10670.027057096402,4223.250892993464,4890.6460950496685,3112.3082522002683,0.0,334,False
2355533,14,Los Rios,7113.351371397601,10670.027057096402,5335.0135285482,1778.3378428494013,97,32.0,1.0,1.0,8.0,0.01,True,,1.3159019032167174,2063.561746019233,10670.027057096402,4302.684073754977,5049.789625378368,3118.790763459262,0.0,334,False
2355533,14,Los Rios,7113.351371397601,10670.027057096402,5335.0135285482,1778.3378428494013,98,32.0,1.0,1.0,16.0,0.0,True,,0.6097823792237537,4238.137662335956,10670.027057096402,3215.7668866213353,2875.213709061646,1096.8758662122457,0.0,334,False
2355533,14,Los Rios,7113.351371397601,10670.027057096402,5335.0135285482,1778.3378428494013,99,32.0,1.0,1.0,16.0,0.01,True,,0.7344316523534214,3796.016261477842,10670.027057096402,3436.7798207772594,3317.3351099197594,1104.2652274917382,0.0,334,False
2355533,14,Los Rios,7113.351371397601,10670.027057096402,5335.0135285482,1778.3378428494013,100,32.0,1.0,1.0,32.0,0.0,True,,0.24999448797700363,5335.013528548201,10670.027057096402,2667.447950839587,1778.3378428494007,0.0,0.0,334,False
2355533,14,Los Rios,7113.351371397601,10670.027057096402,5335.0135285482,1778.3378428494013,101,32.0,1.0,1.0,32.0,0.01,True,,0.46830253977521785,4558.39288505683,10670.027057096402,3055.2491615801123,2554.9584863407717,0.0,0.0,334,False
2355533,14,Los Rios,7113.351371397601,10670.027057096402,5335.0135285482,1778.3378428494013,102,32.0,1.0,1.0,64.0,0.0,True,,0.24999448797700363,5335.013528548201,10670.027057096402,2667.447950839587,1778.3378428494007,0.0,0.0,334,False
2355533,14,Los Rios,7113.351371397601,10670.027057096402,5335.0135285482,1778.3378428494013,103,32.0,1.0,1.0,64.0,0.01,True,,0.5679996856959103,4203.965215181835,10670.027057096402,3232.9512313817027,2909.386156215766,0.0,0.0,334,False
2355533,14,Los Rios,7113.351371397601,10670.027057096402,5335.0135285482,1778.3378428494013,104,32.0,1.0,2.0,8.0,0.0,True,,1.2708660978114101,2222.7052763479323,10670.027057096402,4223.250892993464,4890.6460950496685,3112.3082522002683,0.0,334,False
2355533,14,Los Rios,7113.351371397601,10670.027057096402,5335.0135285482,1778.3378428494013,105,32.0,1.0,2.0,8.0,0.01,True,,1.3159019032167174,2063.561746019233,10670.027057096402,4302.684073754977,5049.789625378368,3118.790763459262,0.0,334,False
2355533,14,Los Rios,7113.351371397601,10670.027057096402,5335.0135285482,1778.3378428494013,106,32.0,1.0,2.0,16.0,0.0,True,,0.6097823792237537,4238.137662335956,10670.027057096402,3215.7668866213353,2875.213709061646,1096.8758662122457,0.0,334,False
2355533,14,Los Rios,7113.351371397601,10670.027057096402,5335.0135285482,1778.3378428494013,107,32.0,1.0,2.0,16.0,0.01,True,,0.7344316523534214,3796.016261477842,10670.027057096402,3436.7798207772594,3317.3351099197594,1104.2652274917382,0.0,334,False
2355533,14,Los Rios,7113.351371397601,10670.027057096402,5335.0135285482,1778.3378428494013,108,32.0,1.0,2.0,32.0,0.0,True,,0.24999448797700363,5335.013528548201,10670.027057096402,2667.447950839587,1778.3378428494007,0.0,0.0,334,False
2355533,14,Los Rios,7113.351371397601,10670.027057096402,5335.0135285482,1778.3378428494013,109,32.0,1.0,2.0,32.0,0.01,True,,0.46830253977521785,4558.39288505683,10670.027057096402,3055.2491615801123,2554.9584863407717,0.0,0.0,334,False
2355533,14,Los Rios,7113.351371397601,10670.027057096402,5335.0135285482,1778.3378428494013,110,32.0,1.0,2.0,64.0,0.0,True,,0.24999448797700363,5335.013528548201,10670.027057096402,2667.447950839587,1778.3378428494007,0.0,0.0,334,False
2355533,14,Los Rios,7113.351371397601,10670.027057096402,5335.0135285482,1778.3378428494013,111,32.0,1.0,2.0,64.0,0.01,True,,0.5679996856959103,4203.965215181835,10670.027057096402,3232.9512313817027,2909.386156215766,0.0,0.0,334,False
2355533,14,Los Rios,7113.351371397601,10670.027057096402,5335.0135285482,1778.3378428494013,112,32.0,1.0,4.0,8.0,0.0,True,,1.2544381872615886,2270.4156050410816,10670.027057096402,4191.095629014757,4842.93576635652,3064.5979235071195,0.0,334,False
2355533,14,Los Rios,7113.351371397601,10670.027057096402,5335.0135285482,1778.3378428494013,113,32.0,1.0,4.0,8.0,0.01,True,,1.2976964080086024,2115.9230009354824,10670.027057096402,4265.352776329903,4997.428370462119,3066.7533799738035,0.0,334,False
2355533,14,Los Rios,7113.351371397601,10670.027057096402,5335.0135285482,1778.3378428494013,114,32.0,1.0,4.0,16.0,0.0,True,,0.6097823792237537,4238.137662335956,10670.027057096402,3215.7668866213353,2875.213709061646,1096.8758662122457,0.0,334,False
2355533,14,Los Rios,7113.351371397601,10670.027057096402,5335.0135285482,1778.3378428494013,115,32.0,1.0,4.0,16.0,0.01,True,,0.7344316523534214,3796.016261477842,10670.027057096402,3436.7798207772594,3317.3351099197594,1104.2652274917382,0.0,334,False
2355533,14,Los Rios,7113.351371397601,10670.027057096402,5335.0135285482,1778.3378428494013,116,32.0,1.0,4.0,32.0,0.0,True,,0.24999448797700363,5335.013528548201,10670.027057096402,2667.447950839587,1778.3378428494007,0.0,0.0,334,False
2355533,14,Los Rios,7113.351371397601,10670.027057096402,5335.0135285482,1778.3378428494013,117,32.0,1.0,4.0,32.0,0.01,True,,0.46830253977521785,4558.39288505683,10670.027057096402,3055.2491615801123,2554.9584863407717,0.0,0.0,334,False
2355533,14,Los Rios,7113.351371397601,10670.027057096402,5335.0135285482,1778.3378428494013,118,32.0,1.0,4.0,64.0,0.0,True,,0.24999448797700363,5335.013528548201,10670.027057096402,2667.447950839587,1778.3378428494007,0.0,0.0,334,False
2355533,14,Los Rios,7113.351371397601,10670.027057096402,5335.0135285482,1778.3378428494013,119,32.0,1.0,4.0,64.0,0.01,True,,0.5679996856959103,4203.965215181835,10670.027057096402,3232.9512313817027,2909.386156215766,0.0,0.0,334,False
2355533,14,Los Rios,7113.351371397601,10670.027057096402,5335.0135285482,1778.3378428494013,120,32.0,2.0,1.0,8.0,0.0,True,,1.1301115712897665,2651.824026397678,10670.027057096402,4008.7525367479707,4461.527344999923,2683.1895021505225,0.0,334,False
2355533,14,Los Rios,7113.351371397601,10670.027057096402,5335.0135285482,1778.3378428494013,121,32.0,2.0,1.0,8.0,0.01,True,,1.1732054124437727,2494.307975698976,10670.027057096402,4087.6237023112744,4619.043395698625,2657.491819745322,0.0,334,False
2355533,14,Los Rios,7113.351371397601,10670.027057096402,5335.0135285482,1778.3378428494013,122,32.0,2.0,1.0,16.0,0.0,True,,0.44845728565079224,4729.982508034599,10670.027057096402,2969.9583103051577,2383.3688633630027,605.0310205136018,0.0,334,False
2355533,14,Los Rios,7113.351371397601,10670.027057096402,5335.0135285482,1778.3378428494013,123,32.0,2.0,1.0,16.0,0.01,True,,0.5786683462896002,4266.15351906365,10670.027057096402,3201.593884459431,2847.1978523339517,601.3260076489104,0.0,334,False
2355533,14,Los Rios,7113.351371397601,10670.027057096402,5335.0135285482,1778.3378428494013,124,32.0,2.0,1.0,32.0,0.0,True,,0.24999448797700363,5335.013528548201,10670.027057096402,2667.447950839587,1778.3378428494007,0.0,0.0,334,False
2355533,14,Los Rios,7113.351371397601,10670.027057096402,5335.0135285482,1778.3378428494013,125,32.0,2.0,1.0,32.0,0.01,True,,0.46278690001396444,4578.16165604132,10670.027057096402,3045.819063551567,2535.1897153562813,0.0,0.0,334,False
2355533,14,Los Rios,7113.351371397601,10670.027057096402,5335.0135285482,1778.3378428494013,126,32.0,2.0,1.0,64.0,0.0,True,,0.24999448797700363,5335.013528548201,10670.027057096402,2667.447950839587,1778.3378428494007,0.0,0.0,334,False
2355533,14,Los Rios,7113.351371397601,10670.027057096402,5335.0135285482,1778.3378428494013,127,32.0,2.0,1.0,64.0,0.01,True,,0.5634459567761527,4220.093173642483,10670.027057096402,3224.6827167488254,2893.2581977551185,0.0,0.0,334,False
2355533,14,Los Rios,7113.351371397601,10670.027057096402,5335.0135285482,1778.3378428494013,128,32.0,2.0,2.0,8.0,0.0,True,,1.1301115712897665,2651.824026397678,10670.027057096402,4008.7525367479707,4461.527344999923,2683.1895021505225,0.0,334,False
2355533,14,Los Rios,7113.351371397601,10670.027057096402,5335.0135285482,1778.3378428494013,129,32.0,2.0,2.0,8.0,0.01,True,,1.1732054124437727,2494.307975698976,10670.027057096402,4087.6237023112744,4619.043395698625,2657.491819745322,0.0,334,False
2355533,14,Los Rios,7113.351371397601,10670.027057096402,5335.0135285482,1778.3378428494013,130,32.0,2.0,2.0,16.0,0.0,True,,0.44845728565079224,4729.982508034599,10670.027057096402,2969.9583103051577,2383.3688633630027,605.0310205136018,0.0,334,False
2355533,14,Los Rios,7113.351371397601,10670.027057096402,5335.0135285482,1778.3378428494013,131,32.0,2.0,2.0,16.0,0.01,True,,0.5786683462896002,4266.15351906365,10670.027057096402,3201.593884459431,2847.1978523339517,601.3260076489104,0.0,334,False
2355533,14,Los Rios,7113.351371397601,10670.027057096402,5335.0135285482,1778.3378428494013,132,32.0,2.0,2.0,32.0,0.0,True,,0.24999448797700363,5335.013528548201,10670.027057096402,2667.447950839587,1778.3378428494007,0.0,0.0,334,False
2355533,14,Los Rios,7113.351371397601,10670.027057096402,5335.0135285482,1778.3378428494013,133,32.0,2.0,2.0,32.0,0.01,True,,0.46278690001396444,4578.16165604132,10670.027057096402,3045.819063551567,2535.1897153562813,0.0,0.0,334,False
2355533,14,Los Rios,7113.351371397601,10670.027057096402,5335.0135285482,1778.3378428494013,134,32.0,2.0,2.0,64.0,0.0,True,,0.24999448797700363,5335.013528548201,10670.027057096402,2667.447950839587,1778.3378428494007,0.0,0.0,334,False
2355533,14,Los Rios,7113.351371397601,10670.027057096402,5335.0135285482,1778.3378428494013,135,32.0,2.0,2.0,64.0,0.01,True,,0.5634459567761527,4220.093173642483,10670.027057096402,3224.6827167488254,2893.2581977551185,0.0,0.0,334,False
2355533,14,Los Rios,7113.351371397601,10670.027057096402,5335.0135285482,1778.3378428494013,136,32.0,2.0,4.0,8.0,0.0,True,,1.1301115712897665,2651.824026397678,10670.027057096402,4008.7525367479707,4461.527344999923,2683.1895021505225,0.0,334,False
2355533,14,Los Rios,7113.351371397601,10670.027057096402,5335.0135285482,1778.3378428494013,137,32.0,2.0,4.0,8.0,0.01,True,,1.1732054124437727,2494.307975698976,10670.027057096402,4087.6237023112744,4619.043395698625,2657.491819745322,0.0,334,False
2355533,14,Los Rios,7113.351371397601,10670.027057096402,5335.0135285482,1778.3378428494013,138,32.0,2.0,4.0,16.0,0.0,True,,0.44845728565079224,4729.982508034599,10670.027057096402,2969.9583103051577,2383.3688633630027,605.0310205136018,0.0,334,False
2355533,14,Los Rios,7113.351371397601,10670.027057096402,5335.0135285482,1778.3378428494013,139,32.0,2.0,4.0,16.0,0.01,True,,0.5786683462896002,4266.15351906365,10670.027057096402,3201.593884459431,2847.1978523339517,601.3260076489104,0.0,334,False
2355533,14,Los Rios,7113.351371397601,10670.027057096402,5335.0135285482,1778.3378428494013,140,32.0,2.0,4.0,32.0,0.0,True,,0.24999448797700363,5335.013528548201,10670.027057096402,2667.447950839587,1778.3378428494007,0.0,0.0,334,False
2355533,14,Los Rios,7113.351371397601,10670.027057096402,5335.0135285482,1778.3378428494013,141,32.0,2.0,4.0,32.0,0.01,True,,0.46278690001396444,4578.16165604132,10670.027057096402,3045.819063551567,2535.1897153562813,0.0,0.0,334,False
2355533,14,Los Rios,7113.351371397601,10670.027057096402,5335.0135285482,1778.3378428494013,142,32.0,2.0,4.0,64.0,0.0,True,,0.24999448797700363,5335.013528548201,10670.027057096402,2667.447950839587,1778.3378428494007,0.0,0.0,334,False
2355533,14,Los Rios,7113.351371397601,10670.027057096402,5335.0135285482,1778.3378428494013,143,32.0,2.0,4.0,64.0,0.01,True,,0.5634459567761527,4220.093173642483,10670.027057096402,3224.6827167488254,2893.2581977551185,0.0,0.0,334,False
45480,15,Arica y Parinacota,819.4778627252233,1229.2167940878348,614.6083970439174,204.86946568130588,0,8.0,1.0,1.0,8.0,0.0,True,,0.2498931402434031,614.6083970439174,1229.2167940878348,307.17284471453763,204.86946568130588,0.0,0.0,154,True
45480,15,Arica y Parinacota,819.4778627252233,1229.2167940878348,614.6083970439174,204.86946568130588,1,8.0,1.0,1.0,8.0,0.01,True,,0.6323458998158475,457.9021068588099,1229.2167940878348,385.5244742634544,361.5757558664135,0.0,0.0,154,False
45480,15,Arica y Parinacota,819.4778627252233,1229.2167940878348,614.6083970439174,204.86946568130588,2,8.0,1.0,1.0,16.0,0.0,True,,0.24989314024340312,614.6083970439174,1229.2167940878348,307.1728447145377,204.8694656813059,0.0,0.0,154,False
45480,15,Arica y Parinacota,819.4778627252233,1229.2167940878348,614.6083970439174,204.86946568130588,3,8.0,1.0,1.0,16.0,0.01,True,,0.7994824567039445,389.4560400188201,1229.2167940878348,419.8563697963457,430.0218227064032,0.0,0.0,154,False
45480,15,Arica y Parinacota,819.4778627252233,1229.2167940878348,614.6083970439174,204.86946568130588,4,8.0,1.0,1.0,32.0,0.0,True,,0.2498931402434031,614.6083970439174,1229.2167940878348,307.17284471453763,204.86946568130588,0.0,0.0,154,False
45480,15,Arica y Parinacota,819.4778627252233,1229.2167940878348,614.6083970439174,204.86946568130588,5,8.0,1.0,1.0,32.0,0.01,True,,1.0169985062997087,300.3029230117778,1229.2167940878348,464.34795842549573,519.1749397134454,0.0,0.0,154,False
45480,15,Arica y Parinacota,819.4778627252233,1229.2167940878348,614.6083970439174,204.86946568130588,6,8.0,1.0,1.0,64.0,0.0,True,,0.2498931402434031,614.6083970439174,1229.2167940878348,307.17284471453763,204.86946568130585,0.0,0.0,154,False
45480,15,Arica y Parinacota,819.4778627252233,1229.2167940878348,614.6083970439174,204.86946568130588,7,8.0,1.0,1.0,64.0,0.01,True,,1.200603021964002,225.05349463270795,1229.2167940878348,501.91414160273314,594.4243680925154,0.0,0.0,154,False
45480,15,Arica y Parinacota,819.4778627252233,1229.2167940878348,614.6083970439174,204.86946568130588,8,8.0,1.0,2.0,8.0,0.0,True,,0.2498931402434031,614.6083970439174,1229.2167940878348,307.17284471453763,204.86946568130588,0.0,0.0,154,False
45480,15,Arica y Parinacota,819.4778627252233,1229.2167940878348,614.6083970439174,204.86946568130588,9,8.0,1.0,2.0,8.0,0.01,True,,0.6323458998158475,457.9021068588099,1229.2167940878348,385.5244742634544,361.5757558664135,0.0,0.0,154,False
45480,15,Arica y Parinacota,819.4778627252233,1229.2167940878348,614.6083970439174,204.86946568130588,10,8.0,1.0,2.0,16.0,0.0,True,,0.24989314024340312,614.6083970439174,1229.2167940878348,307.1728447145377,204.8694656813059,0.0,0.0,154,False
45480,15,Arica y Parinacota,819.4778627252233,1229.2167940878348,614.6083970439174,204.86946568130588,11,8.0,1.0,2.0,16.0,0.01,True,,0.7994824567039445,389.4560400188201,1229.2167940878348,419.8563697963457,430.0218227064032,0.0,0.0,154,False
45480,15,Arica y Parinacota,819.4778627252233,1229.2167940878348,614.6083970439174,204.86946568130588,12,8.0,1.0,2.0,32.0,0.0,True,,0.2498931402434031,614.6083970439174,1229.2167940878348,307.17284471453763,204.86946568130588,0.0,0.0,154,False
45480,15,Arica y Parinacota,819.4778627252233,1229.2167940878348,614.6083970439174,204.86946568130588,13,8.0,1.0,2.0,32.0,0.01,True,,1.0169985062997087,300.3029230117778,1229.2167940878348,464.34795842549573,519.1749397134454,0.0,0.0,154,False
45480,15,Arica y Parinacota,819.4778627252233,1229.2167940878348,614.6083970439174,204.86946568130588,14,8.0,1.0,2.0,64.0,0.0,True,,0.2498931402434031,614.6083970439174,1229.2167940878348,307.17284471453763,204.86946568130585,0.0,0.0,154,False
45480,15,Arica y Parinacota,819.4778627252233,1229.2167940878348,614.6083970439174,204.86946568130588,15,8.0,1.0,2.0,64.0,0.01,True,,1.2006030219563093,225.0534946354097,1229.2167940878348,501.9141416000314,594.4243680898136,0.0,0.0,154,False
45480,15,Arica y Parinacota,819.4778627252233,1229.2167940878348,614.6083970439174,204.86946568130588,16,8.0,1.0,4.0,8.0,0.0,True,,0.2498931402434031,614.6083970439174,1229.2167940878348,307.17284471453763,204.86946568130588,0.0,0.0,154,False
45480,15,Arica y Parinacota,819.4778627252233,1229.2167940878348,614.6083970439174,204.86946568130588,17,8.0,1.0,4.0,8.0,0.01,True,,0.6323458998158475,457.9021068588099,1229.2167940878348,385.5244742634544,361.5757558664135,0.0,0.0,154,False
45480,15,Arica y Parinacota,819.4778627252233,1229.2167940878348,614.6083970439174,204.86946568130588,18,8.0,1.0,4.0,16.0,0.0,True,,0.24989314024340312,614.6083970439174,1229.2167940878348,307.1728447145377,204.8694656813059,0.0,0.0,154,False
45480,15,Arica y Parinacota,819.4778627252233,1229.2167940878348,614.6083970439174,204.86946568130588,19,8.0,1.0,4.0,16.0,0.01,True,,0.7994824567039445,389.4560400188201,1229.2167940878348,419.8563697963457,430.0218227064032,0.0,0.0,154,False
45480,15,Arica y Parinacota,819.4778627252233,1229.2167940878348,614.6083970439174,204.86946568130588,20,8.0,1.0,4.0,32.0,0.0,True,,0.2498931402434031,614.6083970439174,1229.2167940878348,307.17284471453763,204.86946568130588,0.0,0.0,154,False
45480,15,Arica y Parinacota,819.4778627252233,1229.2167940878348,614.6083970439174,204.86946568130588,21,8.0,1.0,4.0,32.0,0.01,True,,1.0169985062997087,300.30292301177786,1229.2167940878348,464.34795842549573,519.1749397134454,0.0,0.0,154,False
45480,15,Arica y Parinacota,819.4778627252233,1229.2167940878348,614.6083970439174,204.86946568130588,22,8.0,1.0,4.0,64.0,0.0,True,,0.2498931402434031,614.6083970439174,1229.2167940878348,307.17284471453763,204.86946568130585,0.0,0.0,154,False
45480,15,Arica y Parinacota,819.4778627252233,1229.2167940878348,614.6083970439174,204.86946568130588,23,8.0,1.0,4.0,64.0,0.01,True,,1.1933356081342334,228.07142501368267,1229.2167940878348,500.5257404260325,591.4064377115405,0.0,0.0,154,False
45480,15,Arica y Parinacota,819.4778627252233,1229.2167940878348,614.6083970439174,204.86946568130588,24,8.0,2.0,1.0,8.0,0.0,True,,0.2498931402434031,614.6083970439174,1229.2167940878348,307.17284471453763,204.86946568130588,0.0,0.0,154,False
45480,15,Arica y Parinacota,819.4778627252233,1229.2167940878348,614.6083970439174,204.86946568130588,25,8.0,2.0,1.0,8.0,0.01,True,,0.6315142061012099,458.2785435289553,1229.2167940878348,385.4432340572481,361.199319196268,0.0,0.0,154,False
45480,15,Arica y Parinacota,819.4778627252233,1229.2167940878348,614.6083970439174,204.86946568130588,26,8.0,2.0,1.0,16.0,0.0,True,,0.24989314024340312,614.6083970439174,1229.2167940878348,307.1728447145377,204.8694656813059,0.0,0.0,154,False
45480,15,Arica y Parinacota,819.4778627252233,1229.2167940878348,614.6083970439174,204.86946568130588,27,8.0,2.0,1.0,16.0,0.01,True,,0.7953745714363726,391.0841989496017,1229.2167940878348,418.8772855642143,428.3936637756216,0.0,0.0,154,False
45480,15,Arica y Parinacota,819.4778627252233,1229.2167940878348,614.6083970439174,204.86946568130588,28,8.0,2.0,1.0,32.0,0.0,True,,0.2498931402434031,614.6083970439174,1229.2167940878348,307.17284471453763,204.86946568130588,0.0,0.0,154,False
45480,15,Arica y Parinacota,819.4778627252233,1229.2167940878348,614.6083970439174,204.86946568130588,29,8.0,2.0,1.0,32.0,0.01,True,,1.0118942465069494,302.35408424695254,1229.2167940878348,463.20161965478525,517.1237784782708,0.0,0.0,154,False
45480,15,Arica y Parinacota,819.4778627252233,1229.2167940878348,614.6083970439174,204.86946568130588,30,8.0,2.0,1.0,64.0,0.0,True,,0.2498931402434031,614.6083970439174,1229.2167940878348,307.17284471453763,204.86946568130585,0.0,0.0,154,False
45480,15,Arica y Parinacota,819.4778627252233,1229.2167940878348,614.6083970439174,204.86946568130588,31,8.0,2.0,1.0,64.0,0.01,True,,1.2001689263386857,225.28671095703177,1229.2167940878348,501.96358478066367,594.1911517681915,0.0,0.0,154,False
45480,15,Arica y Parinacota,819.4778627252233,1229.2167940878348,614.6083970439174,204.86946568130588,32,8.0,2.0,2.0,8.0,0.0,True,,0.2498931402434031,614.6083970439174,1229.2167940878348,307.17284471453763,204.86946568130588,0.0,0.0,154,False
45480,15,Arica y Parinacota,819.4778627252233,1229.2167940878348,614.6083970439174,204.86946568130588,33,8.0,2.0,2.0,8.0,0.01,True,,0.6315142061012099,458.2785435289553,1229.2167940878348,385.4432340572481,361.199319196268,0.0,0.0,154,False
45480,15,Arica y Parinacota,819.4778627252233,1229.2167940878348,614.6083970439174,204.86946568130588,34,8.0,2.0,2.0,16.0,0.0,True,,0.24989314024340312,614.6083970439174,1229.2167940878348,307.1728447145377,204.8694656813059,0.0,0.0,154,False
45480,15,Arica y Parinacota,819.4778627252233,1229.2167940878348,614.6083970439174,204.86946568130588,35,8.0,2.0,2.0,16.0,0.01,True,,0.7953745714363726,391.0841989496017,1229.2167940878348,418.8772855642143,428.3936637756216,0.0,0.0,154,False
45480,15,Arica y Parinacota,819.4778627252233,1229.2167940878348,614.6083970439174,204.86946568130588,36,8.0,2.0,2.0,32.0,0.0,True,,0.2498931402434031,614.6083970439174,1229.2167940878348,307.17284471453763,204.86946568130588,0.0,0.0,154,False
45480,15,Arica y Parinacota,819.4778627252233,1229.2167940878348,614.6083970439174,204.86946568130588,37,8.0,2.0,2.0,32.0,0.01,True,,1.0118942465069494,302.35408424695254,1229.2167940878348,463.20161965478525,517.1237784782708,0.0,0.0,154,False
45480,15,Arica y Parinacota,819.4778627252233,1229.2167940878348,614.6083970439174,204.86946568130588,38,8.0,2.0,2.0,64.0,0.0,True,,0.2498931402434031,614.6083970439174,1229.2167940878348,307.17284471453763,204.86946568130585,0.0,0.0,154,False
45480,15,Arica y Parinacota,819.4778627252233,1229.2167940878348,614.6083970439174,204.86946568130588,39,8.0,2.0,2.0,64.0,0.01,True,,1.2001689263386857,225.28671095703177,1229.2167940878348,501.96358478066367,594.1911517681915,0.0,0.0,154,False
45480,15,Arica y Parinacota,819.4778627252233,1229.2167940878348,614.6083970439174,204.86946568130588,40,8.0,2.0,4.0,8.0,0.0,True,,0.2498931402434031,614.6083970439174,1229.2167940878348,307.17284471453763,204.86946568130588,0.0,0.0,154,False
45480,15,Arica y Parinacota,819.4778627252233,1229.2167940878348,614.6083970439174,204.86946568130588,41,8.0,2.0,4.0,8.0,0.01,True,,0.6315142061012099,458.2785435289553,1229.2167940878348,385.4432340572481,361.199319196268,0.0,0.0,154,False
45480,15,Arica y Parinacota,819.4778627252233,1229.2167940878348,614.6083970439174,204.86946568130588,42,8.0,2.0,4.0,16.0,0.0,True,,0.24989314024340312,614.6083970439174,1229.2167940878348,307.1728447145377,204.8694656813059,0.0,0.0,154,False
45480,15,Arica y Parinacota,819.4778627252233,1229.2167940878348,614.6083970439174,204.86946568130588,43,8.0,2.0,4.0,16.0,0.01,True,,0.7953745714363726,391.0841989496017,1229.2167940878348,418.8772855642143,428.3936637756216,0.0,0.0,154,False
45480,15,Arica y Parinacota,819.4778627252233,1229.2167940878348,614.6083970439174,204.86946568130588,44,8.0,2.0,4.0,32.0,0.0,True,,0.2498931402434031,614.6083970439174,1229.2167940878348,307.17284471453763,204.86946568130588,0.0,0.0,154,False
45480,15,Arica y Parinacota,819.4778627252233,1229.2167940878348,614.6083970439174,204.86946568130588,45,8.0,2.0,4.0,32.0,0.01,True,,1.0118942465069494,302.35408424695254,1229.2167940878348,463.20161965478525,517.1237784782708,0.0,0.0,154,False
45480,15,Arica y Parinacota,819.4778627252233,1229.2167940878348,614.6083970439174,204.86946568130588,46,8.0,2.0,4.0,64.0,0.0,True,,0.2498931402434031,614.6083970439174,1229.2167940878348,307.17284471453763,204.86946568130588,0.0,0.0,154,False
45480,15,Arica y Parinacota,819.4778627252233,1229.2167940878348,614.6083970439174,204.86946568130588,47,8.0,2.0,4.0,64.0,0.01,True,,1.1930051201539746,228.2127790504353,1229.2167940878348,500.4728841423358,591.265083674788,0.0,0.0,154,False
45480,15,Arica y Parinacota,819.4778627252233,1229.2167940878348,614.6083970439174,204.86946568130588,48,16.0,1.0,1.0,8.0,0.0,True,,0.6267428574712195,482.220166920295,1229.2167940878348,373.238155607354,337.2576958049283,132.3882301236224,0.0,77,False
45480,15,Arica y Parinacota,819.4778627252233,1229.2167940878348,614.6083970439174,204.86946568130588,49,16.0,1.0,1.0,8.0,0.01,True,,1.006054413917719,326.5407203273429,1229.2167940878348,451.1810856352076,492.93714239788034,130.61740785442078,0.0,77,False
45480,15,Arica y Parinacota,819.4778627252233,1229.2167940878348,614.6083970439174,204.86946568130588,50,16.0,1.0,1.0,16.0,0.0,True,,0.24989314024340312,614.6083970439174,1229.2167940878348,307.1728447145377,204.8694656813059,0.0,0.0,77,False
45480,15,Arica y Parinacota,819.4778627252233,1229.2167940878348,614.6083970439174,204.86946568130588,51,16.0,1.0,1.0,16.0,0.01,True,,0.9092538936237808,344.47046542984947,1229.2167940878348,442.3253270969352,475.0073972953738,0.0,0.0,77,False
45480,15,Arica y Parinacota,819.4778627252233,1229.2167940878348,614.6083970439174,204.86946568130588,52,16.0,1.0,1.0,32.0,0.0,True,,0.24989314024340312,614.6083970439174,1229.2167940878348,307.1728447145377,204.8694656813059,0.0,0.0,77,False
45480,15,Arica y Parinacota,819.4778627252233,1229.2167940878348,614.6083970439174,204.86946568130588,53,16.0,1.0,1.0,32.0,0.01,True,,1.0752757590197564,276.453679636206,1229.2167940878348,476.3602277433496,543.0241830890172,0.0,0.0,77,False
45480,15,Arica y Parinacota,819.4778627252233,1229.2167940878348,614.6083970439174,204.86946568130588,54,16.0,1.0,1.0,64.0,0.0,True,,0.2498931402434031,614.6083970439174,1229.2167940878348,307.17284471453763,204.86946568130585,0.0,0.0,77,False
45480,15,Arica y Parinacota,819.4778627252233,1229.2167940878348,614.6083970439174,204.86946568130588,55,16.0,1.0,1.0,64.0,0.01,True,,1.2365003493555964,210.38120961690947,1229.2167940878348,509.35902675585413,609.0966531083138,0.0,0.0,77,False
45480,15,Arica y Parinacota,819.4778627252233,1229.2167940878348,614.6083970439174,204.86946568130588,56,16.0,1.0,2.0,8.0,0.0,True,,0.6267428574712195,482.220166920295,1229.2167940878348,373.238155607354,337.2576958049283,132.3882301236224,0.0,77,False
45480,15,Arica y Parinacota,819.4778627252233,1229.2167940878348,614.6083970439174,204.86946568130588,57,16.0,1.0,2.0,8.0,0.01,True,,1.006054413917719,326.5407203273429,1229.2167940878348,451.1810856352076,492.93714239788034,130.61740785442078,0.0,77,False
45480,15,Arica y Parinacota,819.4778627252233,1229.2167940878348,614.6083970439174,204.86946568130588,58,16.0,1.0,2.0,16.0,0.0,True,,0.24989314024340312,614.6083970439174,1229.2167940878348,307.1728447145377,204.8694656813059,0.0,0.0,77,False
45480,15,Arica y Parinacota,819.4778627252233,1229.2167940878348,614.6083970439174,204.86946568130588,59,16.0,1.0,2.0,16.0,0.01,True,,0.9092538936237808,344.47046542984947,1229.2167940878348,442.3253270969352,475.0073972953738,0.0,0.0,77,False
45480,15,Arica y Parinacota,819.4778627252233,1229.2167940878348,614.6083970439174,204.86946568130588,60,16.0,1.0,2.0,32.0,0.0,True,,0.24989314024340312,614.6083970439174,1229.2167940878348,307.1728447145377,204.8694656813059,0.0,0.0,77,False
45480,15,Arica y Parinacota,819.4778627252233,1229.2167940878348,614.6083970439174,204.86946568130588,61,16.0,1.0,2.0,32.0,0.01,True,,1.0752757590197564,276.453679636206,1229.2167940878348,476.3602277433496,543.0241830890172,0.0,0.0,77,False
45480,15,Arica y Parinacota,819.4778627252233,1229.2167940878348,614.6083970439174,204.86946568130588,62,16.0,1.0,2.0,64.0,0.0,True,,0.2498931402434031,614.6083970439174,1229.2167940878348,307.17284471453763,204.86946568130585,0.0,0.0,77,False
45480,15,Arica y Parinacota,819.4778627252233,1229.2167940878348,614.6083970439174,204.86946568130588,63,16.0,1.0,2.0,64.0,0.01,True,,1.2365003493553706,210.3812096169888,1229.2167940878348,509.35902675577483,609.0966531082345,0.0,0.0,77,False
45480,15,Arica y Parinacota,819.4778627252233,1229.2167940878348,614.6083970439174,204.86946568130588,64,16.0,1.0,4.0,8.0,0.0,True,,0.6267428574712195,482.220166920295,1229.2167940878348,373.238155607354,337.2576958049283,132.3882301236224,0.0,77,False
45480,15,Arica y Parinacota,819.4778627252233,1229.2167940878348,614.6083970439174,204.86946568130588,65,16.0,1.0,4.0,8.0,0.01,True,,1.006054413917719,326.5407203273429,1229.2167940878348,451.1810856352076,492.93714239788034,130.61740785442078,0.0,77,False
45480,15,Arica y Parinacota,819.4778627252233,1229.2167940878348,614.6083970439174,204.86946568130588,66,16.0,1.0,4.0,16.0,0.0,True,,0.24989314024340312,614.6083970439174,1229.2167940878348,307.1728447145377,204.8694656813059,0.0,0.0,77,False
45480,15,Arica y Parinacota,819.4778627252233,1229.2167940878348,614.6083970439174,204.86946568130588,67,16.0,1.0,4.0,16.0,0.01,True,,0.9092538936237808,344.47046542984947,1229.2167940878348,442.3253270969352,475.0073972953738,0.0,0.0,77,False
45480,15,Arica y Parinacota,819.4778627252233,1229.2167940878348,614.6083970439174,204.86946568130588,68,16.0,1.0,4.0,32.0,0.0,True,,0.24989314024340312,614.6083970439174,1229.2167940878348,307.1728447145377,204.8694656813059,0.0,0.0,77,False
45480,15,Arica y Parinacota,819.4778627252233,1229.2167940878348,614.6083970439174,204.86946568130588,69,16.0,1.0,4.0,32.0,0.01,True,,1.0752757590197561,276.45367963620606,1229.2167940878348,476.36022774334947,543.0241830890172,0.0,0.0,77,False
45480,15,Arica y Parinacota,819.4778627252233,1229.2167940878348,614.6083970439174,204.86946568130588,70,16.0,1.0,4.0,64.0,0.0,True,,0.2498931402434031,614.6083970439174,1229.2167940878348,307.17284471453763,204.86946568130585,0.0,0.0,77,False
45480,15,Arica y Parinacota,819.4778627252233,1229.2167940878348,614.6083970439174,204.86946568130588,71,16.0,1.0,4.0,64.0,0.01,True,,1.2290497591119494,213.45094322431436,1229.2167940878348,507.87497012100835,606.0269195009089,0.0,0.0,77,False
45480,15,Arica y Parinacota,819.4778627252233,1229.2167940878348,614.6083970439174,204.86946568130588,72,16.0,2.0,1.0,8.0,0.0,True,,0.5347795467478307,514.5746662752589,1229.2167940878348,357.25880769113826,304.9031964499644,100.03373076865854,0.0,77,False
45480,15,Arica y Parinacota,819.4778627252233,1229.2167940878348,614.6083970439174,204.86946568130588,73,16.0,2.0,1.0,8.0,0.01,True,,0.9568175327010385,341.96534784128403,1229.2167940878348,443.5794848181774,477.5125148839393,101.89814449808367,0.0,77,False
45480,15,Arica y Parinacota,819.4778627252233,1229.2167940878348,614.6083970439174,204.86946568130588,74,16.0,2.0,1.0,16.0,0.0,True,,0.2498931402434031,614.6083970439174,1229.2167940878348,307.17284471453763,204.86946568130588,0.0,0.0,77,False
45480,15,Arica y Parinacota,819.4778627252233,1229.2167940878348,614.6083970439174,204.86946568130588,75,16.0,2.0,1.0,16.0,0.01,True,,0.9024879760086816,347.22652813008233,1229.2167940878348,440.8987042876227,472.2513345951409,0.0,0.0,77,False
45480,15,Arica y Parinacota,819.4778627252233,1229.2167940878348,614.6083970439174,204.86946568130588,76,16.0,2.0,1.0,32.0,0.0,True,,0.24989314024340312,614.6083970439174,1229.2167940878348,307.1728447145377,204.8694656813059,0.0,0.0,77,False
45480,15,Arica y Parinacota,819.4778627252233,1229.2167940878348,614.6083970439174,204.86946568130588,77,16.0,2.0,1.0,32.0,0.01,True,,1.0752105784375852,276.47657136942115,1229.2167940878348,476.33733601013444,543.0012913558021,0.0,0.0,77,False
45480,15,Arica y Parinacota,819.4778627252233,1229.2167940878348,614.6083970439174,204.86946568130588,78,16.0,2.0,1.0,64.0,0.0,True,,0.2498931402434031,614.6083970439174,1229.2167940878348,307.17284471453763,204.86946568130585,0.0,0.0,77,False
45480,15,Arica y Parinacota,819.4778627252233,1229.2167940878348,614.6083970439174,204.86946568130588,79,16.0,2.0,1.0,64.0,0.01,True,,1.2363128630190667,210.4470557179165,1229.2167940878348,509.29318065484716,609.0308070073067,0.0,0.0,77,False
45480,15,Arica y Parinacota,819.4778627252233,1229.2167940878348,614.6083970439174,204.86946568130588,80,16.0,2.0,2.0,8.0,0.0,True,,0.5347795467478307,514.5746662752589,1229.2167940878348,357.25880769113826,304.9031964499644,100.03373076865854,0.0,77,False
45480,15,Arica y Parinacota,819.4778627252233,1229.2167940878348,614.6083970439174,204.86946568130588,81,16.0,2.0,2.0,8.0,0.01,True,,0.9568175327010385,341.96534784128403,1229.2167940878348,443.5794848181774,477.5125148839393,101.89814449808367,0.0,77,False
45480,15,Arica y Parinacota,819.4778627252233,1229.2167940878348,614.6083970439174,204.86946568130588,82,16.0,2.0,2.0,16.0,0.0,True,,0.2498931402434031,614.6083970439174,1229.2167940878348,307.17284471453763,204.86946568130588,0.0,0.0,77,False
45480,15,Arica y Parinacota,819.4778627252233,1229.2167940878348,614.6083970439174,204.86946568130588,83,16.0,2.0,2.0,16.0,0.01,True,,0.9024879760086816,347.22652813008233,1229.2167940878348,440.8987042876227,472.2513345951409,0.0,0.0,77,False
45480,15,Arica y Parinacota,819.4778627252233,1229.2167940878348,614.6083970439174,204.86946568130588,84,16.0,2.0,2.0,32.0,0.0,True,,0.24989314024340312,614.6083970439174,1229.2167940878348,307.1728447145377,204.8694656813059,0.0,0.0,77,False
45480,15,Arica y Parinacota,819.4778627252233,1229.2167940878348,614.6083970439174,204.86946568130588,85,16.0,2.0,2.0,32.0,0.01,True,,1.0752105784375852,276.47657136942115,1229.2167940878348,476.33733601013444,543.0012913558021,0.0,0.0,77,False
45480,15,Arica y Parinacota,819.4778627252233,1229.2167940878348,614.6083970439174,204.86946568130588,86,16.0,2.0,2.0,64.0,0.0,True,,0.2498931402434031,614.6083970439174,1229.2167940878348,307.17284471453763,204.86946568130585,0.0,0.0,77,False
45480,15,Arica y Parinacota,819.4778627252233,1229.2167940878348,614.6083970439174,204.86946568130588,87,16.0,2.0,2.0,64.0,0.01,True,,1.2363128630190667,210.4470557179165,1229.2167940878348,509.29318065484716,609.0308070073067,0.0,0.0,77,False
45480,15,Arica y Parinacota,819.4778627252233,1229.2167940878348,614.6083970439174,204.86946568130588,88,16.0,2.0,4.0,8.0,0.0,True,,0.5347795467478307,514.5746662752589,1229.2167940878348,357.25880769113826,304.9031964499644,100.03373076865854,0.0,77,False
45480,15,Arica y Parinacota,819.4778627252233,1229.2167940878348,614.6083970439174,204.86946568130588,89,16.0,2.0,4.0,8.0,0.01,True,,0.9568175327010385,341.96534784128403,1229.2167940878348,443.5794848181774,477.5125148839393,101.89814449808367,0.0,77,False
45480,15,Arica y Parinacota,819.4778627252233,1229.2167940878348,614.6083970439174,204.86946568130588,90,16.0,2.0,4.0,16.0,0.0,True,,0.2498931402434031,614.6083970439174,1229.2167940878348,307.17284471453763,204.86946568130588,0.0,0.0,77,False
45480,15,Arica y Parinacota,819.4778627252233,1229.2167940878348,614.6083970439174,204.86946568130588,91,16.0,2.0,4.0,16.0,0.01,True,,0.9024879760086816,347.22652813008233,1229.2167940878348,440.8987042876227,472.2513345951409,0.0,0.0,77,False
45480,15,Arica y Parinacota,819.4778627252233,1229.2167940878348,614.6083970439174,204.86946568130588,92,16.0,2.0,4.0,32.0,0.0,True,,0.24989314024340312,614.6083970439174,1229.2167940878348,307.1728447145377,204.8694656813059,0.0,0.0,77,False
45480,15,Arica y Parinacota,819.4778627252233,1229.2167940878348,614.6083970439174,204.86946568130588,93,16.0,2.0,4.0,32.0,0.01,True,,1.0752105784375852,276.47657136942115,1229.2167940878348,476.33733601013444,543.0012913558021,0.0,0.0,77,False
45480,15,Arica y Parinacota,819.4778627252233,1229.2167940878348,614.6083970439174,204.86946568130588,94,16.0,2.0,4.0,64.0,0.0,True,,0.2498931402434031,614.6083970439174,1229.2167940878348,307.17284471453763,204.86946568130585,0.0,0.0,77,False
45480,15,Arica y Parinacota,819.4778627252233,1229.2167940878348,614.6083970439174,204.86946568130588,95,16.0,2.0,4.0,64.0,0.01,True,,1.2287545013522563,213.56925652314385,1229.2167940878348,507.80781757128267,605.9086062020795,0.0,0.0,77,False
45480,15,Arica y Parinacota,819.4778627252233,1229.2167940878348,614.6083970439174,204.86946568130588,96,32.0,1.0,1.0,8.0,0.0,True,,1.303955124233918,244.42198037099823,1229.2167940878348,492.2842874264633,575.0558823542251,370.1864166729192,0.0,39,False
45480,15,Arica y Parinacota,819.4778627252233,1229.2167940878348,614.6083970439174,204.86946568130588,97,32.0,1.0,1.0,8.0,0.01,True,,1.496182550743374,165.58945893578533,1229.2167940878348,531.7455647613965,653.8884037894379,369.6796167264048,0.0,39,False
45480,15,Arica y Parinacota,819.4778627252233,1229.2167940878348,614.6083970439174,204.86946568130588,98,32.0,1.0,1.0,16.0,0.0,True,,0.644907789807137,475.8610349391955,1229.2167940878348,376.48939955483456,343.6168277860278,138.74736210472182,0.0,39,False
45480,15,Arica y Parinacota,819.4778627252233,1229.2167940878348,614.6083970439174,204.86946568130588,99,32.0,1.0,1.0,16.0,0.01,True,,1.197753470420579,248.88890901638567,1229.2167940878348,490.129575469857,570.5889537088376,135.7407709585522,0.0,39,False
45480,15,Arica y Parinacota,819.4778627252233,1229.2167940878348,614.6083970439174,204.86946568130588,100,32.0,1.0,1.0,32.0,0.0,True,,0.24989314024340312,614.6083970439174,1229.2167940878348,307.1728447145377,204.8694656813059,0.0,0.0,39,False
45480,15,Arica y Parinacota,819.4778627252233,1229.2167940878348,614.6083970439174,204.86946568130588,101,32.0,1.0,1.0,32.0,0.01,True,,1.1438574237002925,248.32216494671883,1229.2167940878348,490.3331750114471,571.1556977785044,0.0,0.0,39,False
45480,15,Arica y Parinacota,819.4778627252233,1229.2167940878348,614.6083970439174,204.86946568130588,102,32.0,1.0,1.0,64.0,0.0,True,,0.2498931402434031,614.6083970439174,1229.2167940878348,307.17284471453763,204.86946568130588,0.0,0.0,39,False
45480,15,Arica y Parinacota,819.4778627252233,1229.2167940878348,614.6083970439174,204.86946568130588,103,32.0,1.0,1.0,64.0,0.01,True,,1.301988835570518,183.55958927230708,1229.2167940878348,522.8045229691194,635.9182734529162,0.0,0.0,39,False
45480,15,Arica y Parinacota,819.4778627252233,1229.2167940878348,614.6083970439174,204.86946568130588,104,32.0,1.0,2.0,8.0,0.0,True,,1.303955124233918,244.42198037099823,1229.2167940878348,492.2842874264633,575.0558823542251,370.1864166729192,0.0,39,False
45480,15,Arica y Parinacota,819.4778627252233,1229.2167940878348,614.6083970439174,204.86946568130588,105,32.0,1.0,2.0,8.0,0.01,True,,1.496182550743374,165.58945893578533,1229.2167940878348,531.7455647613965,653.8884037894379,369.6796167264048,0.0,39,False
45480,15,Arica y Parinacota,819.4778627252233,1229.2167940878348,614.6083970439174,204.86946568130588,106,32.0,1.0,2.0,16.0,0.0,True,,0.644907789807137,475.8610349391955,1229.2167940878348,376.48939955483456,343.6168277860278,138.74736210472182,0.0,39,False
45480,15,Arica y Parinacota,819.4778627252233,1229.2167940878348,614.6083970439174,204.86946568130588,107,32.0,1.0,2.0,16.0,0.01,True,,1.197753470420579,248.88890901638567,1229.2167940878348,490.129575469857,570.5889537088376,135.7407709585522,0.0,39,False
45480,15,Arica y Parinacota,819.4778627252233,1229.2167940878348,614.6083970439174,204.86946568130588,108,32.0,1.0,2.0,32.0,0.0,True,,0.24989314024340312,614.6083970439174,1229.2167940878348,307.1728447145377,204.8694656813059,0.0,0.0,39,False
45480,15,Arica y Parinacota,819.4778627252233,1229.2167940878348,614.6083970439174,204.86946568130588,109,32.0,1.0,2.0,32.0,0.01,True,,1.1438574237002925,248.32216494671883,1229.2167940878348,490.3331750114471,571.1556977785044,0.0,0.0,39,False
45480,15,Arica y Parinacota,819.4778627252233,1229.2167940878348,614.6083970439174,204.86946568130588,110,32.0,1.0,2.0,64.0,0.0,True,,0.2498931402434031,614.6083970439174,1229.2167940878348,307.17284471453763,204.86946568130588,0.0,0.0,39,False
45480,15,Arica y Parinacota,819.4778627252233,1229.2167940878348,614.6083970439174,204.86946568130588,111,32.0,1.0,2.0,64.0,0.01,True,,1.3019888355620062,183.55958927529653,1229.2167940878348,522.80452296613,635.9182734499268,0.0,0.0,39,False
45480,15,Arica y Parinacota,819.4778627252233,1229.2167940878348,614.6083970439174,204.86946568130588,112,32.0,1.0,4.0,8.0,0.0,True,,1.303955124233918,244.42198037099823,1229.2167940878348,492.2842874264633,575.0558823542251,370.1864166729192,0.0,39,False
45480,15,Arica y Parinacota,819.4778627252233,1229.2167940878348,614.6083970439174,204.86946568130588,113,32.0,1.0,4.0,8.0,0.01,True,,1.496182550743374,165.58945893578533,1229.2167940878348,531.7455647613965,653.8884037894379,369.6796167264048,0.0,39,False
45480,15,Arica y Parinacota,819.4778627252233,1229.2167940878348,614.6083970439174,204.86946568130588,114,32.0,1.0,4.0,16.0,0.0,True,,0.644907789807137,475.8610349391955,1229.2167940878348,376.48939955483456,343.6168277860278,138.74736210472182,0.0,39,False
45480,15,Arica y Parinacota,819.4778627252233,1229.2167940878348,614.6083970439174,204.86946568130588,115,32.0,1.0,4.0,16.0,0.01,True,,1.197753470420579,248.88890901638567,1229.2167940878348,490.129575469857,570.5889537088376,135.7407709585522,0.0,39,False
45480,15,Arica y Parinacota,819.4778627252233,1229.2167940878348,614.6083970439174,204.86946568130588,116,32.0,1.0,4.0,32.0,0.0,True,,0.24989314024340312,614.6083970439174,1229.2167940878348,307.1728447145377,204.8694656813059,0.0,0.0,39,False
45480,15,Arica y Parinacota,819.4778627252233,1229.2167940878348,614.6083970439174,204.86946568130588,117,32.0,1.0,4.0,32.0,0.01,True,,1.1438574237002925,248.32216494671883,1229.2167940878348,490.3331750114471,571.1556977785044,0.0,0.0,39,False
45480,15,Arica y Parinacota,819.4778627252233,1229.2167940878348,614.6083970439174,204.86946568130588,118,32.0,1.0,4.0,64.0,0.0,True,,0.2498931402434031,614.6083970439174,1229.2167940878348,307.17284471453763,204.86946568130585,0.0,0.0,39,False
45480,15,Arica y Parinacota,819.4778627252233,1229.2167940878348,614.6083970439174,204.86946568130588,119,32.0,1.0,4.0,64.0,0.01,True,,1.3019888355591882,183.5595892762862,1229.2167940878348,522.8045229651402,635.918273448937,0.0,0.0,39,False
45480,15,Arica y Parinacota,819.4778627252233,1229.2167940878348,614.6083970439174,204.86946568130588,120,32.0,2.0,1.0,8.0,0.0,True,,1.2591002591229787,260.1961150964838,1229.2167940878348,484.4703381120091,559.2817476287395,354.4122819474336,0.0,39,False
45480,15,Arica y Parinacota,819.4778627252233,1229.2167940878348,614.6083970439174,204.86946568130588,121,32.0,2.0,1.0,8.0,0.01,True,,1.472329022088086,172.59873660014426,1229.2167940878348,528.0708263627575,646.879126125079,353.4331658028075,0.0,39,False
45480,15,Arica y Parinacota,819.4778627252233,1229.2167940878348,614.6083970439174,204.86946568130588,122,32.0,2.0,1.0,16.0,0.0,True,,0.5995181003652295,491.8196907234032,1229.2167940878348,368.5715983670335,327.65817200182005,122.78870632051418,0.0,39,False
45480,15,Arica y Parinacota,819.4778627252233,1229.2167940878348,614.6083970439174,204.86946568130588,123,32.0,2.0,1.0,16.0,0.01,True,,1.1804250824542362,253.33552732863285,1229.2167940878348,487.93955393486596,566.1423353965904,119.75321458437404,0.0,39,False
45480,15,Arica y Parinacota,819.4778627252233,1229.2167940878348,614.6083970439174,204.86946568130588,124,32.0,2.0,1.0,32.0,0.0,True,,0.2498931402434032,614.6083970439174,1229.2167940878348,307.17284471453775,204.86946568130594,0.0,0.0,39,False
45480,15,Arica y Parinacota,819.4778627252233,1229.2167940878348,614.6083970439174,204.86946568130588,125,32.0,2.0,1.0,32.0,0.01,True,,1.1436578253975758,248.39226482836762,1229.2167940878348,490.2630751297983,571.0855978968557,0.0,0.0,39,False
45480,15,Arica y Parinacota,819.4778627252233,1229.2167940878348,614.6083970439174,204.86946568130588,126,32.0,2.0,1.0,64.0,0.0,True,,0.2498931402434031,614.6083970439174,1229.2167940878348,307.17284471453763,204.86946568130588,0.0,0.0,39,False
45480,15,Arica y Parinacota,819.4778627252233,1229.2167940878348,614.6083970439174,204.86946568130588,127,32.0,2.0,1.0,64.0,0.01,True,,1.3017867567166874,183.63056033540954,1229.2167940878348,522.7335519060169,635.8473023898136,0.0,0.0,39,False
45480,15,Arica y Parinacota,819.4778627252233,1229.2167940878348,614.6083970439174,204.86946568130588,128,32.0,2.0,2.0,8.0,0.0,True,,1.2591002591229787,260.1961150964838,1229.2167940878348,484.4703381120091,559.2817476287395,354.4122819474336,0.0,39,False
45480,15,Arica y Parinacota,819.4778627252233,1229.2167940878348,614.6083970439174,204.86946568130588,129,32.0,2.0,2.0,8.0,0.01,True,,1.472329022088086,172.59873660014426,1229.2167940878348,528.0708263627575,646.879126125079,353.4331658028075,0.0,39,False
45480,15,Arica y Parinacota,819.4778627252233,1229.2167940878348,614.6083970439174,204.86946568130588,130,32.0,2.0,2.0,16.0,0.0,True,,0.5995181003652295,491.8196907234032,1229.2167940878348,368.5715983670335,327.65817200182005,122.78870632051418,0.0,39,False
45480,15,Arica y Parinacota,819.4778627252233,1229.2167940878348,614.6083970439174,204.86946568130588,131,32.0,2.0,2.0,16.0,0.01,True,,1.1804250824542362,253.33552732863285,1229.2167940878348,487.93955393486596,566.1423353965904,119.75321458437404,0.0,39,False
45480,15,Arica y Parinacota,819.4778627252233,1229.2167940878348,614.6083970439174,204.86946568130588,132,32.0,2.0,2.0,32.0,0.0,True,,0.2498931402434032,614.6083970439174,1229.2167940878348,307.17284471453775,204.86946568130594,0.0,0.0,39,False
45480,15,Arica y Parinacota,819.4778627252233,1229.2167940878348,614.6083970439174,204.86946568130588,133,32.0,2.0,2.0,32.0,0.01,True,,1.1436578253975758,248.39226482836762,1229.2167940878348,490.2630751297983,571.0855978968557,0.0,0.0,39,False
45480,15,Arica y Parinacota,819.4778627252233,1229.2167940878348,614.6083970439174,204.86946568130588,134,32.0,2.0,2.0,64.0,0.0,True,,0.2498931402434031,614.6083970439174,1229.2167940878348,307.17284471453763,204.86946568130588,0.0,0.0,39,False
45480,15,Arica y Parinacota,819.4778627252233,1229.2167940878348,614.6083970439174,204.86946568130588,135,32.0,2.0,2.0,64.0,0.01,True,,1.3017867567166874,183.63056033540954,1229.2167940878348,522.7335519060169,635.8473023898136,0.0,0.0,39,False
45480,15,Arica y Parinacota,819.4778627252233,1229.2167940878348,614.6083970439174,204.86946568130588,136,32.0,2.0,4.0,8.0,0.0,True,,1.2591002591229787,260.1961150964838,1229.2167940878348,484.4703381120091,559.2817476287395,354.4122819474336,0.0,39,False
45480,15,Arica y Parinacota,819.4778627252233,1229.2167940878348,614.6083970439174,204.86946568130588,137,32.0,2.0,4.0,8.0,0.01,True,,1.472329022088086,172.59873660014426,1229.2167940878348,528.0708263627575,646.879126125079,353.4331658028075,0.0,39,False
45480,15,Arica y Parinacota,819.4778627252233,1229.2167940878348,614.6083970439174,204.86946568130588,138,32.0,2.0,4.0,16.0,0.0,True,,0.5995181003652295,491.8196907234032,1229.2167940878348,368.5715983670335,327.65817200182005,122.78870632051418,0.0,39,False
45480,15,Arica y Parinacota,819.4778627252233,1229.2167940878348,614.6083970439174,204.86946568130588,139,32.0,2.0,4.0,16.0,0.01,True,,1.1804250824542362,253.33552732863285,1229.2167940878348,487.93955393486596,566.1423353965904,119.75321458437404,0.0,39,False
45480,15,Arica y Parinacota,819.4778627252233,1229.2167940878348,614.6083970439174,204.86946568130588,140,32.0,2.0,4.0,32.0,0.0,True,,0.2498931402434032,614.6083970439174,1229.2167940878348,307.17284471453775,204.86946568130594,0.0,0.0,39,False
45480,15,Arica y Parinacota,819.4778627252233,1229.2167940878348,614.6083970439174,204.86946568130588,141,32.0,2.0,4.0,32.0,0.01,True,,1.1436578253975758,248.39226482836762,1229.2167940878348,490.2630751297983,571.0855978968557,0.0,0.0,39,False
45480,15,Arica y Parinacota,819.4778627252233,1229.2167940878348,614.6083970439174,204.86946568130588,142,32.0,2.0,4.0,64.0,0.0,True,,0.2498931402434031,614.6083970439174,1229.2167940878348,307.17284471453763,204.86946568130585,0.0,0.0,39,False
45480,15,Arica y Parinacota,819.4778627252233,1229.2167940878348,614.6083970439174,204.86946568130588,143,32.0,2.0,4.0,64.0,0.01,True,,1.3017867550470126,183.63056092180733,1229.2167940878348,522.7335513196192,635.8473018034159,0.0,0.0,39,False
1643605,16,Nuble,29642.23439426501,44463.35159139751,22231.675795698757,7410.558598566249,0,8.0,1.0,1.0,8.0,0.0,True,,0.5335726581318297,17497.52070029451,35000.0,7156.125514009971,12144.713693970498,0.0,2.4792997054889216,4375,False
1643605,16,Nuble,29642.23439426501,44463.35159139751,22231.675795698757,7410.558598566249,1,8.0,1.0,1.0,8.0,0.01,True,,0.5297575758357256,17518.520660958016,35256.0,7168.128630788231,12123.713733306991,0.0,0.21017850291368897,4407,False
1643605,16,Nuble,29642.23439426501,44463.35159139751,22231.675795698757,7410.558598566249,2,8.0,1.0,1.0,16.0,0.0,True,,0.5019523913556178,17965.52070029451,35936.0,7388.182474925469,11676.713693970498,0.0,2.4792997054889216,4492,False
1643605,16,Nuble,29642.23439426501,44463.35159139751,22231.675795698757,7410.558598566249,3,8.0,1.0,1.0,16.0,0.01,True,,0.4982824518869071,17967.877581599278,36264.0,7396.053726437486,11674.35681266573,0.0,0.16558537244667143,4533,False
1643605,16,Nuble,29642.23439426501,44463.35159139751,22231.675795698757,7410.558598566249,4,8.0,1.0,1.0,32.0,0.0,True,,0.45473480845708364,18629.52070029451,37272.0,7614.730485211994,11012.713693970498,0.0,6.479299705488916,4659,False
1643605,16,Nuble,29642.23439426501,44463.35159139751,22231.675795698757,7410.558598566249,5,8.0,1.0,1.0,32.0,0.01,True,,0.45099798701739036,18600.038859016153,37744.0,7613.859744385889,11042.195535248859,0.0,0.5083639512046386,4718,False
1643605,16,Nuble,29642.23439426501,44463.35159139751,22231.675795698757,7410.558598566249,6,8.0,1.0,1.0,64.0,0.0,True,,0.40039646017634717,19352.90409846189,38736.0,7734.815595211943,10289.330295803114,0.0,15.09590153810625,4842,False
1643605,16,Nuble,29642.23439426501,44463.35159139751,22231.675795698757,7410.558598566249,7,8.0,1.0,1.0,64.0,0.01,True,,0.398129507507855,19247.00557768368,39416.0,7716.3858128493375,10395.22881658133,0.0,0.8702352918120796,4927,False
1643605,16,Nuble,29642.23439426501,44463.35159139751,22231.675795698757,7410.558598566249,8,8.0,1.0,2.0,8.0,0.0,True,,1.2957792364607057,9761.660846132761,19528.0,13970.805029037605,19880.573548132248,0.0,2.3391538672390837,2441,False
1643605,16,Nuble,29642.23439426501,44463.35159139751,22231.675795698757,7410.558598566249,9,8.0,1.0,2.0,8.0,0.01,True,,1.2951092222241976,9750.146444356531,19672.0,13985.298572741907,19892.08794990848,0.0,0.19790043928270848,2459,False
1643605,16,Nuble,29642.23439426501,44463.35159139751,22231.675795698757,7410.558598566249,10,8.0,1.0,2.0,16.0,0.0,True,,1.2738849421214906,10011.403518303572,20032.0,13872.539338499977,19630.830875961437,0.0,4.596481696427331,2504,False
1643605,16,Nuble,29642.23439426501,44463.35159139751,22231.675795698757,7410.558598566249,11,8.0,1.0,2.0,16.0,0.01,True,,1.2751454065360868,9972.414383614676,20144.0,13889.32928198936,19669.820010650335,0.0,0.15986614243088154,2518,False
1643605,16,Nuble,29642.23439426501,44463.35159139751,22231.675795698757,7410.558598566249,12,8.0,1.0,2.0,32.0,0.0,True,,1.259172522764648,10183.483587559746,20384.0,13822.616071645114,19458.750806705262,0.0,8.516412440255213,2548,False
1643605,16,Nuble,29642.23439426501,44463.35159139751,22231.675795698757,7410.558598566249,13,8.0,1.0,2.0,32.0,0.01,True,,1.2612503435763063,10127.272115117077,20520.0,13846.485583593127,19514.96227914793,0.0,0.4937809162655172,2565,False
1643605,16,Nuble,29642.23439426501,44463.35159139751,22231.675795698757,7410.558598566249,14,8.0,1.0,2.0,64.0,0.0,True,,1.2551385853607437,10231.483587559746,20496.0,13815.253694557648,19410.750806705262,0.0,16.516412440255213,2562,False
1643605,16,Nuble,29642.23439426501,44463.35159139751,22231.675795698757,7410.558598566249,15,8.0,1.0,2.0,64.0,0.01,True,,1.2598973353908531,10140.379724218321,20568.0,13843.095327690407,19501.854670046683,0.0,0.4937809162655172,2571,False
1643605,16,Nuble,29642.23439426501,44463.35159139751,22231.675795698757,7410.558598566249,16,8.0,1.0,4.0,8.0,0.0,True,,1.744728651990884,5177.660846132761,10360.0,17888.600738508343,24464.573548132248,0.0,2.3391538672390837,1295,False
1643605,16,Nuble,29642.23439426501,44463.35159139751,22231.675795698757,7410.558598566249,17,8.0,1.0,4.0,8.0,0.01,True,,1.7444479573158802,5167.83106262426,10448.0,17896.606576353028,24474.403331640748,0.0,0.21730858632120792,1306,False
1643605,16,Nuble,29642.23439426501,44463.35159139751,22231.675795698757,7410.558598566249,18,8.0,1.0,4.0,16.0,0.0,True,,1.737610195723357,5257.660846132761,10520.0,17852.090314697307,24384.573548132248,0.0,2.3391538672390837,1315,False
1643605,16,Nuble,29642.23439426501,44463.35159139751,22231.675795698757,7410.558598566249,19,8.0,1.0,4.0,16.0,0.01,True,,1.7392571673249486,5223.696631068423,10584.0,17873.351185190248,24418.537763196586,0.0,0.4560923248797139,1323,False
1643605,16,Nuble,29642.23439426501,44463.35159139751,22231.675795698757,7410.558598566249,20,8.0,1.0,4.0,32.0,0.0,True,,1.7368693878382775,5265.660846132761,10544.0,17849.15151324134,24376.573548132248,0.0,6.339153867239084,1318,False
1643605,16,Nuble,29642.23439426501,44463.35159139751,22231.675795698757,7410.558598566249,21,8.0,1.0,4.0,32.0,0.01,True,,1.7390796949347234,5223.63413657726,10600.0,17873.287817125958,24418.600257687747,0.0,0.488321428961069,1325,False
1643605,16,Nuble,29642.23439426501,44463.35159139751,22231.675795698757,7410.558598566249,22,8.0,1.0,4.0,64.0,0.0,True,,1.7360580509825962,5273.660846132761,10576.0,17845.07675736813,24368.573548132248,0.0,14.339153867239087,1322,False
1643605,16,Nuble,29642.23439426501,44463.35159139751,22231.675795698757,7410.558598566249,23,8.0,1.0,4.0,64.0,0.01,True,,1.7390796949347234,5223.63413657726,10600.0,17873.287817125958,24418.600257687747,0.0,0.488321428961069,1325,False
1643605,16,Nuble,29642.23439426501,44463.35159139751,22231.675795698757,7410.558598566249,24,8.0,2.0,1.0,8.0,0.0,True,,1.2811312015563394,9729.403518303572,19464.0,13206.732319474137,19912.830875961437,0.0,2.5964816964273316,2433,False
1643605,16,Nuble,29642.23439426501,44463.35159139751,22231.675795698757,7410.558598566249,25,8.0,2.0,1.0,8.0,0.01,True,,1.2790199588677296,9733.40508052276,19624.0,13204.06863134068,19908.82931374225,0.0,0.18581714243123873,2453,False
1643605,16,Nuble,29642.23439426501,44463.35159139751,22231.675795698757,7410.558598566249,26,8.0,2.0,1.0,16.0,0.0,True,,1.2589925401318225,10003.403518303572,20016.0,13182.37323279294,19638.830875961437,0.0,4.596481696427331,2502,False
1643605,16,Nuble,29642.23439426501,44463.35159139751,22231.675795698757,7410.558598566249,27,8.0,2.0,1.0,16.0,0.01,True,,1.2595485864487521,9971.335448118272,20128.0,13185.143615011915,19670.898946146735,0.0,0.1627321134710113,2516,False
1643605,16,Nuble,29642.23439426501,44463.35159139751,22231.675795698757,7410.558598566249,28,8.0,2.0,1.0,32.0,0.0,True,,1.2443734498781098,10179.483587559746,20376.0,13150.599690664258,19462.750806705262,0.0,8.516412440255213,2547,False
1643605,16,Nuble,29642.23439426501,44463.35159139751,22231.675795698757,7410.558598566249,29,8.0,2.0,1.0,32.0,0.01,True,,1.2456688171282952,10131.728110118424,20512.0,13160.816410347583,19510.506284146584,0.0,0.49832483694010166,2564,False
1643605,16,Nuble,29642.23439426501,44463.35159139751,22231.675795698757,7410.558598566249,30,8.0,2.0,1.0,64.0,0.0,True,,1.2400362434083512,10231.483587559746,20496.0,13143.752954474905,19410.750806705262,0.0,16.516412440255213,2562,False
1643605,16,Nuble,29642.23439426501,44463.35159139751,22231.675795698757,7410.558598566249,31,8.0,2.0,1.0,64.0,0.01,True,,1.243902018552404,10148.754304115144,20568.0,13152.824109068359,19493.480090149867,0.0,0.49832483694010166,2571,False
1643605,16,Nuble,29642.23439426501,44463.35159139751,22231.675795698757,7410.558598566249,32,8.0,2.0,2.0,8.0,0.0,True,,1.2811312015563394,9729.403518303572,19464.0,13206.732319474137,19912.830875961437,0.0,2.5964816964273316,2433,False
1643605,16,Nuble,29642.23439426501,44463.35159139751,22231.675795698757,7410.558598566249,33,8.0,2.0,2.0,8.0,0.01,True,,1.2790199588677296,9733.40508052276,19624.0,13204.06863134068,19908.82931374225,0.0,0.18581714243123873,2453,False
1643605,16,Nuble,29642.23439426501,44463.35159139751,22231.675795698757,7410.558598566249,34,8.0,2.0,2.0,16.0,0.0,True,,1.2589925401318225,10003.403518303572,20016.0,13182.37323279294,19638.830875961437,0.0,4.596481696427331,2502,False
1643605,16,Nuble,29642.23439426501,44463.35159139751,22231.675795698757,7410.558598566249,35,8.0,2.0,2.0,16.0,0.01,True,,1.2595485864487521,9971.335448118272,20128.0,13185.143615011915,19670.898946146735,0.0,0.1627321134710113,2516,False
1643605,16,Nuble,29642.23439426501,44463.35159139751,22231.675795698757,7410.558598566249,36,8.0,2.0,2.0,32.0,0.0,True,,1.2443734498781098,10179.483587559746,20376.0,13150.599690664258,19462.750806705262,0.0,8.516412440255213,2547,False
1643605,16,Nuble,29642.23439426501,44463.35159139751,22231.675795698757,7410.558598566249,37,8.0,2.0,2.0,32.0,0.01,True,,1.2456688171282952,10131.728110118424,20512.0,13160.816410347583,19510.506284146584,0.0,0.49832483694010166,2564,False
1643605,16,Nuble,29642.23439426501,44463.35159139751,22231.675795698757,7410.558598566249,38,8.0,2.0,2.0,64.0,0.0,True,,1.2400362434083512,10231.483587559746,20496.0,13143.752954474905,19410.750806705262,0.0,16.516412440255213,2562,False
1643605,16,Nuble,29642.23439426501,44463.35159139751,22231.675795698757,7410.558598566249,39,8.0,2.0,2.0,64.0,0.01,True,,1.243902018552404,10148.754304115144,20568.0,13152.824109068359,19493.480090149867,0.0,0.49832483694010166,2571,False
1643605,16,Nuble,29642.23439426501,44463.35159139751,22231.675795698757,7410.558598566249,40,8.0,2.0,4.0,8.0,0.0,True,,1.735863560460088,5177.660846132761,10360.0,17494.42905688464,24464.573548132248,0.0,2.3391538672390837,1295,False
1643605,16,Nuble,29642.23439426501,44463.35159139751,22231.675795698757,7410.558598566249,41,8.0,2.0,4.0,8.0,0.01,True,,1.7351347029986348,5172.04238450281,10448.0,17493.03494228888,24470.1920097622,0.0,0.22018377179771437,1306,False
1643605,16,Nuble,29642.23439426501,44463.35159139751,22231.675795698757,7410.558598566249,42,8.0,2.0,4.0,16.0,0.0,True,,1.7285791498475402,5257.660846132761,10520.0,17450.539746682833,24384.573548132248,0.0,2.3391538672390837,1315,False
1643605,16,Nuble,29642.23439426501,44463.35159139751,22231.675795698757,7410.558598566249,43,8.0,2.0,4.0,16.0,0.01,True,,1.7298568346248406,5228.504123245146,10584.0,17467.397580164197,24413.730271019864,0.0,0.46016741859096844,1323,False
1643605,16,Nuble,29642.23439426501,44463.35159139751,22231.675795698757,7410.558598566249,44,8.0,2.0,4.0,32.0,0.0,True,,1.7278484835829153,5265.660846132761,10544.0,17448.051875662837,24376.573548132248,0.0,6.339153867239084,1318,False
1643605,16,Nuble,29642.23439426501,44463.35159139751,22231.675795698757,7410.558598566249,45,8.0,2.0,4.0,32.0,0.01,True,,1.7296793745514392,5228.441314713943,10600.0,17467.33389367009,24413.793079551062,0.0,0.49255847661281854,1325,False
1643605,16,Nuble,29642.23439426501,44463.35159139751,22231.675795698757,7410.558598566249,46,8.0,2.0,4.0,64.0,0.0,True,,1.727081929569922,5273.660846132761,10576.0,17445.96831506932,24368.573548132248,0.0,14.339153867239087,1322,False
1643605,16,Nuble,29642.23439426501,44463.35159139751,22231.675795698757,7410.558598566249,47,8.0,2.0,4.0,64.0,0.01,True,,1.7296793745514392,5228.441314713943,10600.0,17467.33389367009,24413.793079551062,0.0,0.49255847661281854,1325,False
1643605,16,Nuble,29642.23439426501,44463.35159139751,22231.675795698757,7410.558598566249,48,16.0,1.0,1.0,8.0,0.0,True,,0.2530593849877535,21153.00597037671,44463.35159139751,8015.858932247168,8489.228423888297,1078.6698253220459,0.0,2779,False
1643605,16,Nuble,29642.23439426501,44463.35159139751,22231.675795698757,7410.558598566249,49,16.0,1.0,1.0,8.0,0.01,True,,0.26185958673811277,21036.33787334974,44463.35159139751,8115.220692394214,8605.896520915268,1079.1787488960128,0.0,2779,False
1643605,16,Nuble,29642.23439426501,44463.35159139751,22231.675795698757,7410.558598566249,50,16.0,1.0,1.0,16.0,0.0,True,,0.17891860223178527,22231.675795698757,44463.35159139751,7955.320717273267,7410.558598566251,0.0,0.0,2779,True
1643605,16,Nuble,29642.23439426501,44463.35159139751,22231.675795698757,7410.558598566249,51,16.0,1.0,1.0,16.0,0.01,True,,0.19249867066335827,22036.599301788905,44463.35159139751,8071.444839806907,7605.635092476103,0.0,0.0,2779,False
1643605,16,Nuble,29642.23439426501,44463.35159139751,22231.675795698757,7410.558598566249,52,16.0,1.0,1.0,32.0,0.0,True,,0.19755171174589933,22231.675795698757,44463.35159139751,8783.811216840335,7410.558598566251,0.0,0.0,2779,False
1643605,16,Nuble,29642.23439426501,44463.35159139751,22231.675795698757,7410.558598566249,53,16.0,1.0,1.0,32.0,0.01,True,,0.21927376633412174,21907.85636872539,44463.35159139751,8940.097999850586,7734.378025539615,0.0,0.0,2779,False
1643605,16,Nuble,29642.23439426501,44463.35159139751,22231.675795698757,7410.558598566249,54,16.0,1.0,1.0,64.0,0.0,True,,0.21825462987109445,22231.675795698757,44463.35159139751,9704.332344408802,7410.558598566252,0.0,0.0,2779,False
1643605,16,Nuble,29642.23439426501,44463.35159139751,22231.675795698757,7410.558598566249,55,16.0,1.0,1.0,64.0,0.01,True,,0.25877078859558883,21620.64570414127,44463.35159139751,9978.241326015144,8021.588690123739,0.0,0.0,2779,False
1643605,16,Nuble,29642.23439426501,44463.35159139751,22231.675795698757,7410.558598566249,56,16.0,1.0,2.0,8.0,0.0,True,,0.6091836324451678,17518.33803027027,35840.0,10790.494838999331,12123.896363994738,399.01985859455465,2.642111135175149,2240,False
1643605,16,Nuble,29642.23439426501,44463.35159139751,22231.675795698757,7410.558598566249,57,16.0,1.0,2.0,8.0,0.01,True,,0.6053557715651021,17514.697419918095,36208.0,10794.791369883096,12127.536974346913,402.411806375912,0.055001518784887383,2263,False
1643605,16,Nuble,29642.23439426501,44463.35159139751,22231.675795698757,7410.558598566249,58,16.0,1.0,2.0,16.0,0.0,True,,0.5716639671892016,18037.855499240617,36080.0,10740.797178042805,11604.378895024392,0.0,2.144500759383737,2255,False
1643605,16,Nuble,29642.23439426501,44463.35159139751,22231.675795698757,7410.558598566249,59,16.0,1.0,2.0,16.0,0.01,True,,0.5682794080873125,18005.472192020454,36560.0,10750.041751980552,11636.762202244554,0.0,0.7611341247481236,2285,False
1643605,16,Nuble,29642.23439426501,44463.35159139751,22231.675795698757,7410.558598566249,60,16.0,1.0,2.0,32.0,0.0,True,,0.5172974765787982,18677.855499240617,37376.0,10567.480791242026,10964.37889502439,0.0,10.144500759383735,2336,False
1643605,16,Nuble,29642.23439426501,44463.35159139751,22231.675795698757,7410.558598566249,61,16.0,1.0,2.0,32.0,0.01,True,,0.5140718318383654,18621.50148754548,38000.0,10599.932162992172,11020.732906719531,0.0,0.6257463777812158,2375,False
1643605,16,Nuble,29642.23439426501,44463.35159139751,22231.675795698757,7410.558598566249,62,16.0,1.0,2.0,64.0,0.0,True,,0.45096964532696776,19436.904098461895,38912.0,10279.468907660837,10205.330295803114,0.0,19.09590153810625,2432,False
1643605,16,Nuble,29642.23439426501,44463.35159139751,22231.675795698757,7410.558598566249,63,16.0,1.0,2.0,64.0,0.01,True,,0.4496254801769351,19295.831520160653,39792.0,10315.922097900806,10346.402874104358,0.0,1.2944542263497572,2487,False
1643605,16,Nuble,29642.23439426501,44463.35159139751,22231.675795698757,7410.558598566249,64,16.0,1.0,4.0,8.0,0.0,True,,1.327327061770107,9865.421939316157,19952.0,15790.81035726369,19776.81245494885,110.01474559435744,0.5633150894860204,1247,False
1643605,16,Nuble,29642.23439426501,44463.35159139751,22231.675795698757,7410.558598566249,65,16.0,1.0,4.0,8.0,0.01,True,,1.328183849117185,9823.239749885444,20128.0,15813.636986840558,19818.994644379563,106.15012696214788,0.055001518784887383,1258,False
1643605,16,Nuble,29642.23439426501,44463.35159139751,22231.675795698757,7410.558598566249,66,16.0,1.0,4.0,16.0,0.0,True,,1.3057920452511533,10125.855499240617,20256.0,15690.592026028287,19516.37889502439,0.0,2.144500759383737,1266,False
1643605,16,Nuble,29642.23439426501,44463.35159139751,22231.675795698757,7410.558598566249,67,16.0,1.0,4.0,16.0,0.01,True,,1.3069313706494192,10064.856981254998,20512.0,15717.445289488143,19577.37741301001,0.0,0.761835431764864,1282,False
1643605,16,Nuble,29642.23439426501,44463.35159139751,22231.675795698757,7410.558598566249,68,16.0,1.0,4.0,32.0,0.0,True,,1.282900764099711,10389.855499240617,20800.0,15600.768943814177,19252.37889502439,0.0,10.144500759383739,1300,False
1643605,16,Nuble,29642.23439426501,44463.35159139751,22231.675795698757,7410.558598566249,69,16.0,1.0,4.0,32.0,0.01,True,,1.287413592700744,10285.889917004006,21024.0,15658.24628316014,19356.344477261002,0.0,0.6728804032654896,1314,False
1643605,16,Nuble,29642.23439426501,44463.35159139751,22231.675795698757,7410.558598566249,70,16.0,1.0,4.0,64.0,0.0,True,,1.2780850879022678,10445.855499240617,20928.0,15586.64783989694,19196.37889502439,0.0,18.144500759383742,1308,False
1643605,16,Nuble,29642.23439426501,44463.35159139751,22231.675795698757,7410.558598566249,71,16.0,1.0,4.0,64.0,0.01,True,,1.2828643372359452,10326.100917976495,21200.0,15644.164725607105,19316.133476288516,0.0,1.3407099509347598,1325,False
1643605,16,Nuble,29642.23439426501,44463.35159139751,22231.675795698757,7410.558598566249,72,16.0,2.0,1.0,8.0,0.0,True,,0.5320230981546096,17524.03679465498,35120.0,7196.775167012285,12118.19759961003,35.39989025553631,0.5633150894860204,2195,False
1643605,16,Nuble,29642.23439426501,44463.35159139751,22231.675795698757,7410.558598566249,73,16.0,2.0,1.0,8.0,0.01,True,,0.5278177181542487,17538.71135253709,35440.0,7207.147209896164,12103.523041727916,34.5461951460663,0.0751347787977412,2215,False
1643605,16,Nuble,29642.23439426501,44463.35159139751,22231.675795698757,7410.558598566249,74,16.0,2.0,1.0,16.0,0.0,True,,0.4997659907201621,17997.52070029451,36000.0,7402.967774751557,11644.713693970498,0.0,2.47929970548892,2250,False
1643605,16,Nuble,29642.23439426501,44463.35159139751,22231.675795698757,7410.558598566249,75,16.0,2.0,1.0,16.0,0.01,True,,0.4964549886510112,17975.094531519535,36400.0,7400.568898552666,11667.139862745473,0.0,0.7097099873903993,2275,False
1643605,16,Nuble,29642.23439426501,44463.35159139751,22231.675795698757,7410.558598566249,76,16.0,2.0,1.0,32.0,0.0,True,,0.45292216008895925,18653.52070029451,37328.0,7620.134063508507,10988.713693970498,0.0,10.479299705488916,2333,False
1643605,16,Nuble,29642.23439426501,44463.35159139751,22231.675795698757,7410.558598566249,77,16.0,2.0,1.0,32.0,0.01,True,,0.44843577392703576,18611.47225362577,37904.0,7608.440886200491,11030.762140639239,0.0,0.6638903930458588,2369,False
1643605,16,Nuble,29642.23439426501,44463.35159139751,22231.675795698757,7410.558598566249,78,16.0,2.0,1.0,64.0,0.0,True,,0.3943816073705012,19428.90409846189,38896.0,7735.3750801351125,10213.330295803114,0.0,19.09590153810625,2431,False
1643605,16,Nuble,29642.23439426501,44463.35159139751,22231.675795698757,7410.558598566249,79,16.0,2.0,1.0,64.0,0.01,True,,0.39070676498676915,19319.930626967325,39728.0,7724.4445590202795,10322.30376729768,0.0,1.297968393242623,2483,False
1643605,16,Nuble,29642.23439426501,44463.35159139751,22231.675795698757,7410.558598566249,80,16.0,2.0,2.0,8.0,0.0,True,,0.5320230981546096,17524.03679465498,35120.0,7196.775167012285,12118.19759961003,35.39989025553631,0.5633150894860204,2195,False
1643605,16,Nuble,29642.23439426501,44463.35159139751,22231.675795698757,7410.558598566249,81,16.0,2.0,2.0,8.0,0.01,True,,0.5278177181542487,17538.71135253709,35440.0,7207.147209896164,12103.523041727916,34.5461951460663,0.0751347787977412,2215,False
1643605,16,Nuble,29642.23439426501,44463.35159139751,22231.675795698757,7410.558598566249,82,16.0,2.0,2.0,16.0,0.0,True,,0.4997659907201621,17997.52070029451,36000.0,7402.967774751557,11644.713693970498,0.0,2.47929970548892,2250,False
1643605,16,Nuble,29642.23439426501,44463.35159139751,22231.675795698757,7410.558598566249,83,16.0,2.0,2.0,16.0,0.01,True,,0.4964549886510112,17975.094531519535,36400.0,7400.568898552666,11667.139862745473,0.0,0.7097099873903993,2275,False
1643605,16,Nuble,29642.23439426501,44463.35159139751,22231.675795698757,7410.558598566249,84,16.0,2.0,2.0,32.0,0.0,True,,0.45292216008895925,18653.52070029451,37328.0,7620.134063508507,10988.713693970498,0.0,10.479299705488916,2333,False
1643605,16,Nuble,29642.23439426501,44463.35159139751,22231.675795698757,7410.558598566249,85,16.0,2.0,2.0,32.0,0.01,True,,0.44843577392703576,18611.47225362577,37904.0,7608.440886200491,11030.762140639239,0.0,0.6638903930458588,2369,False
1643605,16,Nuble,29642.23439426501,44463.35159139751,22231.675795698757,7410.558598566249,86,16.0,2.0,2.0,64.0,0.0,True,,0.3943816073705012,19428.90409846189,38896.0,7735.3750801351125,10213.330295803114,0.0,19.09590153810625,2431,False
1643605,16,Nuble,29642.23439426501,44463.35159139751,22231.675795698757,7410.558598566249,87,16.0,2.0,2.0,64.0,0.01,True,,0.39070676498676915,19319.930626967325,39728.0,7724.4445590202795,10322.30376729768,0.0,1.297968393242623,2483,False
1643605,16,Nuble,29642.23439426501,44463.35159139751,22231.675795698757,7410.558598566249,88,16.0,2.0,4.0,8.0,0.0,True,,1.280752677617155,9942.260074819174,19920.0,13942.47154602722,19699.97431944583,16.53995093068408,1.1999742501413346,1245,False
1643605,16,Nuble,29642.23439426501,44463.35159139751,22231.675795698757,7410.558598566249,89,16.0,2.0,4.0,8.0,0.01,True,,1.2795607649208283,9928.5533634003,20112.0,13951.068459141901,19713.681030864704,17.9457006503721,0.073974640692968,1257,False
1643605,16,Nuble,29642.23439426501,44463.35159139751,22231.675795698757,7410.558598566249,90,16.0,2.0,4.0,16.0,0.0,True,,1.2655519431658122,10125.52070029451,20256.0,13900.377822095716,19516.713693970494,0.0,2.47929970548892,1266,False
1643605,16,Nuble,29642.23439426501,44463.35159139751,22231.675795698757,7410.558598566249,91,16.0,2.0,4.0,16.0,0.01,True,,1.265118057402571,10091.185390391205,20512.0,13924.102821194856,19551.049003873806,0.0,0.7687215076811097,1282,False
1643605,16,Nuble,29642.23439426501,44463.35159139751,22231.675795698757,7410.558598566249,92,16.0,2.0,4.0,32.0,0.0,True,,1.242342239797093,10389.52070029451,20800.0,13796.3966208803,19252.713693970494,0.0,10.47929970548892,1300,False
1643605,16,Nuble,29642.23439426501,44463.35159139751,22231.675795698757,7410.558598566249,93,16.0,2.0,4.0,32.0,0.01,True,,1.2449497145414155,10309.986276956579,21024.0,13830.39761897436,19332.24811730843,0.0,0.6793194727320376,1314,False
1643605,16,Nuble,29642.23439426501,44463.35159139751,22231.675795698757,7410.558598566249,94,16.0,2.0,4.0,64.0,0.0,True,,1.2376483032599248,10445.52070029451,20928.0,13787.68847028049,19196.713693970494,0.0,18.479299705488923,1308,False
1643605,16,Nuble,29642.23439426501,44463.35159139751,22231.675795698757,7410.558598566249,95,16.0,2.0,4.0,64.0,0.01,True,,1.2405009407586824,10349.935818068918,21200.0,13820.12848617949,19292.298576196088,0.0,1.3505049196702172,1325,False
1643605,16,Nuble,29642.23439426501,44463.35159139751,22231.675795698757,7410.558598566249,96,32.0,1.0,1.0,8.0,0.0,True,,1.1374953032304698,10517.05067381658,44463.35159139751,15432.978235453174,19125.18372044843,11714.625121882178,0.0,1390,False
1643605,16,Nuble,29642.23439426501,44463.35159139751,22231.675795698757,7410.558598566249,97,32.0,1.0,1.0,8.0,0.01,True,,1.1448449066181055,10418.694810405617,44463.35159139751,15510.47958791922,19223.53958385939,11721.419098858805,0.0,1390,False
1643605,16,Nuble,29642.23439426501,44463.35159139751,22231.675795698757,7410.558598566249,98,32.0,1.0,1.0,16.0,0.0,True,,0.36278572381631147,20441.581197620555,44463.35159139751,10760.385396149684,9200.653196644455,1790.0945980782026,0.0,1390,False
1643605,16,Nuble,29642.23439426501,44463.35159139751,22231.675795698757,7410.558598566249,99,32.0,1.0,1.0,16.0,0.01,True,,0.3828581048141787,20149.638954089227,44463.35159139751,10926.221645670656,9492.59544017578,1783.6815485489337,0.0,1390,False
1643605,16,Nuble,29642.23439426501,44463.35159139751,22231.675795698757,7410.558598566249,100,32.0,1.0,1.0,32.0,0.0,True,,0.24275203767507358,22231.675795698757,44463.35159139751,10793.56920067497,7410.558598566253,0.0,0.0,1390,False
1643605,16,Nuble,29642.23439426501,44463.35159139751,22231.675795698757,7410.558598566249,101,32.0,1.0,1.0,32.0,0.01,True,,0.2785445253570942,21700.93456193623,44463.35159139751,11058.170080405096,7941.29983232878,0.0,0.0,1390,False
1643605,16,Nuble,29642.23439426501,44463.35159139751,22231.675795698757,7410.558598566249,102,32.0,1.0,1.0,64.0,0.0,True,,0.2499730590766809,22231.675795698757,44463.35159139751,11114.640014103643,7410.558598566251,0.0,0.0,1390,False
1643605,16,Nuble,29642.23439426501,44463.35159139751,22231.675795698757,7410.558598566249,103,32.0,1.0,1.0,64.0,0.01,True,,0.30699836112738144,21385.78026383015,44463.35159139751,11535.437239118066,8256.45413043486,0.0,0.0,1390,False
1643605,16,Nuble,29642.23439426501,44463.35159139751,22231.675795698757,7410.558598566249,104,32.0,1.0,2.0,8.0,0.0,True,,1.1021287436128624,10891.534257552961,44463.35159139751,14983.913211806514,18750.700136712047,11340.141538145795,0.0,1390,False
1643605,16,Nuble,29642.23439426501,44463.35159139751,22231.675795698757,7410.558598566249,105,32.0,1.0,2.0,8.0,0.01,True,,1.108073816284956,10805.694590135015,44463.35159139751,15038.72358180288,18836.539804129992,11329.998173974753,0.0,1390,False
1643605,16,Nuble,29642.23439426501,44463.35159139751,22231.675795698757,7410.558598566249,106,32.0,1.0,2.0,16.0,0.0,True,,0.33385686786469493,20763.370128784918,44463.35159139751,10439.478296329156,8878.864265480088,1468.305666913838,0.0,1390,False
1643605,16,Nuble,29642.23439426501,44463.35159139751,22231.675795698757,7410.558598566249,107,32.0,1.0,2.0,16.0,0.01,True,,0.3527895936409197,20480.268330364772,44463.35159139751,10584.473549161234,9161.966063900238,1446.4310546925458,0.0,1390,False
1643605,16,Nuble,29642.23439426501,44463.35159139751,22231.675795698757,7410.558598566249,108,32.0,1.0,2.0,32.0,0.0,True,,0.22940636043648233,22231.675795698757,44463.35159139751,10200.175661390176,7410.558598566251,0.0,0.0,1390,False
1643605,16,Nuble,29642.23439426501,44463.35159139751,22231.675795698757,7410.558598566249,109,32.0,1.0,2.0,32.0,0.01,True,,0.2649084493403283,21704.016546284543,44463.35159139751,10459.569399015401,7938.217847980465,0.0,0.0,1390,False
1643605,16,Nuble,29642.23439426501,44463.35159139751,22231.675795698757,7410.558598566249,110,32.0,1.0,2.0,64.0,0.0,True,,0.23830596661745762,22231.675795698757,44463.35159139751,10595.881980039856,7410.558598566251,0.0,0.0,1390,False
1643605,16,Nuble,29642.23439426501,44463.35159139751,22231.675795698757,7410.558598566249,111,32.0,1.0,2.0,64.0,0.01,True,,0.2908737777729869,21448.599407204616,44463.35159139751,10975.532078602992,8193.63498706039,0.0,0.0,1390,False
1643605,16,Nuble,29642.23439426501,44463.35159139751,22231.675795698757,7410.558598566249,112,32.0,1.0,4.0,8.0,0.0,True,,1.215144785322799,9865.421939316157,39904.0,15790.81035726369,19776.81245494885,10086.014745594359,0.5633150894860204,1247,False
1643605,16,Nuble,29642.23439426501,44463.35159139751,22231.675795698757,7410.558598566249,113,32.0,1.0,4.0,8.0,0.01,True,,1.215011993647487,9823.239749885444,40256.0,15813.636986840558,19818.994644379563,10170.150126962148,0.055001518784887383,1258,False
1643605,16,Nuble,29642.23439426501,44463.35159139751,22231.675795698757,7410.558598566249,114,32.0,1.0,4.0,16.0,0.0,True,,0.6057974756904017,17871.52907346015,36928.0,11971.508090238216,11770.70532080486,587.8744448434254,4.596481696427329,1154,False
1643605,16,Nuble,29642.23439426501,44463.35159139751,22231.675795698757,7410.558598566249,115,32.0,1.0,4.0,16.0,0.01,True,,0.60738256057522,17743.04624773677,37568.0,12040.3656354969,11899.188146528242,592.8603998426147,0.4376806347384805,1174,False
1643605,16,Nuble,29642.23439426501,44463.35159139751,22231.675795698757,7410.558598566249,116,32.0,1.0,4.0,32.0,0.0,True,,0.5269109193015918,18841.52070029451,37696.0,11565.922278191047,10800.713693970498,0.0,6.47929970548892,1178,False
1643605,16,Nuble,29642.23439426501,44463.35159139751,22231.675795698757,7410.558598566249,117,32.0,1.0,4.0,32.0,0.01,True,,0.5259163246958639,18690.908503557574,38656.0,11628.114190180324,10951.325890707436,0.0,0.5884727514665598,1208,False
1643605,16,Nuble,29642.23439426501,44463.35159139751,22231.675795698757,7410.558598566249,118,32.0,1.0,4.0,64.0,0.0,True,,0.4638517975755927,19553.953664543522,39136.0,11259.401270590242,10088.280729721486,0.0,14.046335456477745,1223,False
1643605,16,Nuble,29642.23439426501,44463.35159139751,22231.675795698757,7410.558598566249,119,32.0,1.0,4.0,64.0,0.01,True,,0.4660011133617911,19330.570856589475,40320.0,11394.74943641164,10311.663537675531,0.0,1.567531008816076,1260,False
1643605,16,Nuble,29642.23439426501,44463.35159139751,22231.675795698757,7410.558598566249,120,32.0,2.0,1.0,8.0,0.0,True,,0.4035514775090816,19381.321615859633,44463.35159139751,9392.18869019687,10260.912778405374,2850.3541798391243,0.0,1390,False
1643605,16,Nuble,29642.23439426501,44463.35159139751,22231.675795698757,7410.558598566249,121,32.0,2.0,1.0,8.0,0.01,True,,0.414233321410575,19241.498380926903,44463.35159139751,9504.425845294492,10400.736013338103,2876.6648570532852,0.0,1390,False
1643605,16,Nuble,29642.23439426501,44463.35159139751,22231.675795698757,7410.558598566249,122,32.0,2.0,1.0,16.0,0.0,True,,0.18975547670443102,22136.52546512035,44463.35159139751,8151.713485367136,7505.708929144658,95.15033057840618,0.0,1390,False
1643605,16,Nuble,29642.23439426501,44463.35159139751,22231.675795698757,7410.558598566249,123,32.0,2.0,1.0,16.0,0.01,True,,0.20702433330422199,21873.34459112209,44463.35159139751,8261.20716226815,7768.889803142918,95.92109194094589,0.0,1390,False
1643605,16,Nuble,29642.23439426501,44463.35159139751,22231.675795698757,7410.558598566249,124,32.0,2.0,1.0,32.0,0.0,True,,0.19833537141077567,22231.675795698757,44463.35159139751,8818.655352047728,7410.558598566251,0.0,0.0,1390,False
1643605,16,Nuble,29642.23439426501,44463.35159139751,22231.675795698757,7410.558598566249,125,32.0,2.0,1.0,32.0,0.01,True,,0.22679132269290328,21803.183447995634,44463.35159139751,9012.67144951484,7839.050946269375,0.0,0.0,1390,False
1643605,16,Nuble,29642.23439426501,44463.35159139751,22231.675795698757,7410.558598566249,126,32.0,2.0,1.0,64.0,0.0,True,,0.2184396217942395,22231.675795698757,44463.35159139751,9712.557705329169,7410.558598566252,0.0,0.0,1390,False
1643605,16,Nuble,29642.23439426501,44463.35159139751,22231.675795698757,7410.558598566249,127,32.0,2.0,1.0,64.0,0.01,True,,0.2638438855157525,21549.301884838555,44463.35159139751,10025.448669776833,8092.9325094264495,0.0,0.0,1390,False
1643605,16,Nuble,29642.23439426501,44463.35159139751,22231.675795698757,7410.558598566249,128,32.0,2.0,2.0,8.0,0.0,True,,0.4035514775090816,19381.321615859633,44463.35159139751,9392.18869019687,10260.912778405374,2850.3541798391243,0.0,1390,False
1643605,16,Nuble,29642.23439426501,44463.35159139751,22231.675795698757,7410.558598566249,129,32.0,2.0,2.0,8.0,0.01,True,,0.414233321410575,19241.498380926903,44463.35159139751,9504.425845294492,10400.736013338103,2876.6648570532852,0.0,1390,False
1643605,16,Nuble,29642.23439426501,44463.35159139751,22231.675795698757,7410.558598566249,130,32.0,2.0,2.0,16.0,0.0,True,,0.18975547670443102,22136.52546512035,44463.35159139751,8151.713485367136,7505.708929144658,95.15033057840618,0.0,1390,False
1643605,16,Nuble,29642.23439426501,44463.35159139751,22231.675795698757,7410.558598566249,131,32.0,2.0,2.0,16.0,0.01,True,,0.20702433330422199,21873.34459112209,44463.35159139751,8261.20716226815,7768.889803142918,95.92109194094589,0.0,1390,False
1643605,16,Nuble,29642.23439426501,44463.35159139751,22231.675795698757,7410.558598566249,132,32.0,2.0,2.0,32.0,0.0,True,,0.19833537141077567,22231.675795698757,44463.35159139751,8818.655352047728,7410.558598566251,0.0,0.0,1390,False
1643605,16,Nuble,29642.23439426501,44463.35159139751,22231.675795698757,7410.558598566249,133,32.0,2.0,2.0,32.0,0.01,True,,0.22679132269290328,21803.183447995634,44463.35159139751,9012.67144951484,7839.050946269375,0.0,0.0,1390,False
1643605,16,Nuble,29642.23439426501,44463.35159139751,22231.675795698757,7410.558598566249,134,32.0,2.0,2.0,64.0,0.0,True,,0.2184396217942395,22231.675795698757,44463.35159139751,9712.557705329169,7410.558598566252,0.0,0.0,1390,False
1643605,16,Nuble,29642.23439426501,44463.35159139751,22231.675795698757,7410.558598566249,135,32.0,2.0,2.0,64.0,0.01,True,,0.2638438855157525,21549.301884838555,44463.35159139751,10025.448669776833,8092.9325094264495,0.0,0.0,1390,False
1643605,16,Nuble,29642.23439426501,44463.35159139751,22231.675795698757,7410.558598566249,136,32.0,2.0,4.0,8.0,0.0,True,,0.7047449510792545,16229.229986314,38656.0,11876.147216095484,13413.004407951008,3095.6122523355643,3.157761350435713,1208,False
1643605,16,Nuble,29642.23439426501,44463.35159139751,22231.675795698757,7410.558598566249,137,32.0,2.0,4.0,8.0,0.01,True,,0.7021499270249053,16203.632921876717,39104.0,11892.332179566169,13438.60147238829,3155.528350691273,0.11948003361468232,1222,False
1643605,16,Nuble,29642.23439426501,44463.35159139751,22231.675795698757,7410.558598566249,138,32.0,2.0,4.0,16.0,0.0,True,,0.5598900546591699,18234.174793445396,36672.0,10954.247448227972,11408.059600819612,93.26189146511916,8.563315089486018,1146,False
1643605,16,Nuble,29642.23439426501,44463.35159139751,22231.675795698757,7410.558598566249,139,32.0,2.0,4.0,16.0,0.01,True,,0.5585094205909762,18155.7327030502,37248.0,10991.271817264636,11486.501691214811,88.30845806919126,0.4823224497987875,1164,False
1643605,16,Nuble,29642.23439426501,44463.35159139751,22231.675795698757,7410.558598566249,140,32.0,2.0,4.0,32.0,0.0,True,,0.5074768306414431,18841.52070029451,37696.0,10701.817561236461,10800.713693970498,0.0,6.47929970548892,1178,False
1643605,16,Nuble,29642.23439426501,44463.35159139751,22231.675795698757,7410.558598566249,141,32.0,2.0,4.0,32.0,0.01,True,,0.500897582812078,18774.95056197556,38656.0,10725.799413949666,10867.28383228945,0.0,0.5940837963083989,1208,False
1643605,16,Nuble,29642.23439426501,44463.35159139751,22231.675795698757,7410.558598566249,142,32.0,2.0,4.0,64.0,0.0,True,,0.4445921126349011,19553.953664543522,39136.0,10403.05112753273,10088.280729721486,0.0,14.046335456477753,1223,False
1643605,16,Nuble,29642.23439426501,44463.35159139751,22231.675795698757,7410.558598566249,143,32.0,2.0,4.0,64.0,0.01,True,,0.4409596698959208,19408.823733670404,40320.0,10476.937919710763,10233.410660594605,0.0,1.6019394570226166,1260,False
