edificio_id,codigo_region,region,heating_demand_kwh,calibration_target_source,calibration_target_fuel_energy_kwh,mvp_target_fuel_energy_kwh,mvp_assigned_useful_energy_kwh,mvp_unmet_heating_energy_kwh,trial,event_fuel_energy_kwh,event_duration_hours,min_event_interval_hours,storage_capacity_kwh,storage_loss_rate_per_hour,valid,error,score,assigned_useful_energy_kwh,assigned_fuel_energy_kwh,profile_error_kwh,unmet_heating_energy_kwh,storage_spill_energy_kwh,stored_energy_end_kwh,event_count,is_best
99748,1,Tarapaca,2769.8789442975335,MVP_coverage_mid,4154.8184164463,4154.8184164463,2077.40920822315,692.4697360743835,0,8.0,1.0,1.0,8.0,0.0,True,,0.24996820619816218,2077.40920822315,4154.8184164463,1038.5725066381704,692.4697360743834,0.0,0.0,520,False
99748,1,Tarapaca,2769.8789442975335,MVP_coverage_mid,4154.8184164463,4154.8184164463,2077.40920822315,692.4697360743835,1,8.0,1.0,1.0,8.0,0.01,True,,0.3838493291284421,1891.844317122463,4154.8184164463,1130.912034051691,878.0346271750705,0.0,0.0,520,False
99748,1,Tarapaca,2769.8789442975335,MVP_coverage_mid,4154.8184164463,4154.8184164463,2077.40920822315,692.4697360743835,2,8.0,1.0,1.0,16.0,0.0,True,,0.24999920952644164,2077.40920822315,4154.8184164463,1038.701319837477,692.4697360743834,0.0,0.0,520,False
99748,1,Tarapaca,2769.8789442975335,MVP_coverage_mid,4154.8184164463,4154.8184164463,2077.40920822315,692.4697360743835,3,8.0,1.0,1.0,16.0,0.01,True,,0.4566029302110536,1791.232115529788,4154.8184164463,1181.659531710825,978.6468287677454,0.0,0.0,520,False
99748,1,Tarapaca,2769.8789442975335,MVP_coverage_mid,4154.8184164463,4154.8184164463,2077.40920822315,692.4697360743835,4,8.0,1.0,1.0,32.0,0.0,True,,0.24999920952644164,2077.40920822315,4154.8184164463,1038.701319837477,692.4697360743834,0.0,0.0,520,False
99748,1,Tarapaca,2769.8789442975335,MVP_coverage_mid,4154.8184164463,4154.8184164463,2077.40920822315,692.4697360743835,5,8.0,1.0,1.0,32.0,0.01,True,,0.5864656827301631,1611.308617710753,4154.8184164463,1271.4069429400415,1158.5703265867805,0.0,0.0,520,False
99748,1,Tarapaca,2769.8789442975335,MVP_coverage_mid,4154.8184164463,4154.8184164463,2077.40920822315,692.4697360743835,6,8.0,1.0,1.0,64.0,0.0,True,,0.24999920952644164,2077.40920822315,4154.8184164463,1038.701319837477,692.4697360743834,0.0,0.0,520,False
99748,1,Tarapaca,2769.8789442975335,MVP_coverage_mid,4154.8184164463,4154.8184164463,2077.40920822315,692.4697360743835,7,8.0,1.0,1.0,64.0,0.01,True,,0.8036201087760177,1310.6276350122816,4154.8184164463,1421.9416947420061,1459.2513092852519,0.0,0.0,520,False
99748,1,Tarapaca,2769.8789442975335,MVP_coverage_mid,4154.8184164463,4154.8184164463,2077.40920822315,692.4697360743835,8,8.0,1.0,2.0,8.0,0.0,True,,0.24996820619816218,2077.40920822315,4154.8184164463,1038.5725066381704,692.4697360743834,0.0,0.0,520,False
99748,1,Tarapaca,2769.8789442975335,MVP_coverage_mid,4154.8184164463,4154.8184164463,2077.40920822315,692.4697360743835,9,8.0,1.0,2.0,8.0,0.01,True,,0.3840329717629688,1891.217598544028,4154.8184164463,1130.10823940558,878.6613457535054,0.0,0.0,520,False
99748,1,Tarapaca,2769.8789442975335,MVP_coverage_mid,4154.8184164463,4154.8184164463,2077.40920822315,692.4697360743835,10,8.0,1.0,2.0,16.0,0.0,True,,0.24999920952644164,2077.40920822315,4154.8184164463,1038.701319837477,692.4697360743834,0.0,0.0,520,False
99748,1,Tarapaca,2769.8789442975335,MVP_coverage_mid,4154.8184164463,4154.8184164463,2077.40920822315,692.4697360743835,11,8.0,1.0,2.0,16.0,0.01,True,,0.4566028969288387,1791.2321550388049,4154.8184164463,1181.659492201808,978.6467892587285,0.0,0.0,520,False
99748,1,Tarapaca,2769.8789442975335,MVP_coverage_mid,4154.8184164463,4154.8184164463,2077.40920822315,692.4697360743835,12,8.0,1.0,2.0,32.0,0.0,True,,0.24999920952644167,2077.40920822315,4154.8184164463,1038.701319837477,692.4697360743833,0.0,0.0,520,False
99748,1,Tarapaca,2769.8789442975335,MVP_coverage_mid,4154.8184164463,4154.8184164463,2077.40920822315,692.4697360743835,13,8.0,1.0,2.0,32.0,0.01,True,,0.5864626676730021,1611.312196857901,4154.8184164463,1271.4033637928933,1158.5667474396323,0.0,0.0,520,False
99748,1,Tarapaca,2769.8789442975335,MVP_coverage_mid,4154.8184164463,4154.8184164463,2077.40920822315,692.4697360743835,14,8.0,1.0,2.0,64.0,0.0,True,,0.24999920952644164,2077.40920822315,4154.8184164463,1038.701319837477,692.4697360743834,0.0,0.0,520,False
99748,1,Tarapaca,2769.8789442975335,MVP_coverage_mid,4154.8184164463,4154.8184164463,2077.40920822315,692.4697360743835,15,8.0,1.0,2.0,64.0,0.01,True,,0.8013374406727217,1313.8005152193232,4154.8184164463,1420.3898237854019,1456.07842907821,0.0,0.0,520,False
99748,1,Tarapaca,2769.8789442975335,MVP_coverage_mid,4154.8184164463,4154.8184164463,2077.40920822315,692.4697360743835,16,8.0,1.0,4.0,8.0,0.0,True,,0.241078206123208,2077.40920822315,4154.8184164463,1001.6361706045417,692.4697360743834,0.0,0.0,520,False
99748,1,Tarapaca,2769.8789442975335,MVP_coverage_mid,4154.8184164463,4154.8184164463,2077.40920822315,692.4697360743835,17,8.0,1.0,4.0,8.0,0.01,True,,0.3551359012111947,1919.4022179740862,4154.8184164463,1080.5077070708662,850.4767263234472,0.0,0.0,520,False
99748,1,Tarapaca,2769.8789442975335,MVP_coverage_mid,4154.8184164463,4154.8184164463,2077.40920822315,692.4697360743835,18,8.0,1.0,4.0,16.0,0.0,True,,0.246213926055148,2077.40920822315,4154.8184164463,1022.9741543594764,692.4697360743834,0.0,0.0,520,False
99748,1,Tarapaca,2769.8789442975335,MVP_coverage_mid,4154.8184164463,4154.8184164463,2077.40920822315,692.4697360743835,19,8.0,1.0,4.0,16.0,0.01,True,,0.41884039167940307,1838.7516132994906,4154.8184164463,1143.561785592017,931.1273309980428,0.0,0.0,520,False
99748,1,Tarapaca,2769.8789442975335,MVP_coverage_mid,4154.8184164463,4154.8184164463,2077.40920822315,692.4697360743835,20,8.0,1.0,4.0,32.0,0.0,True,,0.24904657450978193,2077.40920822315,4154.8184164463,1034.7432943261076,692.4697360743834,0.0,0.0,520,False
99748,1,Tarapaca,2769.8789442975335,MVP_coverage_mid,4154.8184164463,4154.8184164463,2077.40920822315,692.4697360743835,21,8.0,1.0,4.0,32.0,0.01,True,,0.5155846083622595,1706.3746276734985,4154.8184164463,1214.5739746856405,1063.5043166240346,0.0,0.0,520,False
99748,1,Tarapaca,2769.8789442975335,MVP_coverage_mid,4154.8184164463,4154.8184164463,2077.40920822315,692.4697360743835,22,8.0,1.0,4.0,64.0,0.0,True,,0.24937493300708533,2077.40920822315,4154.8184164463,1036.1075642579003,692.4697360743833,0.0,0.0,520,False
99748,1,Tarapaca,2769.8789442975335,MVP_coverage_mid,4154.8184164463,4154.8184164463,2077.40920822315,692.4697360743835,23,8.0,1.0,4.0,64.0,0.01,True,,0.6521676852056442,1518.079073159622,4154.8184164463,1311.312971444744,1251.7998711379112,0.0,0.0,520,False
99748,1,Tarapaca,2769.8789442975335,MVP_coverage_mid,4154.8184164463,4154.8184164463,2077.40920822315,692.4697360743835,24,8.0,2.0,1.0,8.0,0.0,True,,0.24991954381801199,2077.40920822315,4154.8184164463,1038.370323284934,692.4697360743833,0.0,0.0,520,False
99748,1,Tarapaca,2769.8789442975335,MVP_coverage_mid,4154.8184164463,4154.8184164463,2077.40920822315,692.4697360743835,25,8.0,2.0,1.0,8.0,0.01,True,,0.37753201033719636,1900.097508892972,4154.8184164463,1125.2977010215332,869.7814354045615,0.0,0.0,520,False
99748,1,Tarapaca,2769.8789442975335,MVP_coverage_mid,4154.8184164463,4154.8184164463,2077.40920822315,692.4697360743835,26,8.0,2.0,1.0,16.0,0.0,True,,0.24999920952644164,2077.40920822315,4154.8184164463,1038.701319837477,692.4697360743834,0.0,0.0,520,False
99748,1,Tarapaca,2769.8789442975335,MVP_coverage_mid,4154.8184164463,4154.8184164463,2077.40920822315,692.4697360743835,27,8.0,2.0,1.0,16.0,0.01,True,,0.4511381683084422,1798.818221897596,4154.8184164463,1177.9197042358812,971.0607223999374,0.0,0.0,520,False
99748,1,Tarapaca,2769.8789442975335,MVP_coverage_mid,4154.8184164463,4154.8184164463,2077.40920822315,692.4697360743835,28,8.0,2.0,1.0,32.0,0.0,True,,0.24999920952644164,2077.40920822315,4154.8184164463,1038.701319837477,692.4697360743834,0.0,0.0,520,False
99748,1,Tarapaca,2769.8789442975335,MVP_coverage_mid,4154.8184164463,4154.8184164463,2077.40920822315,692.4697360743835,29,8.0,2.0,1.0,32.0,0.01,True,,0.5827205483497696,1616.556953022779,4154.8184164463,1268.9674279243814,1153.3219912747545,0.0,0.0,520,False
99748,1,Tarapaca,2769.8789442975335,MVP_coverage_mid,4154.8184164463,4154.8184164463,2077.40920822315,692.4697360743835,30,8.0,2.0,1.0,64.0,0.0,True,,0.24999920952644164,2077.40920822315,4154.8184164463,1038.701319837477,692.4697360743834,0.0,0.0,520,False
99748,1,Tarapaca,2769.8789442975335,MVP_coverage_mid,4154.8184164463,4154.8184164463,2077.40920822315,692.4697360743835,31,8.0,2.0,1.0,64.0,0.01,True,,0.7967580469650428,1320.1471463648618,4154.8184164463,1417.2298523364252,1449.7317979326717,0.0,0.0,520,False
99748,1,Tarapaca,2769.8789442975335,MVP_coverage_mid,4154.8184164463,4154.8184164463,2077.40920822315,692.4697360743835,32,8.0,2.0,2.0,8.0,0.0,True,,0.24991954381801199,2077.40920822315,4154.8184164463,1038.370323284934,692.4697360743833,0.0,0.0,520,False
99748,1,Tarapaca,2769.8789442975335,MVP_coverage_mid,4154.8184164463,4154.8184164463,2077.40920822315,692.4697360743835,33,8.0,2.0,2.0,8.0,0.01,True,,0.37753201033719636,1900.097508892972,4154.8184164463,1125.2977010215332,869.7814354045615,0.0,0.0,520,False
99748,1,Tarapaca,2769.8789442975335,MVP_coverage_mid,4154.8184164463,4154.8184164463,2077.40920822315,692.4697360743835,34,8.0,2.0,2.0,16.0,0.0,True,,0.24999920952644164,2077.40920822315,4154.8184164463,1038.701319837477,692.4697360743834,0.0,0.0,520,False
99748,1,Tarapaca,2769.8789442975335,MVP_coverage_mid,4154.8184164463,4154.8184164463,2077.40920822315,692.4697360743835,35,8.0,2.0,2.0,16.0,0.01,True,,0.4511381683084422,1798.818221897596,4154.8184164463,1177.9197042358812,971.0607223999374,0.0,0.0,520,False
99748,1,Tarapaca,2769.8789442975335,MVP_coverage_mid,4154.8184164463,4154.8184164463,2077.40920822315,692.4697360743835,36,8.0,2.0,2.0,32.0,0.0,True,,0.24999920952644164,2077.40920822315,4154.8184164463,1038.701319837477,692.4697360743834,0.0,0.0,520,False
99748,1,Tarapaca,2769.8789442975335,MVP_coverage_mid,4154.8184164463,4154.8184164463,2077.40920822315,692.4697360743835,37,8.0,2.0,2.0,32.0,0.01,True,,0.5827205483497696,1616.556953022779,4154.8184164463,1268.9674279243814,1153.3219912747545,0.0,0.0,520,False
99748,1,Tarapaca,2769.8789442975335,MVP_coverage_mid,4154.8184164463,4154.8184164463,2077.40920822315,692.4697360743835,38,8.0,2.0,2.0,64.0,0.0,True,,0.24999920952644164,2077.40920822315,4154.8184164463,1038.701319837477,692.4697360743834,0.0,0.0,520,False
99748,1,Tarapaca,2769.8789442975335,MVP_coverage_mid,4154.8184164463,4154.8184164463,2077.40920822315,692.4697360743835,39,8.0,2.0,2.0,64.0,0.01,True,,0.7967580469650428,1320.1471463648618,4154.8184164463,1417.2298523364252,1449.7317979326717,0.0,0.0,520,False
99748,1,Tarapaca,2769.8789442975335,MVP_coverage_mid,4154.8184164463,4154.8184164463,2077.40920822315,692.4697360743835,40,8.0,2.0,4.0,8.0,0.0,True,,0.24091836541806583,2077.40920822315,4154.8184164463,1000.9720614991191,692.4697360743833,0.0,0.0,520,True
99748,1,Tarapaca,2769.8789442975335,MVP_coverage_mid,4154.8184164463,4154.8184164463,2077.40920822315,692.4697360743835,41,8.0,2.0,4.0,8.0,0.01,True,,0.3505245823547699,1924.942111163899,4154.8184164463,1075.1982475366183,844.9368331336343,0.0,0.0,520,False
99748,1,Tarapaca,2769.8789442975335,MVP_coverage_mid,4154.8184164463,4154.8184164463,2077.40920822315,692.4697360743835,42,8.0,2.0,4.0,16.0,0.0,True,,0.2461087774754157,2077.40920822315,4154.8184164463,1022.5372811039415,692.4697360743834,0.0,0.0,520,False
99748,1,Tarapaca,2769.8789442975335,MVP_coverage_mid,4154.8184164463,4154.8184164463,2077.40920822315,692.4697360743835,43,8.0,2.0,4.0,16.0,0.01,True,,0.41426659541288907,1844.917216030979,4154.8184164463,1139.9724994595524,924.9617282665544,0.0,0.0,520,False
99748,1,Tarapaca,2769.8789442975335,MVP_coverage_mid,4154.8184164463,4154.8184164463,2077.40920822315,692.4697360743835,44,8.0,2.0,4.0,32.0,0.0,True,,0.2489414259300496,2077.40920822315,4154.8184164463,1034.3064210705725,692.4697360743834,0.0,0.0,520,False
99748,1,Tarapaca,2769.8789442975335,MVP_coverage_mid,4154.8184164463,4154.8184164463,2077.40920822315,692.4697360743835,45,8.0,2.0,4.0,32.0,0.01,True,,0.5106042791214381,1713.048757051524,4154.8184164463,1210.5669344809735,1056.8301872460092,0.0,0.0,520,False
99748,1,Tarapaca,2769.8789442975335,MVP_coverage_mid,4154.8184164463,4154.8184164463,2077.40920822315,692.4697360743835,46,8.0,2.0,4.0,64.0,0.0,True,,0.2493749330070853,2077.40920822315,4154.8184164463,1036.1075642579003,692.4697360743834,0.0,0.0,520,False
99748,1,Tarapaca,2769.8789442975335,MVP_coverage_mid,4154.8184164463,4154.8184164463,2077.40920822315,692.4697360743835,47,8.0,2.0,4.0,64.0,0.01,True,,0.6501866669092438,1520.6464512321743,4154.8184164463,1309.5006453249232,1249.2324930653592,0.0,0.0,520,False
99748,1,Tarapaca,2769.8789442975335,MVP_coverage_mid,4154.8184164463,4154.8184164463,2077.40920822315,692.4697360743835,48,16.0,1.0,1.0,8.0,0.0,True,,0.5645475515524675,1703.7827574385162,4154.8184164463,1224.7132117959575,1066.096186859017,373.62645078463385,0.0,260,False
99748,1,Tarapaca,2769.8789442975335,MVP_coverage_mid,4154.8184164463,4154.8184164463,2077.40920822315,692.4697360743835,49,16.0,1.0,1.0,8.0,0.01,True,,0.7160559626480949,1492.6710873254426,4154.8184164463,1330.7277336352531,1277.207856972091,365.01892987393376,0.0,260,False
99748,1,Tarapaca,2769.8789442975335,MVP_coverage_mid,4154.8184164463,4154.8184164463,2077.40920822315,692.4697360743835,50,16.0,1.0,1.0,16.0,0.0,True,,0.24999920952644167,2077.40920822315,4154.8184164463,1038.701319837477,692.4697360743833,0.0,0.0,260,False
99748,1,Tarapaca,2769.8789442975335,MVP_coverage_mid,4154.8184164463,4154.8184164463,2077.40920822315,692.4697360743835,51,16.0,1.0,1.0,16.0,0.01,True,,0.5183794090452596,1705.677627981469,4154.8184164463,1224.4433648035915,1064.2013163160645,0.0,0.0,260,False
99748,1,Tarapaca,2769.8789442975335,MVP_coverage_mid,4154.8184164463,4154.8184164463,2077.40920822315,692.4697360743835,52,16.0,1.0,1.0,32.0,0.0,True,,0.24999920952644164,2077.40920822315,4154.8184164463,1038.701319837477,692.4697360743834,0.0,0.0,260,False
99748,1,Tarapaca,2769.8789442975335,MVP_coverage_mid,4154.8184164463,4154.8184164463,2077.40920822315,692.4697360743835,53,16.0,1.0,1.0,32.0,0.01,True,,0.6458382939880397,1529.1662109026333,4154.8184164463,1312.7333446064756,1240.7127333949,0.0,0.0,260,False
99748,1,Tarapaca,2769.8789442975335,MVP_coverage_mid,4154.8184164463,4154.8184164463,2077.40920822315,692.4697360743835,54,16.0,1.0,1.0,64.0,0.0,True,,0.24999920952644164,2077.40920822315,4154.8184164463,1038.701319837477,692.4697360743834,0.0,0.0,260,False
99748,1,Tarapaca,2769.8789442975335,MVP_coverage_mid,4154.8184164463,4154.8184164463,2077.40920822315,692.4697360743835,55,16.0,1.0,1.0,64.0,0.01,True,,0.8602718952740664,1232.1074204687895,4154.8184164463,1461.019044249953,1537.771523828744,0.0,0.0,260,False
99748,1,Tarapaca,2769.8789442975335,MVP_coverage_mid,4154.8184164463,4154.8184164463,2077.40920822315,692.4697360743835,56,16.0,1.0,2.0,8.0,0.0,True,,0.5645475515524675,1703.7827574385162,4154.8184164463,1224.7132117959575,1066.096186859017,373.62645078463385,0.0,260,False
99748,1,Tarapaca,2769.8789442975335,MVP_coverage_mid,4154.8184164463,4154.8184164463,2077.40920822315,692.4697360743835,57,16.0,1.0,2.0,8.0,0.01,True,,0.7160559626480949,1492.6710873254426,4154.8184164463,1330.7277336352531,1277.207856972091,365.01892987393376,0.0,260,False
99748,1,Tarapaca,2769.8789442975335,MVP_coverage_mid,4154.8184164463,4154.8184164463,2077.40920822315,692.4697360743835,58,16.0,1.0,2.0,16.0,0.0,True,,0.24999920952644167,2077.40920822315,4154.8184164463,1038.701319837477,692.4697360743833,0.0,0.0,260,False
99748,1,Tarapaca,2769.8789442975335,MVP_coverage_mid,4154.8184164463,4154.8184164463,2077.40920822315,692.4697360743835,59,16.0,1.0,2.0,16.0,0.01,True,,0.5183794090452596,1705.677627981469,4154.8184164463,1224.4433648035915,1064.2013163160645,0.0,0.0,260,False
99748,1,Tarapaca,2769.8789442975335,MVP_coverage_mid,4154.8184164463,4154.8184164463,2077.40920822315,692.4697360743835,60,16.0,1.0,2.0,32.0,0.0,True,,0.24999920952644164,2077.40920822315,4154.8184164463,1038.701319837477,692.4697360743834,0.0,0.0,260,False
99748,1,Tarapaca,2769.8789442975335,MVP_coverage_mid,4154.8184164463,4154.8184164463,2077.40920822315,692.4697360743835,61,16.0,1.0,2.0,32.0,0.01,True,,0.6458382939880397,1529.1662109026333,4154.8184164463,1312.7333446064756,1240.7127333949,0.0,0.0,260,False
99748,1,Tarapaca,2769.8789442975335,MVP_coverage_mid,4154.8184164463,4154.8184164463,2077.40920822315,692.4697360743835,62,16.0,1.0,2.0,64.0,0.0,True,,0.24999920952644164,2077.40920822315,4154.8184164463,1038.701319837477,692.4697360743834,0.0,0.0,260,False
99748,1,Tarapaca,2769.8789442975335,MVP_coverage_mid,4154.8184164463,4154.8184164463,2077.40920822315,692.4697360743835,63,16.0,1.0,2.0,64.0,0.01,True,,0.8602718952740664,1232.1074204687895,4154.8184164463,1461.019044249953,1537.771523828744,0.0,0.0,260,False
99748,1,Tarapaca,2769.8789442975335,MVP_coverage_mid,4154.8184164463,4154.8184164463,2077.40920822315,692.4697360743835,64,16.0,1.0,4.0,8.0,0.0,True,,0.5568509805646348,1712.8942953859087,4154.8184164463,1220.0699707544015,1056.9846489116246,364.51491283724135,0.0,260,False
99748,1,Tarapaca,2769.8789442975335,MVP_coverage_mid,4154.8184164463,4154.8184164463,2077.40920822315,692.4697360743835,65,16.0,1.0,4.0,8.0,0.01,True,,0.7053764941032041,1504.8539588559297,4154.8184164463,1323.909468003905,1265.0249854416038,350.8273136127228,0.0,260,False
99748,1,Tarapaca,2769.8789442975335,MVP_coverage_mid,4154.8184164463,4154.8184164463,2077.40920822315,692.4697360743835,66,16.0,1.0,4.0,16.0,0.0,True,,0.24999920952644167,2077.40920822315,4154.8184164463,1038.701319837477,692.4697360743833,0.0,0.0,260,False
99748,1,Tarapaca,2769.8789442975335,MVP_coverage_mid,4154.8184164463,4154.8184164463,2077.40920822315,692.4697360743835,67,16.0,1.0,4.0,16.0,0.01,True,,0.5183794090452596,1705.677627981469,4154.8184164463,1224.4433648035915,1064.2013163160645,0.0,0.0,260,False
99748,1,Tarapaca,2769.8789442975335,MVP_coverage_mid,4154.8184164463,4154.8184164463,2077.40920822315,692.4697360743835,68,16.0,1.0,4.0,32.0,0.0,True,,0.24999920952644164,2077.40920822315,4154.8184164463,1038.701319837477,692.4697360743834,0.0,0.0,260,False
99748,1,Tarapaca,2769.8789442975335,MVP_coverage_mid,4154.8184164463,4154.8184164463,2077.40920822315,692.4697360743835,69,16.0,1.0,4.0,32.0,0.01,True,,0.6458329503141469,1529.172554329691,4154.8184164463,1312.727001179418,1240.7063899678424,0.0,0.0,260,False
99748,1,Tarapaca,2769.8789442975335,MVP_coverage_mid,4154.8184164463,4154.8184164463,2077.40920822315,692.4697360743835,70,16.0,1.0,4.0,64.0,0.0,True,,0.24999920952644164,2077.40920822315,4154.8184164463,1038.701319837477,692.4697360743834,0.0,0.0,260,False
99748,1,Tarapaca,2769.8789442975335,MVP_coverage_mid,4154.8184164463,4154.8184164463,2077.40920822315,692.4697360743835,71,16.0,1.0,4.0,64.0,0.01,True,,0.8602718952740664,1232.1074204687895,4154.8184164463,1461.019044249953,1537.771523828744,0.0,0.0,260,False
99748,1,Tarapaca,2769.8789442975335,MVP_coverage_mid,4154.8184164463,4154.8184164463,2077.40920822315,692.4697360743835,72,16.0,2.0,1.0,8.0,0.0,True,,0.34788121097652486,1961.0917142990295,4154.8184164463,1096.4307803285446,808.7872299985039,116.31749392412053,0.0,260,False
99748,1,Tarapaca,2769.8789442975335,MVP_coverage_mid,4154.8184164463,4154.8184164463,2077.40920822315,692.4697360743835,73,16.0,2.0,1.0,8.0,0.01,True,,0.5389684849687661,1699.9250491890148,4154.8184164463,1226.9791608664152,1069.9538951085185,137.25325756127395,0.0,260,False
99748,1,Tarapaca,2769.8789442975335,MVP_coverage_mid,4154.8184164463,4154.8184164463,2077.40920822315,692.4697360743835,74,16.0,2.0,1.0,16.0,0.0,True,,0.24999920952644167,2077.40920822315,4154.8184164463,1038.701319837477,692.4697360743833,0.0,0.0,260,False
99748,1,Tarapaca,2769.8789442975335,MVP_coverage_mid,4154.8184164463,4154.8184164463,2077.40920822315,692.4697360743835,75,16.0,2.0,1.0,16.0,0.01,True,,0.5128491690362925,1713.3675508592046,4154.8184164463,1220.6910289613058,1056.511393438329,0.0,0.0,260,False
99748,1,Tarapaca,2769.8789442975335,MVP_coverage_mid,4154.8184164463,4154.8184164463,2077.40920822315,692.4697360743835,76,16.0,2.0,1.0,32.0,0.0,True,,0.24999920952644164,2077.40920822315,4154.8184164463,1038.701319837477,692.4697360743834,0.0,0.0,260,False
99748,1,Tarapaca,2769.8789442975335,MVP_coverage_mid,4154.8184164463,4154.8184164463,2077.40920822315,692.4697360743835,77,16.0,2.0,1.0,32.0,0.01,True,,0.6402023335207414,1536.9266110870215,4154.8184164463,1308.7179527235517,1232.9523332105118,0.0,0.0,260,False
99748,1,Tarapaca,2769.8789442975335,MVP_coverage_mid,4154.8184164463,4154.8184164463,2077.40920822315,692.4697360743835,78,16.0,2.0,1.0,64.0,0.0,True,,0.24999920952644164,2077.40920822315,4154.8184164463,1038.701319837477,692.4697360743834,0.0,0.0,260,False
99748,1,Tarapaca,2769.8789442975335,MVP_coverage_mid,4154.8184164463,4154.8184164463,2077.40920822315,692.4697360743835,79,16.0,2.0,1.0,64.0,0.01,True,,0.854452277408916,1240.1060474967217,4154.8184164463,1456.8361563369763,1529.7728968008118,0.0,0.0,260,False
99748,1,Tarapaca,2769.8789442975335,MVP_coverage_mid,4154.8184164463,4154.8184164463,2077.40920822315,692.4697360743835,80,16.0,2.0,2.0,8.0,0.0,True,,0.34788121097652486,1961.0917142990295,4154.8184164463,1096.4307803285446,808.7872299985039,116.31749392412053,0.0,260,False
99748,1,Tarapaca,2769.8789442975335,MVP_coverage_mid,4154.8184164463,4154.8184164463,2077.40920822315,692.4697360743835,81,16.0,2.0,2.0,8.0,0.01,True,,0.5389684849687661,1699.9250491890148,4154.8184164463,1226.9791608664152,1069.9538951085185,137.25325756127395,0.0,260,False
99748,1,Tarapaca,2769.8789442975335,MVP_coverage_mid,4154.8184164463,4154.8184164463,2077.40920822315,692.4697360743835,82,16.0,2.0,2.0,16.0,0.0,True,,0.24999920952644167,2077.40920822315,4154.8184164463,1038.701319837477,692.4697360743833,0.0,0.0,260,False
99748,1,Tarapaca,2769.8789442975335,MVP_coverage_mid,4154.8184164463,4154.8184164463,2077.40920822315,692.4697360743835,83,16.0,2.0,2.0,16.0,0.01,True,,0.5128491690362925,1713.3675508592046,4154.8184164463,1220.6910289613058,1056.511393438329,0.0,0.0,260,False
99748,1,Tarapaca,2769.8789442975335,MVP_coverage_mid,4154.8184164463,4154.8184164463,2077.40920822315,692.4697360743835,84,16.0,2.0,2.0,32.0,0.0,True,,0.24999920952644164,2077.40920822315,4154.8184164463,1038.701319837477,692.4697360743834,0.0,0.0,260,False
99748,1,Tarapaca,2769.8789442975335,MVP_coverage_mid,4154.8184164463,4154.8184164463,2077.40920822315,692.4697360743835,85,16.0,2.0,2.0,32.0,0.01,True,,0.6402023335207414,1536.9266110870215,4154.8184164463,1308.7179527235517,1232.9523332105118,0.0,0.0,260,False
99748,1,Tarapaca,2769.8789442975335,MVP_coverage_mid,4154.8184164463,4154.8184164463,2077.40920822315,692.4697360743835,86,16.0,2.0,2.0,64.0,0.0,True,,0.24999920952644164,2077.40920822315,4154.8184164463,1038.701319837477,692.4697360743834,0.0,0.0,260,False
99748,1,Tarapaca,2769.8789442975335,MVP_coverage_mid,4154.8184164463,4154.8184164463,2077.40920822315,692.4697360743835,87,16.0,2.0,2.0,64.0,0.01,True,,0.854452277408916,1240.1060474967217,4154.8184164463,1456.8361563369763,1529.7728968008118,0.0,0.0,260,False
99748,1,Tarapaca,2769.8789442975335,MVP_coverage_mid,4154.8184164463,4154.8184164463,2077.40920822315,692.4697360743835,88,16.0,2.0,4.0,8.0,0.0,True,,0.34788121097652486,1961.0917142990295,4154.8184164463,1096.4307803285446,808.7872299985039,116.31749392412053,0.0,260,False
99748,1,Tarapaca,2769.8789442975335,MVP_coverage_mid,4154.8184164463,4154.8184164463,2077.40920822315,692.4697360743835,89,16.0,2.0,4.0,8.0,0.01,True,,0.538944409163062,1699.9250491890148,4154.8184164463,1226.9791608664152,1069.9538951085185,137.05319635941328,0.0,260,False
99748,1,Tarapaca,2769.8789442975335,MVP_coverage_mid,4154.8184164463,4154.8184164463,2077.40920822315,692.4697360743835,90,16.0,2.0,4.0,16.0,0.0,True,,0.24999920952644167,2077.40920822315,4154.8184164463,1038.701319837477,692.4697360743833,0.0,0.0,260,False
99748,1,Tarapaca,2769.8789442975335,MVP_coverage_mid,4154.8184164463,4154.8184164463,2077.40920822315,692.4697360743835,91,16.0,2.0,4.0,16.0,0.01,True,,0.5128491690362925,1713.3675508592046,4154.8184164463,1220.6910289613058,1056.511393438329,0.0,0.0,260,False
99748,1,Tarapaca,2769.8789442975335,MVP_coverage_mid,4154.8184164463,4154.8184164463,2077.40920822315,692.4697360743835,92,16.0,2.0,4.0,32.0,0.0,True,,0.24999920952644164,2077.40920822315,4154.8184164463,1038.701319837477,692.4697360743834,0.0,0.0,260,False
99748,1,Tarapaca,2769.8789442975335,MVP_coverage_mid,4154.8184164463,4154.8184164463,2077.40920822315,692.4697360743835,93,16.0,2.0,4.0,32.0,0.01,True,,0.6402023335207414,1536.9266110870215,4154.8184164463,1308.7179527235517,1232.9523332105118,0.0,0.0,260,False
99748,1,Tarapaca,2769.8789442975335,MVP_coverage_mid,4154.8184164463,4154.8184164463,2077.40920822315,692.4697360743835,94,16.0,2.0,4.0,64.0,0.0,True,,0.24999920952644164,2077.40920822315,4154.8184164463,1038.701319837477,692.4697360743834,0.0,0.0,260,False
99748,1,Tarapaca,2769.8789442975335,MVP_coverage_mid,4154.8184164463,4154.8184164463,2077.40920822315,692.4697360743835,95,16.0,2.0,4.0,64.0,0.01,True,,0.854452277408916,1240.1060474967217,4154.8184164463,1456.8361563369763,1529.7728968008118,0.0,0.0,260,False
99748,1,Tarapaca,2769.8789442975335,MVP_coverage_mid,4154.8184164463,4154.8184164463,2077.40920822315,692.4697360743835,96,32.0,1.0,1.0,8.0,0.0,True,,1.2887724057825019,844.1697145444925,4154.8184164463,1654.89684511697,1925.7092297530407,1233.2394936786575,0.0,130,False
99748,1,Tarapaca,2769.8789442975335,MVP_coverage_mid,4154.8184164463,4154.8184164463,2077.40920822315,692.4697360743835,97,32.0,1.0,1.0,8.0,0.01,True,,1.4028090861674316,686.7344499756987,4154.8184164463,1733.6333047294759,2083.1444943218344,1236.1936512370894,0.0,130,False
99748,1,Tarapaca,2769.8789442975335,MVP_coverage_mid,4154.8184164463,4154.8184164463,2077.40920822315,692.4697360743835,98,32.0,1.0,1.0,16.0,0.0,True,,0.6162075291441234,1642.6463443571752,4154.8184164463,1255.94179884295,1127.232599940358,434.76286386597474,0.0,130,False
99748,1,Tarapaca,2769.8789442975335,MVP_coverage_mid,4154.8184164463,4154.8184164463,2077.40920822315,692.4697360743835,99,32.0,1.0,1.0,16.0,0.01,True,,0.91330671658074,1231.5778956483182,4154.8184164463,1461.327432791897,1538.301048649215,437.43570336956736,0.0,130,False
99748,1,Tarapaca,2769.8789442975335,MVP_coverage_mid,4154.8184164463,4154.8184164463,2077.40920822315,692.4697360743835,100,32.0,1.0,1.0,32.0,0.0,True,,0.24999920952644164,2077.40920822315,4154.8184164463,1038.701319837477,692.4697360743834,0.0,0.0,130,False
99748,1,Tarapaca,2769.8789442975335,MVP_coverage_mid,4154.8184164463,4154.8184164463,2077.40920822315,692.4697360743835,101,32.0,1.0,1.0,32.0,0.01,True,,0.7502933692084164,1384.5239786304394,4154.8184164463,1385.119634142895,1385.3549656670941,0.0,0.0,130,False
99748,1,Tarapaca,2769.8789442975335,MVP_coverage_mid,4154.8184164463,4154.8184164463,2077.40920822315,692.4697360743835,102,32.0,1.0,1.0,64.0,0.0,True,,0.24999920952644164,2077.40920822315,4154.8184164463,1038.701319837477,692.4697360743834,0.0,0.0,130,False
99748,1,Tarapaca,2769.8789442975335,MVP_coverage_mid,4154.8184164463,4154.8184164463,2077.40920822315,692.4697360743835,103,32.0,1.0,1.0,64.0,0.01,True,,0.9487456018255667,1109.6569672709504,4154.8184164463,1522.4850966067934,1660.221977026583,0.0,0.0,130,False
99748,1,Tarapaca,2769.8789442975335,MVP_coverage_mid,4154.8184164463,4154.8184164463,2077.40920822315,692.4697360743835,104,32.0,1.0,2.0,8.0,0.0,True,,1.2887724057825019,844.1697145444925,4154.8184164463,1654.89684511697,1925.7092297530407,1233.2394936786575,0.0,130,False
99748,1,Tarapaca,2769.8789442975335,MVP_coverage_mid,4154.8184164463,4154.8184164463,2077.40920822315,692.4697360743835,105,32.0,1.0,2.0,8.0,0.01,True,,1.4028090861674316,686.7344499756987,4154.8184164463,1733.6333047294759,2083.1444943218344,1236.1936512370894,0.0,130,False
99748,1,Tarapaca,2769.8789442975335,MVP_coverage_mid,4154.8184164463,4154.8184164463,2077.40920822315,692.4697360743835,106,32.0,1.0,2.0,16.0,0.0,True,,0.6162075291441234,1642.6463443571752,4154.8184164463,1255.94179884295,1127.232599940358,434.76286386597474,0.0,130,False
99748,1,Tarapaca,2769.8789442975335,MVP_coverage_mid,4154.8184164463,4154.8184164463,2077.40920822315,692.4697360743835,107,32.0,1.0,2.0,16.0,0.01,True,,0.91330671658074,1231.5778956483182,4154.8184164463,1461.327432791897,1538.301048649215,437.43570336956736,0.0,130,False
99748,1,Tarapaca,2769.8789442975335,MVP_coverage_mid,4154.8184164463,4154.8184164463,2077.40920822315,692.4697360743835,108,32.0,1.0,2.0,32.0,0.0,True,,0.24999920952644164,2077.40920822315,4154.8184164463,1038.701319837477,692.4697360743834,0.0,0.0,130,False
99748,1,Tarapaca,2769.8789442975335,MVP_coverage_mid,4154.8184164463,4154.8184164463,2077.40920822315,692.4697360743835,109,32.0,1.0,2.0,32.0,0.01,True,,0.7502933692084164,1384.5239786304394,4154.8184164463,1385.119634142895,1385.3549656670941,0.0,0.0,130,False
99748,1,Tarapaca,2769.8789442975335,MVP_coverage_mid,4154.8184164463,4154.8184164463,2077.40920822315,692.4697360743835,110,32.0,1.0,2.0,64.0,0.0,True,,0.24999920952644164,2077.40920822315,4154.8184164463,1038.701319837477,692.4697360743834,0.0,0.0,130,False
99748,1,Tarapaca,2769.8789442975335,MVP_coverage_mid,4154.8184164463,4154.8184164463,2077.40920822315,692.4697360743835,111,32.0,1.0,2.0,64.0,0.01,True,,0.9487456018255667,1109.6569672709504,4154.8184164463,1522.4850966067934,1660.221977026583,0.0,0.0,130,False
99748,1,Tarapaca,2769.8789442975335,MVP_coverage_mid,4154.8184164463,4154.8184164463,2077.40920822315,692.4697360743835,112,32.0,1.0,4.0,8.0,0.0,True,,1.2887724057825019,844.1697145444925,4154.8184164463,1654.89684511697,1925.7092297530407,1233.2394936786575,0.0,130,False
99748,1,Tarapaca,2769.8789442975335,MVP_coverage_mid,4154.8184164463,4154.8184164463,2077.40920822315,692.4697360743835,113,32.0,1.0,4.0,8.0,0.01,True,,1.4028090861674316,686.7344499756987,4154.8184164463,1733.6333047294759,2083.1444943218344,1236.1936512370894,0.0,130,False
99748,1,Tarapaca,2769.8789442975335,MVP_coverage_mid,4154.8184164463,4154.8184164463,2077.40920822315,692.4697360743835,114,32.0,1.0,4.0,16.0,0.0,True,,0.6162075291441234,1642.6463443571752,4154.8184164463,1255.94179884295,1127.232599940358,434.76286386597474,0.0,130,False
99748,1,Tarapaca,2769.8789442975335,MVP_coverage_mid,4154.8184164463,4154.8184164463,2077.40920822315,692.4697360743835,115,32.0,1.0,4.0,16.0,0.01,True,,0.91330671658074,1231.5778956483182,4154.8184164463,1461.327432791897,1538.301048649215,437.43570336956736,0.0,130,False
99748,1,Tarapaca,2769.8789442975335,MVP_coverage_mid,4154.8184164463,4154.8184164463,2077.40920822315,692.4697360743835,116,32.0,1.0,4.0,32.0,0.0,True,,0.24999920952644164,2077.40920822315,4154.8184164463,1038.701319837477,692.4697360743834,0.0,0.0,130,False
99748,1,Tarapaca,2769.8789442975335,MVP_coverage_mid,4154.8184164463,4154.8184164463,2077.40920822315,692.4697360743835,117,32.0,1.0,4.0,32.0,0.01,True,,0.7502933692084164,1384.5239786304394,4154.8184164463,1385.119634142895,1385.3549656670941,0.0,0.0,130,False
99748,1,Tarapaca,2769.8789442975335,MVP_coverage_mid,4154.8184164463,4154.8184164463,2077.40920822315,692.4697360743835,118,32.0,1.0,4.0,64.0,0.0,True,,0.24999920952644164,2077.40920822315,4154.8184164463,1038.701319837477,692.4697360743834,0.0,0.0,130,False
99748,1,Tarapaca,2769.8789442975335,MVP_coverage_mid,4154.8184164463,4154.8184164463,2077.40920822315,692.4697360743835,119,32.0,1.0,4.0,64.0,0.01,True,,0.9487456018255667,1109.6569672709504,4154.8184164463,1522.4850966067934,1660.221977026583,0.0,0.0,130,False
99748,1,Tarapaca,2769.8789442975335,MVP_coverage_mid,4154.8184164463,4154.8184164463,2077.40920822315,692.4697360743835,120,32.0,2.0,1.0,8.0,0.0,True,,1.1880260310659263,963.7770014412519,4154.8184164463,1595.13581274462,1806.1019428562815,1113.6322067818983,0.0,130,False
99748,1,Tarapaca,2769.8789442975335,MVP_coverage_mid,4154.8184164463,4154.8184164463,2077.40920822315,692.4697360743835,121,32.0,2.0,1.0,8.0,0.01,True,,1.3167923484583262,786.2416902511038,4154.8184164463,1683.9321586586252,1983.6372540464297,1118.364292842975,0.0,130,False
99748,1,Tarapaca,2769.8789442975335,MVP_coverage_mid,4154.8184164463,4154.8184164463,2077.40920822315,692.4697360743835,122,32.0,2.0,1.0,16.0,0.0,True,,0.49559977041120495,1785.8114454728518,4154.8184164463,1184.333765040138,984.0674988246816,291.5977627502983,0.0,130,False
99748,1,Tarapaca,2769.8789442975335,MVP_coverage_mid,4154.8184164463,4154.8184164463,2077.40920822315,692.4697360743835,123,32.0,2.0,1.0,16.0,0.01,True,,0.8285634865089275,1327.063794648489,4154.8184164463,1413.6549303298234,1442.8151496490443,306.0247373515438,0.0,130,False
99748,1,Tarapaca,2769.8789442975335,MVP_coverage_mid,4154.8184164463,4154.8184164463,2077.40920822315,692.4697360743835,124,32.0,2.0,1.0,32.0,0.0,True,,0.24999920952644167,2077.40920822315,4154.8184164463,1038.701319837477,692.4697360743833,0.0,0.0,130,False
99748,1,Tarapaca,2769.8789442975335,MVP_coverage_mid,4154.8184164463,4154.8184164463,2077.40920822315,692.4697360743835,125,32.0,2.0,1.0,32.0,0.01,True,,0.7402617204265272,1398.3549471653478,4154.8184164463,1378.0173763738521,1371.5239971321855,0.0,0.0,130,False
99748,1,Tarapaca,2769.8789442975335,MVP_coverage_mid,4154.8184164463,4154.8184164463,2077.40920822315,692.4697360743835,126,32.0,2.0,1.0,64.0,0.0,True,,0.24999920952644164,2077.40920822315,4154.8184164463,1038.701319837477,692.4697360743834,0.0,0.0,130,False
99748,1,Tarapaca,2769.8789442975335,MVP_coverage_mid,4154.8184164463,4154.8184164463,2077.40920822315,692.4697360743835,127,32.0,2.0,1.0,64.0,0.01,True,,0.9415891742908261,1119.5790798920484,4154.8184164463,1517.5567212422352,1650.2998644054849,0.0,0.0,130,False
99748,1,Tarapaca,2769.8789442975335,MVP_coverage_mid,4154.8184164463,4154.8184164463,2077.40920822315,692.4697360743835,128,32.0,2.0,2.0,8.0,0.0,True,,1.1880260310659263,963.7770014412519,4154.8184164463,1595.13581274462,1806.1019428562815,1113.6322067818983,0.0,130,False
99748,1,Tarapaca,2769.8789442975335,MVP_coverage_mid,4154.8184164463,4154.8184164463,2077.40920822315,692.4697360743835,129,32.0,2.0,2.0,8.0,0.01,True,,1.3167923484583262,786.2416902511038,4154.8184164463,1683.9321586586252,1983.6372540464297,1118.364292842975,0.0,130,False
99748,1,Tarapaca,2769.8789442975335,MVP_coverage_mid,4154.8184164463,4154.8184164463,2077.40920822315,692.4697360743835,130,32.0,2.0,2.0,16.0,0.0,True,,0.49559977041120495,1785.8114454728518,4154.8184164463,1184.333765040138,984.0674988246816,291.5977627502983,0.0,130,False
99748,1,Tarapaca,2769.8789442975335,MVP_coverage_mid,4154.8184164463,4154.8184164463,2077.40920822315,692.4697360743835,131,32.0,2.0,2.0,16.0,0.01,True,,0.8285634865089275,1327.063794648489,4154.8184164463,1413.6549303298234,1442.8151496490443,306.0247373515438,0.0,130,False
99748,1,Tarapaca,2769.8789442975335,MVP_coverage_mid,4154.8184164463,4154.8184164463,2077.40920822315,692.4697360743835,132,32.0,2.0,2.0,32.0,0.0,True,,0.24999920952644167,2077.40920822315,4154.8184164463,1038.701319837477,692.4697360743833,0.0,0.0,130,False
99748,1,Tarapaca,2769.8789442975335,MVP_coverage_mid,4154.8184164463,4154.8184164463,2077.40920822315,692.4697360743835,133,32.0,2.0,2.0,32.0,0.01,True,,0.7402617204265272,1398.3549471653478,4154.8184164463,1378.0173763738521,1371.5239971321855,0.0,0.0,130,False
99748,1,Tarapaca,2769.8789442975335,MVP_coverage_mid,4154.8184164463,4154.8184164463,2077.40920822315,692.4697360743835,134,32.0,2.0,2.0,64.0,0.0,True,,0.24999920952644164,2077.40920822315,4154.8184164463,1038.701319837477,692.4697360743834,0.0,0.0,130,False
99748,1,Tarapaca,2769.8789442975335,MVP_coverage_mid,4154.8184164463,4154.8184164463,2077.40920822315,692.4697360743835,135,32.0,2.0,2.0,64.0,0.01,True,,0.9415891742908261,1119.5790798920484,4154.8184164463,1517.5567212422352,1650.2998644054849,0.0,0.0,130,False
99748,1,Tarapaca,2769.8789442975335,MVP_coverage_mid,4154.8184164463,4154.8184164463,2077.40920822315,692.4697360743835,136,32.0,2.0,4.0,8.0,0.0,True,,1.1880260310659263,963.7770014412519,4154.8184164463,1595.13581274462,1806.1019428562815,1113.6322067818983,0.0,130,False
99748,1,Tarapaca,2769.8789442975335,MVP_coverage_mid,4154.8184164463,4154.8184164463,2077.40920822315,692.4697360743835,137,32.0,2.0,4.0,8.0,0.01,True,,1.3167923484583262,786.2416902511038,4154.8184164463,1683.9321586586252,1983.6372540464297,1118.364292842975,0.0,130,False
99748,1,Tarapaca,2769.8789442975335,MVP_coverage_mid,4154.8184164463,4154.8184164463,2077.40920822315,692.4697360743835,138,32.0,2.0,4.0,16.0,0.0,True,,0.49559977041120495,1785.8114454728518,4154.8184164463,1184.333765040138,984.0674988246816,291.5977627502983,0.0,130,False
99748,1,Tarapaca,2769.8789442975335,MVP_coverage_mid,4154.8184164463,4154.8184164463,2077.40920822315,692.4697360743835,139,32.0,2.0,4.0,16.0,0.01,True,,0.8285634865089275,1327.063794648489,4154.8184164463,1413.6549303298234,1442.8151496490443,306.0247373515438,0.0,130,False
99748,1,Tarapaca,2769.8789442975335,MVP_coverage_mid,4154.8184164463,4154.8184164463,2077.40920822315,692.4697360743835,140,32.0,2.0,4.0,32.0,0.0,True,,0.24999920952644167,2077.40920822315,4154.8184164463,1038.701319837477,692.4697360743833,0.0,0.0,130,False
99748,1,Tarapaca,2769.8789442975335,MVP_coverage_mid,4154.8184164463,4154.8184164463,2077.40920822315,692.4697360743835,141,32.0,2.0,4.0,32.0,0.01,True,,0.7402617204265272,1398.3549471653478,4154.8184164463,1378.0173763738521,1371.5239971321855,0.0,0.0,130,False
99748,1,Tarapaca,2769.8789442975335,MVP_coverage_mid,4154.8184164463,4154.8184164463,2077.40920822315,692.4697360743835,142,32.0,2.0,4.0,64.0,0.0,True,,0.24999920952644164,2077.40920822315,4154.8184164463,1038.701319837477,692.4697360743834,0.0,0.0,130,False
99748,1,Tarapaca,2769.8789442975335,MVP_coverage_mid,4154.8184164463,4154.8184164463,2077.40920822315,692.4697360743835,143,32.0,2.0,4.0,64.0,0.01,True,,0.9415891742908261,1119.5790798920484,4154.8184164463,1517.5567212422352,1650.2998644054849,0.0,0.0,130,False
111131,2,Antofagasta,222.55400912550186,MVP_coverage_mid,333.8310136882528,333.8310136882528,166.9155068441264,55.638502281375445,0,8.0,1.0,1.0,8.0,0.0,True,,0.24503889981412966,166.9155068441264,333.8310136882528,81.80158431800513,55.638502281375445,0.0,0.0,42,False
111131,2,Antofagasta,222.55400912550186,MVP_coverage_mid,333.8310136882528,333.8310136882528,166.9155068441264,55.638502281375445,1,8.0,1.0,1.0,8.0,0.01,True,,0.5733855571145223,130.2315194877176,333.8310136882528,99.70391337472255,92.32248963778426,0.0,0.0,42,False
111131,2,Antofagasta,222.55400912550186,MVP_coverage_mid,333.8310136882528,333.8310136882528,166.9155068441264,55.638502281375445,2,8.0,1.0,1.0,16.0,0.0,True,,0.24954167127626034,166.9155068441264,333.8310136882528,83.30474907961475,55.63850228137545,0.0,0.0,42,False
111131,2,Antofagasta,222.55400912550186,MVP_coverage_mid,333.8310136882528,333.8310136882528,166.9155068441264,55.638502281375445,3,8.0,1.0,1.0,16.0,0.01,True,,0.7634878657733035,109.57462997977906,333.8310136882528,111.52373600891427,112.97937914572279,0.0,0.0,42,False
111131,2,Antofagasta,222.55400912550186,MVP_coverage_mid,333.8310136882528,333.8310136882528,166.9155068441264,55.638502281375445,4,8.0,1.0,1.0,32.0,0.0,True,,0.24954167127626029,166.9155068441264,333.8310136882528,83.30474907961474,55.63850228137544,0.0,0.0,42,False
111131,2,Antofagasta,222.55400912550186,MVP_coverage_mid,333.8310136882528,333.8310136882528,166.9155068441264,55.638502281375445,5,8.0,1.0,1.0,32.0,0.01,True,,1.0340610397212386,79.60235011106153,333.8310136882528,126.91875327300751,142.95165901444034,0.0,0.0,42,False
111131,2,Antofagasta,222.55400912550186,MVP_coverage_mid,333.8310136882528,333.8310136882528,166.9155068441264,55.638502281375445,6,8.0,1.0,1.0,64.0,0.0,True,,0.24954167127626034,166.9155068441264,333.8310136882528,83.30474907961475,55.63850228137545,0.0,0.0,42,False
111131,2,Antofagasta,222.55400912550186,MVP_coverage_mid,333.8310136882528,333.8310136882528,166.9155068441264,55.638502281375445,7,8.0,1.0,1.0,64.0,0.01,True,,1.312530789289301,48.67284946536913,333.8310136882528,142.5568404385967,173.88115966013274,0.0,0.0,42,False
111131,2,Antofagasta,222.55400912550186,MVP_coverage_mid,333.8310136882528,333.8310136882528,166.9155068441264,55.638502281375445,8,8.0,1.0,2.0,8.0,0.0,True,,0.2409145939870429,166.9155068441264,333.8310136882528,80.4247631229884,55.63850228137545,0.0,0.0,42,False
111131,2,Antofagasta,222.55400912550186,MVP_coverage_mid,333.8310136882528,333.8310136882528,166.9155068441264,55.638502281375445,9,8.0,1.0,2.0,8.0,0.01,True,,0.5831121915401437,128.9760435062513,333.8310136882528,99.81227565113704,93.57796561925055,0.0,0.0,42,False
111131,2,Antofagasta,222.55400912550186,MVP_coverage_mid,333.8310136882528,333.8310136882528,166.9155068441264,55.638502281375445,10,8.0,1.0,2.0,16.0,0.0,True,,0.2452497456447845,166.9155068441264,333.8310136882528,81.87197119538457,55.63850228137545,0.0,0.0,42,False
111131,2,Antofagasta,222.55400912550186,MVP_coverage_mid,333.8310136882528,333.8310136882528,166.9155068441264,55.638502281375445,11,8.0,1.0,2.0,16.0,0.01,True,,0.7545788693807675,110.10366802717252,333.8310136882528,109.8722318307326,112.45034109832933,0.0,0.0,42,False
111131,2,Antofagasta,222.55400912550186,MVP_coverage_mid,333.8310136882528,333.8310136882528,166.9155068441264,55.638502281375445,12,8.0,1.0,2.0,32.0,0.0,True,,0.2448735907379338,166.9155068441264,333.8310136882528,81.7463990215268,55.63850228137544,0.0,0.0,42,False
111131,2,Antofagasta,222.55400912550186,MVP_coverage_mid,333.8310136882528,333.8310136882528,166.9155068441264,55.638502281375445,13,8.0,1.0,2.0,32.0,0.01,True,,1.0339726631193729,79.61077949694358,333.8310136882528,126.91032388712546,142.9432296285583,0.0,0.0,42,False
111131,2,Antofagasta,222.55400912550186,MVP_coverage_mid,333.8310136882528,333.8310136882528,166.9155068441264,55.638502281375445,14,8.0,1.0,2.0,64.0,0.0,True,,0.24954167127626034,166.9155068441264,333.8310136882528,83.30474907961475,55.63850228137545,0.0,0.0,42,False
111131,2,Antofagasta,222.55400912550186,MVP_coverage_mid,333.8310136882528,333.8310136882528,166.9155068441264,55.638502281375445,15,8.0,1.0,2.0,64.0,0.01,True,,1.298559155662098,50.21415497759467,333.8310136882528,141.74593960251042,172.33985414790723,0.0,0.0,42,False
111131,2,Antofagasta,222.55400912550186,MVP_coverage_mid,333.8310136882528,333.8310136882528,166.9155068441264,55.638502281375445,16,8.0,1.0,4.0,8.0,0.0,True,,0.23717903751493014,166.9155068441264,333.8310136882528,79.17771851921327,55.638502281375445,0.0,0.0,42,False
111131,2,Antofagasta,222.55400912550186,MVP_coverage_mid,333.8310136882528,333.8310136882528,166.9155068441264,55.638502281375445,17,8.0,1.0,4.0,8.0,0.01,True,,0.6078181373592065,125.68225747595953,333.8310136882528,99.82542151231239,96.87175164954232,0.0,0.0,42,False
111131,2,Antofagasta,222.55400912550186,MVP_coverage_mid,333.8310136882528,333.8310136882528,166.9155068441264,55.638502281375445,18,8.0,1.0,4.0,16.0,0.0,True,,0.24438411029210072,166.9155068441264,333.8310136882528,81.58299526811376,55.63850228137545,0.0,0.0,42,False
111131,2,Antofagasta,222.55400912550186,MVP_coverage_mid,333.8310136882528,333.8310136882528,166.9155068441264,55.638502281375445,19,8.0,1.0,4.0,16.0,0.01,True,,0.7299233223036887,113.04132241624595,333.8310136882528,108.98558152963652,109.5126867092559,0.0,0.0,42,False
111131,2,Antofagasta,222.55400912550186,MVP_coverage_mid,333.8310136882528,333.8310136882528,166.9155068441264,55.638502281375445,20,8.0,1.0,4.0,32.0,0.0,True,,0.2432954338352733,166.9155068441264,333.8310136882528,81.21956130295253,55.638502281375445,0.0,0.0,42,False
111131,2,Antofagasta,222.55400912550186,MVP_coverage_mid,333.8310136882528,333.8310136882528,166.9155068441264,55.638502281375445,21,8.0,1.0,4.0,32.0,0.01,True,,0.9610843210764013,87.06516029413861,333.8310136882528,121.21388676985178,135.48884883136327,0.0,0.0,42,False
111131,2,Antofagasta,222.55400912550186,MVP_coverage_mid,333.8310136882528,333.8310136882528,166.9155068441264,55.638502281375445,22,8.0,1.0,4.0,64.0,0.0,True,,0.24225838882894854,166.9155068441264,333.8310136882528,80.8733635172508,55.638502281375445,0.0,0.0,42,False
111131,2,Antofagasta,222.55400912550186,MVP_coverage_mid,333.8310136882528,333.8310136882528,166.9155068441264,55.638502281375445,23,8.0,1.0,4.0,64.0,0.01,True,,1.0028966453853947,83.0470073581565,333.8310136882528,125.1267550386298,139.50700176734537,0.0,0.0,42,False
111131,2,Antofagasta,222.55400912550186,MVP_coverage_mid,333.8310136882528,333.8310136882528,166.9155068441264,55.638502281375445,24,8.0,2.0,1.0,8.0,0.0,True,,0.22347820049508133,166.9155068441264,333.8310136882528,74.6039542084996,55.63850228137544,0.0,0.0,42,True
111131,2,Antofagasta,222.55400912550186,MVP_coverage_mid,333.8310136882528,333.8310136882528,166.9155068441264,55.638502281375445,25,8.0,2.0,1.0,8.0,0.01,True,,0.5638252816131799,129.06788765487806,333.8310136882528,93.60331733087158,93.48612147062377,0.0,0.0,42,False
111131,2,Antofagasta,222.55400912550186,MVP_coverage_mid,333.8310136882528,333.8310136882528,166.9155068441264,55.638502281375445,26,8.0,2.0,1.0,16.0,0.0,True,,0.23404096426177065,166.9155068441264,333.8310136882528,78.13013234408305,55.63850228137545,0.0,0.0,42,False
111131,2,Antofagasta,222.55400912550186,MVP_coverage_mid,333.8310136882528,333.8310136882528,166.9155068441264,55.638502281375445,27,8.0,2.0,1.0,16.0,0.01,True,,0.7010870748676906,114.77517445037836,333.8310136882528,103.69377790244302,107.77883467512349,0.0,0.0,42,False
111131,2,Antofagasta,222.55400912550186,MVP_coverage_mid,333.8310136882528,333.8310136882528,166.9155068441264,55.638502281375445,28,8.0,2.0,1.0,32.0,0.0,True,,0.24247644886824624,166.9155068441264,333.8310136882528,80.94615872121445,55.63850228137544,0.0,0.0,42,False
111131,2,Antofagasta,222.55400912550186,MVP_coverage_mid,333.8310136882528,333.8310136882528,166.9155068441264,55.638502281375445,29,8.0,2.0,1.0,32.0,0.01,True,,1.0326912777652768,79.73299840313877,333.8310136882528,126.78810498093027,142.8210107223631,0.0,0.0,42,False
111131,2,Antofagasta,222.55400912550186,MVP_coverage_mid,333.8310136882528,333.8310136882528,166.9155068441264,55.638502281375445,30,8.0,2.0,1.0,64.0,0.0,True,,0.24954167127626034,166.9155068441264,333.8310136882528,83.30474907961475,55.638502281375445,0.0,0.0,42,False
111131,2,Antofagasta,222.55400912550186,MVP_coverage_mid,333.8310136882528,333.8310136882528,166.9155068441264,55.638502281375445,31,8.0,2.0,1.0,64.0,0.01,True,,1.2984526178486728,50.22431658509517,333.8310136882528,141.7357779950099,172.32969254040668,0.0,0.0,42,False
111131,2,Antofagasta,222.55400912550186,MVP_coverage_mid,333.8310136882528,333.8310136882528,166.9155068441264,55.638502281375445,32,8.0,2.0,2.0,8.0,0.0,True,,0.22347820049508133,166.9155068441264,333.8310136882528,74.6039542084996,55.63850228137544,0.0,0.0,42,False
111131,2,Antofagasta,222.55400912550186,MVP_coverage_mid,333.8310136882528,333.8310136882528,166.9155068441264,55.638502281375445,33,8.0,2.0,2.0,8.0,0.01,True,,0.5638252816131799,129.06788765487806,333.8310136882528,93.60331733087158,93.48612147062377,0.0,0.0,42,False
111131,2,Antofagasta,222.55400912550186,MVP_coverage_mid,333.8310136882528,333.8310136882528,166.9155068441264,55.638502281375445,34,8.0,2.0,2.0,16.0,0.0,True,,0.23404096426177065,166.9155068441264,333.8310136882528,78.13013234408305,55.63850228137545,0.0,0.0,42,False
111131,2,Antofagasta,222.55400912550186,MVP_coverage_mid,333.8310136882528,333.8310136882528,166.9155068441264,55.638502281375445,35,8.0,2.0,2.0,16.0,0.01,True,,0.7010870748676906,114.77517445037836,333.8310136882528,103.69377790244302,107.77883467512349,0.0,0.0,42,False
111131,2,Antofagasta,222.55400912550186,MVP_coverage_mid,333.8310136882528,333.8310136882528,166.9155068441264,55.638502281375445,36,8.0,2.0,2.0,32.0,0.0,True,,0.24247644886824624,166.9155068441264,333.8310136882528,80.94615872121445,55.63850228137544,0.0,0.0,42,False
111131,2,Antofagasta,222.55400912550186,MVP_coverage_mid,333.8310136882528,333.8310136882528,166.9155068441264,55.638502281375445,37,8.0,2.0,2.0,32.0,0.01,True,,1.0326912777652768,79.73299840313877,333.8310136882528,126.78810498093027,142.8210107223631,0.0,0.0,42,False
111131,2,Antofagasta,222.55400912550186,MVP_coverage_mid,333.8310136882528,333.8310136882528,166.9155068441264,55.638502281375445,38,8.0,2.0,2.0,64.0,0.0,True,,0.24954167127626034,166.9155068441264,333.8310136882528,83.30474907961475,55.638502281375445,0.0,0.0,42,False
111131,2,Antofagasta,222.55400912550186,MVP_coverage_mid,333.8310136882528,333.8310136882528,166.9155068441264,55.638502281375445,39,8.0,2.0,2.0,64.0,0.01,True,,1.2984526178486728,50.22431658509517,333.8310136882528,141.7357779950099,172.32969254040668,0.0,0.0,42,False
111131,2,Antofagasta,222.55400912550186,MVP_coverage_mid,333.8310136882528,333.8310136882528,166.9155068441264,55.638502281375445,40,8.0,2.0,4.0,8.0,0.0,True,,0.22558412988771306,166.9155068441264,333.8310136882528,75.30697875239774,55.638502281375445,0.0,0.0,42,False
111131,2,Antofagasta,222.55400912550186,MVP_coverage_mid,333.8310136882528,333.8310136882528,166.9155068441264,55.638502281375445,41,8.0,2.0,4.0,8.0,0.01,True,,0.5937739686952923,125.9825063589315,333.8310136882528,95.88766465825904,96.57150276657036,0.0,0.0,42,False
111131,2,Antofagasta,222.55400912550186,MVP_coverage_mid,333.8310136882528,333.8310136882528,166.9155068441264,55.638502281375445,42,8.0,2.0,4.0,16.0,0.0,True,,0.2345561292733875,166.9155068441264,333.8310136882528,78.30211040212782,55.63850228137545,0.0,0.0,42,False
111131,2,Antofagasta,222.55400912550186,MVP_coverage_mid,333.8310136882528,333.8310136882528,166.9155068441264,55.638502281375445,43,8.0,2.0,4.0,16.0,0.01,True,,0.7118229088789719,113.30041980216443,333.8310136882528,103.59084563268307,109.25358932333744,0.0,0.0,42,False
111131,2,Antofagasta,222.55400912550186,MVP_coverage_mid,333.8310136882528,333.8310136882528,166.9155068441264,55.638502281375445,44,8.0,2.0,4.0,32.0,0.0,True,,0.2334674528165601,166.9155068441264,333.8310136882528,77.93867643696659,55.638502281375445,0.0,0.0,42,False
111131,2,Antofagasta,222.55400912550186,MVP_coverage_mid,333.8310136882528,333.8310136882528,166.9155068441264,55.638502281375445,45,8.0,2.0,4.0,32.0,0.01,True,,0.9584569403745311,87.28567929295181,333.8310136882528,120.88808310383449,135.26832983255005,0.0,0.0,42,False
111131,2,Antofagasta,222.55400912550186,MVP_coverage_mid,333.8310136882528,333.8310136882528,166.9155068441264,55.638502281375445,46,8.0,2.0,4.0,64.0,0.0,True,,0.23814760082733435,166.9155068441264,333.8310136882528,79.50105499161442,55.63850228137545,0.0,0.0,42,False
111131,2,Antofagasta,222.55400912550186,MVP_coverage_mid,333.8310136882528,333.8310136882528,166.9155068441264,55.638502281375445,47,8.0,2.0,4.0,64.0,0.01,True,,1.001448774960215,83.18510565864995,333.8310136882528,124.98865673813637,139.36890346685192,0.0,0.0,42,False
111131,2,Antofagasta,222.55400912550186,MVP_coverage_mid,333.8310136882528,333.8310136882528,166.9155068441264,55.638502281375445,48,16.0,1.0,1.0,8.0,0.0,True,,0.47000434330736424,145.48817339747112,333.8310136882528,92.62002602421312,77.06583572803073,21.427333446655304,0.0,21,False
111131,2,Antofagasta,222.55400912550186,MVP_coverage_mid,333.8310136882528,333.8310136882528,166.9155068441264,55.638502281375445,49,16.0,1.0,1.0,8.0,0.01,True,,0.970081576760602,90.46744559135166,333.8310136882528,121.4168884591691,132.0865635341502,22.6125490783689,0.0,21,False
111131,2,Antofagasta,222.55400912550186,MVP_coverage_mid,333.8310136882528,333.8310136882528,166.9155068441264,55.638502281375445,50,16.0,1.0,1.0,16.0,0.0,True,,0.24954167127626034,166.9155068441264,333.8310136882528,83.30474907961475,55.638502281375445,0.0,0.0,21,False
111131,2,Antofagasta,222.55400912550186,MVP_coverage_mid,333.8310136882528,333.8310136882528,166.9155068441264,55.638502281375445,51,16.0,1.0,1.0,16.0,0.01,True,,0.9567314852431844,87.96510950693921,333.8310136882528,122.01064820323197,134.58889961856264,0.0,0.0,21,False
111131,2,Antofagasta,222.55400912550186,MVP_coverage_mid,333.8310136882528,333.8310136882528,166.9155068441264,55.638502281375445,52,16.0,1.0,1.0,32.0,0.0,True,,0.24954167127626045,166.91550684412644,333.8310136882528,83.30474907961474,55.63850228137544,0.0,0.0,21,False
111131,2,Antofagasta,222.55400912550186,MVP_coverage_mid,333.8310136882528,333.8310136882528,166.9155068441264,55.638502281375445,53,16.0,1.0,1.0,32.0,0.01,True,,1.2589842877310393,54.591806374501104,333.8310136882528,139.4787498167725,167.96220275100077,0.0,0.0,21,False
111131,2,Antofagasta,222.55400912550186,MVP_coverage_mid,333.8310136882528,333.8310136882528,166.9155068441264,55.638502281375445,54,16.0,1.0,1.0,64.0,0.0,True,,0.24954167127626034,166.9155068441264,333.8310136882528,83.30474907961475,55.63850228137545,0.0,0.0,21,False
111131,2,Antofagasta,222.55400912550186,MVP_coverage_mid,333.8310136882528,333.8310136882528,166.9155068441264,55.638502281375445,55,16.0,1.0,1.0,64.0,0.01,True,,1.3461638090903698,44.93113973268217,333.8310136882528,144.43031120046714,177.6228693928197,0.0,0.0,21,False
111131,2,Antofagasta,222.55400912550186,MVP_coverage_mid,333.8310136882528,333.8310136882528,166.9155068441264,55.638502281375445,56,16.0,1.0,2.0,8.0,0.0,True,,0.47000434330736424,145.48817339747112,333.8310136882528,92.62002602421312,77.06583572803073,21.427333446655304,0.0,21,False
111131,2,Antofagasta,222.55400912550186,MVP_coverage_mid,333.8310136882528,333.8310136882528,166.9155068441264,55.638502281375445,57,16.0,1.0,2.0,8.0,0.01,True,,0.970081576760602,90.46744559135166,333.8310136882528,121.4168884591691,132.0865635341502,22.6125490783689,0.0,21,False
111131,2,Antofagasta,222.55400912550186,MVP_coverage_mid,333.8310136882528,333.8310136882528,166.9155068441264,55.638502281375445,58,16.0,1.0,2.0,16.0,0.0,True,,0.24954167127626034,166.9155068441264,333.8310136882528,83.30474907961475,55.638502281375445,0.0,0.0,21,False
111131,2,Antofagasta,222.55400912550186,MVP_coverage_mid,333.8310136882528,333.8310136882528,166.9155068441264,55.638502281375445,59,16.0,1.0,2.0,16.0,0.01,True,,0.9567314852431844,87.96510950693921,333.8310136882528,122.01064820323197,134.58889961856264,0.0,0.0,21,False
111131,2,Antofagasta,222.55400912550186,MVP_coverage_mid,333.8310136882528,333.8310136882528,166.9155068441264,55.638502281375445,60,16.0,1.0,2.0,32.0,0.0,True,,0.24954167127626045,166.91550684412644,333.8310136882528,83.30474907961474,55.63850228137544,0.0,0.0,21,False
111131,2,Antofagasta,222.55400912550186,MVP_coverage_mid,333.8310136882528,333.8310136882528,166.9155068441264,55.638502281375445,61,16.0,1.0,2.0,32.0,0.01,True,,1.2589842857470068,54.59180656373868,333.8310136882528,139.4787496275349,167.96220256176318,0.0,0.0,21,False
111131,2,Antofagasta,222.55400912550186,MVP_coverage_mid,333.8310136882528,333.8310136882528,166.9155068441264,55.638502281375445,62,16.0,1.0,2.0,64.0,0.0,True,,0.24954167127626034,166.9155068441264,333.8310136882528,83.30474907961475,55.63850228137545,0.0,0.0,21,False
111131,2,Antofagasta,222.55400912550186,MVP_coverage_mid,333.8310136882528,333.8310136882528,166.9155068441264,55.638502281375445,63,16.0,1.0,2.0,64.0,0.01,True,,1.3393319106162072,45.58276818783788,333.8310136882528,143.77868274531144,176.97124093766402,0.0,0.0,21,False
111131,2,Antofagasta,222.55400912550186,MVP_coverage_mid,333.8310136882528,333.8310136882528,166.9155068441264,55.638502281375445,64,16.0,1.0,4.0,8.0,0.0,True,,0.4574891875989048,146.4904444992428,333.8310136882528,91.44889221290684,76.06356462625904,20.4250623448836,0.0,21,False
111131,2,Antofagasta,222.55400912550186,MVP_coverage_mid,333.8310136882528,333.8310136882528,166.9155068441264,55.638502281375445,65,16.0,1.0,4.0,8.0,0.01,True,,0.9615526986335412,91.0990560200782,333.8310136882528,120.4546786012509,131.45495310542367,22.000612876277337,0.0,21,False
111131,2,Antofagasta,222.55400912550186,MVP_coverage_mid,333.8310136882528,333.8310136882528,166.9155068441264,55.638502281375445,66,16.0,1.0,4.0,16.0,0.0,True,,0.24403094828892552,166.9155068441264,333.8310136882528,81.46509883859761,55.63850228137544,0.0,0.0,21,False
111131,2,Antofagasta,222.55400912550186,MVP_coverage_mid,333.8310136882528,333.8310136882528,166.9155068441264,55.638502281375445,67,16.0,1.0,4.0,16.0,0.01,True,,0.9567314852431844,87.96510950693921,333.8310136882528,122.01064820323197,134.58889961856264,0.0,0.0,21,False
111131,2,Antofagasta,222.55400912550186,MVP_coverage_mid,333.8310136882528,333.8310136882528,166.9155068441264,55.638502281375445,68,16.0,1.0,4.0,32.0,0.0,True,,0.24636408040993674,166.9155068441264,333.8310136882528,82.2439706996234,55.63850228137543,0.0,0.0,21,False
111131,2,Antofagasta,222.55400912550186,MVP_coverage_mid,333.8310136882528,333.8310136882528,166.9155068441264,55.638502281375445,69,16.0,1.0,4.0,32.0,0.01,True,,1.2589842817177224,54.59180694805302,333.8310136882528,139.4787492432206,167.96220217744886,0.0,0.0,21,False
111131,2,Antofagasta,222.55400912550186,MVP_coverage_mid,333.8310136882528,333.8310136882528,166.9155068441264,55.638502281375445,70,16.0,1.0,4.0,64.0,0.0,True,,0.2495416712762604,166.9155068441264,333.8310136882528,83.30474907961477,55.638502281375466,0.0,0.0,21,False
111131,2,Antofagasta,222.55400912550186,MVP_coverage_mid,333.8310136882528,333.8310136882528,166.9155068441264,55.638502281375445,71,16.0,1.0,4.0,64.0,0.01,True,,1.3393195953114208,45.58394282517521,333.8310136882528,143.77750810797409,176.9700663003267,0.0,0.0,21,False
111131,2,Antofagasta,222.55400912550186,MVP_coverage_mid,333.8310136882528,333.8310136882528,166.9155068441264,55.638502281375445,72,16.0,2.0,1.0,8.0,0.0,True,,0.31444195977276396,160.56198344145326,333.8310136882528,85.90990796904318,61.992025684048585,6.353523402673142,0.0,21,False
111131,2,Antofagasta,222.55400912550186,MVP_coverage_mid,333.8310136882528,333.8310136882528,166.9155068441264,55.638502281375445,73,16.0,2.0,1.0,8.0,0.01,True,,0.8353070764867218,102.74298425253122,333.8310136882528,114.11121856898824,119.81102487297063,8.61776607311405,0.0,21,False
111131,2,Antofagasta,222.55400912550186,MVP_coverage_mid,333.8310136882528,333.8310136882528,166.9155068441264,55.638502281375445,74,16.0,2.0,1.0,16.0,0.0,True,,0.24954167127626034,166.9155068441264,333.8310136882528,83.30474907961475,55.63850228137545,0.0,0.0,21,False
111131,2,Antofagasta,222.55400912550186,MVP_coverage_mid,333.8310136882528,333.8310136882528,166.9155068441264,55.638502281375445,75,16.0,2.0,1.0,16.0,0.01,True,,0.9550405237432233,88.1263939045506,333.8310136882528,121.8493638056206,134.42761522095128,0.0,0.0,21,False
111131,2,Antofagasta,222.55400912550186,MVP_coverage_mid,333.8310136882528,333.8310136882528,166.9155068441264,55.638502281375445,76,16.0,2.0,1.0,32.0,0.0,True,,0.24954167127626045,166.91550684412644,333.8310136882528,83.30474907961474,55.63850228137544,0.0,0.0,21,False
111131,2,Antofagasta,222.55400912550186,MVP_coverage_mid,333.8310136882528,333.8310136882528,166.9155068441264,55.638502281375445,77,16.0,2.0,1.0,32.0,0.01,True,,1.2587147344729295,54.61751644232903,333.8310136882528,139.45303974894458,167.93649268317284,0.0,0.0,21,False
111131,2,Antofagasta,222.55400912550186,MVP_coverage_mid,333.8310136882528,333.8310136882528,166.9155068441264,55.638502281375445,78,16.0,2.0,1.0,64.0,0.0,True,,0.24954167127626034,166.9155068441264,333.8310136882528,83.30474907961475,55.63850228137545,0.0,0.0,21,False
111131,2,Antofagasta,222.55400912550186,MVP_coverage_mid,333.8310136882528,333.8310136882528,166.9155068441264,55.638502281375445,79,16.0,2.0,1.0,64.0,0.01,True,,1.338913934631711,45.622634858295484,333.8310136882528,143.73881607485382,176.9313742672064,0.0,0.0,21,False
111131,2,Antofagasta,222.55400912550186,MVP_coverage_mid,333.8310136882528,333.8310136882528,166.9155068441264,55.638502281375445,80,16.0,2.0,2.0,8.0,0.0,True,,0.31444195977276396,160.56198344145326,333.8310136882528,85.90990796904318,61.992025684048585,6.353523402673142,0.0,21,False
111131,2,Antofagasta,222.55400912550186,MVP_coverage_mid,333.8310136882528,333.8310136882528,166.9155068441264,55.638502281375445,81,16.0,2.0,2.0,8.0,0.01,True,,0.8353070764867218,102.74298425253122,333.8310136882528,114.11121856898824,119.81102487297063,8.61776607311405,0.0,21,False
111131,2,Antofagasta,222.55400912550186,MVP_coverage_mid,333.8310136882528,333.8310136882528,166.9155068441264,55.638502281375445,82,16.0,2.0,2.0,16.0,0.0,True,,0.24954167127626034,166.9155068441264,333.8310136882528,83.30474907961475,55.63850228137545,0.0,0.0,21,False
111131,2,Antofagasta,222.55400912550186,MVP_coverage_mid,333.8310136882528,333.8310136882528,166.9155068441264,55.638502281375445,83,16.0,2.0,2.0,16.0,0.01,True,,0.9550405237432233,88.1263939045506,333.8310136882528,121.8493638056206,134.42761522095128,0.0,0.0,21,False
111131,2,Antofagasta,222.55400912550186,MVP_coverage_mid,333.8310136882528,333.8310136882528,166.9155068441264,55.638502281375445,84,16.0,2.0,2.0,32.0,0.0,True,,0.24954167127626045,166.91550684412644,333.8310136882528,83.30474907961474,55.63850228137544,0.0,0.0,21,False
111131,2,Antofagasta,222.55400912550186,MVP_coverage_mid,333.8310136882528,333.8310136882528,166.9155068441264,55.638502281375445,85,16.0,2.0,2.0,32.0,0.01,True,,1.2587147344729295,54.61751644232903,333.8310136882528,139.45303974894458,167.93649268317284,0.0,0.0,21,False
111131,2,Antofagasta,222.55400912550186,MVP_coverage_mid,333.8310136882528,333.8310136882528,166.9155068441264,55.638502281375445,86,16.0,2.0,2.0,64.0,0.0,True,,0.24954167127626034,166.9155068441264,333.8310136882528,83.30474907961475,55.63850228137545,0.0,0.0,21,False
111131,2,Antofagasta,222.55400912550186,MVP_coverage_mid,333.8310136882528,333.8310136882528,166.9155068441264,55.638502281375445,87,16.0,2.0,2.0,64.0,0.01,True,,1.338913934631711,45.622634858295484,333.8310136882528,143.73881607485382,176.9313742672064,0.0,0.0,21,False
111131,2,Antofagasta,222.55400912550186,MVP_coverage_mid,333.8310136882528,333.8310136882528,166.9155068441264,55.638502281375445,88,16.0,2.0,4.0,8.0,0.0,True,,0.32762559624487836,159.2959560160852,333.8310136882528,86.51293242052235,63.258053109416636,7.6195508280411985,0.0,21,False
111131,2,Antofagasta,222.55400912550186,MVP_coverage_mid,333.8310136882528,333.8310136882528,166.9155068441264,55.638502281375445,89,16.0,2.0,4.0,8.0,0.01,True,,0.8353509922916278,102.71975526039887,333.8310136882528,114.06780654632611,119.83425386510298,8.61776607311405,0.0,21,False
111131,2,Antofagasta,222.55400912550186,MVP_coverage_mid,333.8310136882528,333.8310136882528,166.9155068441264,55.638502281375445,90,16.0,2.0,4.0,16.0,0.0,True,,0.24403094828892552,166.9155068441264,333.8310136882528,81.46509883859761,55.638502281375445,0.0,0.0,21,False
111131,2,Antofagasta,222.55400912550186,MVP_coverage_mid,333.8310136882528,333.8310136882528,166.9155068441264,55.638502281375445,91,16.0,2.0,4.0,16.0,0.01,True,,0.9550405237432233,88.1263939045506,333.8310136882528,121.8493638056206,134.42761522095128,0.0,0.0,21,False
111131,2,Antofagasta,222.55400912550186,MVP_coverage_mid,333.8310136882528,333.8310136882528,166.9155068441264,55.638502281375445,92,16.0,2.0,4.0,32.0,0.0,True,,0.24636408040993674,166.9155068441264,333.8310136882528,82.2439706996234,55.63850228137543,0.0,0.0,21,False
111131,2,Antofagasta,222.55400912550186,MVP_coverage_mid,333.8310136882528,333.8310136882528,166.9155068441264,55.638502281375445,93,16.0,2.0,4.0,32.0,0.01,True,,1.2587147304246036,54.617516828459536,333.8310136882528,139.45303936281408,167.93649229704235,0.0,0.0,21,False
111131,2,Antofagasta,222.55400912550186,MVP_coverage_mid,333.8310136882528,333.8310136882528,166.9155068441264,55.638502281375445,94,16.0,2.0,4.0,64.0,0.0,True,,0.2495416712762604,166.9155068441264,333.8310136882528,83.30474907961477,55.638502281375466,0.0,0.0,21,False
111131,2,Antofagasta,222.55400912550186,MVP_coverage_mid,333.8310136882528,333.8310136882528,166.9155068441264,55.638502281375445,95,16.0,2.0,4.0,64.0,0.01,True,,1.3224325649626505,47.56827881584761,333.8310136882528,143.1009336251409,174.98573030965426,0.0,0.0,21,False
111131,2,Antofagasta,222.55400912550186,MVP_coverage_mid,333.8310136882528,333.8310136882528,166.9155068441264,55.638502281375445,96,32.0,1.0,1.0,8.0,0.0,True,,1.2268601091998843,73.70289176229855,333.8310136882528,129.92610866239443,148.85111736320331,93.21261508182788,0.0,11,False
111131,2,Antofagasta,222.55400912550186,MVP_coverage_mid,333.8310136882528,333.8310136882528,166.9155068441264,55.638502281375445,97,32.0,1.0,1.0,8.0,0.01,True,,1.5067436244956967,42.017647190801306,333.8310136882528,145.90474500880734,180.53636193470058,89.69671478318102,0.0,11,False
111131,2,Antofagasta,222.55400912550186,MVP_coverage_mid,333.8310136882528,333.8310136882528,166.9155068441264,55.638502281375445,98,32.0,1.0,1.0,16.0,0.0,True,,0.5524724897327754,138.05139843200845,333.8310136882528,97.8401260460114,84.5026106934934,28.86410841211796,0.0,11,False
111131,2,Antofagasta,222.55400912550186,MVP_coverage_mid,333.8310136882528,333.8310136882528,166.9155068441264,55.638502281375445,99,32.0,1.0,1.0,16.0,0.01,True,,1.3317300702824437,49.943039613270116,333.8310136882528,141.72478324946047,172.61096951223178,20.83369598983025,0.0,11,False
111131,2,Antofagasta,222.55400912550186,MVP_coverage_mid,333.8310136882528,333.8310136882528,166.9155068441264,55.638502281375445,100,32.0,1.0,1.0,32.0,0.0,True,,0.24954167127626034,166.9155068441264,333.8310136882528,83.30474907961475,55.63850228137545,0.0,0.0,11,False
111131,2,Antofagasta,222.55400912550186,MVP_coverage_mid,333.8310136882528,333.8310136882528,166.9155068441264,55.638502281375445,101,32.0,1.0,1.0,32.0,0.01,True,,1.300551549757498,49.93737902475509,333.8310136882528,141.71912266094546,172.6166301007468,0.0,0.0,11,False
111131,2,Antofagasta,222.55400912550186,MVP_coverage_mid,333.8310136882528,333.8310136882528,166.9155068441264,55.638502281375445,102,32.0,1.0,1.0,64.0,0.0,True,,0.24954167127626034,166.9155068441264,333.8310136882528,83.30474907961475,55.63850228137545,0.0,0.0,11,False
111131,2,Antofagasta,222.55400912550186,MVP_coverage_mid,333.8310136882528,333.8310136882528,166.9155068441264,55.638502281375445,103,32.0,1.0,1.0,64.0,0.01,True,,1.4450902775917016,33.91225865198945,333.8310136882528,149.90783175913407,188.64175047351245,0.0,0.0,11,False
111131,2,Antofagasta,222.55400912550186,MVP_coverage_mid,333.8310136882528,333.8310136882528,166.9155068441264,55.638502281375445,104,32.0,1.0,2.0,8.0,0.0,True,,1.2268601091998843,73.70289176229855,333.8310136882528,129.92610866239443,148.85111736320331,93.21261508182788,0.0,11,False
111131,2,Antofagasta,222.55400912550186,MVP_coverage_mid,333.8310136882528,333.8310136882528,166.9155068441264,55.638502281375445,105,32.0,1.0,2.0,8.0,0.01,True,,1.5067436244956967,42.017647190801306,333.8310136882528,145.90474500880734,180.53636193470058,89.69671478318102,0.0,11,False
111131,2,Antofagasta,222.55400912550186,MVP_coverage_mid,333.8310136882528,333.8310136882528,166.9155068441264,55.638502281375445,106,32.0,1.0,2.0,16.0,0.0,True,,0.5524724897327754,138.05139843200845,333.8310136882528,97.8401260460114,84.5026106934934,28.86410841211796,0.0,11,False
111131,2,Antofagasta,222.55400912550186,MVP_coverage_mid,333.8310136882528,333.8310136882528,166.9155068441264,55.638502281375445,107,32.0,1.0,2.0,16.0,0.01,True,,1.3317300702824437,49.943039613270116,333.8310136882528,141.72478324946047,172.61096951223178,20.83369598983025,0.0,11,False
111131,2,Antofagasta,222.55400912550186,MVP_coverage_mid,333.8310136882528,333.8310136882528,166.9155068441264,55.638502281375445,108,32.0,1.0,2.0,32.0,0.0,True,,0.24954167127626034,166.9155068441264,333.8310136882528,83.30474907961475,55.63850228137545,0.0,0.0,11,False
111131,2,Antofagasta,222.55400912550186,MVP_coverage_mid,333.8310136882528,333.8310136882528,166.9155068441264,55.638502281375445,109,32.0,1.0,2.0,32.0,0.01,True,,1.300551549757498,49.93737902475509,333.8310136882528,141.71912266094546,172.6166301007468,0.0,0.0,11,False
111131,2,Antofagasta,222.55400912550186,MVP_coverage_mid,333.8310136882528,333.8310136882528,166.9155068441264,55.638502281375445,110,32.0,1.0,2.0,64.0,0.0,True,,0.24954167127626034,166.9155068441264,333.8310136882528,83.30474907961475,55.63850228137545,0.0,0.0,11,False
111131,2,Antofagasta,222.55400912550186,MVP_coverage_mid,333.8310136882528,333.8310136882528,166.9155068441264,55.638502281375445,111,32.0,1.0,2.0,64.0,0.01,True,,1.4450895061366118,33.91233223359935,333.8310136882528,149.90775817752416,188.64167689190253,0.0,0.0,11,False
111131,2,Antofagasta,222.55400912550186,MVP_coverage_mid,333.8310136882528,333.8310136882528,166.9155068441264,55.638502281375445,112,32.0,1.0,4.0,8.0,0.0,True,,1.2268601091998843,73.70289176229855,333.8310136882528,129.92610866239443,148.85111736320331,93.21261508182788,0.0,11,False
111131,2,Antofagasta,222.55400912550186,MVP_coverage_mid,333.8310136882528,333.8310136882528,166.9155068441264,55.638502281375445,113,32.0,1.0,4.0,8.0,0.01,True,,1.5067436244956967,42.017647190801306,333.8310136882528,145.90474500880734,180.53636193470058,89.69671478318102,0.0,11,False
111131,2,Antofagasta,222.55400912550186,MVP_coverage_mid,333.8310136882528,333.8310136882528,166.9155068441264,55.638502281375445,114,32.0,1.0,4.0,16.0,0.0,True,,0.5524724897327754,138.05139843200845,333.8310136882528,97.8401260460114,84.5026106934934,28.86410841211796,0.0,11,False
111131,2,Antofagasta,222.55400912550186,MVP_coverage_mid,333.8310136882528,333.8310136882528,166.9155068441264,55.638502281375445,115,32.0,1.0,4.0,16.0,0.01,True,,1.3317300702824437,49.943039613270116,333.8310136882528,141.72478324946047,172.61096951223178,20.83369598983025,0.0,11,False
111131,2,Antofagasta,222.55400912550186,MVP_coverage_mid,333.8310136882528,333.8310136882528,166.9155068441264,55.638502281375445,116,32.0,1.0,4.0,32.0,0.0,True,,0.24954167127626034,166.9155068441264,333.8310136882528,83.30474907961475,55.63850228137545,0.0,0.0,11,False
111131,2,Antofagasta,222.55400912550186,MVP_coverage_mid,333.8310136882528,333.8310136882528,166.9155068441264,55.638502281375445,117,32.0,1.0,4.0,32.0,0.01,True,,1.300551549757498,49.93737902475509,333.8310136882528,141.71912266094546,172.6166301007468,0.0,0.0,11,False
111131,2,Antofagasta,222.55400912550186,MVP_coverage_mid,333.8310136882528,333.8310136882528,166.9155068441264,55.638502281375445,118,32.0,1.0,4.0,64.0,0.0,True,,0.24954167127626034,166.9155068441264,333.8310136882528,83.30474907961475,55.63850228137545,0.0,0.0,11,False
111131,2,Antofagasta,222.55400912550186,MVP_coverage_mid,333.8310136882528,333.8310136882528,166.9155068441264,55.638502281375445,119,32.0,1.0,4.0,64.0,0.01,True,,1.445087939888753,33.912481622773754,333.8310136882528,149.90760878834976,188.64152750272814,0.0,0.0,11,False
111131,2,Antofagasta,222.55400912550186,MVP_coverage_mid,333.8310136882528,333.8310136882528,166.9155068441264,55.638502281375445,120,32.0,2.0,1.0,8.0,0.0,True,,1.1360862296677814,82.31322151563265,333.8310136882528,125.45396170177936,140.24078760986922,84.60228532849376,0.0,11,False
111131,2,Antofagasta,222.55400912550186,MVP_coverage_mid,333.8310136882528,333.8310136882528,166.9155068441264,55.638502281375445,121,32.0,2.0,1.0,8.0,0.01,True,,1.4468094592939793,47.37819871228106,333.8310136882528,143.1958227757632,175.17581041322083,81.90155060897095,0.0,11,False
111131,2,Antofagasta,222.55400912550186,MVP_coverage_mid,333.8310136882528,333.8310136882528,166.9155068441264,55.638502281375445,122,32.0,2.0,1.0,16.0,0.0,True,,0.4073157032788646,151.8775720772511,333.8310136882528,90.86080981610102,70.67643704825078,15.037934766875342,0.0,11,False
111131,2,Antofagasta,222.55400912550186,MVP_coverage_mid,333.8310136882528,333.8310136882528,166.9155068441264,55.638502281375445,123,32.0,2.0,1.0,16.0,0.01,True,,1.2763627644351752,54.9271080452103,333.8310136882528,139.1434481460633,167.62690108029156,13.950060683963116,0.0,11,False
111131,2,Antofagasta,222.55400912550186,MVP_coverage_mid,333.8310136882528,333.8310136882528,166.9155068441264,55.638502281375445,124,32.0,2.0,1.0,32.0,0.0,True,,0.24954167127626045,166.91550684412644,333.8310136882528,83.30474907961474,55.63850228137544,0.0,0.0,11,False
111131,2,Antofagasta,222.55400912550186,MVP_coverage_mid,333.8310136882528,333.8310136882528,166.9155068441264,55.638502281375445,125,32.0,2.0,1.0,32.0,0.01,True,,1.3005117095440057,49.946245623992226,333.8310136882528,141.7279892601826,172.60776350150965,0.0,0.0,11,False
111131,2,Antofagasta,222.55400912550186,MVP_coverage_mid,333.8310136882528,333.8310136882528,166.9155068441264,55.638502281375445,126,32.0,2.0,1.0,64.0,0.0,True,,0.24954167127626034,166.9155068441264,333.8310136882528,83.30474907961475,55.63850228137545,0.0,0.0,11,False
111131,2,Antofagasta,222.55400912550186,MVP_coverage_mid,333.8310136882528,333.8310136882528,166.9155068441264,55.638502281375445,127,32.0,2.0,1.0,64.0,0.01,True,,1.445081409577362,33.91310448576558,333.8310136882528,149.90698592535796,188.6409046397363,0.0,0.0,11,False
111131,2,Antofagasta,222.55400912550186,MVP_coverage_mid,333.8310136882528,333.8310136882528,166.9155068441264,55.638502281375445,128,32.0,2.0,2.0,8.0,0.0,True,,1.1360862296677814,82.31322151563265,333.8310136882528,125.45396170177936,140.24078760986922,84.60228532849376,0.0,11,False
111131,2,Antofagasta,222.55400912550186,MVP_coverage_mid,333.8310136882528,333.8310136882528,166.9155068441264,55.638502281375445,129,32.0,2.0,2.0,8.0,0.01,True,,1.4468094592939793,47.37819871228106,333.8310136882528,143.1958227757632,175.17581041322083,81.90155060897095,0.0,11,False
111131,2,Antofagasta,222.55400912550186,MVP_coverage_mid,333.8310136882528,333.8310136882528,166.9155068441264,55.638502281375445,130,32.0,2.0,2.0,16.0,0.0,True,,0.4073157032788646,151.8775720772511,333.8310136882528,90.86080981610102,70.67643704825078,15.037934766875342,0.0,11,False
111131,2,Antofagasta,222.55400912550186,MVP_coverage_mid,333.8310136882528,333.8310136882528,166.9155068441264,55.638502281375445,131,32.0,2.0,2.0,16.0,0.01,True,,1.2763627644351752,54.9271080452103,333.8310136882528,139.1434481460633,167.62690108029156,13.950060683963116,0.0,11,False
111131,2,Antofagasta,222.55400912550186,MVP_coverage_mid,333.8310136882528,333.8310136882528,166.9155068441264,55.638502281375445,132,32.0,2.0,2.0,32.0,0.0,True,,0.24954167127626045,166.91550684412644,333.8310136882528,83.30474907961474,55.63850228137544,0.0,0.0,11,False
111131,2,Antofagasta,222.55400912550186,MVP_coverage_mid,333.8310136882528,333.8310136882528,166.9155068441264,55.638502281375445,133,32.0,2.0,2.0,32.0,0.01,True,,1.3005117095440057,49.946245623992226,333.8310136882528,141.7279892601826,172.60776350150965,0.0,0.0,11,False
111131,2,Antofagasta,222.55400912550186,MVP_coverage_mid,333.8310136882528,333.8310136882528,166.9155068441264,55.638502281375445,134,32.0,2.0,2.0,64.0,0.0,True,,0.24954167127626034,166.9155068441264,333.8310136882528,83.30474907961475,55.63850228137545,0.0,0.0,11,False
111131,2,Antofagasta,222.55400912550186,MVP_coverage_mid,333.8310136882528,333.8310136882528,166.9155068441264,55.638502281375445,135,32.0,2.0,2.0,64.0,0.01,True,,1.445081409577362,33.91310448576558,333.8310136882528,149.90698592535796,188.6409046397363,0.0,0.0,11,False
111131,2,Antofagasta,222.55400912550186,MVP_coverage_mid,333.8310136882528,333.8310136882528,166.9155068441264,55.638502281375445,136,32.0,2.0,4.0,8.0,0.0,True,,1.1360862296677814,82.31322151563265,333.8310136882528,125.45396170177936,140.24078760986922,84.60228532849376,0.0,11,False
111131,2,Antofagasta,222.55400912550186,MVP_coverage_mid,333.8310136882528,333.8310136882528,166.9155068441264,55.638502281375445,137,32.0,2.0,4.0,8.0,0.01,True,,1.4468094592939793,47.37819871228106,333.8310136882528,143.1958227757632,175.17581041322083,81.90155060897095,0.0,11,False
111131,2,Antofagasta,222.55400912550186,MVP_coverage_mid,333.8310136882528,333.8310136882528,166.9155068441264,55.638502281375445,138,32.0,2.0,4.0,16.0,0.0,True,,0.4073157032788646,151.8775720772511,333.8310136882528,90.86080981610102,70.67643704825078,15.037934766875342,0.0,11,False
111131,2,Antofagasta,222.55400912550186,MVP_coverage_mid,333.8310136882528,333.8310136882528,166.9155068441264,55.638502281375445,139,32.0,2.0,4.0,16.0,0.01,True,,1.2763627644351752,54.9271080452103,333.8310136882528,139.1434481460633,167.62690108029156,13.950060683963116,0.0,11,False
111131,2,Antofagasta,222.55400912550186,MVP_coverage_mid,333.8310136882528,333.8310136882528,166.9155068441264,55.638502281375445,140,32.0,2.0,4.0,32.0,0.0,True,,0.24954167127626045,166.91550684412644,333.8310136882528,83.30474907961474,55.63850228137544,0.0,0.0,11,False
111131,2,Antofagasta,222.55400912550186,MVP_coverage_mid,333.8310136882528,333.8310136882528,166.9155068441264,55.638502281375445,141,32.0,2.0,4.0,32.0,0.01,True,,1.3005117095440057,49.946245623992226,333.8310136882528,141.7279892601826,172.60776350150965,0.0,0.0,11,False
111131,2,Antofagasta,222.55400912550186,MVP_coverage_mid,333.8310136882528,333.8310136882528,166.9155068441264,55.638502281375445,142,32.0,2.0,4.0,64.0,0.0,True,,0.24954167127626034,166.9155068441264,333.8310136882528,83.30474907961475,55.63850228137545,0.0,0.0,11,False
111131,2,Antofagasta,222.55400912550186,MVP_coverage_mid,333.8310136882528,333.8310136882528,166.9155068441264,55.638502281375445,143,32.0,2.0,4.0,64.0,0.01,True,,1.445079835458977,33.913254625633066,333.8310136882528,149.90683578549044,188.64075449986882,0.0,0.0,11,False
307529,3,Atacama,5957.464860747752,MVP_coverage_mid,8936.197291121629,8936.197291121629,4468.0986455608145,1489.3662151869376,0,8.0,1.0,1.0,8.0,0.0,True,,0.24961980437888714,4468.0986455608145,8936.197291121629,2230.6518197009223,1489.3662151869373,0.0,0.0,1118,False
307529,3,Atacama,5957.464860747752,MVP_coverage_mid,8936.197291121629,8936.197291121629,4468.0986455608145,1489.3662151869376,1,8.0,1.0,1.0,8.0,0.01,True,,0.3097007916801478,4289.490483180793,8936.197291121629,2321.026969720306,1667.9743775669592,0.0,0.0,1118,False
307529,3,Atacama,5957.464860747752,MVP_coverage_mid,8936.197291121629,8936.197291121629,4468.0986455608145,1489.3662151869376,2,8.0,1.0,1.0,16.0,0.0,True,,0.2499943347778559,4468.0986455608145,8936.197291121629,2233.9986972376296,1489.3662151869373,0.0,0.0,1118,False
307529,3,Atacama,5957.464860747752,MVP_coverage_mid,8936.197291121629,8936.197291121629,4468.0986455608145,1489.3662151869376,3,8.0,1.0,1.0,16.0,0.01,True,,0.3464369603465367,4180.78182329913,8936.197291121629,2377.536970938923,1776.6830374486208,0.0,0.0,1118,False
307529,3,Atacama,5957.464860747752,MVP_coverage_mid,8936.197291121629,8936.197291121629,4468.0986455608145,1489.3662151869376,4,8.0,1.0,1.0,32.0,0.0,True,,0.2499943347778559,4468.0986455608145,8936.197291121629,2233.9986972376296,1489.3662151869373,0.0,0.0,1118,False
307529,3,Atacama,5957.464860747752,MVP_coverage_mid,8936.197291121629,8936.197291121629,4468.0986455608145,1489.3662151869376,5,8.0,1.0,1.0,32.0,0.01,True,,0.4147561368735477,3977.2209683665797,8936.197291121629,2479.1484738198815,1980.243892381172,0.0,0.0,1118,False
307529,3,Atacama,5957.464860747752,MVP_coverage_mid,8936.197291121629,8936.197291121629,4468.0986455608145,1489.3662151869376,6,8.0,1.0,1.0,64.0,0.0,True,,0.2499943347778559,4468.0986455608145,8936.197291121629,2233.9986972376296,1489.3662151869373,0.0,0.0,1118,False
307529,3,Atacama,5957.464860747752,MVP_coverage_mid,8936.197291121629,8936.197291121629,4468.0986455608145,1489.3662151869376,7,8.0,1.0,1.0,64.0,0.01,True,,0.5395856687436938,3605.3815518303263,8936.197291121629,2665.0512570292294,2352.083308917425,0.0,0.0,1118,False
307529,3,Atacama,5957.464860747752,MVP_coverage_mid,8936.197291121629,8936.197291121629,4468.0986455608145,1489.3662151869376,8,8.0,1.0,2.0,8.0,0.0,True,,0.24861307809172412,4468.0986455608145,8936.197291121629,2221.655514980675,1489.3662151869373,0.0,0.0,1118,False
307529,3,Atacama,5957.464860747752,MVP_coverage_mid,8936.197291121629,8936.197291121629,4468.0986455608145,1489.3662151869376,9,8.0,1.0,2.0,8.0,0.01,True,,0.3078996740290823,4290.430453329607,8936.197291121629,2307.2817524178995,1667.0344074181446,0.0,0.0,1118,False
307529,3,Atacama,5957.464860747752,MVP_coverage_mid,8936.197291121629,8936.197291121629,4468.0986455608145,1489.3662151869376,10,8.0,1.0,2.0,16.0,0.0,True,,0.24971947245604711,4468.0986455608145,8936.197291121629,2231.5424733020504,1489.3662151869373,0.0,0.0,1118,False
307529,3,Atacama,5957.464860747752,MVP_coverage_mid,8936.197291121629,8936.197291121629,4468.0986455608145,1489.3662151869376,11,8.0,1.0,2.0,16.0,0.01,True,,0.34581905884962644,4181.761071072722,8936.197291121629,2374.4634006900314,1775.70378967503,0.0,0.0,1118,False
307529,3,Atacama,5957.464860747752,MVP_coverage_mid,8936.197291121629,8936.197291121629,4468.0986455608145,1489.3662151869376,12,8.0,1.0,2.0,32.0,0.0,True,,0.2499943347778559,4468.0986455608145,8936.197291121629,2233.9986972376296,1489.3662151869373,0.0,0.0,1118,False
307529,3,Atacama,5957.464860747752,MVP_coverage_mid,8936.197291121629,8936.197291121629,4468.0986455608145,1489.3662151869376,13,8.0,1.0,2.0,32.0,0.01,True,,0.41359844537615115,3980.324743857261,8936.197291121629,2476.562552923596,1977.140116890491,0.0,0.0,1118,False
307529,3,Atacama,5957.464860747752,MVP_coverage_mid,8936.197291121629,8936.197291121629,4468.0986455608145,1489.3662151869376,14,8.0,1.0,2.0,64.0,0.0,True,,0.2499943347778559,4468.0986455608145,8936.197291121629,2233.9986972376296,1489.3662151869373,0.0,0.0,1118,False
307529,3,Atacama,5957.464860747752,MVP_coverage_mid,8936.197291121629,8936.197291121629,4468.0986455608145,1489.3662151869376,15,8.0,1.0,2.0,64.0,0.01,True,,0.5390256570069948,3607.0142432681287,8936.197291121629,2664.128610259249,2350.450617479623,0.0,0.0,1118,False
307529,3,Atacama,5957.464860747752,MVP_coverage_mid,8936.197291121629,8936.197291121629,4468.0986455608145,1489.3662151869376,16,8.0,1.0,4.0,8.0,0.0,True,,0.23334483901462577,4468.0986455608145,8936.197291121629,2085.215518299711,1489.366215186937,0.0,0.0,1118,False
307529,3,Atacama,5957.464860747752,MVP_coverage_mid,8936.197291121629,8936.197291121629,4468.0986455608145,1489.3662151869376,17,8.0,1.0,4.0,8.0,0.01,True,,0.29237437797419863,4290.9278265193225,8936.197291121629,2169.7880768426753,1666.537034228429,0.0,0.0,1118,False
307529,3,Atacama,5957.464860747752,MVP_coverage_mid,8936.197291121629,8936.197291121629,4468.0986455608145,1489.3662151869376,18,8.0,1.0,4.0,16.0,0.0,True,,0.23871881771036307,4468.0986455608145,8936.197291121629,2133.2384521631043,1489.366215186937,0.0,0.0,1118,False
307529,3,Atacama,5957.464860747752,MVP_coverage_mid,8936.197291121629,8936.197291121629,4468.0986455608145,1489.3662151869376,19,8.0,1.0,4.0,16.0,0.01,True,,0.31977646650004515,4222.974830797477,8936.197291121629,2244.776056793806,1734.4900299502747,0.0,0.0,1118,False
307529,3,Atacama,5957.464860747752,MVP_coverage_mid,8936.197291121629,8936.197291121629,4468.0986455608145,1489.3662151869376,20,8.0,1.0,4.0,32.0,0.0,True,,0.24149278442618352,4468.0986455608145,8936.197291121629,2158.0271660146805,1489.366215186937,0.0,0.0,1118,False
307529,3,Atacama,5957.464860747752,MVP_coverage_mid,8936.197291121629,8936.197291121629,4468.0986455608145,1489.3662151869376,21,8.0,1.0,4.0,32.0,0.01,True,,0.3608799482103409,4110.969614494059,8936.197291121629,2332.0718379504733,1846.495246253693,0.0,0.0,1118,False
307529,3,Atacama,5957.464860747752,MVP_coverage_mid,8936.197291121629,8936.197291121629,4468.0986455608145,1489.3662151869376,22,8.0,1.0,4.0,64.0,0.0,True,,0.24283140087865604,4468.0986455608145,8936.197291121629,2169.9893067311164,1489.3662151869373,0.0,0.0,1118,False
307529,3,Atacama,5957.464860747752,MVP_coverage_mid,8936.197291121629,8936.197291121629,4468.0986455608145,1489.3662151869376,23,8.0,1.0,4.0,64.0,0.01,True,,0.419347860611975,3936.6081367566517,8936.197291121629,2418.6489440279743,2020.8567239911,0.0,0.0,1118,False
307529,3,Atacama,5957.464860747752,MVP_coverage_mid,8936.197291121629,8936.197291121629,4468.0986455608145,1489.3662151869376,24,8.0,2.0,1.0,8.0,0.0,True,,0.24775264326699614,4468.0986455608145,8936.197291121629,2213.9664996307542,1489.3662151869373,0.0,0.0,1118,False
307529,3,Atacama,5957.464860747752,MVP_coverage_mid,8936.197291121629,8936.197291121629,4468.0986455608145,1489.3662151869376,25,8.0,2.0,1.0,8.0,0.01,True,,0.29941411402285756,4311.894211985702,8936.197291121629,2285.1125107168614,1645.5706487620498,0.0,0.0,1118,False
307529,3,Atacama,5957.464860747752,MVP_coverage_mid,8936.197291121629,8936.197291121629,4468.0986455608145,1489.3662151869376,26,8.0,2.0,1.0,16.0,0.0,True,,0.24936702479625628,4468.0986455608145,8936.197291121629,2228.3929314793654,1489.3662151869373,0.0,0.0,1118,False
307529,3,Atacama,5957.464860747752,MVP_coverage_mid,8936.197291121629,8936.197291121629,4468.0986455608145,1489.3662151869376,27,8.0,2.0,1.0,16.0,0.01,True,,0.3374318923721656,4205.456124400505,8936.197291121629,2358.7516596534188,1752.008736347246,0.0,0.0,1118,False
307529,3,Atacama,5957.464860747752,MVP_coverage_mid,8936.197291121629,8936.197291121629,4468.0986455608145,1489.3662151869376,28,8.0,2.0,1.0,32.0,0.0,True,,0.2499943347778559,4468.0986455608145,8936.197291121629,2233.9986972376296,1489.3662151869373,0.0,0.0,1118,False
307529,3,Atacama,5957.464860747752,MVP_coverage_mid,8936.197291121629,8936.197291121629,4468.0986455608145,1489.3662151869376,29,8.0,2.0,1.0,32.0,0.01,True,,0.40651621426665413,4001.6041518923175,8936.197291121629,2466.4728585554526,1955.8607088554338,0.0,0.0,1118,False
307529,3,Atacama,5957.464860747752,MVP_coverage_mid,8936.197291121629,8936.197291121629,4468.0986455608145,1489.3662151869376,30,8.0,2.0,1.0,64.0,0.0,True,,0.2499943347778559,4468.0986455608145,8936.197291121629,2233.9986972376296,1489.3662151869373,0.0,0.0,1118,False
307529,3,Atacama,5957.464860747752,MVP_coverage_mid,8936.197291121629,8936.197291121629,4468.0986455608145,1489.3662151869376,31,8.0,2.0,1.0,64.0,0.01,True,,0.5329362719837635,3625.17437857213,8936.197291121629,2655.113002570056,2332.2904821756215,0.0,0.0,1118,False
307529,3,Atacama,5957.464860747752,MVP_coverage_mid,8936.197291121629,8936.197291121629,4468.0986455608145,1489.3662151869376,32,8.0,2.0,2.0,8.0,0.0,True,,0.24775264326699614,4468.0986455608145,8936.197291121629,2213.9664996307542,1489.3662151869373,0.0,0.0,1118,False
307529,3,Atacama,5957.464860747752,MVP_coverage_mid,8936.197291121629,8936.197291121629,4468.0986455608145,1489.3662151869376,33,8.0,2.0,2.0,8.0,0.01,True,,0.29941411402285756,4311.894211985702,8936.197291121629,2285.1125107168614,1645.5706487620498,0.0,0.0,1118,False
307529,3,Atacama,5957.464860747752,MVP_coverage_mid,8936.197291121629,8936.197291121629,4468.0986455608145,1489.3662151869376,34,8.0,2.0,2.0,16.0,0.0,True,,0.24936702479625628,4468.0986455608145,8936.197291121629,2228.3929314793654,1489.3662151869373,0.0,0.0,1118,False
307529,3,Atacama,5957.464860747752,MVP_coverage_mid,8936.197291121629,8936.197291121629,4468.0986455608145,1489.3662151869376,35,8.0,2.0,2.0,16.0,0.01,True,,0.3374318923721656,4205.456124400505,8936.197291121629,2358.7516596534188,1752.008736347246,0.0,0.0,1118,False
307529,3,Atacama,5957.464860747752,MVP_coverage_mid,8936.197291121629,8936.197291121629,4468.0986455608145,1489.3662151869376,36,8.0,2.0,2.0,32.0,0.0,True,,0.2499943347778559,4468.0986455608145,8936.197291121629,2233.9986972376296,1489.3662151869373,0.0,0.0,1118,False
307529,3,Atacama,5957.464860747752,MVP_coverage_mid,8936.197291121629,8936.197291121629,4468.0986455608145,1489.3662151869376,37,8.0,2.0,2.0,32.0,0.01,True,,0.40651621426665413,4001.6041518923175,8936.197291121629,2466.4728585554526,1955.8607088554338,0.0,0.0,1118,False
307529,3,Atacama,5957.464860747752,MVP_coverage_mid,8936.197291121629,8936.197291121629,4468.0986455608145,1489.3662151869376,38,8.0,2.0,2.0,64.0,0.0,True,,0.2499943347778559,4468.0986455608145,8936.197291121629,2233.9986972376296,1489.3662151869373,0.0,0.0,1118,False
307529,3,Atacama,5957.464860747752,MVP_coverage_mid,8936.197291121629,8936.197291121629,4468.0986455608145,1489.3662151869376,39,8.0,2.0,2.0,64.0,0.01,True,,0.5329362719837635,3625.17437857213,8936.197291121629,2655.113002570056,2332.2904821756215,0.0,0.0,1118,False
307529,3,Atacama,5957.464860747752,MVP_coverage_mid,8936.197291121629,8936.197291121629,4468.0986455608145,1489.3662151869376,40,8.0,2.0,4.0,8.0,0.0,True,,0.23268323515358724,4468.0986455608145,8936.197291121629,2079.303295668903,1489.366215186937,0.0,0.0,1118,True
307529,3,Atacama,5957.464860747752,MVP_coverage_mid,8936.197291121629,8936.197291121629,4468.0986455608145,1489.3662151869376,41,8.0,2.0,4.0,8.0,0.01,True,,0.2850699823923927,4311.238787792674,8936.197291121629,2155.291960014639,1646.2260729550776,0.0,0.0,1118,False
307529,3,Atacama,5957.464860747752,MVP_coverage_mid,8936.197291121629,8936.197291121629,4468.0986455608145,1489.3662151869376,42,8.0,2.0,4.0,16.0,0.0,True,,0.23803019383255028,4468.0986455608145,8936.197291121629,2127.084773331592,1489.366215186937,0.0,0.0,1118,False
307529,3,Atacama,5957.464860747752,MVP_coverage_mid,8936.197291121629,8936.197291121629,4468.0986455608145,1489.3662151869376,43,8.0,2.0,4.0,16.0,0.01,True,,0.31195655373315906,4245.241576561002,8936.197291121629,2230.5626379183645,1712.223284186749,0.0,0.0,1118,False
307529,3,Atacama,5957.464860747752,MVP_coverage_mid,8936.197291121629,8936.197291121629,4468.0986455608145,1489.3662151869376,44,8.0,2.0,4.0,32.0,0.0,True,,0.24093945832204106,4468.0986455608145,8936.197291121629,2153.082534781736,1489.3662151869373,0.0,0.0,1118,False
307529,3,Atacama,5957.464860747752,MVP_coverage_mid,8936.197291121629,8936.197291121629,4468.0986455608145,1489.3662151869376,45,8.0,2.0,4.0,32.0,0.01,True,,0.35384022028421536,4129.782225242413,8936.197291121629,2316.194967197682,1827.6826355053383,0.0,0.0,1118,False
307529,3,Atacama,5957.464860747752,MVP_coverage_mid,8936.197291121629,8936.197291121629,4468.0986455608145,1489.3662151869376,46,8.0,2.0,4.0,64.0,0.0,True,,0.2420848432463456,4468.0986455608145,8936.197291121629,2163.317920439598,1489.3662151869373,0.0,0.0,1118,False
307529,3,Atacama,5957.464860747752,MVP_coverage_mid,8936.197291121629,8936.197291121629,4468.0986455608145,1489.3662151869376,47,8.0,2.0,4.0,64.0,0.01,True,,0.4125146621850689,3955.112880954939,8936.197291121629,2403.847995251478,2002.3519797928125,0.0,0.0,1118,False
307529,3,Atacama,5957.464860747752,MVP_coverage_mid,8936.197291121629,8936.197291121629,4468.0986455608145,1489.3662151869376,48,16.0,1.0,1.0,8.0,0.0,True,,0.5485378664658775,3705.462482127887,8936.197291121629,2613.93410609123,2252.0023786198644,762.6361634329274,0.0,559,False
307529,3,Atacama,5957.464860747752,MVP_coverage_mid,8936.197291121629,8936.197291121629,4468.0986455608145,1489.3662151869376,49,16.0,1.0,1.0,8.0,0.01,True,,0.6183912600222736,3496.2967600995803,8936.197291121629,2717.772624276111,2461.1681006481713,757.5779294702704,0.0,559,False
307529,3,Atacama,5957.464860747752,MVP_coverage_mid,8936.197291121629,8936.197291121629,4468.0986455608145,1489.3662151869376,50,16.0,1.0,1.0,16.0,0.0,True,,0.24999433477785593,4468.0986455608145,8936.197291121629,2233.9986972376296,1489.366215186937,0.0,0.0,559,False
307529,3,Atacama,5957.464860747752,MVP_coverage_mid,8936.197291121629,8936.197291121629,4468.0986455608145,1489.3662151869376,51,16.0,1.0,1.0,16.0,0.01,True,,0.3798157231715168,4081.4085138310274,8936.197291121629,2427.3829072062435,1876.0563469167241,0.0,0.0,559,False
307529,3,Atacama,5957.464860747752,MVP_coverage_mid,8936.197291121629,8936.197291121629,4468.0986455608145,1489.3662151869376,52,16.0,1.0,1.0,32.0,0.0,True,,0.24999433477785593,4468.0986455608145,8936.197291121629,2233.9986972376296,1489.366215186937,0.0,0.0,559,False
307529,3,Atacama,5957.464860747752,MVP_coverage_mid,8936.197291121629,8936.197291121629,4468.0986455608145,1489.3662151869376,53,16.0,1.0,1.0,32.0,0.01,True,,0.44530091251548315,3886.316102364976,8936.197291121629,2524.8404501652535,2071.1487583827757,0.0,0.0,559,False
307529,3,Atacama,5957.464860747752,MVP_coverage_mid,8936.197291121629,8936.197291121629,4468.0986455608145,1489.3662151869376,54,16.0,1.0,1.0,64.0,0.0,True,,0.2499943347778559,4468.0986455608145,8936.197291121629,2233.9986972376296,1489.3662151869373,0.0,0.0,559,False
307529,3,Atacama,5957.464860747752,MVP_coverage_mid,8936.197291121629,8936.197291121629,4468.0986455608145,1489.3662151869376,55,16.0,1.0,1.0,64.0,0.01,True,,0.566726369323969,3524.587784685841,8936.197291121629,2705.6014941726153,2432.8770760619104,0.0,0.0,559,False
307529,3,Atacama,5957.464860747752,MVP_coverage_mid,8936.197291121629,8936.197291121629,4468.0986455608145,1489.3662151869376,56,16.0,1.0,2.0,8.0,0.0,True,,0.5485378664658775,3705.462482127887,8936.197291121629,2613.93410609123,2252.0023786198644,762.6361634329274,0.0,559,False
307529,3,Atacama,5957.464860747752,MVP_coverage_mid,8936.197291121629,8936.197291121629,4468.0986455608145,1489.3662151869376,57,16.0,1.0,2.0,8.0,0.01,True,,0.6183912600222736,3496.2967600995803,8936.197291121629,2717.772624276111,2461.1681006481713,757.5779294702704,0.0,559,False
307529,3,Atacama,5957.464860747752,MVP_coverage_mid,8936.197291121629,8936.197291121629,4468.0986455608145,1489.3662151869376,58,16.0,1.0,2.0,16.0,0.0,True,,0.24999433477785593,4468.0986455608145,8936.197291121629,2233.9986972376296,1489.366215186937,0.0,0.0,559,False
307529,3,Atacama,5957.464860747752,MVP_coverage_mid,8936.197291121629,8936.197291121629,4468.0986455608145,1489.3662151869376,59,16.0,1.0,2.0,16.0,0.01,True,,0.3798157231715168,4081.4085138310274,8936.197291121629,2427.3829072062435,1876.0563469167241,0.0,0.0,559,False
307529,3,Atacama,5957.464860747752,MVP_coverage_mid,8936.197291121629,8936.197291121629,4468.0986455608145,1489.3662151869376,60,16.0,1.0,2.0,32.0,0.0,True,,0.24999433477785593,4468.0986455608145,8936.197291121629,2233.9986972376296,1489.366215186937,0.0,0.0,559,False
307529,3,Atacama,5957.464860747752,MVP_coverage_mid,8936.197291121629,8936.197291121629,4468.0986455608145,1489.3662151869376,61,16.0,1.0,2.0,32.0,0.01,True,,0.44530091251548315,3886.316102364976,8936.197291121629,2524.8404501652535,2071.1487583827757,0.0,0.0,559,False
307529,3,Atacama,5957.464860747752,MVP_coverage_mid,8936.197291121629,8936.197291121629,4468.0986455608145,1489.3662151869376,62,16.0,1.0,2.0,64.0,0.0,True,,0.2499943347778559,4468.0986455608145,8936.197291121629,2233.9986972376296,1489.3662151869373,0.0,0.0,559,False
307529,3,Atacama,5957.464860747752,MVP_coverage_mid,8936.197291121629,8936.197291121629,4468.0986455608145,1489.3662151869376,63,16.0,1.0,2.0,64.0,0.01,True,,0.566726369323969,3524.587784685841,8936.197291121629,2705.6014941726153,2432.8770760619104,0.0,0.0,559,False
307529,3,Atacama,5957.464860747752,MVP_coverage_mid,8936.197291121629,8936.197291121629,4468.0986455608145,1489.3662151869376,64,16.0,1.0,4.0,8.0,0.0,True,,0.5363921339563162,3733.4374858801784,8936.197291121629,2589.322455397476,2224.027374867573,734.6611596806356,0.0,559,False
307529,3,Atacama,5957.464860747752,MVP_coverage_mid,8936.197291121629,8936.197291121629,4468.0986455608145,1489.3662151869376,65,16.0,1.0,4.0,8.0,0.01,True,,0.6055206511335463,3525.9033620860237,8936.197291121629,2692.2414827905072,2431.5614986617284,726.6446218006347,0.0,559,False
307529,3,Atacama,5957.464860747752,MVP_coverage_mid,8936.197291121629,8936.197291121629,4468.0986455608145,1489.3662151869376,66,16.0,1.0,4.0,16.0,0.0,True,,0.24984575537958087,4468.0986455608145,8936.197291121629,2232.6709624212476,1489.3662151869373,0.0,0.0,559,False
307529,3,Atacama,5957.464860747752,MVP_coverage_mid,8936.197291121629,8936.197291121629,4468.0986455608145,1489.3662151869376,67,16.0,1.0,4.0,16.0,0.01,True,,0.3795515565811546,4082.0117342685526,8936.197291121629,2426.5303135308563,1875.4531264791995,0.0,0.0,559,False
307529,3,Atacama,5957.464860747752,MVP_coverage_mid,8936.197291121629,8936.197291121629,4468.0986455608145,1489.3662151869376,68,16.0,1.0,4.0,32.0,0.0,True,,0.2499943347778559,4468.0986455608145,8936.197291121629,2233.9986972376296,1489.3662151869373,0.0,0.0,559,False
307529,3,Atacama,5957.464860747752,MVP_coverage_mid,8936.197291121629,8936.197291121629,4468.0986455608145,1489.3662151869376,69,16.0,1.0,4.0,32.0,0.01,True,,0.4448794496659929,3887.3921809860967,8936.197291121629,2523.7643715441327,2070.072679761655,0.0,0.0,559,False
307529,3,Atacama,5957.464860747752,MVP_coverage_mid,8936.197291121629,8936.197291121629,4468.0986455608145,1489.3662151869376,70,16.0,1.0,4.0,64.0,0.0,True,,0.2499943347778559,4468.0986455608145,8936.197291121629,2233.9986972376296,1489.3662151869373,0.0,0.0,559,False
307529,3,Atacama,5957.464860747752,MVP_coverage_mid,8936.197291121629,8936.197291121629,4468.0986455608145,1489.3662151869376,71,16.0,1.0,4.0,64.0,0.01,True,,0.5655097312920321,3528.239545570897,8936.197291121629,2703.858778899984,2429.2253151768546,0.0,0.0,559,False
307529,3,Atacama,5957.464860747752,MVP_coverage_mid,8936.197291121629,8936.197291121629,4468.0986455608145,1489.3662151869376,72,16.0,2.0,1.0,8.0,0.0,True,,0.3336162410119553,4254.111603489366,8936.197291121629,2339.2994229908695,1703.3532572583863,213.98704207144897,0.0,559,False
307529,3,Atacama,5957.464860747752,MVP_coverage_mid,8936.197291121629,8936.197291121629,4468.0986455608145,1489.3662151869376,73,16.0,2.0,1.0,8.0,0.01,True,,0.41195180087807715,4020.8725668822317,8936.197291121629,2457.1020856328446,1936.5922938655203,212.2305695000968,0.0,559,False
307529,3,Atacama,5957.464860747752,MVP_coverage_mid,8936.197291121629,8936.197291121629,4468.0986455608145,1489.3662151869376,74,16.0,2.0,1.0,16.0,0.0,True,,0.24999433477785593,4468.0986455608145,8936.197291121629,2233.9986972376296,1489.366215186937,0.0,0.0,559,False
307529,3,Atacama,5957.464860747752,MVP_coverage_mid,8936.197291121629,8936.197291121629,4468.0986455608145,1489.3662151869376,75,16.0,2.0,1.0,16.0,0.01,True,,0.373648767569184,4099.767713982115,8936.197291121629,2418.17177563593,1857.697146765636,0.0,0.0,559,False
307529,3,Atacama,5957.464860747752,MVP_coverage_mid,8936.197291121629,8936.197291121629,4468.0986455608145,1489.3662151869376,76,16.0,2.0,1.0,32.0,0.0,True,,0.24999433477785593,4468.0986455608145,8936.197291121629,2233.9986972376296,1489.366215186937,0.0,0.0,559,False
307529,3,Atacama,5957.464860747752,MVP_coverage_mid,8936.197291121629,8936.197291121629,4468.0986455608145,1489.3662151869376,77,16.0,2.0,1.0,32.0,0.01,True,,0.44034555829896316,3901.0741520249658,8936.197291121629,2517.4535513890146,2056.3907087227853,0.0,0.0,559,False
307529,3,Atacama,5957.464860747752,MVP_coverage_mid,8936.197291121629,8936.197291121629,4468.0986455608145,1489.3662151869376,78,16.0,2.0,1.0,64.0,0.0,True,,0.2499943347778559,4468.0986455608145,8936.197291121629,2233.9986972376296,1489.3662151869373,0.0,0.0,559,False
307529,3,Atacama,5957.464860747752,MVP_coverage_mid,8936.197291121629,8936.197291121629,4468.0986455608145,1489.3662151869376,79,16.0,2.0,1.0,64.0,0.01,True,,0.560370353440265,3543.5508211486617,8936.197291121629,2696.2104734073837,2413.91403959909,0.0,0.0,559,False
307529,3,Atacama,5957.464860747752,MVP_coverage_mid,8936.197291121629,8936.197291121629,4468.0986455608145,1489.3662151869376,80,16.0,2.0,2.0,8.0,0.0,True,,0.3336162410119553,4254.111603489366,8936.197291121629,2339.2994229908695,1703.3532572583863,213.98704207144897,0.0,559,False
307529,3,Atacama,5957.464860747752,MVP_coverage_mid,8936.197291121629,8936.197291121629,4468.0986455608145,1489.3662151869376,81,16.0,2.0,2.0,8.0,0.01,True,,0.41195180087807715,4020.8725668822317,8936.197291121629,2457.1020856328446,1936.5922938655203,212.2305695000968,0.0,559,False
307529,3,Atacama,5957.464860747752,MVP_coverage_mid,8936.197291121629,8936.197291121629,4468.0986455608145,1489.3662151869376,82,16.0,2.0,2.0,16.0,0.0,True,,0.24999433477785593,4468.0986455608145,8936.197291121629,2233.9986972376296,1489.366215186937,0.0,0.0,559,False
307529,3,Atacama,5957.464860747752,MVP_coverage_mid,8936.197291121629,8936.197291121629,4468.0986455608145,1489.3662151869376,83,16.0,2.0,2.0,16.0,0.01,True,,0.373648767569184,4099.767713982115,8936.197291121629,2418.17177563593,1857.697146765636,0.0,0.0,559,False
307529,3,Atacama,5957.464860747752,MVP_coverage_mid,8936.197291121629,8936.197291121629,4468.0986455608145,1489.3662151869376,84,16.0,2.0,2.0,32.0,0.0,True,,0.24999433477785593,4468.0986455608145,8936.197291121629,2233.9986972376296,1489.366215186937,0.0,0.0,559,False
307529,3,Atacama,5957.464860747752,MVP_coverage_mid,8936.197291121629,8936.197291121629,4468.0986455608145,1489.3662151869376,85,16.0,2.0,2.0,32.0,0.01,True,,0.44034555829896316,3901.0741520249658,8936.197291121629,2517.4535513890146,2056.3907087227853,0.0,0.0,559,False
307529,3,Atacama,5957.464860747752,MVP_coverage_mid,8936.197291121629,8936.197291121629,4468.0986455608145,1489.3662151869376,86,16.0,2.0,2.0,64.0,0.0,True,,0.2499943347778559,4468.0986455608145,8936.197291121629,2233.9986972376296,1489.3662151869373,0.0,0.0,559,False
307529,3,Atacama,5957.464860747752,MVP_coverage_mid,8936.197291121629,8936.197291121629,4468.0986455608145,1489.3662151869376,87,16.0,2.0,2.0,64.0,0.01,True,,0.560370353440265,3543.5508211486617,8936.197291121629,2696.2104734073837,2413.91403959909,0.0,0.0,559,False
307529,3,Atacama,5957.464860747752,MVP_coverage_mid,8936.197291121629,8936.197291121629,4468.0986455608145,1489.3662151869376,88,16.0,2.0,4.0,8.0,0.0,True,,0.333943077922498,4251.179694507871,8936.197291121629,2333.4243751610165,1706.2851662398803,216.918951052943,0.0,559,False
307529,3,Atacama,5957.464860747752,MVP_coverage_mid,8936.197291121629,8936.197291121629,4468.0986455608145,1489.3662151869376,89,16.0,2.0,4.0,8.0,0.01,True,,0.4120260391324899,4019.145884338297,8936.197291121629,2453.0762192505504,1938.318976409455,212.97570492097387,0.0,559,False
307529,3,Atacama,5957.464860747752,MVP_coverage_mid,8936.197291121629,8936.197291121629,4468.0986455608145,1489.3662151869376,90,16.0,2.0,4.0,16.0,0.0,True,,0.2498457553795809,4468.0986455608145,8936.197291121629,2232.670962421248,1489.3662151869373,0.0,0.0,559,False
307529,3,Atacama,5957.464860747752,MVP_coverage_mid,8936.197291121629,8936.197291121629,4468.0986455608145,1489.3662151869376,91,16.0,2.0,4.0,16.0,0.01,True,,0.3723536896240615,4103.491770291406,8936.197291121629,2415.9088443841624,1853.9730904563448,0.0,0.0,559,False
307529,3,Atacama,5957.464860747752,MVP_coverage_mid,8936.197291121629,8936.197291121629,4468.0986455608145,1489.3662151869376,92,16.0,2.0,4.0,32.0,0.0,True,,0.2499943347778559,4468.0986455608145,8936.197291121629,2233.9986972376296,1489.3662151869373,0.0,0.0,559,False
307529,3,Atacama,5957.464860747752,MVP_coverage_mid,8936.197291121629,8936.197291121629,4468.0986455608145,1489.3662151869376,93,16.0,2.0,4.0,32.0,0.01,True,,0.4392531994604414,3904.3131619721976,8936.197291121629,2515.7895421633625,2053.151698775554,0.0,0.0,559,False
307529,3,Atacama,5957.464860747752,MVP_coverage_mid,8936.197291121629,8936.197291121629,4468.0986455608145,1489.3662151869376,94,16.0,2.0,4.0,64.0,0.0,True,,0.2499943347778559,4468.0986455608145,8936.197291121629,2233.9986972376296,1489.3662151869373,0.0,0.0,559,False
307529,3,Atacama,5957.464860747752,MVP_coverage_mid,8936.197291121629,8936.197291121629,4468.0986455608145,1489.3662151869376,95,16.0,2.0,4.0,64.0,0.01,True,,0.5596726920152386,3545.5855787423097,8936.197291121629,2695.0629272550627,2411.8792820054423,0.0,0.0,559,False
307529,3,Atacama,5957.464860747752,MVP_coverage_mid,8936.197291121629,8936.197291121629,4468.0986455608145,1489.3662151869376,96,32.0,1.0,1.0,8.0,0.0,True,,1.2838480995118604,1828.3391258014335,8936.197291121629,3553.4413497913943,4129.1257349463185,2639.759519759381,0.0,280,False
307529,3,Atacama,5957.464860747752,MVP_coverage_mid,8936.197291121629,8936.197291121629,4468.0986455608145,1489.3662151869376,97,32.0,1.0,1.0,8.0,0.01,True,,1.3336838927911172,1679.9648184958903,8936.197291121629,3627.8651689044013,4277.5000422518615,2639.725306811639,0.0,280,False
307529,3,Atacama,5957.464860747752,MVP_coverage_mid,8936.197291121629,8936.197291121629,4468.0986455608145,1489.3662151869376,98,32.0,1.0,1.0,16.0,0.0,True,,0.6177340813564733,3529.151561112673,8936.197291121629,2703.3523711068015,2428.313299635079,938.9470844481414,0.0,280,False
307529,3,Atacama,5957.464860747752,MVP_coverage_mid,8936.197291121629,8936.197291121629,4468.0986455608145,1489.3662151869376,99,32.0,1.0,1.0,16.0,0.01,True,,0.7573761313016759,3112.8678707382,8936.197291121629,2911.535992949544,2844.5969900095515,936.8992057842693,0.0,280,False
307529,3,Atacama,5957.464860747752,MVP_coverage_mid,8936.197291121629,8936.197291121629,4468.0986455608145,1489.3662151869376,100,32.0,1.0,1.0,32.0,0.0,True,,0.2499943347778559,4468.0986455608145,8936.197291121629,2233.9986972376296,1489.3662151869373,0.0,0.0,280,False
307529,3,Atacama,5957.464860747752,MVP_coverage_mid,8936.197291121629,8936.197291121629,4468.0986455608145,1489.3662151869376,101,32.0,1.0,1.0,32.0,0.01,True,,0.5073150195469864,3701.5245493388193,8936.197291121629,2617.0318628661084,2255.9403114089323,0.0,0.0,280,False
307529,3,Atacama,5957.464860747752,MVP_coverage_mid,8936.197291121629,8936.197291121629,4468.0986455608145,1489.3662151869376,102,32.0,1.0,1.0,64.0,0.0,True,,0.2499943347778559,4468.0986455608145,8936.197291121629,2233.9986972376296,1489.3662151869373,0.0,0.0,280,False
307529,3,Atacama,5957.464860747752,MVP_coverage_mid,8936.197291121629,8936.197291121629,4468.0986455608145,1489.3662151869376,103,32.0,1.0,1.0,64.0,0.01,True,,0.6187978524730013,3369.426258357547,8936.197291121629,2783.0187250129475,2588.038602390205,0.0,0.0,280,False
307529,3,Atacama,5957.464860747752,MVP_coverage_mid,8936.197291121629,8936.197291121629,4468.0986455608145,1489.3662151869376,104,32.0,1.0,2.0,8.0,0.0,True,,1.2838480995118604,1828.3391258014335,8936.197291121629,3553.4413497913943,4129.1257349463185,2639.759519759381,0.0,280,False
307529,3,Atacama,5957.464860747752,MVP_coverage_mid,8936.197291121629,8936.197291121629,4468.0986455608145,1489.3662151869376,105,32.0,1.0,2.0,8.0,0.01,True,,1.3336838927911172,1679.9648184958903,8936.197291121629,3627.8651689044013,4277.5000422518615,2639.725306811639,0.0,280,False
307529,3,Atacama,5957.464860747752,MVP_coverage_mid,8936.197291121629,8936.197291121629,4468.0986455608145,1489.3662151869376,106,32.0,1.0,2.0,16.0,0.0,True,,0.6177340813564733,3529.151561112673,8936.197291121629,2703.3523711068015,2428.313299635079,938.9470844481414,0.0,280,False
307529,3,Atacama,5957.464860747752,MVP_coverage_mid,8936.197291121629,8936.197291121629,4468.0986455608145,1489.3662151869376,107,32.0,1.0,2.0,16.0,0.01,True,,0.7573761313016759,3112.8678707382,8936.197291121629,2911.535992949544,2844.5969900095515,936.8992057842693,0.0,280,False
307529,3,Atacama,5957.464860747752,MVP_coverage_mid,8936.197291121629,8936.197291121629,4468.0986455608145,1489.3662151869376,108,32.0,1.0,2.0,32.0,0.0,True,,0.2499943347778559,4468.0986455608145,8936.197291121629,2233.9986972376296,1489.3662151869373,0.0,0.0,280,False
307529,3,Atacama,5957.464860747752,MVP_coverage_mid,8936.197291121629,8936.197291121629,4468.0986455608145,1489.3662151869376,109,32.0,1.0,2.0,32.0,0.01,True,,0.5073150195469864,3701.5245493388193,8936.197291121629,2617.0318628661084,2255.9403114089323,0.0,0.0,280,False
307529,3,Atacama,5957.464860747752,MVP_coverage_mid,8936.197291121629,8936.197291121629,4468.0986455608145,1489.3662151869376,110,32.0,1.0,2.0,64.0,0.0,True,,0.2499943347778559,4468.0986455608145,8936.197291121629,2233.9986972376296,1489.3662151869373,0.0,0.0,280,False
307529,3,Atacama,5957.464860747752,MVP_coverage_mid,8936.197291121629,8936.197291121629,4468.0986455608145,1489.3662151869376,111,32.0,1.0,2.0,64.0,0.01,True,,0.6187978524730013,3369.426258357547,8936.197291121629,2783.0187250129475,2588.038602390205,0.0,0.0,280,False
307529,3,Atacama,5957.464860747752,MVP_coverage_mid,8936.197291121629,8936.197291121629,4468.0986455608145,1489.3662151869376,112,32.0,1.0,4.0,8.0,0.0,True,,1.279574318747457,1838.2833623782287,8936.197291121629,3545.082711432073,4119.181498369523,2629.8152831825855,0.0,280,False
307529,3,Atacama,5957.464860747752,MVP_coverage_mid,8936.197291121629,8936.197291121629,4468.0986455608145,1489.3662151869376,113,32.0,1.0,4.0,8.0,0.01,True,,1.3313772247285138,1685.3653012008774,8936.197291121629,3623.479568284607,4272.099559546875,2634.273239791054,0.0,280,False
307529,3,Atacama,5957.464860747752,MVP_coverage_mid,8936.197291121629,8936.197291121629,4468.0986455608145,1489.3662151869376,114,32.0,1.0,4.0,16.0,0.0,True,,0.6177340813564733,3529.151561112673,8936.197291121629,2703.3523711068015,2428.313299635079,938.9470844481414,0.0,280,False
307529,3,Atacama,5957.464860747752,MVP_coverage_mid,8936.197291121629,8936.197291121629,4468.0986455608145,1489.3662151869376,115,32.0,1.0,4.0,16.0,0.01,True,,0.7573761313016759,3112.8678707382,8936.197291121629,2911.535992949544,2844.5969900095515,936.8992057842693,0.0,280,False
307529,3,Atacama,5957.464860747752,MVP_coverage_mid,8936.197291121629,8936.197291121629,4468.0986455608145,1489.3662151869376,116,32.0,1.0,4.0,32.0,0.0,True,,0.2499943347778559,4468.0986455608145,8936.197291121629,2233.9986972376296,1489.3662151869373,0.0,0.0,280,False
307529,3,Atacama,5957.464860747752,MVP_coverage_mid,8936.197291121629,8936.197291121629,4468.0986455608145,1489.3662151869376,117,32.0,1.0,4.0,32.0,0.01,True,,0.5073150195469864,3701.5245493388193,8936.197291121629,2617.0318628661084,2255.9403114089323,0.0,0.0,280,False
307529,3,Atacama,5957.464860747752,MVP_coverage_mid,8936.197291121629,8936.197291121629,4468.0986455608145,1489.3662151869376,118,32.0,1.0,4.0,64.0,0.0,True,,0.2499943347778559,4468.0986455608145,8936.197291121629,2233.9986972376296,1489.3662151869373,0.0,0.0,280,False
307529,3,Atacama,5957.464860747752,MVP_coverage_mid,8936.197291121629,8936.197291121629,4468.0986455608145,1489.3662151869376,119,32.0,1.0,4.0,64.0,0.01,True,,0.6187978524730013,3369.426258357547,8936.197291121629,2783.0187250129475,2588.038602390205,0.0,0.0,280,False
307529,3,Atacama,5957.464860747752,MVP_coverage_mid,8936.197291121629,8936.197291121629,4468.0986455608145,1489.3662151869376,120,32.0,2.0,1.0,8.0,0.0,True,,1.1625465717802188,2137.840545317278,8936.197291121629,3397.9712248145183,3819.624315430474,2330.2581002435363,0.0,280,False
307529,3,Atacama,5957.464860747752,MVP_coverage_mid,8936.197291121629,8936.197291121629,4468.0986455608145,1489.3662151869376,121,32.0,2.0,1.0,8.0,0.01,True,,1.2140259068633632,1982.5168745497656,8936.197291121629,3475.616902360609,3974.947986197986,2318.4073807512714,0.0,280,False
307529,3,Atacama,5957.464860747752,MVP_coverage_mid,8936.197291121629,8936.197291121629,4468.0986455608145,1489.3662151869376,122,32.0,2.0,1.0,16.0,0.0,True,,0.4836521760333692,3871.432935915844,8936.197291121629,2532.014136379564,2086.0319248319074,596.66570964497,0.0,280,False
307529,3,Atacama,5957.464860747752,MVP_coverage_mid,8936.197291121629,8936.197291121629,4468.0986455608145,1489.3662151869376,123,32.0,2.0,1.0,16.0,0.01,True,,0.6311065297069538,3430.0714578229863,8936.197291121629,2752.518118253984,2527.3934029247653,584.2127471557976,0.0,280,False
307529,3,Atacama,5957.464860747752,MVP_coverage_mid,8936.197291121629,8936.197291121629,4468.0986455608145,1489.3662151869376,124,32.0,2.0,1.0,32.0,0.0,True,,0.2499943347778559,4468.0986455608145,8936.197291121629,2233.9986972376296,1489.3662151869373,0.0,0.0,280,False
307529,3,Atacama,5957.464860747752,MVP_coverage_mid,8936.197291121629,8936.197291121629,4468.0986455608145,1489.3662151869376,125,32.0,2.0,1.0,32.0,0.01,True,,0.501818734860579,3717.8850191917845,8936.197291121629,2608.817153172615,2239.579841555967,0.0,0.0,280,False
307529,3,Atacama,5957.464860747752,MVP_coverage_mid,8936.197291121629,8936.197291121629,4468.0986455608145,1489.3662151869376,126,32.0,2.0,1.0,64.0,0.0,True,,0.2499943347778559,4468.0986455608145,8936.197291121629,2233.9986972376296,1489.3662151869373,0.0,0.0,280,False
307529,3,Atacama,5957.464860747752,MVP_coverage_mid,8936.197291121629,8936.197291121629,4468.0986455608145,1489.3662151869376,127,32.0,2.0,1.0,64.0,0.01,True,,0.6109906557443371,3392.769702282706,8936.197291121629,2771.6106845679024,2564.6951584650456,0.0,0.0,280,False
307529,3,Atacama,5957.464860747752,MVP_coverage_mid,8936.197291121629,8936.197291121629,4468.0986455608145,1489.3662151869376,128,32.0,2.0,2.0,8.0,0.0,True,,1.1625465717802188,2137.840545317278,8936.197291121629,3397.9712248145183,3819.624315430474,2330.2581002435363,0.0,280,False
307529,3,Atacama,5957.464860747752,MVP_coverage_mid,8936.197291121629,8936.197291121629,4468.0986455608145,1489.3662151869376,129,32.0,2.0,2.0,8.0,0.01,True,,1.2140259068633632,1982.5168745497656,8936.197291121629,3475.616902360609,3974.947986197986,2318.4073807512714,0.0,280,False
307529,3,Atacama,5957.464860747752,MVP_coverage_mid,8936.197291121629,8936.197291121629,4468.0986455608145,1489.3662151869376,130,32.0,2.0,2.0,16.0,0.0,True,,0.4836521760333692,3871.432935915844,8936.197291121629,2532.014136379564,2086.0319248319074,596.66570964497,0.0,280,False
307529,3,Atacama,5957.464860747752,MVP_coverage_mid,8936.197291121629,8936.197291121629,4468.0986455608145,1489.3662151869376,131,32.0,2.0,2.0,16.0,0.01,True,,0.6311065297069538,3430.0714578229863,8936.197291121629,2752.518118253984,2527.3934029247653,584.2127471557976,0.0,280,False
307529,3,Atacama,5957.464860747752,MVP_coverage_mid,8936.197291121629,8936.197291121629,4468.0986455608145,1489.3662151869376,132,32.0,2.0,2.0,32.0,0.0,True,,0.2499943347778559,4468.0986455608145,8936.197291121629,2233.9986972376296,1489.3662151869373,0.0,0.0,280,False
307529,3,Atacama,5957.464860747752,MVP_coverage_mid,8936.197291121629,8936.197291121629,4468.0986455608145,1489.3662151869376,133,32.0,2.0,2.0,32.0,0.01,True,,0.501818734860579,3717.8850191917845,8936.197291121629,2608.817153172615,2239.579841555967,0.0,0.0,280,False
307529,3,Atacama,5957.464860747752,MVP_coverage_mid,8936.197291121629,8936.197291121629,4468.0986455608145,1489.3662151869376,134,32.0,2.0,2.0,64.0,0.0,True,,0.2499943347778559,4468.0986455608145,8936.197291121629,2233.9986972376296,1489.3662151869373,0.0,0.0,280,False
307529,3,Atacama,5957.464860747752,MVP_coverage_mid,8936.197291121629,8936.197291121629,4468.0986455608145,1489.3662151869376,135,32.0,2.0,2.0,64.0,0.01,True,,0.6109906557443371,3392.769702282706,8936.197291121629,2771.6106845679024,2564.6951584650456,0.0,0.0,280,False
307529,3,Atacama,5957.464860747752,MVP_coverage_mid,8936.197291121629,8936.197291121629,4468.0986455608145,1489.3662151869376,136,32.0,2.0,4.0,8.0,0.0,True,,1.1625465717802188,2137.840545317278,8936.197291121629,3397.9712248145183,3819.624315430474,2330.2581002435363,0.0,280,False
307529,3,Atacama,5957.464860747752,MVP_coverage_mid,8936.197291121629,8936.197291121629,4468.0986455608145,1489.3662151869376,137,32.0,2.0,4.0,8.0,0.01,True,,1.2140259068633632,1982.5168745497656,8936.197291121629,3475.616902360609,3974.947986197986,2318.4073807512714,0.0,280,False
307529,3,Atacama,5957.464860747752,MVP_coverage_mid,8936.197291121629,8936.197291121629,4468.0986455608145,1489.3662151869376,138,32.0,2.0,4.0,16.0,0.0,True,,0.4836521760333692,3871.432935915844,8936.197291121629,2532.014136379564,2086.0319248319074,596.66570964497,0.0,280,False
307529,3,Atacama,5957.464860747752,MVP_coverage_mid,8936.197291121629,8936.197291121629,4468.0986455608145,1489.3662151869376,139,32.0,2.0,4.0,16.0,0.01,True,,0.6311065297069538,3430.0714578229863,8936.197291121629,2752.518118253984,2527.3934029247653,584.2127471557976,0.0,280,False
307529,3,Atacama,5957.464860747752,MVP_coverage_mid,8936.197291121629,8936.197291121629,4468.0986455608145,1489.3662151869376,140,32.0,2.0,4.0,32.0,0.0,True,,0.2499943347778559,4468.0986455608145,8936.197291121629,2233.9986972376296,1489.3662151869373,0.0,0.0,280,False
307529,3,Atacama,5957.464860747752,MVP_coverage_mid,8936.197291121629,8936.197291121629,4468.0986455608145,1489.3662151869376,141,32.0,2.0,4.0,32.0,0.01,True,,0.501818734860579,3717.8850191917845,8936.197291121629,2608.817153172615,2239.579841555967,0.0,0.0,280,False
307529,3,Atacama,5957.464860747752,MVP_coverage_mid,8936.197291121629,8936.197291121629,4468.0986455608145,1489.3662151869376,142,32.0,2.0,4.0,64.0,0.0,True,,0.2499943347778559,4468.0986455608145,8936.197291121629,2233.9986972376296,1489.3662151869373,0.0,0.0,280,False
307529,3,Atacama,5957.464860747752,MVP_coverage_mid,8936.197291121629,8936.197291121629,4468.0986455608145,1489.3662151869376,143,32.0,2.0,4.0,64.0,0.01,True,,0.6109906557443371,3392.769702282706,8936.197291121629,2771.6106845679024,2564.6951584650456,0.0,0.0,280,False
529140,4,Coquimbo,6285.901690791,MVP_coverage_mid,9428.8525361865,9428.8525361865,4714.42626809325,1571.4754226977514,0,8.0,1.0,1.0,8.0,0.0,True,,0.24561002936590215,4714.42626809325,9428.8525361865,2315.8207482995267,1571.4754226977507,0.0,0.0,1179,False
529140,4,Coquimbo,6285.901690791,MVP_coverage_mid,9428.8525361865,9428.8525361865,4714.42626809325,1571.4754226977514,1,8.0,1.0,1.0,8.0,0.01,True,,0.2996577916681559,4545.979209488611,9428.8525361865,2404.311482446741,1739.9224813023893,0.0,0.0,1179,False
529140,4,Coquimbo,6285.901690791,MVP_coverage_mid,9428.8525361865,9428.8525361865,4714.42626809325,1571.4754226977514,2,8.0,1.0,1.0,16.0,0.0,True,,0.24996863570303796,4714.42626809325,9428.8525361865,2356.9174047156685,1571.4754226977507,0.0,0.0,1179,False
529140,4,Coquimbo,6285.901690791,MVP_coverage_mid,9428.8525361865,9428.8525361865,4714.42626809325,1571.4754226977514,3,8.0,1.0,1.0,16.0,0.01,True,,0.3359340805577829,4444.213210756377,9428.8525361865,2491.940264116549,1841.6884800346234,0.0,0.0,1179,False
529140,4,Coquimbo,6285.901690791,MVP_coverage_mid,9428.8525361865,9428.8525361865,4714.42626809325,1571.4754226977514,4,8.0,1.0,1.0,32.0,0.0,True,,0.24996863570303796,4714.42626809325,9428.8525361865,2356.9174047156685,1571.4754226977507,0.0,0.0,1179,False
529140,4,Coquimbo,6285.901690791,MVP_coverage_mid,9428.8525361865,9428.8525361865,4714.42626809325,1571.4754226977514,5,8.0,1.0,1.0,32.0,0.01,True,,0.4023243388943474,4235.5350757209035,9428.8525361865,2596.228882222659,2050.3666150700965,0.0,0.0,1179,False
529140,4,Coquimbo,6285.901690791,MVP_coverage_mid,9428.8525361865,9428.8525361865,4714.42626809325,1571.4754226977514,6,8.0,1.0,1.0,64.0,0.0,True,,0.24996863570303787,4714.42626809325,9428.8525361865,2356.9174047156675,1571.4754226977507,0.0,0.0,1179,False
529140,4,Coquimbo,6285.901690791,MVP_coverage_mid,9428.8525361865,9428.8525361865,4714.42626809325,1571.4754226977514,7,8.0,1.0,1.0,64.0,0.01,True,,0.522457406829955,3857.8695131569325,9428.8525361865,2784.781958097251,2428.0321776340675,0.0,0.0,1179,False
529140,4,Coquimbo,6285.901690791,MVP_coverage_mid,9428.8525361865,9428.8525361865,4714.42626809325,1571.4754226977514,8,8.0,1.0,2.0,8.0,0.0,True,,0.23384825548925564,4714.42626809325,9428.8525361865,2204.9207168526564,1571.4754226977507,0.0,0.0,1179,False
529140,4,Coquimbo,6285.901690791,MVP_coverage_mid,9428.8525361865,9428.8525361865,4714.42626809325,1571.4754226977514,9,8.0,1.0,2.0,8.0,0.01,True,,0.2862878387700007,4546.039517781392,9428.8525361865,2278.3989388862274,1739.8621730096088,0.0,0.0,1179,False
529140,4,Coquimbo,6285.901690791,MVP_coverage_mid,9428.8525361865,9428.8525361865,4714.42626809325,1571.4754226977514,10,8.0,1.0,2.0,16.0,0.0,True,,0.2427233643451146,4714.42626809325,9428.8525361865,2288.6028094971534,1571.4754226977507,0.0,0.0,1179,False
529140,4,Coquimbo,6285.901690791,MVP_coverage_mid,9428.8525361865,9428.8525361865,4714.42626809325,1571.4754226977514,11,8.0,1.0,2.0,16.0,0.01,True,,0.3244444712750203,4456.527194562541,9428.8525361865,2414.3913920063906,1829.3744962284604,0.0,0.0,1179,False
529140,4,Coquimbo,6285.901690791,MVP_coverage_mid,9428.8525361865,9428.8525361865,4714.42626809325,1571.4754226977514,12,8.0,1.0,2.0,32.0,0.0,True,,0.24779295726868394,4714.42626809325,9428.8525361865,2336.4032535919832,1571.4754226977507,0.0,0.0,1179,False
529140,4,Coquimbo,6285.901690791,MVP_coverage_mid,9428.8525361865,9428.8525361865,4714.42626809325,1571.4754226977514,13,8.0,1.0,2.0,32.0,0.01,True,,0.3907203344028354,4266.030252673776,9428.8525361865,2563.0543774251273,2019.8714381172244,0.0,0.0,1179,False
529140,4,Coquimbo,6285.901690791,MVP_coverage_mid,9428.8525361865,9428.8525361865,4714.42626809325,1571.4754226977514,14,8.0,1.0,2.0,64.0,0.0,True,,0.2493754129899782,4714.42626809325,9428.8525361865,2351.3239952331114,1571.4754226977507,0.0,0.0,1179,False
529140,4,Coquimbo,6285.901690791,MVP_coverage_mid,9428.8525361865,9428.8525361865,4714.42626809325,1571.4754226977514,15,8.0,1.0,2.0,64.0,0.01,True,,0.501614146373937,3921.1435299584377,9428.8525361865,2746.4389708878925,2364.758160832563,0.0,0.0,1179,False
529140,4,Coquimbo,6285.901690791,MVP_coverage_mid,9428.8525361865,9428.8525361865,4714.42626809325,1571.4754226977514,16,8.0,1.0,4.0,8.0,0.0,True,,0.35821854402134207,4397.326400894674,8800.0,2269.077091662316,1888.575289896326,0.0,2.673599105325564,1100,False
529140,4,Coquimbo,6285.901690791,MVP_coverage_mid,9428.8525361865,9428.8525361865,4714.42626809325,1571.4754226977514,17,8.0,1.0,4.0,8.0,0.01,True,,0.3607683003063412,4348.335015982689,9032.0,2287.0483185197395,1937.566674808312,0.0,1.8567728594920252,1129,False
529140,4,Coquimbo,6285.901690791,MVP_coverage_mid,9428.8525361865,9428.8525361865,4714.42626809325,1571.4754226977514,18,8.0,1.0,4.0,16.0,0.0,True,,0.2609016975499679,4630.600847806479,9272.0,2169.31423773244,1655.3008429845218,0.0,5.399152193521506,1159,False
529140,4,Coquimbo,6285.901690791,MVP_coverage_mid,9428.8525361865,9428.8525361865,4714.42626809325,1571.4754226977514,19,8.0,1.0,4.0,16.0,0.01,True,,0.29667867206701604,4490.689304174145,9428.8525361865,2237.997039753766,1795.2123866168547,0.0,0.0,1179,False
529140,4,Coquimbo,6285.901690791,MVP_coverage_mid,9428.8525361865,9428.8525361865,4714.42626809325,1571.4754226977514,20,8.0,1.0,4.0,32.0,0.0,True,,0.23684334351841646,4690.888474193189,9400.0,2155.3344444657037,1595.0132165978118,0.0,9.111525806811422,1175,False
529140,4,Coquimbo,6285.901690791,MVP_coverage_mid,9428.8525361865,9428.8525361865,4714.42626809325,1571.4754226977514,21,8.0,1.0,4.0,32.0,0.01,True,,0.32548281788493166,4402.672939329485,9428.8525361865,2289.5461709900555,1883.2287514615152,0.0,0.0,1179,False
529140,4,Coquimbo,6285.901690791,MVP_coverage_mid,9428.8525361865,9428.8525361865,4714.42626809325,1571.4754226977514,22,8.0,1.0,4.0,64.0,0.0,True,,0.22796518983530115,4714.42626809325,9428.8525361865,2149.4501583408155,1571.4754226977504,0.0,0.0,1179,False
529140,4,Coquimbo,6285.901690791,MVP_coverage_mid,9428.8525361865,9428.8525361865,4714.42626809325,1571.4754226977514,23,8.0,1.0,4.0,64.0,0.01,True,,0.35302829552486237,4317.134465310189,9428.8525361865,2335.4222326475438,1968.7672254808117,0.0,0.0,1179,False
529140,4,Coquimbo,6285.901690791,MVP_coverage_mid,9428.8525361865,9428.8525361865,4714.42626809325,1571.4754226977514,24,8.0,2.0,1.0,8.0,0.0,True,,0.21421076867600022,4714.42626809325,9428.8525361865,2019.761749509164,1571.4754226977507,0.0,0.0,1179,True
529140,4,Coquimbo,6285.901690791,MVP_coverage_mid,9428.8525361865,9428.8525361865,4714.42626809325,1571.4754226977514,25,8.0,2.0,1.0,8.0,0.01,True,,0.259031969359188,4567.4545276887175,9428.8525361865,2074.944890234433,1718.447163102283,0.0,0.0,1179,False
529140,4,Coquimbo,6285.901690791,MVP_coverage_mid,9428.8525361865,9428.8525361865,4714.42626809325,1571.4754226977514,26,8.0,2.0,1.0,16.0,0.0,True,,0.2318211346642069,4714.42626809325,9428.8525361865,2185.807293520239,1571.4754226977507,0.0,0.0,1179,False
529140,4,Coquimbo,6285.901690791,MVP_coverage_mid,9428.8525361865,9428.8525361865,4714.42626809325,1571.4754226977514,27,8.0,2.0,1.0,16.0,0.01,True,,0.3058554708560864,4478.399004019793,9428.8525361865,2293.797971904285,1807.5026867712068,0.0,0.0,1179,False
529140,4,Coquimbo,6285.901690791,MVP_coverage_mid,9428.8525361865,9428.8525361865,4714.42626809325,1571.4754226977514,28,8.0,2.0,1.0,32.0,0.0,True,,0.24528318587424192,4714.42626809325,9428.8525361865,2312.73898921425,1571.4754226977507,0.0,0.0,1179,False
529140,4,Coquimbo,6285.901690791,MVP_coverage_mid,9428.8525361865,9428.8525361865,4714.42626809325,1571.4754226977514,29,8.0,2.0,1.0,32.0,0.01,True,,0.3800260502783753,4290.528771927332,9428.8525361865,2523.465847569403,1995.372918863668,0.0,0.0,1179,False
529140,4,Coquimbo,6285.901690791,MVP_coverage_mid,9428.8525361865,9428.8525361865,4714.42626809325,1571.4754226977514,30,8.0,2.0,1.0,64.0,0.0,True,,0.2487037796674746,4714.42626809325,9428.8525361865,2344.991263676836,1571.4754226977507,0.0,0.0,1179,False
529140,4,Coquimbo,6285.901690791,MVP_coverage_mid,9428.8525361865,9428.8525361865,4714.42626809325,1571.4754226977514,31,8.0,2.0,1.0,64.0,0.01,True,,0.4940576077886208,3942.6476156676167,9428.8525361865,2728.94969715589,2343.2540751233832,0.0,0.0,1179,False
529140,4,Coquimbo,6285.901690791,MVP_coverage_mid,9428.8525361865,9428.8525361865,4714.42626809325,1571.4754226977514,32,8.0,2.0,2.0,8.0,0.0,True,,0.21421076867600022,4714.42626809325,9428.8525361865,2019.761749509164,1571.4754226977507,0.0,0.0,1179,False
529140,4,Coquimbo,6285.901690791,MVP_coverage_mid,9428.8525361865,9428.8525361865,4714.42626809325,1571.4754226977514,33,8.0,2.0,2.0,8.0,0.01,True,,0.259031969359188,4567.4545276887175,9428.8525361865,2074.944890234433,1718.447163102283,0.0,0.0,1179,False
529140,4,Coquimbo,6285.901690791,MVP_coverage_mid,9428.8525361865,9428.8525361865,4714.42626809325,1571.4754226977514,34,8.0,2.0,2.0,16.0,0.0,True,,0.2318211346642069,4714.42626809325,9428.8525361865,2185.807293520239,1571.4754226977507,0.0,0.0,1179,False
529140,4,Coquimbo,6285.901690791,MVP_coverage_mid,9428.8525361865,9428.8525361865,4714.42626809325,1571.4754226977514,35,8.0,2.0,2.0,16.0,0.01,True,,0.3058554708560864,4478.399004019793,9428.8525361865,2293.797971904285,1807.5026867712068,0.0,0.0,1179,False
529140,4,Coquimbo,6285.901690791,MVP_coverage_mid,9428.8525361865,9428.8525361865,4714.42626809325,1571.4754226977514,36,8.0,2.0,2.0,32.0,0.0,True,,0.24528318587424192,4714.42626809325,9428.8525361865,2312.73898921425,1571.4754226977507,0.0,0.0,1179,False
529140,4,Coquimbo,6285.901690791,MVP_coverage_mid,9428.8525361865,9428.8525361865,4714.42626809325,1571.4754226977514,37,8.0,2.0,2.0,32.0,0.01,True,,0.3800260502783753,4290.528771927332,9428.8525361865,2523.465847569403,1995.372918863668,0.0,0.0,1179,False
529140,4,Coquimbo,6285.901690791,MVP_coverage_mid,9428.8525361865,9428.8525361865,4714.42626809325,1571.4754226977514,38,8.0,2.0,2.0,64.0,0.0,True,,0.2487037796674746,4714.42626809325,9428.8525361865,2344.991263676836,1571.4754226977507,0.0,0.0,1179,False
529140,4,Coquimbo,6285.901690791,MVP_coverage_mid,9428.8525361865,9428.8525361865,4714.42626809325,1571.4754226977514,39,8.0,2.0,2.0,64.0,0.01,True,,0.4940576077886208,3942.6476156676167,9428.8525361865,2728.94969715589,2343.2540751233832,0.0,0.0,1179,False
529140,4,Coquimbo,6285.901690791,MVP_coverage_mid,9428.8525361865,9428.8525361865,4714.42626809325,1571.4754226977514,40,8.0,2.0,4.0,8.0,0.0,True,,0.34431334807430647,4397.326400894674,8800.0,2137.967049590939,1888.5752898963258,0.0,2.673599105325566,1100,False
529140,4,Coquimbo,6285.901690791,MVP_coverage_mid,9428.8525361865,9428.8525361865,4714.42626809325,1571.4754226977514,41,8.0,2.0,4.0,8.0,0.01,True,,0.34573226337777146,4358.31687892637,9008.0,2157.5491666478656,1927.5848118646309,0.0,3.2192414653697052,1126,False
529140,4,Coquimbo,6285.901690791,MVP_coverage_mid,9428.8525361865,9428.8525361865,4714.42626809325,1571.4754226977514,42,8.0,2.0,4.0,16.0,0.0,True,,0.2474956521695869,4630.600847806479,9272.0,2042.9106127474035,1655.3008429845218,0.0,5.3991521935215046,1159,False
529140,4,Coquimbo,6285.901690791,MVP_coverage_mid,9428.8525361865,9428.8525361865,4714.42626809325,1571.4754226977514,43,8.0,2.0,4.0,16.0,0.01,True,,0.2772618040834025,4509.397739992516,9428.8525361865,2101.6893443676004,1776.503950798484,0.0,0.0,1179,False
529140,4,Coquimbo,6285.901690791,MVP_coverage_mid,9428.8525361865,9428.8525361865,4714.42626809325,1571.4754226977514,44,8.0,2.0,4.0,32.0,0.0,True,,0.22342024462663526,4690.888474193189,9400.0,2028.7700244364503,1595.0132165978118,0.0,9.11152580681142,1175,False
529140,4,Coquimbo,6285.901690791,MVP_coverage_mid,9428.8525361865,9428.8525361865,4714.42626809325,1571.4754226977514,45,8.0,2.0,4.0,32.0,0.01,True,,0.30673460680281706,4419.670197133193,9428.8525361865,2155.2651978887693,1866.231493657807,0.0,0.0,1179,False
529140,4,Coquimbo,6285.901690791,MVP_coverage_mid,9428.8525361865,9428.8525361865,4714.42626809325,1571.4754226977514,46,8.0,2.0,4.0,64.0,0.0,True,,0.21461877897937673,4714.42626809325,9428.8525361865,2023.6088184929458,1571.4754226977507,0.0,0.0,1179,False
529140,4,Coquimbo,6285.901690791,MVP_coverage_mid,9428.8525361865,9428.8525361865,4714.42626809325,1571.4754226977514,47,8.0,2.0,4.0,64.0,0.01,True,,0.334693750928955,4332.799853059599,9428.8525361865,2201.711984708122,1953.1018377314017,0.0,0.0,1179,False
529140,4,Coquimbo,6285.901690791,MVP_coverage_mid,9428.8525361865,9428.8525361865,4714.42626809325,1571.4754226977514,48,16.0,1.0,1.0,8.0,0.0,True,,0.49710124557151153,4044.0349403640785,9428.8525361865,2675.920356860901,2241.866750426922,670.391327729171,0.0,590,False
529140,4,Coquimbo,6285.901690791,MVP_coverage_mid,9428.8525361865,9428.8525361865,4714.42626809325,1571.4754226977514,49,16.0,1.0,1.0,8.0,0.01,True,,0.5687938535597714,3820.7134936353254,9428.8525361865,2789.7158458661424,2465.188197155675,678.151173386782,0.0,590,False
529140,4,Coquimbo,6285.901690791,MVP_coverage_mid,9428.8525361865,9428.8525361865,4714.42626809325,1571.4754226977514,50,16.0,1.0,1.0,16.0,0.0,True,,0.24996863570303796,4714.42626809325,9428.8525361865,2356.9174047156685,1571.4754226977507,0.0,0.0,590,False
529140,4,Coquimbo,6285.901690791,MVP_coverage_mid,9428.8525361865,9428.8525361865,4714.42626809325,1571.4754226977514,51,16.0,1.0,1.0,16.0,0.01,True,,0.36722667239517864,4345.811936402859,9428.8525361865,2540.9903121426323,1940.0897543881415,0.0,0.0,590,False
529140,4,Coquimbo,6285.901690791,MVP_coverage_mid,9428.8525361865,9428.8525361865,4714.42626809325,1571.4754226977514,52,16.0,1.0,1.0,32.0,0.0,True,,0.24996863570303796,4714.42626809325,9428.8525361865,2356.9174047156685,1571.4754226977507,0.0,0.0,590,False
529140,4,Coquimbo,6285.901690791,MVP_coverage_mid,9428.8525361865,9428.8525361865,4714.42626809325,1571.4754226977514,53,16.0,1.0,1.0,32.0,0.01,True,,0.43304674784472186,4139.074089441523,9428.8525361865,2644.753480073705,2146.8276013494774,0.0,0.0,590,False
529140,4,Coquimbo,6285.901690791,MVP_coverage_mid,9428.8525361865,9428.8525361865,4714.42626809325,1571.4754226977514,54,16.0,1.0,1.0,64.0,0.0,True,,0.24996863570303796,4714.42626809325,9428.8525361865,2356.9174047156685,1571.4754226977507,0.0,0.0,590,False
529140,4,Coquimbo,6285.901690791,MVP_coverage_mid,9428.8525361865,9428.8525361865,4714.42626809325,1571.4754226977514,55,16.0,1.0,1.0,64.0,0.01,True,,0.5490624386778428,3774.29894365602,9428.8525361865,2826.7104563592493,2511.6027471349803,0.0,0.0,590,False
529140,4,Coquimbo,6285.901690791,MVP_coverage_mid,9428.8525361865,9428.8525361865,4714.42626809325,1571.4754226977514,56,16.0,1.0,2.0,8.0,0.0,True,,0.49710124557151153,4044.0349403640785,9428.8525361865,2675.920356860901,2241.866750426922,670.391327729171,0.0,590,False
529140,4,Coquimbo,6285.901690791,MVP_coverage_mid,9428.8525361865,9428.8525361865,4714.42626809325,1571.4754226977514,57,16.0,1.0,2.0,8.0,0.01,True,,0.5687938535597714,3820.7134936353254,9428.8525361865,2789.7158458661424,2465.188197155675,678.151173386782,0.0,590,False
529140,4,Coquimbo,6285.901690791,MVP_coverage_mid,9428.8525361865,9428.8525361865,4714.42626809325,1571.4754226977514,58,16.0,1.0,2.0,16.0,0.0,True,,0.24996863570303796,4714.42626809325,9428.8525361865,2356.9174047156685,1571.4754226977507,0.0,0.0,590,False
529140,4,Coquimbo,6285.901690791,MVP_coverage_mid,9428.8525361865,9428.8525361865,4714.42626809325,1571.4754226977514,59,16.0,1.0,2.0,16.0,0.01,True,,0.36722667239517864,4345.811936402859,9428.8525361865,2540.9903121426323,1940.0897543881415,0.0,0.0,590,False
529140,4,Coquimbo,6285.901690791,MVP_coverage_mid,9428.8525361865,9428.8525361865,4714.42626809325,1571.4754226977514,60,16.0,1.0,2.0,32.0,0.0,True,,0.24996863570303796,4714.42626809325,9428.8525361865,2356.9174047156685,1571.4754226977507,0.0,0.0,590,False
529140,4,Coquimbo,6285.901690791,MVP_coverage_mid,9428.8525361865,9428.8525361865,4714.42626809325,1571.4754226977514,61,16.0,1.0,2.0,32.0,0.01,True,,0.43304674784472186,4139.074089441523,9428.8525361865,2644.753480073705,2146.8276013494774,0.0,0.0,590,False
529140,4,Coquimbo,6285.901690791,MVP_coverage_mid,9428.8525361865,9428.8525361865,4714.42626809325,1571.4754226977514,62,16.0,1.0,2.0,64.0,0.0,True,,0.24996863570303796,4714.42626809325,9428.8525361865,2356.9174047156685,1571.4754226977507,0.0,0.0,590,False
529140,4,Coquimbo,6285.901690791,MVP_coverage_mid,9428.8525361865,9428.8525361865,4714.42626809325,1571.4754226977514,63,16.0,1.0,2.0,64.0,0.01,True,,0.5490624386778428,3774.29894365602,9428.8525361865,2826.7104563592493,2511.6027471349803,0.0,0.0,590,False
529140,4,Coquimbo,6285.901690791,MVP_coverage_mid,9428.8525361865,9428.8525361865,4714.42626809325,1571.4754226977514,64,16.0,1.0,4.0,8.0,0.0,True,,0.41074596237467775,4254.129966432428,9428.8525361865,2491.9742040823794,2031.7717243585726,460.2963016608218,0.0,590,False
529140,4,Coquimbo,6285.901690791,MVP_coverage_mid,9428.8525361865,9428.8525361865,4714.42626809325,1571.4754226977514,65,16.0,1.0,4.0,8.0,0.01,True,,0.4890694309219123,4013.3548873065047,9428.8525361865,2620.6404743118574,2272.546803484496,476.08923568128216,0.0,590,False
529140,4,Coquimbo,6285.901690791,MVP_coverage_mid,9428.8525361865,9428.8525361865,4714.42626809325,1571.4754226977514,66,16.0,1.0,4.0,16.0,0.0,True,,0.24612919207933492,4714.42626809325,9428.8525361865,2320.715856966771,1571.4754226977507,0.0,0.0,590,False
529140,4,Coquimbo,6285.901690791,MVP_coverage_mid,9428.8525361865,9428.8525361865,4714.42626809325,1571.4754226977514,67,16.0,1.0,4.0,16.0,0.01,True,,0.35745180562043255,4362.711087828406,9428.8525361865,2491.0724133265494,1923.1906029625948,0.0,0.0,590,False
529140,4,Coquimbo,6285.901690791,MVP_coverage_mid,9428.8525361865,9428.8525361865,4714.42626809325,1571.4754226977514,68,16.0,1.0,4.0,32.0,0.0,True,,0.2490268375579241,4714.42626809325,9428.8525361865,2348.0373288865358,1571.4754226977507,0.0,0.0,590,False
529140,4,Coquimbo,6285.901690791,MVP_coverage_mid,9428.8525361865,9428.8525361865,4714.42626809325,1571.4754226977514,69,16.0,1.0,4.0,32.0,0.01,True,,0.42277130496438275,4169.0676608599115,9428.8525361865,2622.851772956951,2116.834029931089,0.0,0.0,590,False
529140,4,Coquimbo,6285.901690791,MVP_coverage_mid,9428.8525361865,9428.8525361865,4714.42626809325,1571.4754226977514,70,16.0,1.0,4.0,64.0,0.0,True,,0.24996863570303796,4714.42626809325,9428.8525361865,2356.9174047156685,1571.4754226977507,0.0,0.0,590,False
529140,4,Coquimbo,6285.901690791,MVP_coverage_mid,9428.8525361865,9428.8525361865,4714.42626809325,1571.4754226977514,71,16.0,1.0,4.0,64.0,0.01,True,,0.5341838336937914,3820.0960328400824,9428.8525361865,2800.9150069806146,2465.8056579509175,0.0,0.0,590,False
529140,4,Coquimbo,6285.901690791,MVP_coverage_mid,9428.8525361865,9428.8525361865,4714.42626809325,1571.4754226977514,72,16.0,2.0,1.0,8.0,0.0,True,,0.29093699930683165,4600.271261913193,9428.8525361865,2400.7370452445384,1685.6304288778078,114.1550061800571,0.0,590,False
529140,4,Coquimbo,6285.901690791,MVP_coverage_mid,9428.8525361865,9428.8525361865,4714.42626809325,1571.4754226977514,73,16.0,2.0,1.0,8.0,0.01,True,,0.3684271718744886,4357.713499739655,9428.8525361865,2520.4369803362533,1928.1881910513448,123.25314541710415,0.0,590,False
529140,4,Coquimbo,6285.901690791,MVP_coverage_mid,9428.8525361865,9428.8525361865,4714.42626809325,1571.4754226977514,74,16.0,2.0,1.0,16.0,0.0,True,,0.24996863570303796,4714.42626809325,9428.8525361865,2356.9174047156685,1571.4754226977507,0.0,0.0,590,False
529140,4,Coquimbo,6285.901690791,MVP_coverage_mid,9428.8525361865,9428.8525361865,4714.42626809325,1571.4754226977514,75,16.0,2.0,1.0,16.0,0.01,True,,0.3620586909003352,4362.191213675508,9428.8525361865,2533.210369899636,1923.7104771154923,0.0,0.0,590,False
529140,4,Coquimbo,6285.901690791,MVP_coverage_mid,9428.8525361865,9428.8525361865,4714.42626809325,1571.4754226977514,76,16.0,2.0,1.0,32.0,0.0,True,,0.24996863570303796,4714.42626809325,9428.8525361865,2356.9174047156685,1571.4754226977507,0.0,0.0,590,False
529140,4,Coquimbo,6285.901690791,MVP_coverage_mid,9428.8525361865,9428.8525361865,4714.42626809325,1571.4754226977514,77,16.0,2.0,1.0,32.0,0.01,True,,0.427921807491725,4155.067461603639,9428.8525361865,2636.414603633835,2130.8342291873614,0.0,0.0,590,False
529140,4,Coquimbo,6285.901690791,MVP_coverage_mid,9428.8525361865,9428.8525361865,4714.42626809325,1571.4754226977514,78,16.0,2.0,1.0,64.0,0.0,True,,0.24996863570303796,4714.42626809325,9428.8525361865,2356.9174047156685,1571.4754226977507,0.0,0.0,590,False
529140,4,Coquimbo,6285.901690791,MVP_coverage_mid,9428.8525361865,9428.8525361865,4714.42626809325,1571.4754226977514,79,16.0,2.0,1.0,64.0,0.01,True,,0.5432281461025481,3792.561425011019,9428.8525361865,2817.355975401324,2493.3402657799816,0.0,0.0,590,False
529140,4,Coquimbo,6285.901690791,MVP_coverage_mid,9428.8525361865,9428.8525361865,4714.42626809325,1571.4754226977514,80,16.0,2.0,2.0,8.0,0.0,True,,0.29093699930683165,4600.271261913193,9428.8525361865,2400.7370452445384,1685.6304288778078,114.1550061800571,0.0,590,False
529140,4,Coquimbo,6285.901690791,MVP_coverage_mid,9428.8525361865,9428.8525361865,4714.42626809325,1571.4754226977514,81,16.0,2.0,2.0,8.0,0.01,True,,0.3684271718744886,4357.713499739655,9428.8525361865,2520.4369803362533,1928.1881910513448,123.25314541710415,0.0,590,False
529140,4,Coquimbo,6285.901690791,MVP_coverage_mid,9428.8525361865,9428.8525361865,4714.42626809325,1571.4754226977514,82,16.0,2.0,2.0,16.0,0.0,True,,0.24996863570303796,4714.42626809325,9428.8525361865,2356.9174047156685,1571.4754226977507,0.0,0.0,590,False
529140,4,Coquimbo,6285.901690791,MVP_coverage_mid,9428.8525361865,9428.8525361865,4714.42626809325,1571.4754226977514,83,16.0,2.0,2.0,16.0,0.01,True,,0.3620586909003352,4362.191213675508,9428.8525361865,2533.210369899636,1923.7104771154923,0.0,0.0,590,False
529140,4,Coquimbo,6285.901690791,MVP_coverage_mid,9428.8525361865,9428.8525361865,4714.42626809325,1571.4754226977514,84,16.0,2.0,2.0,32.0,0.0,True,,0.24996863570303796,4714.42626809325,9428.8525361865,2356.9174047156685,1571.4754226977507,0.0,0.0,590,False
529140,4,Coquimbo,6285.901690791,MVP_coverage_mid,9428.8525361865,9428.8525361865,4714.42626809325,1571.4754226977514,85,16.0,2.0,2.0,32.0,0.01,True,,0.427921807491725,4155.067461603639,9428.8525361865,2636.414603633835,2130.8342291873614,0.0,0.0,590,False
529140,4,Coquimbo,6285.901690791,MVP_coverage_mid,9428.8525361865,9428.8525361865,4714.42626809325,1571.4754226977514,86,16.0,2.0,2.0,64.0,0.0,True,,0.24996863570303796,4714.42626809325,9428.8525361865,2356.9174047156685,1571.4754226977507,0.0,0.0,590,False
529140,4,Coquimbo,6285.901690791,MVP_coverage_mid,9428.8525361865,9428.8525361865,4714.42626809325,1571.4754226977514,87,16.0,2.0,2.0,64.0,0.01,True,,0.5432281461025481,3792.561425011019,9428.8525361865,2817.355975401324,2493.3402657799816,0.0,0.0,590,False
529140,4,Coquimbo,6285.901690791,MVP_coverage_mid,9428.8525361865,9428.8525361865,4714.42626809325,1571.4754226977514,88,16.0,2.0,4.0,8.0,0.0,True,,0.28048502963660693,4612.951798976936,9428.8525361865,2340.2285757025247,1672.9498918140648,101.47446911631405,0.0,590,False
529140,4,Coquimbo,6285.901690791,MVP_coverage_mid,9428.8525361865,9428.8525361865,4714.42626809325,1571.4754226977514,89,16.0,2.0,4.0,8.0,0.01,True,,0.3599820094501576,4364.187231023537,9428.8525361865,2461.7520742590477,1921.7144597674633,113.73523170460419,0.0,590,False
529140,4,Coquimbo,6285.901690791,MVP_coverage_mid,9428.8525361865,9428.8525361865,4714.42626809325,1571.4754226977514,90,16.0,2.0,4.0,16.0,0.0,True,,0.24612919207933492,4714.42626809325,9428.8525361865,2320.715856966771,1571.4754226977507,0.0,0.0,590,False
529140,4,Coquimbo,6285.901690791,MVP_coverage_mid,9428.8525361865,9428.8525361865,4714.42626809325,1571.4754226977514,91,16.0,2.0,4.0,16.0,0.01,True,,0.35200819793432214,4377.903413709721,9428.8525361865,2477.7262538926498,1907.9982770812799,0.0,0.0,590,False
529140,4,Coquimbo,6285.901690791,MVP_coverage_mid,9428.8525361865,9428.8525361865,4714.42626809325,1571.4754226977514,92,16.0,2.0,4.0,32.0,0.0,True,,0.2490268375579241,4714.42626809325,9428.8525361865,2348.0373288865358,1571.4754226977507,0.0,0.0,590,False
529140,4,Coquimbo,6285.901690791,MVP_coverage_mid,9428.8525361865,9428.8525361865,4714.42626809325,1571.4754226977514,93,16.0,2.0,4.0,32.0,0.01,True,,0.4173486065217895,4185.856762207853,9428.8525361865,2613.694702363384,2100.0449285831482,0.0,0.0,590,False
529140,4,Coquimbo,6285.901690791,MVP_coverage_mid,9428.8525361865,9428.8525361865,4714.42626809325,1571.4754226977514,94,16.0,2.0,4.0,64.0,0.0,True,,0.24996863570303796,4714.42626809325,9428.8525361865,2356.9174047156685,1571.4754226977507,0.0,0.0,590,False
529140,4,Coquimbo,6285.901690791,MVP_coverage_mid,9428.8525361865,9428.8525361865,4714.42626809325,1571.4754226977514,95,16.0,2.0,4.0,64.0,0.01,True,,0.5270679477673887,3842.6287704375372,9428.8525361865,2790.1522119098754,2443.272920353463,0.0,0.0,590,False
529140,4,Coquimbo,6285.901690791,MVP_coverage_mid,9428.8525361865,9428.8525361865,4714.42626809325,1571.4754226977514,96,32.0,1.0,1.0,8.0,0.0,True,,1.2547342832447976,2005.9528291580668,9428.8525361865,3705.284212007311,4279.948861632934,2708.473438935183,0.0,295,False
529140,4,Coquimbo,6285.901690791,MVP_coverage_mid,9428.8525361865,9428.8525361865,4714.42626809325,1571.4754226977514,97,32.0,1.0,1.0,8.0,0.01,True,,1.3014352976018961,1858.617442743297,9428.8525361865,3779.3090319989615,4427.284248047703,2704.420822204851,0.0,295,False
529140,4,Coquimbo,6285.901690791,MVP_coverage_mid,9428.8525361865,9428.8525361865,4714.42626809325,1571.4754226977514,98,32.0,1.0,1.0,16.0,0.0,True,,0.5914787681381782,3794.3594585887377,9428.8525361865,2816.7656545465925,2491.5422322022623,920.0668095045118,0.0,295,False
529140,4,Coquimbo,6285.901690791,MVP_coverage_mid,9428.8525361865,9428.8525361865,4714.42626809325,1571.4754226977514,99,32.0,1.0,1.0,16.0,0.01,True,,0.7218079707687306,3381.4271931080416,9428.8525361865,3023.571247875361,2904.4744976829584,899.5039609679911,0.0,295,False
529140,4,Coquimbo,6285.901690791,MVP_coverage_mid,9428.8525361865,9428.8525361865,4714.42626809325,1571.4754226977514,100,32.0,1.0,1.0,32.0,0.0,True,,0.24996863570303796,4714.42626809325,9428.8525361865,2356.9174047156685,1571.4754226977507,0.0,0.0,295,False
529140,4,Coquimbo,6285.901690791,MVP_coverage_mid,9428.8525361865,9428.8525361865,4714.42626809325,1571.4754226977514,101,32.0,1.0,1.0,32.0,0.01,True,,0.49266539399437714,3951.692735505795,9428.8525361865,2738.4355181865676,2334.2089552852053,0.0,0.0,295,False
529140,4,Coquimbo,6285.901690791,MVP_coverage_mid,9428.8525361865,9428.8525361865,4714.42626809325,1571.4754226977514,102,32.0,1.0,1.0,64.0,0.0,True,,0.24996863570303796,4714.42626809325,9428.8525361865,2356.9174047156685,1571.4754226977507,0.0,0.0,295,False
529140,4,Coquimbo,6285.901690791,MVP_coverage_mid,9428.8525361865,9428.8525361865,4714.42626809325,1571.4754226977514,103,32.0,1.0,1.0,64.0,0.01,True,,0.6005914324457146,3612.3352327601074,9428.8525361865,2907.660462694803,2673.5664580308926,0.0,0.0,295,False
529140,4,Coquimbo,6285.901690791,MVP_coverage_mid,9428.8525361865,9428.8525361865,4714.42626809325,1571.4754226977514,104,32.0,1.0,2.0,8.0,0.0,True,,1.2547342832447976,2005.9528291580668,9428.8525361865,3705.284212007311,4279.948861632934,2708.473438935183,0.0,295,False
529140,4,Coquimbo,6285.901690791,MVP_coverage_mid,9428.8525361865,9428.8525361865,4714.42626809325,1571.4754226977514,105,32.0,1.0,2.0,8.0,0.01,True,,1.3014352976018961,1858.617442743297,9428.8525361865,3779.3090319989615,4427.284248047703,2704.420822204851,0.0,295,False
529140,4,Coquimbo,6285.901690791,MVP_coverage_mid,9428.8525361865,9428.8525361865,4714.42626809325,1571.4754226977514,106,32.0,1.0,2.0,16.0,0.0,True,,0.5914787681381782,3794.3594585887377,9428.8525361865,2816.7656545465925,2491.5422322022623,920.0668095045118,0.0,295,False
529140,4,Coquimbo,6285.901690791,MVP_coverage_mid,9428.8525361865,9428.8525361865,4714.42626809325,1571.4754226977514,107,32.0,1.0,2.0,16.0,0.01,True,,0.7218079707687306,3381.4271931080416,9428.8525361865,3023.571247875361,2904.4744976829584,899.5039609679911,0.0,295,False
529140,4,Coquimbo,6285.901690791,MVP_coverage_mid,9428.8525361865,9428.8525361865,4714.42626809325,1571.4754226977514,108,32.0,1.0,2.0,32.0,0.0,True,,0.24996863570303796,4714.42626809325,9428.8525361865,2356.9174047156685,1571.4754226977507,0.0,0.0,295,False
529140,4,Coquimbo,6285.901690791,MVP_coverage_mid,9428.8525361865,9428.8525361865,4714.42626809325,1571.4754226977514,109,32.0,1.0,2.0,32.0,0.01,True,,0.49266539399437714,3951.692735505795,9428.8525361865,2738.4355181865676,2334.2089552852053,0.0,0.0,295,False
529140,4,Coquimbo,6285.901690791,MVP_coverage_mid,9428.8525361865,9428.8525361865,4714.42626809325,1571.4754226977514,110,32.0,1.0,2.0,64.0,0.0,True,,0.24996863570303796,4714.42626809325,9428.8525361865,2356.9174047156685,1571.4754226977507,0.0,0.0,295,False
529140,4,Coquimbo,6285.901690791,MVP_coverage_mid,9428.8525361865,9428.8525361865,4714.42626809325,1571.4754226977514,111,32.0,1.0,2.0,64.0,0.01,True,,0.6005914324457146,3612.3352327601074,9428.8525361865,2907.660462694803,2673.5664580308926,0.0,0.0,295,False
529140,4,Coquimbo,6285.901690791,MVP_coverage_mid,9428.8525361865,9428.8525361865,4714.42626809325,1571.4754226977514,112,32.0,1.0,4.0,8.0,0.0,True,,1.227943309474277,2072.096321422211,9428.8525361865,3651.106547816664,4213.80536936879,2642.3299466710387,0.0,295,False
529140,4,Coquimbo,6285.901690791,MVP_coverage_mid,9428.8525361865,9428.8525361865,4714.42626809325,1571.4754226977514,113,32.0,1.0,4.0,8.0,0.01,True,,1.2783750234294065,1913.569261773905,9428.8525361865,3728.8723232435214,4372.332429017095,2645.1894856359004,0.0,295,False
529140,4,Coquimbo,6285.901690791,MVP_coverage_mid,9428.8525361865,9428.8525361865,4714.42626809325,1571.4754226977514,114,32.0,1.0,4.0,16.0,0.0,True,,0.5914787681381782,3794.3594585887377,9428.8525361865,2816.7656545465925,2491.5422322022623,920.0668095045118,0.0,295,False
529140,4,Coquimbo,6285.901690791,MVP_coverage_mid,9428.8525361865,9428.8525361865,4714.42626809325,1571.4754226977514,115,32.0,1.0,4.0,16.0,0.01,True,,0.7218079707687306,3381.4271931080416,9428.8525361865,3023.571247875361,2904.4744976829584,899.5039609679911,0.0,295,False
529140,4,Coquimbo,6285.901690791,MVP_coverage_mid,9428.8525361865,9428.8525361865,4714.42626809325,1571.4754226977514,116,32.0,1.0,4.0,32.0,0.0,True,,0.24996863570303796,4714.42626809325,9428.8525361865,2356.9174047156685,1571.4754226977507,0.0,0.0,295,False
529140,4,Coquimbo,6285.901690791,MVP_coverage_mid,9428.8525361865,9428.8525361865,4714.42626809325,1571.4754226977514,117,32.0,1.0,4.0,32.0,0.01,True,,0.49266539399437714,3951.692735505795,9428.8525361865,2738.4355181865676,2334.2089552852053,0.0,0.0,295,False
529140,4,Coquimbo,6285.901690791,MVP_coverage_mid,9428.8525361865,9428.8525361865,4714.42626809325,1571.4754226977514,118,32.0,1.0,4.0,64.0,0.0,True,,0.24996863570303796,4714.42626809325,9428.8525361865,2356.9174047156685,1571.4754226977507,0.0,0.0,295,False
529140,4,Coquimbo,6285.901690791,MVP_coverage_mid,9428.8525361865,9428.8525361865,4714.42626809325,1571.4754226977514,119,32.0,1.0,4.0,64.0,0.01,True,,0.6005914324457146,3612.3352327601074,9428.8525361865,2907.660462694803,2673.5664580308926,0.0,0.0,295,False
529140,4,Coquimbo,6285.901690791,MVP_coverage_mid,9428.8525361865,9428.8525361865,4714.42626809325,1571.4754226977514,120,32.0,2.0,1.0,8.0,0.0,True,,1.0867249485875488,2459.1187493302646,9428.8525361865,3480.6467313379,3826.7829414607354,2255.3075187629847,0.0,295,False
529140,4,Coquimbo,6285.901690791,MVP_coverage_mid,9428.8525361865,9428.8525361865,4714.42626809325,1571.4754226977514,121,32.0,2.0,1.0,8.0,0.01,True,,1.1494852296640188,2262.730097376744,9428.8525361865,3577.78767956886,4023.171593414256,2262.59723333276,0.0,295,False
529140,4,Coquimbo,6285.901690791,MVP_coverage_mid,9428.8525361865,9428.8525361865,4714.42626809325,1571.4754226977514,122,32.0,2.0,1.0,16.0,0.0,True,,0.39945115097150435,4311.765543255984,9428.8525361865,2558.3838234084888,1974.1361475350163,402.66072483726566,0.0,295,False
529140,4,Coquimbo,6285.901690791,MVP_coverage_mid,9428.8525361865,9428.8525361865,4714.42626809325,1571.4754226977514,123,32.0,2.0,1.0,16.0,0.01,True,,0.566757029853215,3793.484942434313,9428.8525361865,2817.6401707010173,2492.4167483566875,447.7499469693082,0.0,295,False
529140,4,Coquimbo,6285.901690791,MVP_coverage_mid,9428.8525361865,9428.8525361865,4714.42626809325,1571.4754226977514,124,32.0,2.0,1.0,32.0,0.0,True,,0.24996863570303796,4714.42626809325,9428.8525361865,2356.9174047156685,1571.4754226977507,0.0,0.0,295,False
529140,4,Coquimbo,6285.901690791,MVP_coverage_mid,9428.8525361865,9428.8525361865,4714.42626809325,1571.4754226977514,125,32.0,2.0,1.0,32.0,0.01,True,,0.48226151404870005,3984.1031705946316,9428.8525361865,2721.3649560966815,2301.798520196369,0.0,0.0,295,False
529140,4,Coquimbo,6285.901690791,MVP_coverage_mid,9428.8525361865,9428.8525361865,4714.42626809325,1571.4754226977514,126,32.0,2.0,1.0,64.0,0.0,True,,0.24996863570303796,4714.42626809325,9428.8525361865,2356.9174047156685,1571.4754226977507,0.0,0.0,295,False
529140,4,Coquimbo,6285.901690791,MVP_coverage_mid,9428.8525361865,9428.8525361865,4714.42626809325,1571.4754226977514,127,32.0,2.0,1.0,64.0,0.01,True,,0.5961864028612114,3626.1198933349137,9428.8525361865,2900.5877397619997,2659.781797456086,0.0,0.0,295,False
529140,4,Coquimbo,6285.901690791,MVP_coverage_mid,9428.8525361865,9428.8525361865,4714.42626809325,1571.4754226977514,128,32.0,2.0,2.0,8.0,0.0,True,,1.0867249485875488,2459.1187493302646,9428.8525361865,3480.6467313379,3826.7829414607354,2255.3075187629847,0.0,295,False
529140,4,Coquimbo,6285.901690791,MVP_coverage_mid,9428.8525361865,9428.8525361865,4714.42626809325,1571.4754226977514,129,32.0,2.0,2.0,8.0,0.01,True,,1.1494852296640188,2262.730097376744,9428.8525361865,3577.78767956886,4023.171593414256,2262.59723333276,0.0,295,False
529140,4,Coquimbo,6285.901690791,MVP_coverage_mid,9428.8525361865,9428.8525361865,4714.42626809325,1571.4754226977514,130,32.0,2.0,2.0,16.0,0.0,True,,0.39945115097150435,4311.765543255984,9428.8525361865,2558.3838234084888,1974.1361475350163,402.66072483726566,0.0,295,False
529140,4,Coquimbo,6285.901690791,MVP_coverage_mid,9428.8525361865,9428.8525361865,4714.42626809325,1571.4754226977514,131,32.0,2.0,2.0,16.0,0.01,True,,0.566757029853215,3793.484942434313,9428.8525361865,2817.6401707010173,2492.4167483566875,447.7499469693082,0.0,295,False
529140,4,Coquimbo,6285.901690791,MVP_coverage_mid,9428.8525361865,9428.8525361865,4714.42626809325,1571.4754226977514,132,32.0,2.0,2.0,32.0,0.0,True,,0.24996863570303796,4714.42626809325,9428.8525361865,2356.9174047156685,1571.4754226977507,0.0,0.0,295,False
529140,4,Coquimbo,6285.901690791,MVP_coverage_mid,9428.8525361865,9428.8525361865,4714.42626809325,1571.4754226977514,133,32.0,2.0,2.0,32.0,0.01,True,,0.48226151404870005,3984.1031705946316,9428.8525361865,2721.3649560966815,2301.798520196369,0.0,0.0,295,False
529140,4,Coquimbo,6285.901690791,MVP_coverage_mid,9428.8525361865,9428.8525361865,4714.42626809325,1571.4754226977514,134,32.0,2.0,2.0,64.0,0.0,True,,0.24996863570303796,4714.42626809325,9428.8525361865,2356.9174047156685,1571.4754226977507,0.0,0.0,295,False
529140,4,Coquimbo,6285.901690791,MVP_coverage_mid,9428.8525361865,9428.8525361865,4714.42626809325,1571.4754226977514,135,32.0,2.0,2.0,64.0,0.01,True,,0.5961864028612114,3626.1198933349137,9428.8525361865,2900.5877397619997,2659.781797456086,0.0,0.0,295,False
529140,4,Coquimbo,6285.901690791,MVP_coverage_mid,9428.8525361865,9428.8525361865,4714.42626809325,1571.4754226977514,136,32.0,2.0,4.0,8.0,0.0,True,,1.0867249485875488,2459.1187493302646,9428.8525361865,3480.6467313379,3826.7829414607354,2255.3075187629847,0.0,295,False
529140,4,Coquimbo,6285.901690791,MVP_coverage_mid,9428.8525361865,9428.8525361865,4714.42626809325,1571.4754226977514,137,32.0,2.0,4.0,8.0,0.01,True,,1.1494852296640188,2262.730097376744,9428.8525361865,3577.78767956886,4023.171593414256,2262.59723333276,0.0,295,False
529140,4,Coquimbo,6285.901690791,MVP_coverage_mid,9428.8525361865,9428.8525361865,4714.42626809325,1571.4754226977514,138,32.0,2.0,4.0,16.0,0.0,True,,0.39945115097150435,4311.765543255984,9428.8525361865,2558.3838234084888,1974.1361475350163,402.66072483726566,0.0,295,False
529140,4,Coquimbo,6285.901690791,MVP_coverage_mid,9428.8525361865,9428.8525361865,4714.42626809325,1571.4754226977514,139,32.0,2.0,4.0,16.0,0.01,True,,0.566757029853215,3793.484942434313,9428.8525361865,2817.6401707010173,2492.4167483566875,447.7499469693082,0.0,295,False
529140,4,Coquimbo,6285.901690791,MVP_coverage_mid,9428.8525361865,9428.8525361865,4714.42626809325,1571.4754226977514,140,32.0,2.0,4.0,32.0,0.0,True,,0.24996863570303796,4714.42626809325,9428.8525361865,2356.9174047156685,1571.4754226977507,0.0,0.0,295,False
529140,4,Coquimbo,6285.901690791,MVP_coverage_mid,9428.8525361865,9428.8525361865,4714.42626809325,1571.4754226977514,141,32.0,2.0,4.0,32.0,0.01,True,,0.48226151404870005,3984.1031705946316,9428.8525361865,2721.3649560966815,2301.798520196369,0.0,0.0,295,False
529140,4,Coquimbo,6285.901690791,MVP_coverage_mid,9428.8525361865,9428.8525361865,4714.42626809325,1571.4754226977514,142,32.0,2.0,4.0,64.0,0.0,True,,0.24996863570303796,4714.42626809325,9428.8525361865,2356.9174047156685,1571.4754226977507,0.0,0.0,295,False
529140,4,Coquimbo,6285.901690791,MVP_coverage_mid,9428.8525361865,9428.8525361865,4714.42626809325,1571.4754226977514,143,32.0,2.0,4.0,64.0,0.01,True,,0.5961864028612114,3626.1198933349137,9428.8525361865,2900.5877397619997,2659.781797456086,0.0,0.0,295,False
861373,5,Valparaiso,3427.5724150199885,MVP_coverage_mid,5141.358622529982,5141.358622529982,2570.679311264991,856.8931037549974,0,8.0,1.0,1.0,8.0,0.0,True,,0.24938387304848028,2570.679311264991,5141.358622529982,1282.1719260177265,856.8931037549974,0.0,0.0,643,False
861373,5,Valparaiso,3427.5724150199885,MVP_coverage_mid,5141.358622529982,5141.358622529982,2570.679311264991,856.8931037549974,1,8.0,1.0,1.0,8.0,0.01,True,,0.3282497960996621,2436.352864238281,5141.358622529982,1351.8338019539315,991.2195507817072,0.0,0.0,643,False
861373,5,Valparaiso,3427.5724150199885,MVP_coverage_mid,5141.358622529982,5141.358622529982,2570.679311264991,856.8931037549974,2,8.0,1.0,1.0,16.0,0.0,True,,0.24993145269091624,2570.679311264991,5141.358622529982,1284.9872293338865,856.8931037549972,0.0,0.0,643,False
861373,5,Valparaiso,3427.5724150199885,MVP_coverage_mid,5141.358622529982,5141.358622529982,2570.679311264991,856.8931037549974,3,8.0,1.0,1.0,16.0,0.01,True,,0.37828252497481263,2350.7758524021165,5141.358622529982,1395.1274743744793,1076.796562617872,0.0,0.0,643,False
861373,5,Valparaiso,3427.5724150199885,MVP_coverage_mid,5141.358622529982,5141.358622529982,2570.679311264991,856.8931037549974,4,8.0,1.0,1.0,32.0,0.0,True,,0.24993145269091624,2570.679311264991,5141.358622529982,1284.9872293338865,856.8931037549972,0.0,0.0,643,False
861373,5,Valparaiso,3427.5724150199885,MVP_coverage_mid,5141.358622529982,5141.358622529982,2570.679311264991,856.8931037549974,5,8.0,1.0,1.0,32.0,0.01,True,,0.46446716017195994,2203.0586280457246,5141.358622529982,1468.9405307839543,1224.513786974264,0.0,0.0,643,False
861373,5,Valparaiso,3427.5724150199885,MVP_coverage_mid,5141.358622529982,5141.358622529982,2570.679311264991,856.8931037549974,6,8.0,1.0,1.0,64.0,0.0,True,,0.24993145269091618,2570.679311264991,5141.358622529982,1284.9872293338863,856.8931037549974,0.0,0.0,643,False
861373,5,Valparaiso,3427.5724150199885,MVP_coverage_mid,5141.358622529982,5141.358622529982,2570.679311264991,856.8931037549974,7,8.0,1.0,1.0,64.0,0.01,True,,0.6059203820916427,1960.5725373107634,5141.358622529982,1589.98704614796,1466.9998777092246,0.0,0.0,643,False
861373,5,Valparaiso,3427.5724150199885,MVP_coverage_mid,5141.358622529982,5141.358622529982,2570.679311264991,856.8931037549974,8,8.0,1.0,2.0,8.0,0.0,True,,0.24544801605137312,2570.679311264991,5141.358622529982,1261.9362737086046,856.8931037549972,0.0,0.0,643,False
861373,5,Valparaiso,3427.5724150199885,MVP_coverage_mid,5141.358622529982,5141.358622529982,2570.679311264991,856.8931037549974,9,8.0,1.0,2.0,8.0,0.01,True,,0.325909318138229,2435.035203038331,5141.358622529982,1336.5064124062005,992.5372119816574,0.0,0.0,643,False
861373,5,Valparaiso,3427.5724150199885,MVP_coverage_mid,5141.358622529982,5141.358622529982,2570.679311264991,856.8931037549974,10,8.0,1.0,2.0,16.0,0.0,True,,0.24931408363545632,2570.679311264991,5141.358622529982,1281.8131136173145,856.8931037549972,0.0,0.0,643,False
861373,5,Valparaiso,3427.5724150199885,MVP_coverage_mid,5141.358622529982,5141.358622529982,2570.679311264991,856.8931037549974,11,8.0,1.0,2.0,16.0,0.01,True,,0.3763655453513601,2352.894192077373,5141.358622529982,1390.5674438463695,1074.678222942615,0.0,0.0,643,False
861373,5,Valparaiso,3427.5724150199885,MVP_coverage_mid,5141.358622529982,5141.358622529982,2570.679311264991,856.8931037549974,12,8.0,1.0,2.0,32.0,0.0,True,,0.24993145269091624,2570.679311264991,5141.358622529982,1284.9872293338865,856.8931037549972,0.0,0.0,643,False
861373,5,Valparaiso,3427.5724150199885,MVP_coverage_mid,5141.358622529982,5141.358622529982,2570.679311264991,856.8931037549974,13,8.0,1.0,2.0,32.0,0.01,True,,0.45952122862028616,2211.461068260757,5141.358622529982,1464.517823491895,1216.111346759231,0.0,0.0,643,False
861373,5,Valparaiso,3427.5724150199885,MVP_coverage_mid,5141.358622529982,5141.358622529982,2570.679311264991,856.8931037549974,14,8.0,1.0,2.0,64.0,0.0,True,,0.24993145269091624,2570.679311264991,5141.358622529982,1284.9872293338865,856.8931037549974,0.0,0.0,643,False
861373,5,Valparaiso,3427.5724150199885,MVP_coverage_mid,5141.358622529982,5141.358622529982,2570.679311264991,856.8931037549974,15,8.0,1.0,2.0,64.0,0.01,True,,0.5908817319682669,1986.4440415622284,5141.358622529982,1577.3467132935925,1441.1283734577598,0.0,0.0,643,False
861373,5,Valparaiso,3427.5724150199885,MVP_coverage_mid,5141.358622529982,5141.358622529982,2570.679311264991,856.8931037549974,16,8.0,1.0,4.0,8.0,0.0,True,,0.23253816748244224,2570.679311264991,5141.358622529982,1195.5621124531756,856.8931037549974,0.0,0.0,643,False
861373,5,Valparaiso,3427.5724150199885,MVP_coverage_mid,5141.358622529982,5141.358622529982,2570.679311264991,856.8931037549974,17,8.0,1.0,4.0,8.0,0.01,True,,0.3075042528467644,2442.1326162866926,5141.358622529982,1259.622904392606,985.4397987332957,0.0,0.0,643,False
861373,5,Valparaiso,3427.5724150199885,MVP_coverage_mid,5141.358622529982,5141.358622529982,2570.679311264991,856.8931037549974,18,8.0,1.0,4.0,16.0,0.0,True,,0.23698383685360314,2570.679311264991,5141.358622529982,1218.418893007511,856.8931037549972,0.0,0.0,643,False
861373,5,Valparaiso,3427.5724150199885,MVP_coverage_mid,5141.358622529982,5141.358622529982,2570.679311264991,856.8931037549974,19,8.0,1.0,4.0,16.0,0.01,True,,0.3431294477451306,2387.485097227409,5141.358622529982,1306.1660097144227,1040.0873177925796,0.0,0.0,643,False
861373,5,Valparaiso,3427.5724150199885,MVP_coverage_mid,5141.358622529982,5141.358622529982,2570.679311264991,856.8931037549974,20,8.0,1.0,4.0,32.0,0.0,True,,0.23955774831669435,2570.679311264991,5141.358622529982,1231.6522949019038,856.8931037549972,0.0,0.0,643,False
861373,5,Valparaiso,3427.5724150199885,MVP_coverage_mid,5141.358622529982,5141.358622529982,2570.679311264991,856.8931037549974,21,8.0,1.0,4.0,32.0,0.01,True,,0.38445685786700773,2319.18695844379,5141.358622529982,1347.8996991323215,1108.3854565761983,0.0,0.0,643,False
861373,5,Valparaiso,3427.5724150199885,MVP_coverage_mid,5141.358622529982,5141.358622529982,2570.679311264991,856.8931037549974,22,8.0,1.0,4.0,64.0,0.0,True,,0.24044501557720932,2570.679311264991,5141.358622529982,1236.214054082241,856.8931037549972,0.0,0.0,643,False
861373,5,Valparaiso,3427.5724150199885,MVP_coverage_mid,5141.358622529982,5141.358622529982,2570.679311264991,856.8931037549974,23,8.0,1.0,4.0,64.0,0.01,True,,0.43187635460480794,2239.081482195903,5141.358622529982,1391.4366469415247,1188.4909328240856,0.0,0.0,643,False
861373,5,Valparaiso,3427.5724150199885,MVP_coverage_mid,5141.358622529982,5141.358622529982,2570.679311264991,856.8931037549974,24,8.0,2.0,1.0,8.0,0.0,True,,0.2433722940528098,2570.679311264991,5141.358622529982,1251.264242513316,856.8931037549974,0.0,0.0,643,False
861373,5,Valparaiso,3427.5724150199885,MVP_coverage_mid,5141.358622529982,5141.358622529982,2570.679311264991,856.8931037549974,25,8.0,2.0,1.0,8.0,0.01,True,,0.3184029540453045,2445.941121462658,5141.358622529982,1325.1782987140111,981.6312935573305,0.0,0.0,643,False
861373,5,Valparaiso,3427.5724150199885,MVP_coverage_mid,5141.358622529982,5141.358622529982,2570.679311264991,856.8931037549974,26,8.0,2.0,1.0,16.0,0.0,True,,0.2492057676714393,2570.679311264991,5141.358622529982,1281.256222401758,856.8931037549972,0.0,0.0,643,False
861373,5,Valparaiso,3427.5724150199885,MVP_coverage_mid,5141.358622529982,5141.358622529982,2570.679311264991,856.8931037549974,27,8.0,2.0,1.0,16.0,0.01,True,,0.36891287861627825,2366.009884794472,5141.358622529982,1385.0398432598606,1061.5625302255164,0.0,0.0,643,False
861373,5,Valparaiso,3427.5724150199885,MVP_coverage_mid,5141.358622529982,5141.358622529982,2570.679311264991,856.8931037549974,28,8.0,2.0,1.0,32.0,0.0,True,,0.24993145269091624,2570.679311264991,5141.358622529982,1284.9872293338865,856.8931037549972,0.0,0.0,643,False
861373,5,Valparaiso,3427.5724150199885,MVP_coverage_mid,5141.358622529982,5141.358622529982,2570.679311264991,856.8931037549974,29,8.0,2.0,1.0,32.0,0.01,True,,0.4531406730648131,2222.4937152720217,5141.358622529982,1459.2947166983931,1205.0786997479665,0.0,0.0,643,False
861373,5,Valparaiso,3427.5724150199885,MVP_coverage_mid,5141.358622529982,5141.358622529982,2570.679311264991,856.8931037549974,30,8.0,2.0,1.0,64.0,0.0,True,,0.24993145269091624,2570.679311264991,5141.358622529982,1284.9872293338865,856.8931037549974,0.0,0.0,643,False
861373,5,Valparaiso,3427.5724150199885,MVP_coverage_mid,5141.358622529982,5141.358622529982,2570.679311264991,856.8931037549974,31,8.0,2.0,1.0,64.0,0.01,True,,0.5854806356450055,1995.6128055661816,5141.358622529982,1572.4996501507599,1431.9596094538065,0.0,0.0,643,False
861373,5,Valparaiso,3427.5724150199885,MVP_coverage_mid,5141.358622529982,5141.358622529982,2570.679311264991,856.8931037549974,32,8.0,2.0,2.0,8.0,0.0,True,,0.2433722940528098,2570.679311264991,5141.358622529982,1251.264242513316,856.8931037549974,0.0,0.0,643,False
861373,5,Valparaiso,3427.5724150199885,MVP_coverage_mid,5141.358622529982,5141.358622529982,2570.679311264991,856.8931037549974,33,8.0,2.0,2.0,8.0,0.01,True,,0.3184029540453045,2445.941121462658,5141.358622529982,1325.1782987140111,981.6312935573305,0.0,0.0,643,False
861373,5,Valparaiso,3427.5724150199885,MVP_coverage_mid,5141.358622529982,5141.358622529982,2570.679311264991,856.8931037549974,34,8.0,2.0,2.0,16.0,0.0,True,,0.2492057676714393,2570.679311264991,5141.358622529982,1281.256222401758,856.8931037549972,0.0,0.0,643,False
861373,5,Valparaiso,3427.5724150199885,MVP_coverage_mid,5141.358622529982,5141.358622529982,2570.679311264991,856.8931037549974,35,8.0,2.0,2.0,16.0,0.01,True,,0.36891287861627825,2366.009884794472,5141.358622529982,1385.0398432598606,1061.5625302255164,0.0,0.0,643,False
861373,5,Valparaiso,3427.5724150199885,MVP_coverage_mid,5141.358622529982,5141.358622529982,2570.679311264991,856.8931037549974,36,8.0,2.0,2.0,32.0,0.0,True,,0.24993145269091624,2570.679311264991,5141.358622529982,1284.9872293338865,856.8931037549972,0.0,0.0,643,False
861373,5,Valparaiso,3427.5724150199885,MVP_coverage_mid,5141.358622529982,5141.358622529982,2570.679311264991,856.8931037549974,37,8.0,2.0,2.0,32.0,0.01,True,,0.4531406730648131,2222.4937152720217,5141.358622529982,1459.2947166983931,1205.0786997479665,0.0,0.0,643,False
861373,5,Valparaiso,3427.5724150199885,MVP_coverage_mid,5141.358622529982,5141.358622529982,2570.679311264991,856.8931037549974,38,8.0,2.0,2.0,64.0,0.0,True,,0.24993145269091624,2570.679311264991,5141.358622529982,1284.9872293338865,856.8931037549974,0.0,0.0,643,False
861373,5,Valparaiso,3427.5724150199885,MVP_coverage_mid,5141.358622529982,5141.358622529982,2570.679311264991,856.8931037549974,39,8.0,2.0,2.0,64.0,0.01,True,,0.5854806356450055,1995.6128055661816,5141.358622529982,1572.4996501507599,1431.9596094538065,0.0,0.0,643,False
861373,5,Valparaiso,3427.5724150199885,MVP_coverage_mid,5141.358622529982,5141.358622529982,2570.679311264991,856.8931037549974,40,8.0,2.0,4.0,8.0,0.0,True,,0.2305861579013999,2570.679311264991,5141.358622529982,1185.5261311624224,856.8931037549974,0.0,0.0,643,True
861373,5,Valparaiso,3427.5724150199885,MVP_coverage_mid,5141.358622529982,5141.358622529982,2570.679311264991,856.8931037549974,41,8.0,2.0,4.0,8.0,0.01,True,,0.3000802120833014,2451.420894232602,5141.358622529982,1244.6739432641348,976.1515207873865,0.0,0.0,643,False
861373,5,Valparaiso,3427.5724150199885,MVP_coverage_mid,5141.358622529982,5141.358622529982,2570.679311264991,856.8931037549974,42,8.0,2.0,4.0,16.0,0.0,True,,0.23481670382458616,2570.679311264991,5141.358622529982,1207.2768849226052,856.8931037549972,0.0,0.0,643,False
861373,5,Valparaiso,3427.5724150199885,MVP_coverage_mid,5141.358622529982,5141.358622529982,2570.679311264991,856.8931037549974,43,8.0,2.0,4.0,16.0,0.01,True,,0.33283789808108744,2401.988108410842,5141.358622529982,1289.5109900685816,1025.5843066091463,0.0,0.0,643,False
861373,5,Valparaiso,3427.5724150199885,MVP_coverage_mid,5141.358622529982,5141.358622529982,2570.679311264991,856.8931037549974,44,8.0,2.0,4.0,32.0,0.0,True,,0.2375331720137463,2570.679311264991,5141.358622529982,1221.243222069772,856.8931037549972,0.0,0.0,643,False
861373,5,Valparaiso,3427.5724150199885,MVP_coverage_mid,5141.358622529982,5141.358622529982,2570.679311264991,856.8931037549974,45,8.0,2.0,4.0,32.0,0.01,True,,0.37685452629737487,2329.3635944756397,5141.358622529982,1334.254976245082,1098.2088205443486,0.0,0.0,643,False
861373,5,Valparaiso,3427.5724150199885,MVP_coverage_mid,5141.358622529982,5141.358622529982,2570.679311264991,856.8931037549974,46,8.0,2.0,4.0,64.0,0.0,True,,0.23845868562586855,2570.679311264991,5141.358622529982,1226.0016194597256,856.8931037549972,0.0,0.0,643,False
861373,5,Valparaiso,3427.5724150199885,MVP_coverage_mid,5141.358622529982,5141.358622529982,2570.679311264991,856.8931037549974,47,8.0,2.0,4.0,64.0,0.01,True,,0.4252691488658477,2247.3902684175473,5141.358622529982,1378.2385982988033,1180.1821466024412,0.0,0.0,643,False
861373,5,Valparaiso,3427.5724150199885,MVP_coverage_mid,5141.358622529982,5141.358622529982,2570.679311264991,856.8931037549974,48,16.0,1.0,1.0,8.0,0.0,True,,0.5338291450771211,2153.709363584285,5141.358622529982,1493.6972349579462,1273.8630514357037,416.9699476807066,0.0,322,False
861373,5,Valparaiso,3427.5724150199885,MVP_coverage_mid,5141.358622529982,5141.358622529982,2570.679311264991,856.8931037549974,49,16.0,1.0,1.0,8.0,0.01,True,,0.6258939567484207,1994.7140626902428,5141.358622529982,1573.0939405993831,1432.8583523297455,409.87645856329414,0.0,322,False
861373,5,Valparaiso,3427.5724150199885,MVP_coverage_mid,5141.358622529982,5141.358622529982,2570.679311264991,856.8931037549974,50,16.0,1.0,1.0,16.0,0.0,True,,0.24993145269091624,2570.679311264991,5141.358622529982,1284.9872293338865,856.8931037549974,0.0,0.0,322,False
861373,5,Valparaiso,3427.5724150199885,MVP_coverage_mid,5141.358622529982,5141.358622529982,2570.679311264991,856.8931037549974,51,16.0,1.0,1.0,16.0,0.01,True,,0.4241495424097424,2272.1373807214527,5141.358622529982,1434.3500807516293,1155.4350342985354,0.0,0.0,322,False
861373,5,Valparaiso,3427.5724150199885,MVP_coverage_mid,5141.358622529982,5141.358622529982,2570.679311264991,856.8931037549974,52,16.0,1.0,1.0,32.0,0.0,True,,0.24993145269091624,2570.679311264991,5141.358622529982,1284.9872293338865,856.8931037549972,0.0,0.0,322,False
861373,5,Valparaiso,3427.5724150199885,MVP_coverage_mid,5141.358622529982,5141.358622529982,2570.679311264991,856.8931037549974,53,16.0,1.0,1.0,32.0,0.01,True,,0.5076236644605313,2129.0654134539823,5141.358622529982,1505.8405597468973,1298.507001566006,0.0,0.0,322,False
861373,5,Valparaiso,3427.5724150199885,MVP_coverage_mid,5141.358622529982,5141.358622529982,2570.679311264991,856.8931037549974,54,16.0,1.0,1.0,64.0,0.0,True,,0.24993145269091624,2570.679311264991,5141.358622529982,1284.9872293338865,856.8931037549974,0.0,0.0,322,False
861373,5,Valparaiso,3427.5724150199885,MVP_coverage_mid,5141.358622529982,5141.358622529982,2570.679311264991,856.8931037549974,55,16.0,1.0,1.0,64.0,0.01,True,,0.6535088027506573,1879.1502912919118,5141.358622529982,1631.1005679886389,1548.4221237280765,0.0,0.0,322,False
861373,5,Valparaiso,3427.5724150199885,MVP_coverage_mid,5141.358622529982,5141.358622529982,2570.679311264991,856.8931037549974,56,16.0,1.0,2.0,8.0,0.0,True,,0.5338291450771211,2153.709363584285,5141.358622529982,1493.6972349579462,1273.8630514357037,416.9699476807066,0.0,322,False
861373,5,Valparaiso,3427.5724150199885,MVP_coverage_mid,5141.358622529982,5141.358622529982,2570.679311264991,856.8931037549974,57,16.0,1.0,2.0,8.0,0.01,True,,0.6258939567484207,1994.7140626902428,5141.358622529982,1573.0939405993831,1432.8583523297455,409.87645856329414,0.0,322,False
861373,5,Valparaiso,3427.5724150199885,MVP_coverage_mid,5141.358622529982,5141.358622529982,2570.679311264991,856.8931037549974,58,16.0,1.0,2.0,16.0,0.0,True,,0.24993145269091624,2570.679311264991,5141.358622529982,1284.9872293338865,856.8931037549974,0.0,0.0,322,False
861373,5,Valparaiso,3427.5724150199885,MVP_coverage_mid,5141.358622529982,5141.358622529982,2570.679311264991,856.8931037549974,59,16.0,1.0,2.0,16.0,0.01,True,,0.4241495424097424,2272.1373807214527,5141.358622529982,1434.3500807516293,1155.4350342985354,0.0,0.0,322,False
861373,5,Valparaiso,3427.5724150199885,MVP_coverage_mid,5141.358622529982,5141.358622529982,2570.679311264991,856.8931037549974,60,16.0,1.0,2.0,32.0,0.0,True,,0.24993145269091624,2570.679311264991,5141.358622529982,1284.9872293338865,856.8931037549972,0.0,0.0,322,False
861373,5,Valparaiso,3427.5724150199885,MVP_coverage_mid,5141.358622529982,5141.358622529982,2570.679311264991,856.8931037549974,61,16.0,1.0,2.0,32.0,0.01,True,,0.5076236644605313,2129.0654134539823,5141.358622529982,1505.8405597468973,1298.507001566006,0.0,0.0,322,False
861373,5,Valparaiso,3427.5724150199885,MVP_coverage_mid,5141.358622529982,5141.358622529982,2570.679311264991,856.8931037549974,62,16.0,1.0,2.0,64.0,0.0,True,,0.24993145269091624,2570.679311264991,5141.358622529982,1284.9872293338865,856.8931037549974,0.0,0.0,322,False
861373,5,Valparaiso,3427.5724150199885,MVP_coverage_mid,5141.358622529982,5141.358622529982,2570.679311264991,856.8931037549974,63,16.0,1.0,2.0,64.0,0.01,True,,0.649707288263015,1885.460900759726,5141.358622529982,1627.3321423684624,1542.1115142602623,0.0,0.0,322,False
861373,5,Valparaiso,3427.5724150199885,MVP_coverage_mid,5141.358622529982,5141.358622529982,2570.679311264991,856.8931037549974,64,16.0,1.0,4.0,8.0,0.0,True,,0.5082106407576373,2187.581984985895,5141.358622529982,1463.601181083477,1239.9904300340936,383.0973262790964,0.0,322,False
861373,5,Valparaiso,3427.5724150199885,MVP_coverage_mid,5141.358622529982,5141.358622529982,2570.679311264991,856.8931037549974,65,16.0,1.0,4.0,8.0,0.01,True,,0.5960659269704623,2034.3255560746961,5141.358622529982,1540.7485538180267,1393.2468589452922,365.91150286429803,0.0,322,False
861373,5,Valparaiso,3427.5724150199885,MVP_coverage_mid,5141.358622529982,5141.358622529982,2570.679311264991,856.8931037549974,66,16.0,1.0,4.0,16.0,0.0,True,,0.24945092396035243,2570.679311264991,5141.358622529982,1282.5166588016289,856.8931037549974,0.0,0.0,322,False
861373,5,Valparaiso,3427.5724150199885,MVP_coverage_mid,5141.358622529982,5141.358622529982,2570.679311264991,856.8931037549974,67,16.0,1.0,4.0,16.0,0.01,True,,0.42119014037494373,2276.8332053146814,5141.358622529982,1430.8742950655562,1150.7392097053066,0.0,0.0,322,False
861373,5,Valparaiso,3427.5724150199885,MVP_coverage_mid,5141.358622529982,5141.358622529982,2570.679311264991,856.8931037549974,68,16.0,1.0,4.0,32.0,0.0,True,,0.24993145269091624,2570.679311264991,5141.358622529982,1284.9872293338865,856.8931037549972,0.0,0.0,322,False
861373,5,Valparaiso,3427.5724150199885,MVP_coverage_mid,5141.358622529982,5141.358622529982,2570.679311264991,856.8931037549974,69,16.0,1.0,4.0,32.0,0.01,True,,0.5068238702361066,2130.3568673549726,5141.358622529982,1504.9571655673776,1297.215547665016,0.0,0.0,322,False
861373,5,Valparaiso,3427.5724150199885,MVP_coverage_mid,5141.358622529982,5141.358622529982,2570.679311264991,856.8931037549974,70,16.0,1.0,4.0,64.0,0.0,True,,0.24993145269091624,2570.679311264991,5141.358622529982,1284.9872293338865,856.8931037549974,0.0,0.0,322,False
861373,5,Valparaiso,3427.5724150199885,MVP_coverage_mid,5141.358622529982,5141.358622529982,2570.679311264991,856.8931037549974,71,16.0,1.0,4.0,64.0,0.01,True,,0.6487199641309213,1887.1661622402094,5141.358622529982,1626.5191086298987,1540.406252779779,0.0,0.0,322,False
861373,5,Valparaiso,3427.5724150199885,MVP_coverage_mid,5141.358622529982,5141.358622529982,2570.679311264991,856.8931037549974,72,16.0,2.0,1.0,8.0,0.0,True,,0.3131352855011272,2477.6310634015517,5141.358622529982,1330.7960565392898,949.9413516184364,93.0482478634392,0.0,322,False
861373,5,Valparaiso,3427.5724150199885,MVP_coverage_mid,5141.358622529982,5141.358622529982,2570.679311264991,856.8931037549974,73,16.0,2.0,1.0,8.0,0.01,True,,0.42470060104191076,2286.422670116631,5141.358622529982,1424.4061448946582,1141.1497449033577,96.98069878986999,0.0,322,False
861373,5,Valparaiso,3427.5724150199885,MVP_coverage_mid,5141.358622529982,5141.358622529982,2570.679311264991,856.8931037549974,74,16.0,2.0,1.0,16.0,0.0,True,,0.24993145269091624,2570.679311264991,5141.358622529982,1284.9872293338865,856.8931037549974,0.0,0.0,322,False
861373,5,Valparaiso,3427.5724150199885,MVP_coverage_mid,5141.358622529982,5141.358622529982,2570.679311264991,856.8931037549974,75,16.0,2.0,1.0,16.0,0.01,True,,0.4182285324129603,2282.242831658325,5141.358622529982,1429.1716722927686,1145.3295833616635,0.0,0.0,322,False
861373,5,Valparaiso,3427.5724150199885,MVP_coverage_mid,5141.358622529982,5141.358622529982,2570.679311264991,856.8931037549974,76,16.0,2.0,1.0,32.0,0.0,True,,0.24993145269091624,2570.679311264991,5141.358622529982,1284.9872293338865,856.8931037549972,0.0,0.0,322,False
861373,5,Valparaiso,3427.5724150199885,MVP_coverage_mid,5141.358622529982,5141.358622529982,2570.679311264991,856.8931037549974,77,16.0,2.0,1.0,32.0,0.01,True,,0.5024229065035524,2137.9868256852214,5141.358622529982,1501.4051285591895,1289.585589334767,0.0,0.0,322,False
861373,5,Valparaiso,3427.5724150199885,MVP_coverage_mid,5141.358622529982,5141.358622529982,2570.679311264991,856.8931037549974,78,16.0,2.0,1.0,64.0,0.0,True,,0.24993145269091624,2570.679311264991,5141.358622529982,1284.9872293338865,856.8931037549974,0.0,0.0,322,False
861373,5,Valparaiso,3427.5724150199885,MVP_coverage_mid,5141.358622529982,5141.358622529982,2570.679311264991,856.8931037549974,79,16.0,2.0,1.0,64.0,0.01,True,,0.645569302702698,1892.6761737213783,5141.358622529982,1624.0954570321528,1534.8962412986102,0.0,0.0,322,False
861373,5,Valparaiso,3427.5724150199885,MVP_coverage_mid,5141.358622529982,5141.358622529982,2570.679311264991,856.8931037549974,80,16.0,2.0,2.0,8.0,0.0,True,,0.3131352855011272,2477.6310634015517,5141.358622529982,1330.7960565392898,949.9413516184364,93.0482478634392,0.0,322,False
861373,5,Valparaiso,3427.5724150199885,MVP_coverage_mid,5141.358622529982,5141.358622529982,2570.679311264991,856.8931037549974,81,16.0,2.0,2.0,8.0,0.01,True,,0.42470060104191076,2286.422670116631,5141.358622529982,1424.4061448946582,1141.1497449033577,96.98069878986999,0.0,322,False
861373,5,Valparaiso,3427.5724150199885,MVP_coverage_mid,5141.358622529982,5141.358622529982,2570.679311264991,856.8931037549974,82,16.0,2.0,2.0,16.0,0.0,True,,0.24993145269091624,2570.679311264991,5141.358622529982,1284.9872293338865,856.8931037549974,0.0,0.0,322,False
861373,5,Valparaiso,3427.5724150199885,MVP_coverage_mid,5141.358622529982,5141.358622529982,2570.679311264991,856.8931037549974,83,16.0,2.0,2.0,16.0,0.01,True,,0.4182285324129603,2282.242831658325,5141.358622529982,1429.1716722927686,1145.3295833616635,0.0,0.0,322,False
861373,5,Valparaiso,3427.5724150199885,MVP_coverage_mid,5141.358622529982,5141.358622529982,2570.679311264991,856.8931037549974,84,16.0,2.0,2.0,32.0,0.0,True,,0.24993145269091624,2570.679311264991,5141.358622529982,1284.9872293338865,856.8931037549972,0.0,0.0,322,False
861373,5,Valparaiso,3427.5724150199885,MVP_coverage_mid,5141.358622529982,5141.358622529982,2570.679311264991,856.8931037549974,85,16.0,2.0,2.0,32.0,0.01,True,,0.5024229065035524,2137.9868256852214,5141.358622529982,1501.4051285591895,1289.585589334767,0.0,0.0,322,False
861373,5,Valparaiso,3427.5724150199885,MVP_coverage_mid,5141.358622529982,5141.358622529982,2570.679311264991,856.8931037549974,86,16.0,2.0,2.0,64.0,0.0,True,,0.24993145269091624,2570.679311264991,5141.358622529982,1284.9872293338865,856.8931037549974,0.0,0.0,322,False
861373,5,Valparaiso,3427.5724150199885,MVP_coverage_mid,5141.358622529982,5141.358622529982,2570.679311264991,856.8931037549974,87,16.0,2.0,2.0,64.0,0.01,True,,0.645569302702698,1892.6761737213783,5141.358622529982,1624.0954570321528,1534.8962412986102,0.0,0.0,322,False
861373,5,Valparaiso,3427.5724150199885,MVP_coverage_mid,5141.358622529982,5141.358622529982,2570.679311264991,856.8931037549974,88,16.0,2.0,4.0,8.0,0.0,True,,0.31608927695542954,2471.96962066818,5141.358622529982,1328.9992577736327,955.6027943518081,98.70969059681082,0.0,322,False
861373,5,Valparaiso,3427.5724150199885,MVP_coverage_mid,5141.358622529982,5141.358622529982,2570.679311264991,856.8931037549974,89,16.0,2.0,4.0,8.0,0.01,True,,0.42325728970026666,2287.0784395907867,5141.358622529982,1419.157229595362,1140.493975429202,95.91621433652675,0.0,322,False
861373,5,Valparaiso,3427.5724150199885,MVP_coverage_mid,5141.358622529982,5141.358622529982,2570.679311264991,856.8931037549974,90,16.0,2.0,4.0,16.0,0.0,True,,0.24945092396035243,2570.679311264991,5141.358622529982,1282.5166588016289,856.8931037549974,0.0,0.0,322,False
861373,5,Valparaiso,3427.5724150199885,MVP_coverage_mid,5141.358622529982,5141.358622529982,2570.679311264991,856.8931037549974,91,16.0,2.0,4.0,16.0,0.01,True,,0.4155857265475505,2286.369753788973,5141.358622529982,1425.9013648955904,1141.2026612310156,0.0,0.0,322,False
861373,5,Valparaiso,3427.5724150199885,MVP_coverage_mid,5141.358622529982,5141.358622529982,2570.679311264991,856.8931037549974,92,16.0,2.0,4.0,32.0,0.0,True,,0.24993145269091624,2570.679311264991,5141.358622529982,1284.9872293338865,856.8931037549972,0.0,0.0,322,False
861373,5,Valparaiso,3427.5724150199885,MVP_coverage_mid,5141.358622529982,5141.358622529982,2570.679311264991,856.8931037549974,93,16.0,2.0,4.0,32.0,0.01,True,,0.5013926451721987,2139.682910358066,5141.358622529982,1500.348397261887,1287.8895046619227,0.0,0.0,322,False
861373,5,Valparaiso,3427.5724150199885,MVP_coverage_mid,5141.358622529982,5141.358622529982,2570.679311264991,856.8931037549974,94,16.0,2.0,4.0,64.0,0.0,True,,0.24993145269091624,2570.679311264991,5141.358622529982,1284.9872293338865,856.8931037549974,0.0,0.0,322,False
861373,5,Valparaiso,3427.5724150199885,MVP_coverage_mid,5141.358622529982,5141.358622529982,2570.679311264991,856.8931037549974,95,16.0,2.0,4.0,64.0,0.01,True,,0.6406619947148617,1901.0948566885472,5141.358622529982,1619.9119342134031,1526.477558331441,0.0,0.0,322,False
861373,5,Valparaiso,3427.5724150199885,MVP_coverage_mid,5141.358622529982,5141.358622529982,2570.679311264991,856.8931037549974,96,32.0,1.0,1.0,8.0,0.0,True,,1.2698004987656417,1072.520692428724,5141.358622529982,2034.0238867128028,2355.0517225912645,1498.1586188362671,0.0,161,False
861373,5,Valparaiso,3427.5724150199885,MVP_coverage_mid,5141.358622529982,5141.358622529982,2570.679311264991,856.8931037549974,97,32.0,1.0,1.0,8.0,0.01,True,,1.3389791675645373,954.0352002090589,5141.358622529982,2093.6225692576486,2473.5372148109295,1497.878483296946,0.0,161,False
861373,5,Valparaiso,3427.5724150199885,MVP_coverage_mid,5141.358622529982,5141.358622529982,2570.679311264991,856.8931037549974,98,32.0,1.0,1.0,16.0,0.0,True,,0.6057710987788347,2048.051189643495,5141.358622529982,1546.6020971215353,1379.5212253764935,522.6281216214961,0.0,161,False
861373,5,Valparaiso,3427.5724150199885,MVP_coverage_mid,5141.358622529982,5141.358622529982,2570.679311264991,856.8931037549974,99,32.0,1.0,1.0,16.0,0.01,True,,0.798997243761624,1716.0359626927554,5141.358622529982,1712.6035770155609,1711.5364523272328,517.4388402907305,0.0,161,False
861373,5,Valparaiso,3427.5724150199885,MVP_coverage_mid,5141.358622529982,5141.358622529982,2570.679311264991,856.8931037549974,100,32.0,1.0,1.0,32.0,0.0,True,,0.24993145269091624,2570.679311264991,5141.358622529982,1284.9872293338865,856.8931037549972,0.0,0.0,161,False
861373,5,Valparaiso,3427.5724150199885,MVP_coverage_mid,5141.358622529982,5141.358622529982,2570.679311264991,856.8931037549974,101,32.0,1.0,1.0,32.0,0.01,True,,0.5844011517844784,1997.386362696807,5141.358622529982,1571.3835293231205,1430.1860523231812,0.0,0.0,161,False
861373,5,Valparaiso,3427.5724150199885,MVP_coverage_mid,5141.358622529982,5141.358622529982,2570.679311264991,856.8931037549974,102,32.0,1.0,1.0,64.0,0.0,True,,0.24993145269091624,2570.679311264991,5141.358622529982,1284.9872293338865,856.8931037549972,0.0,0.0,161,False
861373,5,Valparaiso,3427.5724150199885,MVP_coverage_mid,5141.358622529982,5141.358622529982,2570.679311264991,856.8931037549974,103,32.0,1.0,1.0,64.0,0.01,True,,0.7199037328716511,1765.2420284298132,5141.358622529982,1687.6900573032399,1662.330386590175,0.0,0.0,161,False
861373,5,Valparaiso,3427.5724150199885,MVP_coverage_mid,5141.358622529982,5141.358622529982,2570.679311264991,856.8931037549974,104,32.0,1.0,2.0,8.0,0.0,True,,1.2698004987656417,1072.520692428724,5141.358622529982,2034.0238867128028,2355.0517225912645,1498.1586188362671,0.0,161,False
861373,5,Valparaiso,3427.5724150199885,MVP_coverage_mid,5141.358622529982,5141.358622529982,2570.679311264991,856.8931037549974,105,32.0,1.0,2.0,8.0,0.01,True,,1.3389791675645373,954.0352002090589,5141.358622529982,2093.6225692576486,2473.5372148109295,1497.878483296946,0.0,161,False
861373,5,Valparaiso,3427.5724150199885,MVP_coverage_mid,5141.358622529982,5141.358622529982,2570.679311264991,856.8931037549974,106,32.0,1.0,2.0,16.0,0.0,True,,0.6057710987788347,2048.051189643495,5141.358622529982,1546.6020971215353,1379.5212253764935,522.6281216214961,0.0,161,False
861373,5,Valparaiso,3427.5724150199885,MVP_coverage_mid,5141.358622529982,5141.358622529982,2570.679311264991,856.8931037549974,107,32.0,1.0,2.0,16.0,0.01,True,,0.798997243761624,1716.0359626927554,5141.358622529982,1712.6035770155609,1711.5364523272328,517.4388402907305,0.0,161,False
861373,5,Valparaiso,3427.5724150199885,MVP_coverage_mid,5141.358622529982,5141.358622529982,2570.679311264991,856.8931037549974,108,32.0,1.0,2.0,32.0,0.0,True,,0.24993145269091624,2570.679311264991,5141.358622529982,1284.9872293338865,856.8931037549972,0.0,0.0,161,False
861373,5,Valparaiso,3427.5724150199885,MVP_coverage_mid,5141.358622529982,5141.358622529982,2570.679311264991,856.8931037549974,109,32.0,1.0,2.0,32.0,0.01,True,,0.5844011517844784,1997.386362696807,5141.358622529982,1571.3835293231205,1430.1860523231812,0.0,0.0,161,False
861373,5,Valparaiso,3427.5724150199885,MVP_coverage_mid,5141.358622529982,5141.358622529982,2570.679311264991,856.8931037549974,110,32.0,1.0,2.0,64.0,0.0,True,,0.24993145269091624,2570.679311264991,5141.358622529982,1284.9872293338865,856.8931037549972,0.0,0.0,161,False
861373,5,Valparaiso,3427.5724150199885,MVP_coverage_mid,5141.358622529982,5141.358622529982,2570.679311264991,856.8931037549974,111,32.0,1.0,2.0,64.0,0.01,True,,0.7199037328716511,1765.2420284298132,5141.358622529982,1687.6900573032399,1662.330386590175,0.0,0.0,161,False
861373,5,Valparaiso,3427.5724150199885,MVP_coverage_mid,5141.358622529982,5141.358622529982,2570.679311264991,856.8931037549974,112,32.0,1.0,4.0,8.0,0.0,True,,1.2639409269104869,1079.8599598151297,5141.358622529982,2025.9155285901852,2347.712455204859,1490.8193514498612,0.0,161,False
861373,5,Valparaiso,3427.5724150199885,MVP_coverage_mid,5141.358622529982,5141.358622529982,2570.679311264991,856.8931037549974,113,32.0,1.0,4.0,8.0,0.01,True,,1.3323606350381683,962.5983417775021,5141.358622529982,2086.0852635699084,2464.9740732424866,1487.7123039687572,0.0,161,False
861373,5,Valparaiso,3427.5724150199885,MVP_coverage_mid,5141.358622529982,5141.358622529982,2570.679311264991,856.8931037549974,114,32.0,1.0,4.0,16.0,0.0,True,,0.6057710987788347,2048.051189643495,5141.358622529982,1546.6020971215353,1379.5212253764935,522.6281216214961,0.0,161,False
861373,5,Valparaiso,3427.5724150199885,MVP_coverage_mid,5141.358622529982,5141.358622529982,2570.679311264991,856.8931037549974,115,32.0,1.0,4.0,16.0,0.01,True,,0.798997243761624,1716.0359626927554,5141.358622529982,1712.6035770155609,1711.5364523272328,517.4388402907305,0.0,161,False
861373,5,Valparaiso,3427.5724150199885,MVP_coverage_mid,5141.358622529982,5141.358622529982,2570.679311264991,856.8931037549974,116,32.0,1.0,4.0,32.0,0.0,True,,0.24993145269091624,2570.679311264991,5141.358622529982,1284.9872293338865,856.8931037549972,0.0,0.0,161,False
861373,5,Valparaiso,3427.5724150199885,MVP_coverage_mid,5141.358622529982,5141.358622529982,2570.679311264991,856.8931037549974,117,32.0,1.0,4.0,32.0,0.01,True,,0.5844011517844784,1997.386362696807,5141.358622529982,1571.3835293231205,1430.1860523231812,0.0,0.0,161,False
861373,5,Valparaiso,3427.5724150199885,MVP_coverage_mid,5141.358622529982,5141.358622529982,2570.679311264991,856.8931037549974,118,32.0,1.0,4.0,64.0,0.0,True,,0.24993145269091624,2570.679311264991,5141.358622529982,1284.9872293338865,856.8931037549972,0.0,0.0,161,False
861373,5,Valparaiso,3427.5724150199885,MVP_coverage_mid,5141.358622529982,5141.358622529982,2570.679311264991,856.8931037549974,119,32.0,1.0,4.0,64.0,0.01,True,,0.7199037328716511,1765.2420284298132,5141.358622529982,1687.6900573032399,1662.330386590175,0.0,0.0,161,False
861373,5,Valparaiso,3427.5724150199885,MVP_coverage_mid,5141.358622529982,5141.358622529982,2570.679311264991,856.8931037549974,120,32.0,2.0,1.0,8.0,0.0,True,,1.1367908102550799,1267.9331861702515,5141.358622529982,1936.4108590335823,2159.6392288497373,1302.7461250947395,0.0,161,False
861373,5,Valparaiso,3427.5724150199885,MVP_coverage_mid,5141.358622529982,5141.358622529982,2570.679311264991,856.8931037549974,121,32.0,2.0,1.0,8.0,0.01,True,,1.2241369481782707,1119.2618819892634,5141.358622529982,2011.032706109522,2308.3105330307253,1308.3015487500973,0.0,161,False
861373,5,Valparaiso,3427.5724150199885,MVP_coverage_mid,5141.358622529982,5141.358622529982,2570.679311264991,856.8931037549974,122,32.0,2.0,1.0,16.0,0.0,True,,0.45251763156679153,2273.1434704625153,5141.358622529982,1433.9479044953423,1154.4289445574727,297.5358408024756,0.0,161,False
861373,5,Valparaiso,3427.5724150199885,MVP_coverage_mid,5141.358622529982,5141.358622529982,2570.679311264991,856.8931037549974,123,32.0,2.0,1.0,16.0,0.01,True,,0.6658644264188406,1907.0813623177805,5141.358622529982,1616.8508287918662,1520.4910527022078,295.2042180891894,0.0,161,False
861373,5,Valparaiso,3427.5724150199885,MVP_coverage_mid,5141.358622529982,5141.358622529982,2570.679311264991,856.8931037549974,124,32.0,2.0,1.0,32.0,0.0,True,,0.24993145269091624,2570.679311264991,5141.358622529982,1284.9872293338865,856.8931037549972,0.0,0.0,161,False
861373,5,Valparaiso,3427.5724150199885,MVP_coverage_mid,5141.358622529982,5141.358622529982,2570.679311264991,856.8931037549974,125,32.0,2.0,1.0,32.0,0.01,True,,0.5758249172957786,2012.2209628771484,5141.358622529982,1564.3765326366579,1415.35145214284,0.0,0.0,161,False
861373,5,Valparaiso,3427.5724150199885,MVP_coverage_mid,5141.358622529982,5141.358622529982,2570.679311264991,856.8931037549974,126,32.0,2.0,1.0,64.0,0.0,True,,0.24993145269091624,2570.679311264991,5141.358622529982,1284.9872293338865,856.8931037549972,0.0,0.0,161,False
861373,5,Valparaiso,3427.5724150199885,MVP_coverage_mid,5141.358622529982,5141.358622529982,2570.679311264991,856.8931037549974,127,32.0,2.0,1.0,64.0,0.01,True,,0.7118193543876811,1778.9982633178683,5141.358622529982,1680.5159554970228,1648.57415170212,0.0,0.0,161,False
861373,5,Valparaiso,3427.5724150199885,MVP_coverage_mid,5141.358622529982,5141.358622529982,2570.679311264991,856.8931037549974,128,32.0,2.0,2.0,8.0,0.0,True,,1.1367908102550799,1267.9331861702515,5141.358622529982,1936.4108590335823,2159.6392288497373,1302.7461250947395,0.0,161,False
861373,5,Valparaiso,3427.5724150199885,MVP_coverage_mid,5141.358622529982,5141.358622529982,2570.679311264991,856.8931037549974,129,32.0,2.0,2.0,8.0,0.01,True,,1.2241369481782707,1119.2618819892634,5141.358622529982,2011.032706109522,2308.3105330307253,1308.3015487500973,0.0,161,False
861373,5,Valparaiso,3427.5724150199885,MVP_coverage_mid,5141.358622529982,5141.358622529982,2570.679311264991,856.8931037549974,130,32.0,2.0,2.0,16.0,0.0,True,,0.45251763156679153,2273.1434704625153,5141.358622529982,1433.9479044953423,1154.4289445574727,297.5358408024756,0.0,161,False
861373,5,Valparaiso,3427.5724150199885,MVP_coverage_mid,5141.358622529982,5141.358622529982,2570.679311264991,856.8931037549974,131,32.0,2.0,2.0,16.0,0.01,True,,0.6658644264188406,1907.0813623177805,5141.358622529982,1616.8508287918662,1520.4910527022078,295.2042180891894,0.0,161,False
861373,5,Valparaiso,3427.5724150199885,MVP_coverage_mid,5141.358622529982,5141.358622529982,2570.679311264991,856.8931037549974,132,32.0,2.0,2.0,32.0,0.0,True,,0.24993145269091624,2570.679311264991,5141.358622529982,1284.9872293338865,856.8931037549972,0.0,0.0,161,False
861373,5,Valparaiso,3427.5724150199885,MVP_coverage_mid,5141.358622529982,5141.358622529982,2570.679311264991,856.8931037549974,133,32.0,2.0,2.0,32.0,0.01,True,,0.5758249172957786,2012.2209628771484,5141.358622529982,1564.3765326366579,1415.35145214284,0.0,0.0,161,False
861373,5,Valparaiso,3427.5724150199885,MVP_coverage_mid,5141.358622529982,5141.358622529982,2570.679311264991,856.8931037549974,134,32.0,2.0,2.0,64.0,0.0,True,,0.24993145269091624,2570.679311264991,5141.358622529982,1284.9872293338865,856.8931037549972,0.0,0.0,161,False
861373,5,Valparaiso,3427.5724150199885,MVP_coverage_mid,5141.358622529982,5141.358622529982,2570.679311264991,856.8931037549974,135,32.0,2.0,2.0,64.0,0.01,True,,0.7118193543876811,1778.9982633178683,5141.358622529982,1680.5159554970228,1648.57415170212,0.0,0.0,161,False
861373,5,Valparaiso,3427.5724150199885,MVP_coverage_mid,5141.358622529982,5141.358622529982,2570.679311264991,856.8931037549974,136,32.0,2.0,4.0,8.0,0.0,True,,1.1367908102550799,1267.9331861702515,5141.358622529982,1936.4108590335823,2159.6392288497373,1302.7461250947395,0.0,161,False
861373,5,Valparaiso,3427.5724150199885,MVP_coverage_mid,5141.358622529982,5141.358622529982,2570.679311264991,856.8931037549974,137,32.0,2.0,4.0,8.0,0.01,True,,1.2241369481782707,1119.2618819892634,5141.358622529982,2011.032706109522,2308.3105330307253,1308.3015487500973,0.0,161,False
861373,5,Valparaiso,3427.5724150199885,MVP_coverage_mid,5141.358622529982,5141.358622529982,2570.679311264991,856.8931037549974,138,32.0,2.0,4.0,16.0,0.0,True,,0.45251763156679153,2273.1434704625153,5141.358622529982,1433.9479044953423,1154.4289445574727,297.5358408024756,0.0,161,False
861373,5,Valparaiso,3427.5724150199885,MVP_coverage_mid,5141.358622529982,5141.358622529982,2570.679311264991,856.8931037549974,139,32.0,2.0,4.0,16.0,0.01,True,,0.6658644264188406,1907.0813623177805,5141.358622529982,1616.8508287918662,1520.4910527022078,295.2042180891894,0.0,161,False
861373,5,Valparaiso,3427.5724150199885,MVP_coverage_mid,5141.358622529982,5141.358622529982,2570.679311264991,856.8931037549974,140,32.0,2.0,4.0,32.0,0.0,True,,0.24993145269091624,2570.679311264991,5141.358622529982,1284.9872293338865,856.8931037549972,0.0,0.0,161,False
861373,5,Valparaiso,3427.5724150199885,MVP_coverage_mid,5141.358622529982,5141.358622529982,2570.679311264991,856.8931037549974,141,32.0,2.0,4.0,32.0,0.01,True,,0.5758249172957786,2012.2209628771484,5141.358622529982,1564.3765326366579,1415.35145214284,0.0,0.0,161,False
861373,5,Valparaiso,3427.5724150199885,MVP_coverage_mid,5141.358622529982,5141.358622529982,2570.679311264991,856.8931037549974,142,32.0,2.0,4.0,64.0,0.0,True,,0.24993145269091624,2570.679311264991,5141.358622529982,1284.9872293338865,856.8931037549972,0.0,0.0,161,False
861373,5,Valparaiso,3427.5724150199885,MVP_coverage_mid,5141.358622529982,5141.358622529982,2570.679311264991,856.8931037549974,143,32.0,2.0,4.0,64.0,0.01,True,,0.7118193543876811,1778.9982633178683,5141.358622529982,1680.5159554970228,1648.57415170212,0.0,0.0,161,False
1202172,6,O'Higgins,2407.5492244520055,REDPE_mid,7040.0,3611.3238366780083,2407.5492244520055,0.0,0,8.0,1.0,1.0,8.0,0.0,True,,0.0009483186536919756,2407.5492244520055,4824.0,0.0,0.0,0.0,4.450775547994111,603,False
1202172,6,O'Higgins,2407.5492244520055,REDPE_mid,7040.0,3611.3238366780083,2407.5492244520055,0.0,1,8.0,1.0,1.0,8.0,0.01,True,,0.03416155490050989,2407.5492244520055,5296.0,0.0,0.0,0.0,0.0931419031903757,662,False
1202172,6,O'Higgins,2407.5492244520055,REDPE_mid,7040.0,3611.3238366780083,2407.5492244520055,0.0,2,8.0,1.0,1.0,16.0,0.0,True,,0.0009483186536919754,2407.5492244520055,4824.0,0.0,0.0,0.0,4.450775547994107,603,True
1202172,6,O'Higgins,2407.5492244520055,REDPE_mid,7040.0,3611.3238366780083,2407.5492244520055,0.0,3,8.0,1.0,1.0,16.0,0.01,True,,0.054628259921525965,2407.5492244520055,5584.0,0.0,0.0,0.0,0.2643485990967125,698,False
1202172,6,O'Higgins,2407.5492244520055,REDPE_mid,7040.0,3611.3238366780083,2407.5492244520055,0.0,4,8.0,1.0,1.0,32.0,0.0,True,,0.0018005913809647001,2407.5492244520055,4832.0,0.0,0.0,0.0,8.450775547994073,604,False
1202172,6,O'Higgins,2407.5492244520055,REDPE_mid,7040.0,3611.3238366780083,2407.5492244520055,0.0,5,8.0,1.0,1.0,32.0,0.01,True,,0.09213077380080734,2407.5492244520055,6112.0,0.0,0.0,0.0,0.2997440193782539,764,False
1202172,6,O'Higgins,2407.5492244520055,REDPE_mid,7040.0,3611.3238366780083,2407.5492244520055,0.0,6,8.0,1.0,1.0,64.0,0.0,True,,0.0035051368355101574,2407.5492244520055,4848.0,0.0,0.0,0.0,16.45077554799411,606,False
1202172,6,O'Higgins,2407.5492244520055,REDPE_mid,7040.0,3611.3238366780083,2407.5492244520055,0.0,7,8.0,1.0,1.0,64.0,0.01,True,,0.15892322113209348,2405.7295955314503,7040.0,1.8196289205554201,1.8196289205554201,0.0,0.0,880,False
1202172,6,O'Higgins,2407.5492244520055,REDPE_mid,7040.0,3611.3238366780083,2407.5492244520055,0.0,8,8.0,1.0,2.0,8.0,0.0,True,,0.0009483186536919756,2407.5492244520055,4824.0,0.0,0.0,0.0,4.450775547994111,603,False
1202172,6,O'Higgins,2407.5492244520055,REDPE_mid,7040.0,3611.3238366780083,2407.5492244520055,0.0,9,8.0,1.0,2.0,8.0,0.01,True,,0.03416155490050989,2407.5492244520055,5296.0,0.0,0.0,0.0,0.0931419031903757,662,False
1202172,6,O'Higgins,2407.5492244520055,REDPE_mid,7040.0,3611.3238366780083,2407.5492244520055,0.0,10,8.0,1.0,2.0,16.0,0.0,True,,0.0009483186536919754,2407.5492244520055,4824.0,0.0,0.0,0.0,4.450775547994107,603,False
1202172,6,O'Higgins,2407.5492244520055,REDPE_mid,7040.0,3611.3238366780083,2407.5492244520055,0.0,11,8.0,1.0,2.0,16.0,0.01,True,,0.054628259921525965,2407.5492244520055,5584.0,0.0,0.0,0.0,0.2643485990967125,698,False
1202172,6,O'Higgins,2407.5492244520055,REDPE_mid,7040.0,3611.3238366780083,2407.5492244520055,0.0,12,8.0,1.0,2.0,32.0,0.0,True,,0.0018005913809647001,2407.5492244520055,4832.0,0.0,0.0,0.0,8.450775547994073,604,False
1202172,6,O'Higgins,2407.5492244520055,REDPE_mid,7040.0,3611.3238366780083,2407.5492244520055,0.0,13,8.0,1.0,2.0,32.0,0.01,True,,0.09213077380080734,2407.5492244520055,6112.0,0.0,0.0,0.0,0.2997440193782539,764,False
1202172,6,O'Higgins,2407.5492244520055,REDPE_mid,7040.0,3611.3238366780083,2407.5492244520055,0.0,14,8.0,1.0,2.0,64.0,0.0,True,,0.0035051368355101574,2407.5492244520055,4848.0,0.0,0.0,0.0,16.45077554799411,606,False
1202172,6,O'Higgins,2407.5492244520055,REDPE_mid,7040.0,3611.3238366780083,2407.5492244520055,0.0,15,8.0,1.0,2.0,64.0,0.01,True,,0.1583105766738499,2406.961886098889,7040.0,0.5873383531170254,0.5873383531170254,0.0,0.0,880,False
1202172,6,O'Higgins,2407.5492244520055,REDPE_mid,7040.0,3611.3238366780083,2407.5492244520055,0.0,16,8.0,1.0,4.0,8.0,0.0,True,,0.07810204752838046,2285.0332738585566,4576.0,122.51595059344902,122.51595059344902,0.0,2.966726141443147,572,False
1202172,6,O'Higgins,2407.5492244520055,REDPE_mid,7040.0,3611.3238366780083,2407.5492244520055,0.0,17,8.0,1.0,4.0,8.0,0.01,True,,0.07972879823792284,2271.3225407098294,4984.0,136.22668374217602,136.22668374217602,0.0,0.09314189873181684,623,False
1202172,6,O'Higgins,2407.5492244520055,REDPE_mid,7040.0,3611.3238366780083,2407.5492244520055,0.0,18,8.0,1.0,4.0,16.0,0.0,True,,0.02956196633010718,2360.4638167675175,4736.0,47.08540768448796,47.08540768448796,0.0,7.536183232482079,592,False
1202172,6,O'Higgins,2407.5492244520055,REDPE_mid,7040.0,3611.3238366780083,2407.5492244520055,0.0,19,8.0,1.0,4.0,16.0,0.01,True,,0.07176118663229945,2345.6610938738872,5392.0,61.888130578118194,61.888130578118194,0.0,0.2790426399597544,674,False
1202172,6,O'Higgins,2407.5492244520055,REDPE_mid,7040.0,3611.3238366780083,2407.5492244520055,0.0,20,8.0,1.0,4.0,32.0,0.0,True,,0.01055412208464135,2389.9176226395375,4800.0,17.631601812468222,17.631601812468222,0.0,10.082377360462315,600,False
1202172,6,O'Higgins,2407.5492244520055,REDPE_mid,7040.0,3611.3238366780083,2407.5492244520055,0.0,21,8.0,1.0,4.0,32.0,0.01,True,,0.09307531385134199,2380.524489941723,5936.0,27.02473451028233,27.02473451028233,0.0,0.42572635892909444,742,False
1202172,6,O'Higgins,2407.5492244520055,REDPE_mid,7040.0,3611.3238366780083,2407.5492244520055,0.0,22,8.0,1.0,4.0,64.0,0.0,True,,0.007273092410776149,2397.9176226395375,4832.0,9.631601812468247,9.631601812468247,0.0,18.082377360462395,604,False
1202172,6,O'Higgins,2407.5492244520055,REDPE_mid,7040.0,3611.3238366780083,2407.5492244520055,0.0,23,8.0,1.0,4.0,64.0,0.01,True,,0.14390149345170056,2389.1637489502923,6712.0,18.385475501713195,18.385475501713195,0.0,0.5331481919625687,839,False
1202172,6,O'Higgins,2407.5492244520055,REDPE_mid,7040.0,3611.3238366780083,2407.5492244520055,0.0,24,8.0,2.0,1.0,8.0,0.0,True,,0.0009483186536919767,2407.5492244520055,4824.0,0.0,0.0,0.0,4.450775547994125,603,False
1202172,6,O'Higgins,2407.5492244520055,REDPE_mid,7040.0,3611.3238366780083,2407.5492244520055,0.0,25,8.0,2.0,1.0,8.0,0.01,True,,0.03188889221470409,2407.5492244520055,5264.0,0.0,0.0,0.0,0.09405128704474912,658,False
1202172,6,O'Higgins,2407.5492244520055,REDPE_mid,7040.0,3611.3238366780083,2407.5492244520055,0.0,26,8.0,2.0,1.0,16.0,0.0,True,,0.0009483186536919754,2407.5492244520055,4824.0,0.0,0.0,0.0,4.450775547994107,603,False
1202172,6,O'Higgins,2407.5492244520055,REDPE_mid,7040.0,3611.3238366780083,2407.5492244520055,0.0,27,8.0,2.0,1.0,16.0,0.01,True,,0.052355648360579585,2407.5492244520055,5552.0,0.0,0.0,0.0,0.26597782097167183,694,False
1202172,6,O'Higgins,2407.5492244520055,REDPE_mid,7040.0,3611.3238366780083,2407.5492244520055,0.0,28,8.0,2.0,1.0,32.0,0.0,True,,0.0018005913809647006,2407.5492244520055,4832.0,0.0,0.0,0.0,8.450775547994077,604,False
1202172,6,O'Higgins,2407.5492244520055,REDPE_mid,7040.0,3611.3238366780083,2407.5492244520055,0.0,29,8.0,2.0,1.0,32.0,0.01,True,,0.09043535401644293,2407.5492244520055,6088.0,0.0,0.0,0.0,0.42823345552750386,761,False
1202172,6,O'Higgins,2407.5492244520055,REDPE_mid,7040.0,3611.3238366780083,2407.5492244520055,0.0,30,8.0,2.0,1.0,64.0,0.0,True,,0.0035051368355101566,2407.5492244520055,4848.0,0.0,0.0,0.0,16.450775547994095,606,False
1202172,6,O'Higgins,2407.5492244520055,REDPE_mid,7040.0,3611.3238366780083,2407.5492244520055,0.0,31,8.0,2.0,1.0,64.0,0.01,True,,0.1580217770963135,2407.5492244520055,7040.0,0.0,0.0,0.0,0.045070420105148945,880,False
1202172,6,O'Higgins,2407.5492244520055,REDPE_mid,7040.0,3611.3238366780083,2407.5492244520055,0.0,32,8.0,2.0,2.0,8.0,0.0,True,,0.0009483186536919767,2407.5492244520055,4824.0,0.0,0.0,0.0,4.450775547994125,603,False
1202172,6,O'Higgins,2407.5492244520055,REDPE_mid,7040.0,3611.3238366780083,2407.5492244520055,0.0,33,8.0,2.0,2.0,8.0,0.01,True,,0.03188889221470409,2407.5492244520055,5264.0,0.0,0.0,0.0,0.09405128704474912,658,False
1202172,6,O'Higgins,2407.5492244520055,REDPE_mid,7040.0,3611.3238366780083,2407.5492244520055,0.0,34,8.0,2.0,2.0,16.0,0.0,True,,0.0009483186536919754,2407.5492244520055,4824.0,0.0,0.0,0.0,4.450775547994107,603,False
1202172,6,O'Higgins,2407.5492244520055,REDPE_mid,7040.0,3611.3238366780083,2407.5492244520055,0.0,35,8.0,2.0,2.0,16.0,0.01,True,,0.052355648360579585,2407.5492244520055,5552.0,0.0,0.0,0.0,0.26597782097167183,694,False
1202172,6,O'Higgins,2407.5492244520055,REDPE_mid,7040.0,3611.3238366780083,2407.5492244520055,0.0,36,8.0,2.0,2.0,32.0,0.0,True,,0.0018005913809647006,2407.5492244520055,4832.0,0.0,0.0,0.0,8.450775547994077,604,False
1202172,6,O'Higgins,2407.5492244520055,REDPE_mid,7040.0,3611.3238366780083,2407.5492244520055,0.0,37,8.0,2.0,2.0,32.0,0.01,True,,0.09043535401644293,2407.5492244520055,6088.0,0.0,0.0,0.0,0.42823345552750386,761,False
1202172,6,O'Higgins,2407.5492244520055,REDPE_mid,7040.0,3611.3238366780083,2407.5492244520055,0.0,38,8.0,2.0,2.0,64.0,0.0,True,,0.0035051368355101566,2407.5492244520055,4848.0,0.0,0.0,0.0,16.450775547994095,606,False
1202172,6,O'Higgins,2407.5492244520055,REDPE_mid,7040.0,3611.3238366780083,2407.5492244520055,0.0,39,8.0,2.0,2.0,64.0,0.01,True,,0.1580217770963135,2407.5492244520055,7040.0,0.0,0.0,0.0,0.045070420105148945,880,False
1202172,6,O'Higgins,2407.5492244520055,REDPE_mid,7040.0,3611.3238366780083,2407.5492244520055,0.0,40,8.0,2.0,4.0,8.0,0.0,True,,0.07810204752838046,2285.0332738585566,4576.0,122.51595059344902,122.51595059344902,0.0,2.9667261414431505,572,False
1202172,6,O'Higgins,2407.5492244520055,REDPE_mid,7040.0,3611.3238366780083,2407.5492244520055,0.0,41,8.0,2.0,4.0,8.0,0.01,True,,0.07472196545014559,2279.1074955973495,4968.0,128.44172885465633,128.44172885465633,0.0,0.09162045946768464,621,False
1202172,6,O'Higgins,2407.5492244520055,REDPE_mid,7040.0,3611.3238366780083,2407.5492244520055,0.0,42,8.0,2.0,4.0,16.0,0.0,True,,0.02956196633010718,2360.4638167675175,4736.0,47.08540768448796,47.08540768448796,0.0,7.536183232482081,592,False
1202172,6,O'Higgins,2407.5492244520055,REDPE_mid,7040.0,3611.3238366780083,2407.5492244520055,0.0,43,8.0,2.0,4.0,16.0,0.01,True,,0.06862720926823117,2350.820141941083,5384.0,56.72908251092268,56.72908251092268,0.0,0.26597782424778194,673,False
1202172,6,O'Higgins,2407.5492244520055,REDPE_mid,7040.0,3611.3238366780083,2407.5492244520055,0.0,44,8.0,2.0,4.0,32.0,0.0,True,,0.01055412208464135,2389.9176226395375,4800.0,17.631601812468226,17.631601812468226,0.0,10.082377360462305,600,False
1202172,6,O'Higgins,2407.5492244520055,REDPE_mid,7040.0,3611.3238366780083,2407.5492244520055,0.0,45,8.0,2.0,4.0,32.0,0.01,True,,0.09052918132159132,2383.360497529641,5920.0,24.188726922364282,24.188726922364282,0.0,0.42823345546673497,740,False
1202172,6,O'Higgins,2407.5492244520055,REDPE_mid,7040.0,3611.3238366780083,2407.5492244520055,0.0,46,8.0,2.0,4.0,64.0,0.0,True,,0.007273092410776143,2397.9176226395375,4832.0,9.63160181246823,9.63160181246823,0.0,18.082377360462374,604,False
1202172,6,O'Higgins,2407.5492244520055,REDPE_mid,7040.0,3611.3238366780083,2407.5492244520055,0.0,47,8.0,2.0,4.0,64.0,0.01,True,,0.1405143170982983,2390.2629491029143,6672.0,17.2862753490914,17.2862753490914,0.0,0.5361062044117809,834,False
1202172,6,O'Higgins,2407.5492244520055,REDPE_mid,7040.0,3611.3238366780083,2407.5492244520055,0.0,48,16.0,1.0,1.0,8.0,0.0,True,,0.11430059138096471,2407.5492244520055,5888.0,0.0,0.0,533.9004789673812,2.550296580612937,368,False
1202172,6,O'Higgins,2407.5492244520055,REDPE_mid,7040.0,3611.3238366780083,2407.5492244520055,0.0,49,16.0,1.0,1.0,8.0,0.01,True,,0.17951613746012315,2407.5492244520055,6720.0,0.0,0.0,622.4698334532167,0.21583088932849476,420,False
1202172,6,O'Higgins,2407.5492244520055,REDPE_mid,7040.0,3611.3238366780083,2407.5492244520055,0.0,50,16.0,1.0,1.0,16.0,0.0,True,,0.0018005913809647014,2407.5492244520055,4832.0,0.0,0.0,0.0,8.450775547994091,302,False
1202172,6,O'Higgins,2407.5492244520055,REDPE_mid,7040.0,3611.3238366780083,2407.5492244520055,0.0,51,16.0,1.0,1.0,16.0,0.01,True,,0.07167019272978133,2407.5492244520055,5824.0,0.0,0.0,0.0,0.21476253933213327,364,False
1202172,6,O'Higgins,2407.5492244520055,REDPE_mid,7040.0,3611.3238366780083,2407.5492244520055,0.0,52,16.0,1.0,1.0,32.0,0.0,True,,0.0018005913809647001,2407.5492244520055,4832.0,0.0,0.0,0.0,8.450775547994073,302,False
1202172,6,O'Higgins,2407.5492244520055,REDPE_mid,7040.0,3611.3238366780083,2407.5492244520055,0.0,53,16.0,1.0,1.0,32.0,0.01,True,,0.1126043319817188,2407.5492244520055,6400.0,0.0,0.0,0.0,0.5674432066119045,400,False
1202172,6,O'Higgins,2407.5492244520055,REDPE_mid,7040.0,3611.3238366780083,2407.5492244520055,0.0,54,16.0,1.0,1.0,64.0,0.0,True,,0.0035051368355101613,2407.5492244520055,4848.0,0.0,0.0,0.0,16.450775547994166,303,False
1202172,6,O'Higgins,2407.5492244520055,REDPE_mid,7040.0,3611.3238366780083,2407.5492244520055,0.0,55,16.0,1.0,1.0,64.0,0.01,True,,0.1721410064186339,2379.1429645550947,7040.0,28.40625989691101,28.40625989691101,0.0,0.0,440,False
1202172,6,O'Higgins,2407.5492244520055,REDPE_mid,7040.0,3611.3238366780083,2407.5492244520055,0.0,56,16.0,1.0,2.0,8.0,0.0,True,,0.11430059138096471,2407.5492244520055,5888.0,0.0,0.0,533.9004789673812,2.550296580612937,368,False
1202172,6,O'Higgins,2407.5492244520055,REDPE_mid,7040.0,3611.3238366780083,2407.5492244520055,0.0,57,16.0,1.0,2.0,8.0,0.01,True,,0.17951613746012315,2407.5492244520055,6720.0,0.0,0.0,622.4698334532167,0.21583088932849476,420,False
1202172,6,O'Higgins,2407.5492244520055,REDPE_mid,7040.0,3611.3238366780083,2407.5492244520055,0.0,58,16.0,1.0,2.0,16.0,0.0,True,,0.0018005913809647014,2407.5492244520055,4832.0,0.0,0.0,0.0,8.450775547994091,302,False
1202172,6,O'Higgins,2407.5492244520055,REDPE_mid,7040.0,3611.3238366780083,2407.5492244520055,0.0,59,16.0,1.0,2.0,16.0,0.01,True,,0.07167019272978133,2407.5492244520055,5824.0,0.0,0.0,0.0,0.21476253933213327,364,False
1202172,6,O'Higgins,2407.5492244520055,REDPE_mid,7040.0,3611.3238366780083,2407.5492244520055,0.0,60,16.0,1.0,2.0,32.0,0.0,True,,0.0018005913809647001,2407.5492244520055,4832.0,0.0,0.0,0.0,8.450775547994073,302,False
1202172,6,O'Higgins,2407.5492244520055,REDPE_mid,7040.0,3611.3238366780083,2407.5492244520055,0.0,61,16.0,1.0,2.0,32.0,0.01,True,,0.1126043319817188,2407.5492244520055,6400.0,0.0,0.0,0.0,0.5674432066119045,400,False
1202172,6,O'Higgins,2407.5492244520055,REDPE_mid,7040.0,3611.3238366780083,2407.5492244520055,0.0,62,16.0,1.0,2.0,64.0,0.0,True,,0.0035051368355101613,2407.5492244520055,4848.0,0.0,0.0,0.0,16.450775547994166,303,False
1202172,6,O'Higgins,2407.5492244520055,REDPE_mid,7040.0,3611.3238366780083,2407.5492244520055,0.0,63,16.0,1.0,2.0,64.0,0.01,True,,0.1721410064186339,2379.1429645550947,7040.0,28.40625989691101,28.40625989691101,0.0,0.0,440,False
1202172,6,O'Higgins,2407.5492244520055,REDPE_mid,7040.0,3611.3238366780083,2407.5492244520055,0.0,64,16.0,1.0,4.0,8.0,0.0,True,,0.11430059138096471,2407.5492244520055,5888.0,0.0,0.0,533.9004789673812,2.550296580612937,368,False
1202172,6,O'Higgins,2407.5492244520055,REDPE_mid,7040.0,3611.3238366780083,2407.5492244520055,0.0,65,16.0,1.0,4.0,8.0,0.01,True,,0.17951613746012315,2407.5492244520055,6720.0,0.0,0.0,622.4698334532167,0.21583088932849476,420,False
1202172,6,O'Higgins,2407.5492244520055,REDPE_mid,7040.0,3611.3238366780083,2407.5492244520055,0.0,66,16.0,1.0,4.0,16.0,0.0,True,,0.0018005913809647014,2407.5492244520055,4832.0,0.0,0.0,0.0,8.450775547994091,302,False
1202172,6,O'Higgins,2407.5492244520055,REDPE_mid,7040.0,3611.3238366780083,2407.5492244520055,0.0,67,16.0,1.0,4.0,16.0,0.01,True,,0.07167019272978133,2407.5492244520055,5824.0,0.0,0.0,0.0,0.21476253933213327,364,False
1202172,6,O'Higgins,2407.5492244520055,REDPE_mid,7040.0,3611.3238366780083,2407.5492244520055,0.0,68,16.0,1.0,4.0,32.0,0.0,True,,0.0018005913809647001,2407.5492244520055,4832.0,0.0,0.0,0.0,8.450775547994073,302,False
1202172,6,O'Higgins,2407.5492244520055,REDPE_mid,7040.0,3611.3238366780083,2407.5492244520055,0.0,69,16.0,1.0,4.0,32.0,0.01,True,,0.1126043319817188,2407.5492244520055,6400.0,0.0,0.0,0.0,0.5674432066119045,400,False
1202172,6,O'Higgins,2407.5492244520055,REDPE_mid,7040.0,3611.3238366780083,2407.5492244520055,0.0,70,16.0,1.0,4.0,64.0,0.0,True,,0.0035051368355101613,2407.5492244520055,4848.0,0.0,0.0,0.0,16.450775547994166,303,False
1202172,6,O'Higgins,2407.5492244520055,REDPE_mid,7040.0,3611.3238366780083,2407.5492244520055,0.0,71,16.0,1.0,4.0,64.0,0.01,True,,0.17214100641863367,2379.142964555095,7040.0,28.406259896910612,28.406259896910612,0.0,0.0,440,False
1202172,6,O'Higgins,2407.5492244520055,REDPE_mid,7040.0,3611.3238366780083,2407.5492244520055,0.0,72,16.0,2.0,1.0,8.0,0.0,True,,0.04441422774460107,2407.5492244520055,5232.0,0.0,0.0,201.88483687299043,6.565938675003682,327,False
1202172,6,O'Higgins,2407.5492244520055,REDPE_mid,7040.0,3611.3238366780083,2407.5492244520055,0.0,73,16.0,2.0,1.0,8.0,0.01,True,,0.09889983050652801,2407.5492244520055,5968.0,0.0,0.0,239.446199435902,0.16186300002344983,373,False
1202172,6,O'Higgins,2407.5492244520055,REDPE_mid,7040.0,3611.3238366780083,2407.5492244520055,0.0,74,16.0,2.0,1.0,16.0,0.0,True,,0.001800591380964701,2407.5492244520055,4832.0,0.0,0.0,0.0,8.450775547994084,302,False
1202172,6,O'Higgins,2407.5492244520055,REDPE_mid,7040.0,3611.3238366780083,2407.5492244520055,0.0,75,16.0,2.0,1.0,16.0,0.01,True,,0.07053540237133088,2407.5492244520055,5808.0,0.0,0.0,0.0,0.23691429234987885,363,False
1202172,6,O'Higgins,2407.5492244520055,REDPE_mid,7040.0,3611.3238366780083,2407.5492244520055,0.0,76,16.0,2.0,1.0,32.0,0.0,True,,0.0018005913809647001,2407.5492244520055,4832.0,0.0,0.0,0.0,8.450775547994073,302,False
1202172,6,O'Higgins,2407.5492244520055,REDPE_mid,7040.0,3611.3238366780083,2407.5492244520055,0.0,77,16.0,2.0,1.0,32.0,0.01,True,,0.11146823201818004,2407.5492244520055,6384.0,0.0,0.0,0.0,0.5711557199859357,399,False
1202172,6,O'Higgins,2407.5492244520055,REDPE_mid,7040.0,3611.3238366780083,2407.5492244520055,0.0,78,16.0,2.0,1.0,64.0,0.0,True,,0.0035051368355101613,2407.5492244520055,4848.0,0.0,0.0,0.0,16.450775547994166,303,False
1202172,6,O'Higgins,2407.5492244520055,REDPE_mid,7040.0,3611.3238366780083,2407.5492244520055,0.0,79,16.0,2.0,1.0,64.0,0.01,True,,0.17145300152370896,2380.5268372580294,7040.0,27.022387193976307,27.022387193976307,0.0,0.0,440,False
1202172,6,O'Higgins,2407.5492244520055,REDPE_mid,7040.0,3611.3238366780083,2407.5492244520055,0.0,80,16.0,2.0,2.0,8.0,0.0,True,,0.04441422774460107,2407.5492244520055,5232.0,0.0,0.0,201.88483687299043,6.565938675003682,327,False
1202172,6,O'Higgins,2407.5492244520055,REDPE_mid,7040.0,3611.3238366780083,2407.5492244520055,0.0,81,16.0,2.0,2.0,8.0,0.01,True,,0.09889983050652801,2407.5492244520055,5968.0,0.0,0.0,239.446199435902,0.16186300002344983,373,False
1202172,6,O'Higgins,2407.5492244520055,REDPE_mid,7040.0,3611.3238366780083,2407.5492244520055,0.0,82,16.0,2.0,2.0,16.0,0.0,True,,0.001800591380964701,2407.5492244520055,4832.0,0.0,0.0,0.0,8.450775547994084,302,False
1202172,6,O'Higgins,2407.5492244520055,REDPE_mid,7040.0,3611.3238366780083,2407.5492244520055,0.0,83,16.0,2.0,2.0,16.0,0.01,True,,0.07053540237133088,2407.5492244520055,5808.0,0.0,0.0,0.0,0.23691429234987885,363,False
1202172,6,O'Higgins,2407.5492244520055,REDPE_mid,7040.0,3611.3238366780083,2407.5492244520055,0.0,84,16.0,2.0,2.0,32.0,0.0,True,,0.0018005913809647001,2407.5492244520055,4832.0,0.0,0.0,0.0,8.450775547994073,302,False
1202172,6,O'Higgins,2407.5492244520055,REDPE_mid,7040.0,3611.3238366780083,2407.5492244520055,0.0,85,16.0,2.0,2.0,32.0,0.01,True,,0.11146823201818004,2407.5492244520055,6384.0,0.0,0.0,0.0,0.5711557199859357,399,False
1202172,6,O'Higgins,2407.5492244520055,REDPE_mid,7040.0,3611.3238366780083,2407.5492244520055,0.0,86,16.0,2.0,2.0,64.0,0.0,True,,0.0035051368355101613,2407.5492244520055,4848.0,0.0,0.0,0.0,16.450775547994166,303,False
1202172,6,O'Higgins,2407.5492244520055,REDPE_mid,7040.0,3611.3238366780083,2407.5492244520055,0.0,87,16.0,2.0,2.0,64.0,0.01,True,,0.17145300152370896,2380.5268372580294,7040.0,27.022387193976307,27.022387193976307,0.0,0.0,440,False
1202172,6,O'Higgins,2407.5492244520055,REDPE_mid,7040.0,3611.3238366780083,2407.5492244520055,0.0,88,16.0,2.0,4.0,8.0,0.0,True,,0.04441422774460107,2407.5492244520055,5232.0,0.0,0.0,201.88483687299043,6.565938675003682,327,False
1202172,6,O'Higgins,2407.5492244520055,REDPE_mid,7040.0,3611.3238366780083,2407.5492244520055,0.0,89,16.0,2.0,4.0,8.0,0.01,True,,0.09889983050652801,2407.5492244520055,5968.0,0.0,0.0,239.446199435902,0.16186300002344983,373,False
1202172,6,O'Higgins,2407.5492244520055,REDPE_mid,7040.0,3611.3238366780083,2407.5492244520055,0.0,90,16.0,2.0,4.0,16.0,0.0,True,,0.001800591380964701,2407.5492244520055,4832.0,0.0,0.0,0.0,8.450775547994084,302,False
1202172,6,O'Higgins,2407.5492244520055,REDPE_mid,7040.0,3611.3238366780083,2407.5492244520055,0.0,91,16.0,2.0,4.0,16.0,0.01,True,,0.07053540237133088,2407.5492244520055,5808.0,0.0,0.0,0.0,0.23691429234987885,363,False
1202172,6,O'Higgins,2407.5492244520055,REDPE_mid,7040.0,3611.3238366780083,2407.5492244520055,0.0,92,16.0,2.0,4.0,32.0,0.0,True,,0.0018005913809647001,2407.5492244520055,4832.0,0.0,0.0,0.0,8.450775547994073,302,False
1202172,6,O'Higgins,2407.5492244520055,REDPE_mid,7040.0,3611.3238366780083,2407.5492244520055,0.0,93,16.0,2.0,4.0,32.0,0.01,True,,0.11146823201818004,2407.5492244520055,6384.0,0.0,0.0,0.0,0.5711557199859357,399,False
1202172,6,O'Higgins,2407.5492244520055,REDPE_mid,7040.0,3611.3238366780083,2407.5492244520055,0.0,94,16.0,2.0,4.0,64.0,0.0,True,,0.0035051368355101613,2407.5492244520055,4848.0,0.0,0.0,0.0,16.450775547994166,303,False
1202172,6,O'Higgins,2407.5492244520055,REDPE_mid,7040.0,3611.3238366780083,2407.5492244520055,0.0,95,16.0,2.0,4.0,64.0,0.01,True,,0.17145300152370896,2380.5268372580294,7040.0,27.022387193976307,27.022387193976307,0.0,0.0,440,False
1202172,6,O'Higgins,2407.5492244520055,REDPE_mid,7040.0,3611.3238366780083,2407.5492244520055,0.0,96,32.0,1.0,1.0,8.0,0.0,True,,0.7840623123479731,1444.768595550071,7040.0,962.780628901935,962.780628901935,2075.231404449929,0.0,220,False
1202172,6,O'Higgins,2407.5492244520055,REDPE_mid,7040.0,3611.3238366780083,2407.5492244520055,0.0,97,32.0,1.0,1.0,8.0,0.01,True,,0.866035883051513,1280.6975597713993,7040.0,1126.8516646806065,1126.8516646806065,2080.922029505071,0.0,220,False
1202172,6,O'Higgins,2407.5492244520055,REDPE_mid,7040.0,3611.3238366780083,2407.5492244520055,0.0,98,32.0,1.0,1.0,16.0,0.0,True,,0.1449824095627829,2407.5492244520055,6176.0,0.0,0.0,668.2613807929296,12.189394755064521,193,False
1202172,6,O'Higgins,2407.5492244520055,REDPE_mid,7040.0,3611.3238366780083,2407.5492244520055,0.0,99,32.0,1.0,1.0,16.0,0.01,True,,0.28061279439017545,2268.4511895587448,7040.0,139.09803489326086,139.09803489326086,752.4403496648558,0.0,220,False
1202172,6,O'Higgins,2407.5492244520055,REDPE_mid,7040.0,3611.3238366780083,2407.5492244520055,0.0,100,32.0,1.0,1.0,32.0,0.0,True,,0.0018005913809647054,2407.5492244520055,4832.0,0.0,0.0,0.0,8.450775547994146,151,False
1202172,6,O'Higgins,2407.5492244520055,REDPE_mid,7040.0,3611.3238366780083,2407.5492244520055,0.0,101,32.0,1.0,1.0,32.0,0.01,True,,0.14897359485416425,2407.5492244520055,6912.0,0.0,0.0,0.0,0.6466644506437441,216,False
1202172,6,O'Higgins,2407.5492244520055,REDPE_mid,7040.0,3611.3238366780083,2407.5492244520055,0.0,102,32.0,1.0,1.0,64.0,0.0,True,,0.005209682290055615,2407.5492244520055,4864.0,0.0,0.0,0.0,24.45077554799415,152,False
1202172,6,O'Higgins,2407.5492244520055,REDPE_mid,7040.0,3611.3238366780083,2407.5492244520055,0.0,103,32.0,1.0,1.0,64.0,0.01,True,,0.21288049017830563,2297.198402935641,7040.0,110.35082151636519,110.35082151636519,0.0,0.0,220,False
1202172,6,O'Higgins,2407.5492244520055,REDPE_mid,7040.0,3611.3238366780083,2407.5492244520055,0.0,104,32.0,1.0,2.0,8.0,0.0,True,,0.7840623123479731,1444.768595550071,7040.0,962.780628901935,962.780628901935,2075.231404449929,0.0,220,False
1202172,6,O'Higgins,2407.5492244520055,REDPE_mid,7040.0,3611.3238366780083,2407.5492244520055,0.0,105,32.0,1.0,2.0,8.0,0.01,True,,0.866035883051513,1280.6975597713993,7040.0,1126.8516646806065,1126.8516646806065,2080.922029505071,0.0,220,False
1202172,6,O'Higgins,2407.5492244520055,REDPE_mid,7040.0,3611.3238366780083,2407.5492244520055,0.0,106,32.0,1.0,2.0,16.0,0.0,True,,0.1449824095627829,2407.5492244520055,6176.0,0.0,0.0,668.2613807929296,12.189394755064521,193,False
1202172,6,O'Higgins,2407.5492244520055,REDPE_mid,7040.0,3611.3238366780083,2407.5492244520055,0.0,107,32.0,1.0,2.0,16.0,0.01,True,,0.28061279439017545,2268.4511895587448,7040.0,139.09803489326086,139.09803489326086,752.4403496648558,0.0,220,False
1202172,6,O'Higgins,2407.5492244520055,REDPE_mid,7040.0,3611.3238366780083,2407.5492244520055,0.0,108,32.0,1.0,2.0,32.0,0.0,True,,0.0018005913809647054,2407.5492244520055,4832.0,0.0,0.0,0.0,8.450775547994146,151,False
1202172,6,O'Higgins,2407.5492244520055,REDPE_mid,7040.0,3611.3238366780083,2407.5492244520055,0.0,109,32.0,1.0,2.0,32.0,0.01,True,,0.14897359485416425,2407.5492244520055,6912.0,0.0,0.0,0.0,0.6466644506437441,216,False
1202172,6,O'Higgins,2407.5492244520055,REDPE_mid,7040.0,3611.3238366780083,2407.5492244520055,0.0,110,32.0,1.0,2.0,64.0,0.0,True,,0.005209682290055615,2407.5492244520055,4864.0,0.0,0.0,0.0,24.45077554799415,152,False
1202172,6,O'Higgins,2407.5492244520055,REDPE_mid,7040.0,3611.3238366780083,2407.5492244520055,0.0,111,32.0,1.0,2.0,64.0,0.01,True,,0.21288049017830563,2297.198402935641,7040.0,110.35082151636519,110.35082151636519,0.0,0.0,220,False
1202172,6,O'Higgins,2407.5492244520055,REDPE_mid,7040.0,3611.3238366780083,2407.5492244520055,0.0,112,32.0,1.0,4.0,8.0,0.0,True,,0.7840623123479731,1444.768595550071,7040.0,962.780628901935,962.780628901935,2075.231404449929,0.0,220,False
1202172,6,O'Higgins,2407.5492244520055,REDPE_mid,7040.0,3611.3238366780083,2407.5492244520055,0.0,113,32.0,1.0,4.0,8.0,0.01,True,,0.866035883051513,1280.6975597713993,7040.0,1126.8516646806065,1126.8516646806065,2080.922029505071,0.0,220,False
1202172,6,O'Higgins,2407.5492244520055,REDPE_mid,7040.0,3611.3238366780083,2407.5492244520055,0.0,114,32.0,1.0,4.0,16.0,0.0,True,,0.1449824095627829,2407.5492244520055,6176.0,0.0,0.0,668.2613807929296,12.189394755064521,193,False
1202172,6,O'Higgins,2407.5492244520055,REDPE_mid,7040.0,3611.3238366780083,2407.5492244520055,0.0,115,32.0,1.0,4.0,16.0,0.01,True,,0.28061279439017545,2268.4511895587448,7040.0,139.09803489326086,139.09803489326086,752.4403496648558,0.0,220,False
1202172,6,O'Higgins,2407.5492244520055,REDPE_mid,7040.0,3611.3238366780083,2407.5492244520055,0.0,116,32.0,1.0,4.0,32.0,0.0,True,,0.0018005913809647054,2407.5492244520055,4832.0,0.0,0.0,0.0,8.450775547994146,151,False
1202172,6,O'Higgins,2407.5492244520055,REDPE_mid,7040.0,3611.3238366780083,2407.5492244520055,0.0,117,32.0,1.0,4.0,32.0,0.01,True,,0.14897359485416425,2407.5492244520055,6912.0,0.0,0.0,0.0,0.6466644506437441,216,False
1202172,6,O'Higgins,2407.5492244520055,REDPE_mid,7040.0,3611.3238366780083,2407.5492244520055,0.0,118,32.0,1.0,4.0,64.0,0.0,True,,0.005209682290055615,2407.5492244520055,4864.0,0.0,0.0,0.0,24.45077554799415,152,False
1202172,6,O'Higgins,2407.5492244520055,REDPE_mid,7040.0,3611.3238366780083,2407.5492244520055,0.0,119,32.0,1.0,4.0,64.0,0.01,True,,0.21288049017830563,2297.198402935641,7040.0,110.35082151636519,110.35082151636519,0.0,0.0,220,False
1202172,6,O'Higgins,2407.5492244520055,REDPE_mid,7040.0,3611.3238366780083,2407.5492244520055,0.0,120,32.0,2.0,1.0,8.0,0.0,True,,0.6666003420309626,1651.5016633080095,7040.0,756.0475611439965,756.0475611439965,1868.4983366919905,0.0,220,False
1202172,6,O'Higgins,2407.5492244520055,REDPE_mid,7040.0,3611.3238366780083,2407.5492244520055,0.0,121,32.0,2.0,1.0,8.0,0.01,True,,0.7555761444365454,1472.0582045466774,7040.0,935.4910199053285,935.4910199053285,1865.173423233272,0.0,220,False
1202172,6,O'Higgins,2407.5492244520055,REDPE_mid,7040.0,3611.3238366780083,2407.5492244520055,0.0,122,32.0,2.0,1.0,16.0,0.0,True,,0.09725513683551014,2407.5492244520055,5728.0,0.0,0.0,448.36447229651446,8.086303251479652,179,False
1202172,6,O'Higgins,2407.5492244520055,REDPE_mid,7040.0,3611.3238366780083,2407.5492244520055,0.0,123,32.0,2.0,1.0,16.0,0.01,True,,0.2083381449578823,2383.7163515638463,7040.0,23.832872888159425,23.832872888159425,541.6694196938786,0.0,220,False
1202172,6,O'Higgins,2407.5492244520055,REDPE_mid,7040.0,3611.3238366780083,2407.5492244520055,0.0,124,32.0,2.0,1.0,32.0,0.0,True,,0.0018005913809647034,2407.5492244520055,4832.0,0.0,0.0,0.0,8.450775547994118,151,False
1202172,6,O'Higgins,2407.5492244520055,REDPE_mid,7040.0,3611.3238366780083,2407.5492244520055,0.0,125,32.0,2.0,1.0,32.0,0.01,True,,0.146701347401472,2407.5492244520055,6880.0,0.0,0.0,0.0,0.6534203167366671,215,False
1202172,6,O'Higgins,2407.5492244520055,REDPE_mid,7040.0,3611.3238366780083,2407.5492244520055,0.0,126,32.0,2.0,1.0,64.0,0.0,True,,0.005209682290055615,2407.5492244520055,4864.0,0.0,0.0,0.0,24.45077554799415,152,False
1202172,6,O'Higgins,2407.5492244520055,REDPE_mid,7040.0,3611.3238366780083,2407.5492244520055,0.0,127,32.0,2.0,1.0,64.0,0.01,True,,0.2083130316383318,2306.3855195417595,7040.0,101.16370491024624,101.16370491024624,0.0,0.0,220,False
1202172,6,O'Higgins,2407.5492244520055,REDPE_mid,7040.0,3611.3238366780083,2407.5492244520055,0.0,128,32.0,2.0,2.0,8.0,0.0,True,,0.6666003420309626,1651.5016633080095,7040.0,756.0475611439965,756.0475611439965,1868.4983366919905,0.0,220,False
1202172,6,O'Higgins,2407.5492244520055,REDPE_mid,7040.0,3611.3238366780083,2407.5492244520055,0.0,129,32.0,2.0,2.0,8.0,0.01,True,,0.7555761444365454,1472.0582045466774,7040.0,935.4910199053285,935.4910199053285,1865.173423233272,0.0,220,False
1202172,6,O'Higgins,2407.5492244520055,REDPE_mid,7040.0,3611.3238366780083,2407.5492244520055,0.0,130,32.0,2.0,2.0,16.0,0.0,True,,0.09725513683551014,2407.5492244520055,5728.0,0.0,0.0,448.36447229651446,8.086303251479652,179,False
1202172,6,O'Higgins,2407.5492244520055,REDPE_mid,7040.0,3611.3238366780083,2407.5492244520055,0.0,131,32.0,2.0,2.0,16.0,0.01,True,,0.2083381449578823,2383.7163515638463,7040.0,23.832872888159425,23.832872888159425,541.6694196938786,0.0,220,False
1202172,6,O'Higgins,2407.5492244520055,REDPE_mid,7040.0,3611.3238366780083,2407.5492244520055,0.0,132,32.0,2.0,2.0,32.0,0.0,True,,0.0018005913809647034,2407.5492244520055,4832.0,0.0,0.0,0.0,8.450775547994118,151,False
1202172,6,O'Higgins,2407.5492244520055,REDPE_mid,7040.0,3611.3238366780083,2407.5492244520055,0.0,133,32.0,2.0,2.0,32.0,0.01,True,,0.146701347401472,2407.5492244520055,6880.0,0.0,0.0,0.0,0.6534203167366671,215,False
1202172,6,O'Higgins,2407.5492244520055,REDPE_mid,7040.0,3611.3238366780083,2407.5492244520055,0.0,134,32.0,2.0,2.0,64.0,0.0,True,,0.005209682290055615,2407.5492244520055,4864.0,0.0,0.0,0.0,24.45077554799415,152,False
1202172,6,O'Higgins,2407.5492244520055,REDPE_mid,7040.0,3611.3238366780083,2407.5492244520055,0.0,135,32.0,2.0,2.0,64.0,0.01,True,,0.2083130316383318,2306.3855195417595,7040.0,101.16370491024624,101.16370491024624,0.0,0.0,220,False
1202172,6,O'Higgins,2407.5492244520055,REDPE_mid,7040.0,3611.3238366780083,2407.5492244520055,0.0,136,32.0,2.0,4.0,8.0,0.0,True,,0.6666003420309626,1651.5016633080095,7040.0,756.0475611439965,756.0475611439965,1868.4983366919905,0.0,220,False
1202172,6,O'Higgins,2407.5492244520055,REDPE_mid,7040.0,3611.3238366780083,2407.5492244520055,0.0,137,32.0,2.0,4.0,8.0,0.01,True,,0.7555761444365454,1472.0582045466774,7040.0,935.4910199053285,935.4910199053285,1865.173423233272,0.0,220,False
1202172,6,O'Higgins,2407.5492244520055,REDPE_mid,7040.0,3611.3238366780083,2407.5492244520055,0.0,138,32.0,2.0,4.0,16.0,0.0,True,,0.09725513683551014,2407.5492244520055,5728.0,0.0,0.0,448.36447229651446,8.086303251479652,179,False
1202172,6,O'Higgins,2407.5492244520055,REDPE_mid,7040.0,3611.3238366780083,2407.5492244520055,0.0,139,32.0,2.0,4.0,16.0,0.01,True,,0.2083381449578823,2383.7163515638463,7040.0,23.832872888159425,23.832872888159425,541.6694196938786,0.0,220,False
1202172,6,O'Higgins,2407.5492244520055,REDPE_mid,7040.0,3611.3238366780083,2407.5492244520055,0.0,140,32.0,2.0,4.0,32.0,0.0,True,,0.0018005913809647034,2407.5492244520055,4832.0,0.0,0.0,0.0,8.450775547994118,151,False
1202172,6,O'Higgins,2407.5492244520055,REDPE_mid,7040.0,3611.3238366780083,2407.5492244520055,0.0,141,32.0,2.0,4.0,32.0,0.01,True,,0.146701347401472,2407.5492244520055,6880.0,0.0,0.0,0.0,0.6534203167366671,215,False
1202172,6,O'Higgins,2407.5492244520055,REDPE_mid,7040.0,3611.3238366780083,2407.5492244520055,0.0,142,32.0,2.0,4.0,64.0,0.0,True,,0.005209682290055615,2407.5492244520055,4864.0,0.0,0.0,0.0,24.45077554799415,152,False
1202172,6,O'Higgins,2407.5492244520055,REDPE_mid,7040.0,3611.3238366780083,2407.5492244520055,0.0,143,32.0,2.0,4.0,64.0,0.01,True,,0.2083130316383318,2306.3855195417595,7040.0,101.16370491024624,101.16370491024624,0.0,0.0,220,False
1440031,7,Maule,2842.608336027233,REDPE_mid,9980.0,4263.912504040849,2842.608336027233,0.0,0,8.0,1.0,1.0,8.0,0.0,True,,0.0008103703365882445,2842.608336027233,5696.0,0.0,0.0,0.0,5.391663972766923,712,False
1440031,7,Maule,2842.608336027233,REDPE_mid,9980.0,4263.912504040849,2842.608336027233,0.0,1,8.0,1.0,1.0,8.0,0.01,True,,0.02627370418418666,2842.608336027233,6208.0,0.0,0.0,0.0,1.639807570831294,776,False
1440031,7,Maule,2842.608336027233,REDPE_mid,9980.0,4263.912504040849,2842.608336027233,0.0,2,8.0,1.0,1.0,16.0,0.0,True,,0.0008103703365882444,2842.608336027233,5696.0,0.0,0.0,0.0,5.3916639727669216,712,True
1440031,7,Maule,2842.608336027233,REDPE_mid,9980.0,4263.912504040849,2842.608336027233,0.0,3,8.0,1.0,1.0,16.0,0.01,True,,0.04029780518381951,2842.608336027233,6488.0,0.0,0.0,0.0,1.560863523502833,811,False
1440031,7,Maule,2842.608336027233,REDPE_mid,9980.0,4263.912504040849,2842.608336027233,0.0,4,8.0,1.0,1.0,32.0,0.0,True,,0.0014115727413978663,2842.608336027233,5704.0,0.0,0.0,0.0,9.391663972766974,713,False
1440031,7,Maule,2842.608336027233,REDPE_mid,9980.0,4263.912504040849,2842.608336027233,0.0,5,8.0,1.0,1.0,32.0,0.01,True,,0.06917370157708605,2842.608336027233,7064.0,0.0,0.0,0.0,1.9237555331030656,883,False
1440031,7,Maule,2842.608336027233,REDPE_mid,9980.0,4263.912504040849,2842.608336027233,0.0,6,8.0,1.0,1.0,64.0,0.0,True,,0.0026139775510171047,2842.608336027233,5720.0,0.0,0.0,0.0,17.391663972766974,715,False
1440031,7,Maule,2842.608336027233,REDPE_mid,9980.0,4263.912504040849,2842.608336027233,0.0,7,8.0,1.0,1.0,64.0,0.01,True,,0.12450824300783096,2842.608336027233,8168.0,0.0,0.0,0.0,2.4012024907717633,1021,False
1440031,7,Maule,2842.608336027233,REDPE_mid,9980.0,4263.912504040849,2842.608336027233,0.0,8,8.0,1.0,2.0,8.0,0.0,True,,0.0008103703365882445,2842.608336027233,5696.0,0.0,0.0,0.0,5.391663972766923,712,False
1440031,7,Maule,2842.608336027233,REDPE_mid,9980.0,4263.912504040849,2842.608336027233,0.0,9,8.0,1.0,2.0,8.0,0.01,True,,0.02627370418418666,2842.608336027233,6208.0,0.0,0.0,0.0,1.639807570831294,776,False
1440031,7,Maule,2842.608336027233,REDPE_mid,9980.0,4263.912504040849,2842.608336027233,0.0,10,8.0,1.0,2.0,16.0,0.0,True,,0.0008103703365882444,2842.608336027233,5696.0,0.0,0.0,0.0,5.3916639727669216,712,False
1440031,7,Maule,2842.608336027233,REDPE_mid,9980.0,4263.912504040849,2842.608336027233,0.0,11,8.0,1.0,2.0,16.0,0.01,True,,0.03989700358061309,2842.608336027233,6480.0,0.0,0.0,0.0,1.560863523502833,810,False
1440031,7,Maule,2842.608336027233,REDPE_mid,9980.0,4263.912504040849,2842.608336027233,0.0,12,8.0,1.0,2.0,32.0,0.0,True,,0.0014115727413978663,2842.608336027233,5704.0,0.0,0.0,0.0,9.391663972766974,713,False
1440031,7,Maule,2842.608336027233,REDPE_mid,9980.0,4263.912504040849,2842.608336027233,0.0,13,8.0,1.0,2.0,32.0,0.01,True,,0.06837330501906844,2842.608336027233,7048.0,0.0,0.0,0.0,1.947840235071642,881,False
1440031,7,Maule,2842.608336027233,REDPE_mid,9980.0,4263.912504040849,2842.608336027233,0.0,14,8.0,1.0,2.0,64.0,0.0,True,,0.0026139775510171047,2842.608336027233,5720.0,0.0,0.0,0.0,17.391663972766974,715,False
1440031,7,Maule,2842.608336027233,REDPE_mid,9980.0,4263.912504040849,2842.608336027233,0.0,15,8.0,1.0,2.0,64.0,0.01,True,,0.12169203395757863,2842.608336027233,8112.0,0.0,0.0,0.0,2.189669847734896,1014,False
1440031,7,Maule,2842.608336027233,REDPE_mid,9980.0,4263.912504040849,2842.608336027233,0.0,16,8.0,1.0,4.0,8.0,0.0,True,,0.0759079767757638,2674.043975975106,5352.0,168.5643600521266,168.5643600521266,0.0,1.9560240248935667,669,False
1440031,7,Maule,2842.608336027233,REDPE_mid,9980.0,4263.912504040849,2842.608336027233,0.0,17,8.0,1.0,4.0,8.0,0.01,True,,0.07019422880889283,2659.0863829544983,5800.0,183.52195307273496,183.52195307273496,0.0,1.6398075708232895,725,False
1440031,7,Maule,2842.608336027233,REDPE_mid,9980.0,4263.912504040849,2842.608336027233,0.0,18,8.0,1.0,4.0,16.0,0.0,True,,0.030190928427929798,2775.108011602952,5560.0,67.50032442428083,67.50032442428083,0.0,4.891988397047766,695,False
1440031,7,Maule,2842.608336027233,REDPE_mid,9980.0,4263.912504040849,2842.608336027233,0.0,19,8.0,1.0,4.0,16.0,0.01,True,,0.057917453853402696,2754.652880677967,6224.0,87.95545534926585,87.95545534926585,0.0,1.5608635235227224,778,False
1440031,7,Maule,2842.608336027233,REDPE_mid,9980.0,4263.912504040849,2842.608336027233,0.0,20,8.0,1.0,4.0,32.0,0.0,True,,0.01578340840351457,2806.554774063868,5632.0,36.05356196336488,36.05356196336488,0.0,9.445225936131834,704,False
1440031,7,Maule,2842.608336027233,REDPE_mid,9980.0,4263.912504040849,2842.608336027233,0.0,21,8.0,1.0,4.0,32.0,0.01,True,,0.07441518054431567,2788.8089309580937,6792.0,53.799405069139596,53.799405069139596,0.0,1.947840235031056,849,False
1440031,7,Maule,2842.608336027233,REDPE_mid,9980.0,4263.912504040849,2842.608336027233,0.0,22,8.0,1.0,4.0,64.0,0.0,True,,0.007731757808308855,2823.6436422989063,5680.0,18.964693728326623,18.964693728326623,0.0,16.35635770109358,710,False
1440031,7,Maule,2842.608336027233,REDPE_mid,9980.0,4263.912504040849,2842.608336027233,0.0,23,8.0,1.0,4.0,64.0,0.01,True,,0.10777338040025644,2809.1511871059665,7600.0,33.4571489212664,33.4571489212664,0.0,2.173302394719912,950,False
1440031,7,Maule,2842.608336027233,REDPE_mid,9980.0,4263.912504040849,2842.608336027233,0.0,24,8.0,2.0,1.0,8.0,0.0,True,,0.0008103703365882445,2842.608336027233,5696.0,0.0,0.0,0.0,5.391663972766923,712,False
1440031,7,Maule,2842.608336027233,REDPE_mid,9980.0,4263.912504040849,2842.608336027233,0.0,25,8.0,2.0,1.0,8.0,0.01,True,,0.024266113292982117,2842.608336027233,6168.0,0.0,0.0,0.0,1.5682933823885916,771,False
1440031,7,Maule,2842.608336027233,REDPE_mid,9980.0,4263.912504040849,2842.608336027233,0.0,26,8.0,2.0,1.0,16.0,0.0,True,,0.0008103703365882444,2842.608336027233,5696.0,0.0,0.0,0.0,5.3916639727669216,712,False
1440031,7,Maule,2842.608336027233,REDPE_mid,9980.0,4263.912504040849,2842.608336027233,0.0,27,8.0,2.0,1.0,16.0,0.01,True,,0.038303379038131254,2842.608336027233,6448.0,0.0,0.0,0.0,1.7521176555652989,806,False
1440031,7,Maule,2842.608336027233,REDPE_mid,9980.0,4263.912504040849,2842.608336027233,0.0,28,8.0,2.0,1.0,32.0,0.0,True,,0.001411572741397866,2842.608336027233,5704.0,0.0,0.0,0.0,9.39166397276697,713,False
1440031,7,Maule,2842.608336027233,REDPE_mid,9980.0,4263.912504040849,2842.608336027233,0.0,29,8.0,2.0,1.0,32.0,0.01,True,,0.06677062112729273,2842.608336027233,7016.0,0.0,0.0,0.0,1.9582697552285142,877,False
1440031,7,Maule,2842.608336027233,REDPE_mid,9980.0,4263.912504040849,2842.608336027233,0.0,30,8.0,2.0,1.0,64.0,0.0,True,,0.0026139775510171043,2842.608336027233,5720.0,0.0,0.0,0.0,17.39166397276696,715,False
1440031,7,Maule,2842.608336027233,REDPE_mid,9980.0,4263.912504040849,2842.608336027233,0.0,31,8.0,2.0,1.0,64.0,0.01,True,,0.11928780498757287,2842.608336027233,8064.0,0.0,0.0,0.0,2.2012596064200323,1008,False
1440031,7,Maule,2842.608336027233,REDPE_mid,9980.0,4263.912504040849,2842.608336027233,0.0,32,8.0,2.0,2.0,8.0,0.0,True,,0.0008103703365882445,2842.608336027233,5696.0,0.0,0.0,0.0,5.391663972766923,712,False
1440031,7,Maule,2842.608336027233,REDPE_mid,9980.0,4263.912504040849,2842.608336027233,0.0,33,8.0,2.0,2.0,8.0,0.01,True,,0.024266113292982117,2842.608336027233,6168.0,0.0,0.0,0.0,1.5682933823885916,771,False
1440031,7,Maule,2842.608336027233,REDPE_mid,9980.0,4263.912504040849,2842.608336027233,0.0,34,8.0,2.0,2.0,16.0,0.0,True,,0.0008103703365882444,2842.608336027233,5696.0,0.0,0.0,0.0,5.3916639727669216,712,False
1440031,7,Maule,2842.608336027233,REDPE_mid,9980.0,4263.912504040849,2842.608336027233,0.0,35,8.0,2.0,2.0,16.0,0.01,True,,0.038303379038131254,2842.608336027233,6448.0,0.0,0.0,0.0,1.7521176555652989,806,False
1440031,7,Maule,2842.608336027233,REDPE_mid,9980.0,4263.912504040849,2842.608336027233,0.0,36,8.0,2.0,2.0,32.0,0.0,True,,0.001411572741397866,2842.608336027233,5704.0,0.0,0.0,0.0,9.39166397276697,713,False
1440031,7,Maule,2842.608336027233,REDPE_mid,9980.0,4263.912504040849,2842.608336027233,0.0,37,8.0,2.0,2.0,32.0,0.01,True,,0.06677062112729273,2842.608336027233,7016.0,0.0,0.0,0.0,1.9582697552285142,877,False
1440031,7,Maule,2842.608336027233,REDPE_mid,9980.0,4263.912504040849,2842.608336027233,0.0,38,8.0,2.0,2.0,64.0,0.0,True,,0.0026139775510171043,2842.608336027233,5720.0,0.0,0.0,0.0,17.39166397276696,715,False
1440031,7,Maule,2842.608336027233,REDPE_mid,9980.0,4263.912504040849,2842.608336027233,0.0,39,8.0,2.0,2.0,64.0,0.01,True,,0.11928780498757287,2842.608336027233,8064.0,0.0,0.0,0.0,2.2012596064200323,1008,False
1440031,7,Maule,2842.608336027233,REDPE_mid,9980.0,4263.912504040849,2842.608336027233,0.0,40,8.0,2.0,4.0,8.0,0.0,True,,0.0759079767757638,2674.043975975106,5352.0,168.56436005212663,168.56436005212663,0.0,1.9560240248935712,669,False
1440031,7,Maule,2842.608336027233,REDPE_mid,9980.0,4263.912504040849,2842.608336027233,0.0,41,8.0,2.0,4.0,8.0,0.01,True,,0.06601317657274637,2668.7124241845177,5784.0,173.8959118427153,173.8959118427153,0.0,1.5682935474765933,723,False
1440031,7,Maule,2842.608336027233,REDPE_mid,9980.0,4263.912504040849,2842.608336027233,0.0,42,8.0,2.0,4.0,16.0,0.0,True,,0.030190928427929798,2775.108011602952,5560.0,67.50032442428083,67.50032442428083,0.0,4.891988397047762,695,False
1440031,7,Maule,2842.608336027233,REDPE_mid,9980.0,4263.912504040849,2842.608336027233,0.0,43,8.0,2.0,4.0,16.0,0.01,True,,0.057038860434227706,2753.7568779122034,6200.0,88.85145811502906,88.85145811502906,0.0,1.752119516445963,775,False
1440031,7,Maule,2842.608336027233,REDPE_mid,9980.0,4263.912504040849,2842.608336027233,0.0,44,8.0,2.0,4.0,32.0,0.0,True,,0.01578340840351457,2806.554774063868,5632.0,36.05356196336488,36.05356196336488,0.0,9.445225936131838,704,False
1440031,7,Maule,2842.608336027233,REDPE_mid,9980.0,4263.912504040849,2842.608336027233,0.0,45,8.0,2.0,4.0,32.0,0.01,True,,0.07234923730337599,2792.412459332717,6776.0,50.19587669451629,50.19587669451629,0.0,1.936311768237901,847,False
1440031,7,Maule,2842.608336027233,REDPE_mid,9980.0,4263.912504040849,2842.608336027233,0.0,46,8.0,2.0,4.0,64.0,0.0,True,,0.007731757808308861,2823.6436422989063,5680.0,18.964693728326658,18.964693728326658,0.0,16.356357701093586,710,False
1440031,7,Maule,2842.608336027233,REDPE_mid,9980.0,4263.912504040849,2842.608336027233,0.0,47,8.0,2.0,4.0,64.0,0.01,True,,0.10666341837351836,2808.889198886413,7576.0,33.719137140820095,33.719137140820095,0.0,2.1845428041522554,947,False
1440031,7,Maule,2842.608336027233,REDPE_mid,9980.0,4263.912504040849,2842.608336027233,0.0,48,16.0,1.0,1.0,8.0,0.0,True,,0.09820515991574656,2842.608336027233,6992.0,0.0,0.0,648.0099495360176,5.381714436749239,437,False
1440031,7,Maule,2842.608336027233,REDPE_mid,9980.0,4263.912504040849,2842.608336027233,0.0,49,16.0,1.0,1.0,8.0,0.01,True,,0.14357351014560926,2842.608336027233,7824.0,0.0,0.0,724.3531149430821,2.590819617744112,489,False
1440031,7,Maule,2842.608336027233,REDPE_mid,9980.0,4263.912504040849,2842.608336027233,0.0,50,16.0,1.0,1.0,16.0,0.0,True,,0.0008103703365882472,2842.608336027233,5696.0,0.0,0.0,0.0,5.391663972766977,356,False
1440031,7,Maule,2842.608336027233,REDPE_mid,9980.0,4263.912504040849,2842.608336027233,0.0,51,16.0,1.0,1.0,16.0,0.01,True,,0.05521305995509983,2842.608336027233,6784.0,0.0,0.0,0.0,3.269348758258058,424,False
1440031,7,Maule,2842.608336027233,REDPE_mid,9980.0,4263.912504040849,2842.608336027233,0.0,52,16.0,1.0,1.0,32.0,0.0,True,,0.002012775146207485,2842.608336027233,5712.0,0.0,0.0,0.0,13.391663972766967,357,False
1440031,7,Maule,2842.608336027233,REDPE_mid,9980.0,4263.912504040849,2842.608336027233,0.0,53,16.0,1.0,1.0,32.0,0.01,True,,0.08406300891908348,2842.608336027233,7360.0,0.0,0.0,0.0,3.114330079371848,460,False
1440031,7,Maule,2842.608336027233,REDPE_mid,9980.0,4263.912504040849,2842.608336027233,0.0,54,16.0,1.0,1.0,64.0,0.0,True,,0.0032151799558267267,2842.608336027233,5728.0,0.0,0.0,0.0,21.391663972767024,358,False
1440031,7,Maule,2842.608336027233,REDPE_mid,9980.0,4263.912504040849,2842.608336027233,0.0,55,16.0,1.0,1.0,64.0,0.01,True,,0.14101502024149018,2842.608336027233,8496.0,0.0,0.0,0.0,3.8764760746096028,531,False
1440031,7,Maule,2842.608336027233,REDPE_mid,9980.0,4263.912504040849,2842.608336027233,0.0,56,16.0,1.0,2.0,8.0,0.0,True,,0.09820515991574656,2842.608336027233,6992.0,0.0,0.0,648.0099495360176,5.381714436749239,437,False
1440031,7,Maule,2842.608336027233,REDPE_mid,9980.0,4263.912504040849,2842.608336027233,0.0,57,16.0,1.0,2.0,8.0,0.01,True,,0.14357351014560926,2842.608336027233,7824.0,0.0,0.0,724.3531149430821,2.590819617744112,489,False
1440031,7,Maule,2842.608336027233,REDPE_mid,9980.0,4263.912504040849,2842.608336027233,0.0,58,16.0,1.0,2.0,16.0,0.0,True,,0.0008103703365882472,2842.608336027233,5696.0,0.0,0.0,0.0,5.391663972766977,356,False
1440031,7,Maule,2842.608336027233,REDPE_mid,9980.0,4263.912504040849,2842.608336027233,0.0,59,16.0,1.0,2.0,16.0,0.01,True,,0.05521305995509983,2842.608336027233,6784.0,0.0,0.0,0.0,3.269348758258058,424,False
1440031,7,Maule,2842.608336027233,REDPE_mid,9980.0,4263.912504040849,2842.608336027233,0.0,60,16.0,1.0,2.0,32.0,0.0,True,,0.002012775146207485,2842.608336027233,5712.0,0.0,0.0,0.0,13.391663972766967,357,False
1440031,7,Maule,2842.608336027233,REDPE_mid,9980.0,4263.912504040849,2842.608336027233,0.0,61,16.0,1.0,2.0,32.0,0.01,True,,0.08326140571267066,2842.608336027233,7344.0,0.0,0.0,0.0,3.114330079371848,459,False
1440031,7,Maule,2842.608336027233,REDPE_mid,9980.0,4263.912504040849,2842.608336027233,0.0,62,16.0,1.0,2.0,64.0,0.0,True,,0.0032151799558267267,2842.608336027233,5728.0,0.0,0.0,0.0,21.391663972767024,358,False
1440031,7,Maule,2842.608336027233,REDPE_mid,9980.0,4263.912504040849,2842.608336027233,0.0,63,16.0,1.0,2.0,64.0,0.01,True,,0.1402158303318678,2842.608336027233,8480.0,0.0,0.0,0.0,3.924645478546755,530,False
1440031,7,Maule,2842.608336027233,REDPE_mid,9980.0,4263.912504040849,2842.608336027233,0.0,64,16.0,1.0,4.0,8.0,0.0,True,,0.09820515991574656,2842.608336027233,6992.0,0.0,0.0,648.0099495360176,5.381714436749239,437,False
1440031,7,Maule,2842.608336027233,REDPE_mid,9980.0,4263.912504040849,2842.608336027233,0.0,65,16.0,1.0,4.0,8.0,0.01,True,,0.14357351014560926,2842.608336027233,7824.0,0.0,0.0,724.3531149430821,2.590819617744112,489,False
1440031,7,Maule,2842.608336027233,REDPE_mid,9980.0,4263.912504040849,2842.608336027233,0.0,66,16.0,1.0,4.0,16.0,0.0,True,,0.0008103703365882472,2842.608336027233,5696.0,0.0,0.0,0.0,5.391663972766977,356,False
1440031,7,Maule,2842.608336027233,REDPE_mid,9980.0,4263.912504040849,2842.608336027233,0.0,67,16.0,1.0,4.0,16.0,0.01,True,,0.05521305995509983,2842.608336027233,6784.0,0.0,0.0,0.0,3.269348758258058,424,False
1440031,7,Maule,2842.608336027233,REDPE_mid,9980.0,4263.912504040849,2842.608336027233,0.0,68,16.0,1.0,4.0,32.0,0.0,True,,0.002012775146207485,2842.608336027233,5712.0,0.0,0.0,0.0,13.391663972766967,357,False
1440031,7,Maule,2842.608336027233,REDPE_mid,9980.0,4263.912504040849,2842.608336027233,0.0,69,16.0,1.0,4.0,32.0,0.01,True,,0.08245980250625169,2842.608336027233,7328.0,0.0,0.0,0.0,3.114330079249356,458,False
1440031,7,Maule,2842.608336027233,REDPE_mid,9980.0,4263.912504040849,2842.608336027233,0.0,70,16.0,1.0,4.0,64.0,0.0,True,,0.0032151799558267267,2842.608336027233,5728.0,0.0,0.0,0.0,21.391663972767024,358,False
1440031,7,Maule,2842.608336027233,REDPE_mid,9980.0,4263.912504040849,2842.608336027233,0.0,71,16.0,1.0,4.0,64.0,0.01,True,,0.1402158303318678,2842.608336027233,8480.0,0.0,0.0,0.0,3.924645478546755,530,False
1440031,7,Maule,2842.608336027233,REDPE_mid,9980.0,4263.912504040849,2842.608336027233,0.0,72,16.0,2.0,1.0,8.0,0.0,True,,0.03447770500592692,2842.608336027233,6144.0,0.0,0.0,225.85468988175433,3.5369740910126044,384,False
1440031,7,Maule,2842.608336027233,REDPE_mid,9980.0,4263.912504040849,2842.608336027233,0.0,73,16.0,2.0,1.0,8.0,0.01,True,,0.07440900615650667,2842.608336027233,6912.0,0.0,0.0,255.78396324973704,2.6364716886015285,432,False
1440031,7,Maule,2842.608336027233,REDPE_mid,9980.0,4263.912504040849,2842.608336027233,0.0,74,16.0,2.0,1.0,16.0,0.0,True,,0.0008103703365882487,2842.608336027233,5696.0,0.0,0.0,0.0,5.391663972767007,356,False
1440031,7,Maule,2842.608336027233,REDPE_mid,9980.0,4263.912504040849,2842.608336027233,0.0,75,16.0,2.0,1.0,16.0,0.01,True,,0.0528090894232103,2842.608336027233,6736.0,0.0,0.0,0.0,3.286096941743061,421,False
1440031,7,Maule,2842.608336027233,REDPE_mid,9980.0,4263.912504040849,2842.608336027233,0.0,76,16.0,2.0,1.0,32.0,0.0,True,,0.002012775146207485,2842.608336027233,5712.0,0.0,0.0,0.0,13.391663972766967,357,False
1440031,7,Maule,2842.608336027233,REDPE_mid,9980.0,4263.912504040849,2842.608336027233,0.0,77,16.0,2.0,1.0,32.0,0.01,True,,0.08166103754146724,2842.608336027233,7312.0,0.0,0.0,0.0,3.17098138215137,457,False
1440031,7,Maule,2842.608336027233,REDPE_mid,9980.0,4263.912504040849,2842.608336027233,0.0,78,16.0,2.0,1.0,64.0,0.0,True,,0.0032151799558267267,2842.608336027233,5728.0,0.0,0.0,0.0,21.391663972767024,358,False
1440031,7,Maule,2842.608336027233,REDPE_mid,9980.0,4263.912504040849,2842.608336027233,0.0,79,16.0,2.0,1.0,64.0,0.01,True,,0.1394152311993002,2842.608336027233,8464.0,0.0,0.0,0.0,3.9446867924976283,529,False
1440031,7,Maule,2842.608336027233,REDPE_mid,9980.0,4263.912504040849,2842.608336027233,0.0,80,16.0,2.0,2.0,8.0,0.0,True,,0.03447770500592692,2842.608336027233,6144.0,0.0,0.0,225.85468988175433,3.5369740910126044,384,False
1440031,7,Maule,2842.608336027233,REDPE_mid,9980.0,4263.912504040849,2842.608336027233,0.0,81,16.0,2.0,2.0,8.0,0.01,True,,0.07440900615650667,2842.608336027233,6912.0,0.0,0.0,255.78396324973704,2.6364716886015285,432,False
1440031,7,Maule,2842.608336027233,REDPE_mid,9980.0,4263.912504040849,2842.608336027233,0.0,82,16.0,2.0,2.0,16.0,0.0,True,,0.0008103703365882487,2842.608336027233,5696.0,0.0,0.0,0.0,5.391663972767007,356,False
1440031,7,Maule,2842.608336027233,REDPE_mid,9980.0,4263.912504040849,2842.608336027233,0.0,83,16.0,2.0,2.0,16.0,0.01,True,,0.0528090894232103,2842.608336027233,6736.0,0.0,0.0,0.0,3.286096941743061,421,False
1440031,7,Maule,2842.608336027233,REDPE_mid,9980.0,4263.912504040849,2842.608336027233,0.0,84,16.0,2.0,2.0,32.0,0.0,True,,0.002012775146207485,2842.608336027233,5712.0,0.0,0.0,0.0,13.391663972766967,357,False
1440031,7,Maule,2842.608336027233,REDPE_mid,9980.0,4263.912504040849,2842.608336027233,0.0,85,16.0,2.0,2.0,32.0,0.01,True,,0.08166103754146724,2842.608336027233,7312.0,0.0,0.0,0.0,3.17098138215137,457,False
1440031,7,Maule,2842.608336027233,REDPE_mid,9980.0,4263.912504040849,2842.608336027233,0.0,86,16.0,2.0,2.0,64.0,0.0,True,,0.0032151799558267267,2842.608336027233,5728.0,0.0,0.0,0.0,21.391663972767024,358,False
1440031,7,Maule,2842.608336027233,REDPE_mid,9980.0,4263.912504040849,2842.608336027233,0.0,87,16.0,2.0,2.0,64.0,0.01,True,,0.1394152311993002,2842.608336027233,8464.0,0.0,0.0,0.0,3.9446867924976283,529,False
1440031,7,Maule,2842.608336027233,REDPE_mid,9980.0,4263.912504040849,2842.608336027233,0.0,88,16.0,2.0,4.0,8.0,0.0,True,,0.03447770500592692,2842.608336027233,6144.0,0.0,0.0,225.85468988175433,3.5369740910126044,384,False
1440031,7,Maule,2842.608336027233,REDPE_mid,9980.0,4263.912504040849,2842.608336027233,0.0,89,16.0,2.0,4.0,8.0,0.01,True,,0.07440900615650667,2842.608336027233,6912.0,0.0,0.0,255.78396324973704,2.6364716886015285,432,False
1440031,7,Maule,2842.608336027233,REDPE_mid,9980.0,4263.912504040849,2842.608336027233,0.0,90,16.0,2.0,4.0,16.0,0.0,True,,0.0008103703365882487,2842.608336027233,5696.0,0.0,0.0,0.0,5.391663972767007,356,False
1440031,7,Maule,2842.608336027233,REDPE_mid,9980.0,4263.912504040849,2842.608336027233,0.0,91,16.0,2.0,4.0,16.0,0.01,True,,0.0528090894232103,2842.608336027233,6736.0,0.0,0.0,0.0,3.286096941743061,421,False
1440031,7,Maule,2842.608336027233,REDPE_mid,9980.0,4263.912504040849,2842.608336027233,0.0,92,16.0,2.0,4.0,32.0,0.0,True,,0.002012775146207485,2842.608336027233,5712.0,0.0,0.0,0.0,13.391663972766967,357,False
1440031,7,Maule,2842.608336027233,REDPE_mid,9980.0,4263.912504040849,2842.608336027233,0.0,93,16.0,2.0,4.0,32.0,0.01,True,,0.08166103754146724,2842.608336027233,7312.0,0.0,0.0,0.0,3.17098138215137,457,False
1440031,7,Maule,2842.608336027233,REDPE_mid,9980.0,4263.912504040849,2842.608336027233,0.0,94,16.0,2.0,4.0,64.0,0.0,True,,0.0032151799558267267,2842.608336027233,5728.0,0.0,0.0,0.0,21.391663972767024,358,False
1440031,7,Maule,2842.608336027233,REDPE_mid,9980.0,4263.912504040849,2842.608336027233,0.0,95,16.0,2.0,4.0,64.0,0.01,True,,0.1394152311993002,2842.608336027233,8464.0,0.0,0.0,0.0,3.9446867924976283,529,False
1440031,7,Maule,2842.608336027233,REDPE_mid,9980.0,4263.912504040849,2842.608336027233,0.0,96,32.0,1.0,1.0,8.0,0.0,True,,0.6428684101768163,2043.9235266258638,9980.0,798.6848094013691,798.6848094013691,2946.076473374136,0.0,312,False
1440031,7,Maule,2842.608336027233,REDPE_mid,9980.0,4263.912504040849,2842.608336027233,0.0,97,32.0,1.0,1.0,8.0,0.01,True,,0.7099144271067105,1853.1589223084477,9980.0,989.4494137187853,989.4494137187853,2948.96274107291,0.0,312,False
1440031,7,Maule,2842.608336027233,REDPE_mid,9980.0,4263.912504040849,2842.608336027233,0.0,98,32.0,1.0,1.0,16.0,0.0,True,,0.11864604167927362,2842.608336027233,7264.0,0.0,0.0,783.8997300156323,5.491933957134646,227,False
1440031,7,Maule,2842.608336027233,REDPE_mid,9980.0,4263.912504040849,2842.608336027233,0.0,99,32.0,1.0,1.0,16.0,0.01,True,,0.2176023093301746,2842.608336027233,9056.0,0.0,0.0,967.3577083100222,5.201057974728445,283,False
1440031,7,Maule,2842.608336027233,REDPE_mid,9980.0,4263.912504040849,2842.608336027233,0.0,100,32.0,1.0,1.0,32.0,0.0,True,,0.0032151799558267236,2842.608336027233,5728.0,0.0,0.0,0.0,21.39166397276697,179,False
1440031,7,Maule,2842.608336027233,REDPE_mid,9980.0,4263.912504040849,2842.608336027233,0.0,101,32.0,1.0,1.0,32.0,0.01,True,,0.11309507690564,2842.608336027233,7936.0,0.0,0.0,0.0,6.594407091039898,248,False
1440031,7,Maule,2842.608336027233,REDPE_mid,9980.0,4263.912504040849,2842.608336027233,0.0,102,32.0,1.0,1.0,64.0,0.0,True,,0.003215179955826727,2842.608336027233,5728.0,0.0,0.0,0.0,21.391663972767038,179,False
1440031,7,Maule,2842.608336027233,REDPE_mid,9980.0,4263.912504040849,2842.608336027233,0.0,103,32.0,1.0,1.0,64.0,0.01,True,,0.17079860109217523,2842.608336027233,9088.0,0.0,0.0,0.0,6.356749854283076,284,False
1440031,7,Maule,2842.608336027233,REDPE_mid,9980.0,4263.912504040849,2842.608336027233,0.0,104,32.0,1.0,2.0,8.0,0.0,True,,0.6428684101768163,2043.9235266258638,9980.0,798.6848094013691,798.6848094013691,2946.076473374136,0.0,312,False
1440031,7,Maule,2842.608336027233,REDPE_mid,9980.0,4263.912504040849,2842.608336027233,0.0,105,32.0,1.0,2.0,8.0,0.01,True,,0.7099144271067105,1853.1589223084477,9980.0,989.4494137187853,989.4494137187853,2948.96274107291,0.0,312,False
1440031,7,Maule,2842.608336027233,REDPE_mid,9980.0,4263.912504040849,2842.608336027233,0.0,106,32.0,1.0,2.0,16.0,0.0,True,,0.11864604167927362,2842.608336027233,7264.0,0.0,0.0,783.8997300156323,5.491933957134646,227,False
1440031,7,Maule,2842.608336027233,REDPE_mid,9980.0,4263.912504040849,2842.608336027233,0.0,107,32.0,1.0,2.0,16.0,0.01,True,,0.2176023093301746,2842.608336027233,9056.0,0.0,0.0,967.3577083100222,5.201057974728445,283,False
1440031,7,Maule,2842.608336027233,REDPE_mid,9980.0,4263.912504040849,2842.608336027233,0.0,108,32.0,1.0,2.0,32.0,0.0,True,,0.0032151799558267236,2842.608336027233,5728.0,0.0,0.0,0.0,21.39166397276697,179,False
1440031,7,Maule,2842.608336027233,REDPE_mid,9980.0,4263.912504040849,2842.608336027233,0.0,109,32.0,1.0,2.0,32.0,0.01,True,,0.11309507690564,2842.608336027233,7936.0,0.0,0.0,0.0,6.594407091039898,248,False
1440031,7,Maule,2842.608336027233,REDPE_mid,9980.0,4263.912504040849,2842.608336027233,0.0,110,32.0,1.0,2.0,64.0,0.0,True,,0.003215179955826727,2842.608336027233,5728.0,0.0,0.0,0.0,21.391663972767038,179,False
1440031,7,Maule,2842.608336027233,REDPE_mid,9980.0,4263.912504040849,2842.608336027233,0.0,111,32.0,1.0,2.0,64.0,0.01,True,,0.16919539467934958,2842.608336027233,9056.0,0.0,0.0,0.0,6.356749854283076,283,False
1440031,7,Maule,2842.608336027233,REDPE_mid,9980.0,4263.912504040849,2842.608336027233,0.0,112,32.0,1.0,4.0,8.0,0.0,True,,0.6428684101768163,2043.9235266258638,9980.0,798.6848094013691,798.6848094013691,2946.076473374136,0.0,312,False
1440031,7,Maule,2842.608336027233,REDPE_mid,9980.0,4263.912504040849,2842.608336027233,0.0,113,32.0,1.0,4.0,8.0,0.01,True,,0.7099144271067105,1853.1589223084477,9980.0,989.4494137187853,989.4494137187853,2948.96274107291,0.0,312,False
1440031,7,Maule,2842.608336027233,REDPE_mid,9980.0,4263.912504040849,2842.608336027233,0.0,114,32.0,1.0,4.0,16.0,0.0,True,,0.11864604167927362,2842.608336027233,7264.0,0.0,0.0,783.8997300156323,5.491933957134646,227,False
1440031,7,Maule,2842.608336027233,REDPE_mid,9980.0,4263.912504040849,2842.608336027233,0.0,115,32.0,1.0,4.0,16.0,0.01,True,,0.2176023093301746,2842.608336027233,9056.0,0.0,0.0,967.3577083100222,5.201057974728445,283,False
1440031,7,Maule,2842.608336027233,REDPE_mid,9980.0,4263.912504040849,2842.608336027233,0.0,116,32.0,1.0,4.0,32.0,0.0,True,,0.0032151799558267236,2842.608336027233,5728.0,0.0,0.0,0.0,21.39166397276697,179,False
1440031,7,Maule,2842.608336027233,REDPE_mid,9980.0,4263.912504040849,2842.608336027233,0.0,117,32.0,1.0,4.0,32.0,0.01,True,,0.11309507690564,2842.608336027233,7936.0,0.0,0.0,0.0,6.594407091039898,248,False
1440031,7,Maule,2842.608336027233,REDPE_mid,9980.0,4263.912504040849,2842.608336027233,0.0,118,32.0,1.0,4.0,64.0,0.0,True,,0.003215179955826727,2842.608336027233,5728.0,0.0,0.0,0.0,21.391663972767038,179,False
1440031,7,Maule,2842.608336027233,REDPE_mid,9980.0,4263.912504040849,2842.608336027233,0.0,119,32.0,1.0,4.0,64.0,0.01,True,,0.16919539467934958,2842.608336027233,9056.0,0.0,0.0,0.0,6.356749854283076,283,False
1440031,7,Maule,2842.608336027233,REDPE_mid,9980.0,4263.912504040849,2842.608336027233,0.0,120,32.0,2.0,1.0,8.0,0.0,True,,0.520391886293969,2349.502453713568,9980.0,493.1058823136653,493.1058823136653,2640.497546286432,0.0,312,False
1440031,7,Maule,2842.608336027233,REDPE_mid,9980.0,4263.912504040849,2842.608336027233,0.0,121,32.0,2.0,1.0,8.0,0.01,True,,0.5955811241910387,2133.998992326863,9980.0,708.6093437003698,708.6093437003698,2632.7505050050104,0.0,312,False
1440031,7,Maule,2842.608336027233,REDPE_mid,9980.0,4263.912504040849,2842.608336027233,0.0,122,32.0,2.0,1.0,16.0,0.0,True,,0.08016908777145798,2842.608336027233,6752.0,0.0,0.0,520.1333293809488,13.25833459181816,211,False
1440031,7,Maule,2842.608336027233,REDPE_mid,9980.0,4263.912504040849,2842.608336027233,0.0,123,32.0,2.0,1.0,16.0,0.01,True,,0.1690705884119641,2842.608336027233,8416.0,0.0,0.0,638.5926733800659,5.272943377203057,263,False
1440031,7,Maule,2842.608336027233,REDPE_mid,9980.0,4263.912504040849,2842.608336027233,0.0,124,32.0,2.0,1.0,32.0,0.0,True,,0.0032151799558267236,2842.608336027233,5728.0,0.0,0.0,0.0,21.391663972766963,179,False
1440031,7,Maule,2842.608336027233,REDPE_mid,9980.0,4263.912504040849,2842.608336027233,0.0,125,32.0,2.0,1.0,32.0,0.01,True,,0.11149354684554216,2842.608336027233,7904.0,0.0,0.0,0.0,6.627867091487015,247,False
1440031,7,Maule,2842.608336027233,REDPE_mid,9980.0,4263.912504040849,2842.608336027233,0.0,126,32.0,2.0,1.0,64.0,0.0,True,,0.003215179955826727,2842.608336027233,5728.0,0.0,0.0,0.0,21.391663972767038,179,False
1440031,7,Maule,2842.608336027233,REDPE_mid,9980.0,4263.912504040849,2842.608336027233,0.0,127,32.0,2.0,1.0,64.0,0.01,True,,0.16759380465888196,2842.608336027233,9024.0,0.0,0.0,0.0,6.389013045749898,282,False
1440031,7,Maule,2842.608336027233,REDPE_mid,9980.0,4263.912504040849,2842.608336027233,0.0,128,32.0,2.0,2.0,8.0,0.0,True,,0.520391886293969,2349.502453713568,9980.0,493.1058823136653,493.1058823136653,2640.497546286432,0.0,312,False
1440031,7,Maule,2842.608336027233,REDPE_mid,9980.0,4263.912504040849,2842.608336027233,0.0,129,32.0,2.0,2.0,8.0,0.01,True,,0.5955811241910387,2133.998992326863,9980.0,708.6093437003698,708.6093437003698,2632.7505050050104,0.0,312,False
1440031,7,Maule,2842.608336027233,REDPE_mid,9980.0,4263.912504040849,2842.608336027233,0.0,130,32.0,2.0,2.0,16.0,0.0,True,,0.08016908777145798,2842.608336027233,6752.0,0.0,0.0,520.1333293809488,13.25833459181816,211,False
1440031,7,Maule,2842.608336027233,REDPE_mid,9980.0,4263.912504040849,2842.608336027233,0.0,131,32.0,2.0,2.0,16.0,0.01,True,,0.1690705884119641,2842.608336027233,8416.0,0.0,0.0,638.5926733800659,5.272943377203057,263,False
1440031,7,Maule,2842.608336027233,REDPE_mid,9980.0,4263.912504040849,2842.608336027233,0.0,132,32.0,2.0,2.0,32.0,0.0,True,,0.0032151799558267236,2842.608336027233,5728.0,0.0,0.0,0.0,21.391663972766963,179,False
1440031,7,Maule,2842.608336027233,REDPE_mid,9980.0,4263.912504040849,2842.608336027233,0.0,133,32.0,2.0,2.0,32.0,0.01,True,,0.11149354684554216,2842.608336027233,7904.0,0.0,0.0,0.0,6.627867091487015,247,False
1440031,7,Maule,2842.608336027233,REDPE_mid,9980.0,4263.912504040849,2842.608336027233,0.0,134,32.0,2.0,2.0,64.0,0.0,True,,0.003215179955826727,2842.608336027233,5728.0,0.0,0.0,0.0,21.391663972767038,179,False
1440031,7,Maule,2842.608336027233,REDPE_mid,9980.0,4263.912504040849,2842.608336027233,0.0,135,32.0,2.0,2.0,64.0,0.01,True,,0.16759380465888196,2842.608336027233,9024.0,0.0,0.0,0.0,6.389013045749898,282,False
1440031,7,Maule,2842.608336027233,REDPE_mid,9980.0,4263.912504040849,2842.608336027233,0.0,136,32.0,2.0,4.0,8.0,0.0,True,,0.520391886293969,2349.502453713568,9980.0,493.1058823136653,493.1058823136653,2640.497546286432,0.0,312,False
1440031,7,Maule,2842.608336027233,REDPE_mid,9980.0,4263.912504040849,2842.608336027233,0.0,137,32.0,2.0,4.0,8.0,0.01,True,,0.5955811241910387,2133.998992326863,9980.0,708.6093437003698,708.6093437003698,2632.7505050050104,0.0,312,False
1440031,7,Maule,2842.608336027233,REDPE_mid,9980.0,4263.912504040849,2842.608336027233,0.0,138,32.0,2.0,4.0,16.0,0.0,True,,0.08016908777145798,2842.608336027233,6752.0,0.0,0.0,520.1333293809488,13.25833459181816,211,False
1440031,7,Maule,2842.608336027233,REDPE_mid,9980.0,4263.912504040849,2842.608336027233,0.0,139,32.0,2.0,4.0,16.0,0.01,True,,0.1690705884119641,2842.608336027233,8416.0,0.0,0.0,638.5926733800659,5.272943377203057,263,False
1440031,7,Maule,2842.608336027233,REDPE_mid,9980.0,4263.912504040849,2842.608336027233,0.0,140,32.0,2.0,4.0,32.0,0.0,True,,0.0032151799558267236,2842.608336027233,5728.0,0.0,0.0,0.0,21.391663972766963,179,False
1440031,7,Maule,2842.608336027233,REDPE_mid,9980.0,4263.912504040849,2842.608336027233,0.0,141,32.0,2.0,4.0,32.0,0.01,True,,0.11149354684554216,2842.608336027233,7904.0,0.0,0.0,0.0,6.627867091487015,247,False
1440031,7,Maule,2842.608336027233,REDPE_mid,9980.0,4263.912504040849,2842.608336027233,0.0,142,32.0,2.0,4.0,64.0,0.0,True,,0.003215179955826727,2842.608336027233,5728.0,0.0,0.0,0.0,21.391663972767038,179,False
1440031,7,Maule,2842.608336027233,REDPE_mid,9980.0,4263.912504040849,2842.608336027233,0.0,143,32.0,2.0,4.0,64.0,0.01,True,,0.16759380465888196,2842.608336027233,9024.0,0.0,0.0,0.0,6.389013045749898,282,False
1902270,8,Biobio,5814.568591773078,REDPE_mid,13334.999999999998,8721.852887659617,5814.568591773078,0.0,0,8.0,1.0,1.0,8.0,0.0,True,,0.0014925552728964973,5809.913859603695,11624.0,4.654732169384726,4.654732169384726,0.0,2.086140396306055,1453,False
1902270,8,Biobio,5814.568591773078,REDPE_mid,13334.999999999998,8721.852887659617,5814.568591773078,0.0,1,8.0,1.0,1.0,8.0,0.01,True,,0.02151540185049111,5808.960161155013,12160.0,5.608430618065274,5.608430618065274,0.0,3.6939365722993824,1520,False
1902270,8,Biobio,5814.568591773078,REDPE_mid,13334.999999999998,8721.852887659617,5814.568591773078,0.0,2,8.0,1.0,1.0,16.0,0.0,True,,0.0006109570558967155,5814.568591773078,11640.0,0.0,0.0,0.0,5.43140822692134,1455,True
1902270,8,Biobio,5814.568591773078,REDPE_mid,13334.999999999998,8721.852887659617,5814.568591773078,0.0,3,8.0,1.0,1.0,16.0,0.01,True,,0.03361858887497174,5814.568591773078,12520.0,0.0,0.0,0.0,5.744948841652122,1565,False
1902270,8,Biobio,5814.568591773078,REDPE_mid,13334.999999999998,8721.852887659617,5814.568591773078,0.0,4,8.0,1.0,1.0,32.0,0.0,True,,0.0010609008129270898,5814.568591773078,11648.0,0.0,0.0,0.0,9.431408226921421,1456,False
1902270,8,Biobio,5814.568591773078,REDPE_mid,13334.999999999998,8721.852887659617,5814.568591773078,0.0,5,8.0,1.0,1.0,32.0,0.01,True,,0.05826456344757068,5814.568591773078,13176.0,0.0,0.0,0.0,7.053090692865608,1647,False
1902270,8,Biobio,5814.568591773078,REDPE_mid,13334.999999999998,8721.852887659617,5814.568591773078,0.0,6,8.0,1.0,1.0,64.0,0.0,True,,0.0019607883269878367,5814.568591773078,11664.0,0.0,0.0,0.0,17.43140822692153,1458,False
1902270,8,Biobio,5814.568591773078,REDPE_mid,13334.999999999998,8721.852887659617,5814.568591773078,0.0,7,8.0,1.0,1.0,64.0,0.01,True,,0.15695403203166536,5460.268417797268,13334.999999999998,354.30017397581054,354.30017397581054,0.0,0.0,1667,False
1902270,8,Biobio,5814.568591773078,REDPE_mid,13334.999999999998,8721.852887659617,5814.568591773078,0.0,8,8.0,1.0,2.0,8.0,0.0,True,,0.017971759205850785,5760.976313492208,11528.0,53.592278280870545,53.592278280870545,0.0,3.0236865077918793,1441,False
1902270,8,Biobio,5814.568591773078,REDPE_mid,13334.999999999998,8721.852887659617,5814.568591773078,0.0,9,8.0,1.0,2.0,8.0,0.01,True,,0.031513037097611156,5756.080590590261,12056.0,58.488001182817946,58.488001182817946,0.0,4.173874659722488,1507,False
1902270,8,Biobio,5814.568591773078,REDPE_mid,13334.999999999998,8721.852887659617,5814.568591773078,0.0,10,8.0,1.0,2.0,16.0,0.0,True,,0.002132011736593119,5807.782071617846,11624.0,6.78652015523309,6.78652015523309,0.0,4.217928382154431,1453,False
1902270,8,Biobio,5814.568591773078,REDPE_mid,13334.999999999998,8721.852887659617,5814.568591773078,0.0,11,8.0,1.0,2.0,16.0,0.01,True,,0.034524621601821,5806.545123053455,12488.0,8.023468719623427,8.023468719623427,0.0,5.744560629361377,1561,False
1902270,8,Biobio,5814.568591773078,REDPE_mid,13334.999999999998,8721.852887659617,5814.568591773078,0.0,12,8.0,1.0,2.0,32.0,0.0,True,,0.0010609008129270896,5814.568591773078,11648.0,0.0,0.0,0.0,9.431408226921418,1456,False
1902270,8,Biobio,5814.568591773078,REDPE_mid,13334.999999999998,8721.852887659617,5814.568591773078,0.0,13,8.0,1.0,2.0,32.0,0.01,True,,0.05735418809176665,5814.568591773078,13152.0,0.0,0.0,0.0,6.773379953572392,1644,False
1902270,8,Biobio,5814.568591773078,REDPE_mid,13334.999999999998,8721.852887659617,5814.568591773078,0.0,14,8.0,1.0,2.0,64.0,0.0,True,,0.001960788326987837,5814.568591773078,11664.0,0.0,0.0,0.0,17.431408226921544,1458,False
1902270,8,Biobio,5814.568591773078,REDPE_mid,13334.999999999998,8721.852887659617,5814.568591773078,0.0,15,8.0,1.0,2.0,64.0,0.01,True,,0.15223654851486765,5478.242029996267,13334.999999999998,336.32656177681105,336.32656177681105,0.0,0.0,1667,False
1902270,8,Biobio,5814.568591773078,REDPE_mid,13334.999999999998,8721.852887659617,5814.568591773078,0.0,16,8.0,1.0,4.0,8.0,0.0,True,,0.42393008480104216,4558.112745539239,9120.0,1256.45584623384,1256.45584623384,0.0,1.8872544607613742,1140,False
1902270,8,Biobio,5814.568591773078,REDPE_mid,13334.999999999998,8721.852887659617,5814.568591773078,0.0,17,8.0,1.0,4.0,8.0,0.01,True,,0.4212614312676128,4519.0880837818795,9464.0,1295.4805079911996,1295.4805079911996,0.0,1.5416324226823075,1183,False
1902270,8,Biobio,5814.568591773078,REDPE_mid,13334.999999999998,8721.852887659617,5814.568591773078,0.0,18,8.0,1.0,4.0,16.0,0.0,True,,0.33987606365787526,4806.8278385252715,9624.0,1007.7407532478074,1007.7407532478074,0.0,5.17216147472886,1203,False
1902270,8,Biobio,5814.568591773078,REDPE_mid,13334.999999999998,8721.852887659617,5814.568591773078,0.0,19,8.0,1.0,4.0,16.0,0.01,True,,0.3317758565570653,4761.0640834875085,10160.0,1053.5045082855704,1053.5045082855704,0.0,4.79335283178659,1270,False
1902270,8,Biobio,5814.568591773078,REDPE_mid,13334.999999999998,8721.852887659617,5814.568591773078,0.0,20,8.0,1.0,4.0,32.0,0.0,True,,0.3024427249231385,4917.1212315322,9856.0,897.4473602408783,897.4473602408783,0.0,10.878768467799615,1232,False
1902270,8,Biobio,5814.568591773078,REDPE_mid,13334.999999999998,8721.852887659617,5814.568591773078,0.0,21,8.0,1.0,4.0,32.0,0.01,True,,0.2964343396822861,4827.6254578587605,10640.0,986.9431339143183,986.9431339143183,0.0,8.164718380187434,1330,False
1902270,8,Biobio,5814.568591773078,REDPE_mid,13334.999999999998,8721.852887659617,5814.568591773078,0.0,22,8.0,1.0,4.0,64.0,0.0,True,,0.2967434373340871,4933.1212315322,9904.0,881.4473602408782,881.4473602408782,0.0,18.8787684677996,1238,False
1902270,8,Biobio,5814.568591773078,REDPE_mid,13334.999999999998,8721.852887659617,5814.568591773078,0.0,23,8.0,1.0,4.0,64.0,0.01,True,,0.2758728631171279,4830.307132492474,11176.0,984.2614592806054,984.2614592806054,0.0,14.561860823410543,1397,False
1902270,8,Biobio,5814.568591773078,REDPE_mid,13334.999999999998,8721.852887659617,5814.568591773078,0.0,24,8.0,2.0,1.0,8.0,0.0,True,,0.017971759205850788,5760.976313492208,11528.0,53.59227828087056,53.59227828087056,0.0,3.0236865077918784,1441,False
1902270,8,Biobio,5814.568591773078,REDPE_mid,13334.999999999998,8721.852887659617,5814.568591773078,0.0,25,8.0,2.0,1.0,8.0,0.01,True,,0.028452781134024246,5759.717083053508,12000.0,54.85150871957096,54.85150871957096,0.0,4.012295353589054,1500,False
1902270,8,Biobio,5814.568591773078,REDPE_mid,13334.999999999998,8721.852887659617,5814.568591773078,0.0,26,8.0,2.0,1.0,16.0,0.0,True,,0.0022752669836572917,5807.304494437945,11624.0,7.264097335133022,7.264097335133022,0.0,4.695505562054363,1453,False
1902270,8,Biobio,5814.568591773078,REDPE_mid,13334.999999999998,8721.852887659617,5814.568591773078,0.0,27,8.0,2.0,1.0,16.0,0.01,True,,0.03276146141713004,5802.848228451582,12416.0,11.720363321496034,11.720363321496034,0.0,4.842816290542445,1552,False
1902270,8,Biobio,5814.568591773078,REDPE_mid,13334.999999999998,8721.852887659617,5814.568591773078,0.0,28,8.0,2.0,1.0,32.0,0.0,True,,0.0010609008129270894,5814.568591773078,11648.0,0.0,0.0,0.0,9.431408226921407,1456,False
1902270,8,Biobio,5814.568591773078,REDPE_mid,13334.999999999998,8721.852887659617,5814.568591773078,0.0,29,8.0,2.0,1.0,32.0,0.01,True,,0.05526742977193356,5814.568591773078,13096.0,0.0,0.0,0.0,7.1195355636237885,1637,False
1902270,8,Biobio,5814.568591773078,REDPE_mid,13334.999999999998,8721.852887659617,5814.568591773078,0.0,30,8.0,2.0,1.0,64.0,0.0,True,,0.001960788326987834,5814.568591773078,11664.0,0.0,0.0,0.0,17.431408226921466,1458,False
1902270,8,Biobio,5814.568591773078,REDPE_mid,13334.999999999998,8721.852887659617,5814.568591773078,0.0,31,8.0,2.0,1.0,64.0,0.01,True,,0.14578269910844813,5502.831196234725,13334.999999999998,311.73739553835253,311.73739553835253,0.0,0.0,1667,False
1902270,8,Biobio,5814.568591773078,REDPE_mid,13334.999999999998,8721.852887659617,5814.568591773078,0.0,32,8.0,2.0,2.0,8.0,0.0,True,,0.017971759205850788,5760.976313492208,11528.0,53.59227828087056,53.59227828087056,0.0,3.0236865077918784,1441,False
1902270,8,Biobio,5814.568591773078,REDPE_mid,13334.999999999998,8721.852887659617,5814.568591773078,0.0,33,8.0,2.0,2.0,8.0,0.01,True,,0.028452781134024246,5759.717083053508,12000.0,54.85150871957096,54.85150871957096,0.0,4.012295353589054,1500,False
1902270,8,Biobio,5814.568591773078,REDPE_mid,13334.999999999998,8721.852887659617,5814.568591773078,0.0,34,8.0,2.0,2.0,16.0,0.0,True,,0.0022752669836572917,5807.304494437945,11624.0,7.264097335133022,7.264097335133022,0.0,4.695505562054363,1453,False
1902270,8,Biobio,5814.568591773078,REDPE_mid,13334.999999999998,8721.852887659617,5814.568591773078,0.0,35,8.0,2.0,2.0,16.0,0.01,True,,0.03276146141713004,5802.848228451582,12416.0,11.720363321496034,11.720363321496034,0.0,4.842816290542445,1552,False
1902270,8,Biobio,5814.568591773078,REDPE_mid,13334.999999999998,8721.852887659617,5814.568591773078,0.0,36,8.0,2.0,2.0,32.0,0.0,True,,0.0010609008129270894,5814.568591773078,11648.0,0.0,0.0,0.0,9.431408226921407,1456,False
1902270,8,Biobio,5814.568591773078,REDPE_mid,13334.999999999998,8721.852887659617,5814.568591773078,0.0,37,8.0,2.0,2.0,32.0,0.01,True,,0.05526742977193356,5814.568591773078,13096.0,0.0,0.0,0.0,7.1195355636237885,1637,False
1902270,8,Biobio,5814.568591773078,REDPE_mid,13334.999999999998,8721.852887659617,5814.568591773078,0.0,38,8.0,2.0,2.0,64.0,0.0,True,,0.001960788326987834,5814.568591773078,11664.0,0.0,0.0,0.0,17.431408226921466,1458,False
1902270,8,Biobio,5814.568591773078,REDPE_mid,13334.999999999998,8721.852887659617,5814.568591773078,0.0,39,8.0,2.0,2.0,64.0,0.01,True,,0.14578269910844813,5502.831196234725,13334.999999999998,311.73739553835253,311.73739553835253,0.0,0.0,1667,False
1902270,8,Biobio,5814.568591773078,REDPE_mid,13334.999999999998,8721.852887659617,5814.568591773078,0.0,40,8.0,2.0,4.0,8.0,0.0,True,,0.42393008480104216,4558.112745539239,9120.0,1256.45584623384,1256.45584623384,0.0,1.8872544607613742,1140,False
1902270,8,Biobio,5814.568591773078,REDPE_mid,13334.999999999998,8721.852887659617,5814.568591773078,0.0,41,8.0,2.0,4.0,8.0,0.01,True,,0.418696715590849,4531.498591327559,9448.0,1283.0700004455202,1283.0700004455202,0.0,4.014218143147525,1181,False
1902270,8,Biobio,5814.568591773078,REDPE_mid,13334.999999999998,8721.852887659617,5814.568591773078,0.0,42,8.0,2.0,4.0,16.0,0.0,True,,0.33987606365787526,4806.8278385252715,9624.0,1007.7407532478074,1007.7407532478074,0.0,5.17216147472886,1203,False
1902270,8,Biobio,5814.568591773078,REDPE_mid,13334.999999999998,8721.852887659617,5814.568591773078,0.0,43,8.0,2.0,4.0,16.0,0.01,True,,0.32876811574403964,4774.891027296279,10144.0,1039.6775644767984,1039.6775644767984,0.0,5.365512009791243,1268,False
1902270,8,Biobio,5814.568591773078,REDPE_mid,13334.999999999998,8721.852887659617,5814.568591773078,0.0,44,8.0,2.0,4.0,32.0,0.0,True,,0.3024427249231385,4917.1212315322,9856.0,897.4473602408783,897.4473602408783,0.0,10.878768467799594,1232,False
1902270,8,Biobio,5814.568591773078,REDPE_mid,13334.999999999998,8721.852887659617,5814.568591773078,0.0,45,8.0,2.0,4.0,32.0,0.01,True,,0.2930990274121712,4842.468072721454,10624.0,972.1005190516253,972.1005190516253,0.0,7.110244175075739,1328,False
1902270,8,Biobio,5814.568591773078,REDPE_mid,13334.999999999998,8721.852887659617,5814.568591773078,0.0,46,8.0,2.0,4.0,64.0,0.0,True,,0.2967434373340871,4933.1212315322,9904.0,881.4473602408782,881.4473602408782,0.0,18.87876846779962,1238,False
1902270,8,Biobio,5814.568591773078,REDPE_mid,13334.999999999998,8721.852887659617,5814.568591773078,0.0,47,8.0,2.0,4.0,64.0,0.01,True,,0.2722857483630708,4846.27454921315,11160.0,968.2940425599286,968.2940425599286,0.0,14.665427377443304,1395,False
1902270,8,Biobio,5814.568591773078,REDPE_mid,13334.999999999998,8721.852887659617,5814.568591773078,0.0,48,16.0,1.0,1.0,8.0,0.0,True,,0.1612495725886129,5596.852107240886,13334.999999999998,217.71648453219348,217.71648453219348,1070.6478927591138,0.0,834,False
1902270,8,Biobio,5814.568591773078,REDPE_mid,13334.999999999998,8721.852887659617,5814.568591773078,0.0,49,16.0,1.0,1.0,8.0,0.01,True,,0.24179297108044426,5291.13998061235,13334.999999999998,523.4286111607289,523.4286111607289,1078.7554441365069,0.0,834,False
1902270,8,Biobio,5814.568591773078,REDPE_mid,13334.999999999998,8721.852887659617,5814.568591773078,0.0,50,16.0,1.0,1.0,16.0,0.0,True,,0.0010609008129270877,5814.568591773078,11648.0,0.0,0.0,0.0,9.431408226921363,728,False
1902270,8,Biobio,5814.568591773078,REDPE_mid,13334.999999999998,8721.852887659617,5814.568591773078,0.0,51,16.0,1.0,1.0,16.0,0.01,True,,0.046052686303639616,5814.568591773078,12848.0,0.0,0.0,0.0,9.362327264224255,803,False
1902270,8,Biobio,5814.568591773078,REDPE_mid,13334.999999999998,8721.852887659617,5814.568591773078,0.0,52,16.0,1.0,1.0,32.0,0.0,True,,0.0010609008129270907,5814.568591773078,11648.0,0.0,0.0,0.0,9.431408226921446,728,False
1902270,8,Biobio,5814.568591773078,REDPE_mid,13334.999999999998,8721.852887659617,5814.568591773078,0.0,53,16.0,1.0,1.0,32.0,0.01,True,,0.07233822169418617,5782.654655183063,13334.999999999998,31.913936590014764,31.913936590014764,0.0,0.0,834,False
1902270,8,Biobio,5814.568591773078,REDPE_mid,13334.999999999998,8721.852887659617,5814.568591773078,0.0,54,16.0,1.0,1.0,64.0,0.0,True,,0.0019607883269878315,5814.568591773078,11664.0,0.0,0.0,0.0,17.431408226921402,729,False
1902270,8,Biobio,5814.568591773078,REDPE_mid,13334.999999999998,8721.852887659617,5814.568591773078,0.0,55,16.0,1.0,1.0,64.0,0.01,True,,0.18279788395648744,5361.803341963696,13334.999999999998,452.76524980938274,452.76524980938274,0.0,0.0,834,False
1902270,8,Biobio,5814.568591773078,REDPE_mid,13334.999999999998,8721.852887659617,5814.568591773078,0.0,56,16.0,1.0,2.0,8.0,0.0,True,,0.1612495725886129,5596.852107240886,13334.999999999998,217.71648453219348,217.71648453219348,1070.6478927591138,0.0,834,False
1902270,8,Biobio,5814.568591773078,REDPE_mid,13334.999999999998,8721.852887659617,5814.568591773078,0.0,57,16.0,1.0,2.0,8.0,0.01,True,,0.24179297108044426,5291.13998061235,13334.999999999998,523.4286111607289,523.4286111607289,1078.7554441365069,0.0,834,False
1902270,8,Biobio,5814.568591773078,REDPE_mid,13334.999999999998,8721.852887659617,5814.568591773078,0.0,58,16.0,1.0,2.0,16.0,0.0,True,,0.0010609008129270877,5814.568591773078,11648.0,0.0,0.0,0.0,9.431408226921363,728,False
1902270,8,Biobio,5814.568591773078,REDPE_mid,13334.999999999998,8721.852887659617,5814.568591773078,0.0,59,16.0,1.0,2.0,16.0,0.01,True,,0.046052686303639616,5814.568591773078,12848.0,0.0,0.0,0.0,9.362327264224255,803,False
1902270,8,Biobio,5814.568591773078,REDPE_mid,13334.999999999998,8721.852887659617,5814.568591773078,0.0,60,16.0,1.0,2.0,32.0,0.0,True,,0.0010609008129270907,5814.568591773078,11648.0,0.0,0.0,0.0,9.431408226921443,728,False
1902270,8,Biobio,5814.568591773078,REDPE_mid,13334.999999999998,8721.852887659617,5814.568591773078,0.0,61,16.0,1.0,2.0,32.0,0.01,True,,0.07233822169418617,5782.654655183063,13334.999999999998,31.913936590014764,31.913936590014764,0.0,0.0,834,False
1902270,8,Biobio,5814.568591773078,REDPE_mid,13334.999999999998,8721.852887659617,5814.568591773078,0.0,62,16.0,1.0,2.0,64.0,0.0,True,,0.0019607883269878315,5814.568591773078,11664.0,0.0,0.0,0.0,17.431408226921402,729,False
1902270,8,Biobio,5814.568591773078,REDPE_mid,13334.999999999998,8721.852887659617,5814.568591773078,0.0,63,16.0,1.0,2.0,64.0,0.01,True,,0.18279788395648744,5361.803341963696,13334.999999999998,452.76524980938274,452.76524980938274,0.0,0.0,834,False
1902270,8,Biobio,5814.568591773078,REDPE_mid,13334.999999999998,8721.852887659617,5814.568591773078,0.0,64,16.0,1.0,4.0,8.0,0.0,True,,0.11915614464031059,5729.8685726635385,13296.0,84.70001910953997,84.70001910953997,915.4477623985728,2.683664937888384,831,False
1902270,8,Biobio,5814.568591773078,REDPE_mid,13334.999999999998,8721.852887659617,5814.568591773078,0.0,65,16.0,1.0,4.0,8.0,0.01,True,,0.19535809423847064,5443.383293449536,13334.999999999998,371.1852983235432,371.1852983235432,906.040468621371,0.0,834,False
1902270,8,Biobio,5814.568591773078,REDPE_mid,13334.999999999998,8721.852887659617,5814.568591773078,0.0,66,16.0,1.0,4.0,16.0,0.0,True,,0.001370689289182429,5810.535834440362,11632.0,4.032757332716658,4.032757332716658,0.0,5.464165559637957,727,False
1902270,8,Biobio,5814.568591773078,REDPE_mid,13334.999999999998,8721.852887659617,5814.568591773078,0.0,67,16.0,1.0,4.0,16.0,0.01,True,,0.04767615848486049,5806.10597803592,12832.0,8.462613737158406,8.462613737158406,0.0,9.422034177278302,802,False
1902270,8,Biobio,5814.568591773078,REDPE_mid,13334.999999999998,8721.852887659617,5814.568591773078,0.0,68,16.0,1.0,4.0,32.0,0.0,True,,0.0010609008129270907,5814.568591773078,11648.0,0.0,0.0,0.0,9.431408226921443,728,False
1902270,8,Biobio,5814.568591773078,REDPE_mid,13334.999999999998,8721.852887659617,5814.568591773078,0.0,69,16.0,1.0,4.0,32.0,0.01,True,,0.07121376333216198,5786.9388415423755,13334.999999999998,27.629750230702484,27.629750230702484,0.0,0.0,834,False
1902270,8,Biobio,5814.568591773078,REDPE_mid,13334.999999999998,8721.852887659617,5814.568591773078,0.0,70,16.0,1.0,4.0,64.0,0.0,True,,0.0019607883269878315,5814.568591773078,11664.0,0.0,0.0,0.0,17.431408226921402,729,False
1902270,8,Biobio,5814.568591773078,REDPE_mid,13334.999999999998,8721.852887659617,5814.568591773078,0.0,71,16.0,1.0,4.0,64.0,0.01,True,,0.1794488054664533,5374.563331010726,13334.999999999998,440.0052607623529,440.0052607623529,0.0,0.0,834,False
1902270,8,Biobio,5814.568591773078,REDPE_mid,13334.999999999998,8721.852887659617,5814.568591773078,0.0,72,16.0,2.0,1.0,8.0,0.0,True,,0.027783809952771743,5812.481093428121,12112.0,2.0874983449575617,2.0874983449575617,238.29849619061105,5.220410381267888,757,False
1902270,8,Biobio,5814.568591773078,REDPE_mid,13334.999999999998,8721.852887659617,5814.568591773078,0.0,73,16.0,2.0,1.0,8.0,0.01,True,,0.05601290681552671,5812.159489627927,12864.0,2.409102145152062,2.409102145152062,239.99765429007437,2.140039010116942,804,False
1902270,8,Biobio,5814.568591773078,REDPE_mid,13334.999999999998,8721.852887659617,5814.568591773078,0.0,74,16.0,2.0,1.0,16.0,0.0,True,,0.0010609008129270887,5814.568591773078,11648.0,0.0,0.0,0.0,9.431408226921391,728,False
1902270,8,Biobio,5814.568591773078,REDPE_mid,13334.999999999998,8721.852887659617,5814.568591773078,0.0,75,16.0,2.0,1.0,16.0,0.01,True,,0.04425800663547528,5814.568591773078,12800.0,0.0,0.0,0.0,9.4982205142815,800,False
1902270,8,Biobio,5814.568591773078,REDPE_mid,13334.999999999998,8721.852887659617,5814.568591773078,0.0,76,16.0,2.0,1.0,32.0,0.0,True,,0.0010609008129270907,5814.568591773078,11648.0,0.0,0.0,0.0,9.431408226921443,728,False
1902270,8,Biobio,5814.568591773078,REDPE_mid,13334.999999999998,8721.852887659617,5814.568591773078,0.0,77,16.0,2.0,1.0,32.0,0.01,True,,0.06820902869166397,5798.386880522673,13334.999999999998,16.181711250405243,16.181711250405243,0.0,0.0,834,False
1902270,8,Biobio,5814.568591773078,REDPE_mid,13334.999999999998,8721.852887659617,5814.568591773078,0.0,78,16.0,2.0,1.0,64.0,0.0,True,,0.0019607883269878315,5814.568591773078,11664.0,0.0,0.0,0.0,17.431408226921402,729,False
1902270,8,Biobio,5814.568591773078,REDPE_mid,13334.999999999998,8721.852887659617,5814.568591773078,0.0,79,16.0,2.0,1.0,64.0,0.01,True,,0.17700185919230998,5383.886196315212,13334.999999999998,430.6823954578669,430.6823954578669,0.0,0.0,834,False
1902270,8,Biobio,5814.568591773078,REDPE_mid,13334.999999999998,8721.852887659617,5814.568591773078,0.0,80,16.0,2.0,2.0,8.0,0.0,True,,0.027783809952771743,5812.481093428121,12112.0,2.0874983449575617,2.0874983449575617,238.29849619061105,5.220410381267888,757,False
1902270,8,Biobio,5814.568591773078,REDPE_mid,13334.999999999998,8721.852887659617,5814.568591773078,0.0,81,16.0,2.0,2.0,8.0,0.01,True,,0.05601290681552671,5812.159489627927,12864.0,2.409102145152062,2.409102145152062,239.99765429007437,2.140039010116942,804,False
1902270,8,Biobio,5814.568591773078,REDPE_mid,13334.999999999998,8721.852887659617,5814.568591773078,0.0,82,16.0,2.0,2.0,16.0,0.0,True,,0.0010609008129270887,5814.568591773078,11648.0,0.0,0.0,0.0,9.431408226921391,728,False
1902270,8,Biobio,5814.568591773078,REDPE_mid,13334.999999999998,8721.852887659617,5814.568591773078,0.0,83,16.0,2.0,2.0,16.0,0.01,True,,0.04425800663547528,5814.568591773078,12800.0,0.0,0.0,0.0,9.4982205142815,800,False
1902270,8,Biobio,5814.568591773078,REDPE_mid,13334.999999999998,8721.852887659617,5814.568591773078,0.0,84,16.0,2.0,2.0,32.0,0.0,True,,0.0010609008129270907,5814.568591773078,11648.0,0.0,0.0,0.0,9.431408226921443,728,False
1902270,8,Biobio,5814.568591773078,REDPE_mid,13334.999999999998,8721.852887659617,5814.568591773078,0.0,85,16.0,2.0,2.0,32.0,0.01,True,,0.06820902869166397,5798.386880522673,13334.999999999998,16.181711250405243,16.181711250405243,0.0,0.0,834,False
1902270,8,Biobio,5814.568591773078,REDPE_mid,13334.999999999998,8721.852887659617,5814.568591773078,0.0,86,16.0,2.0,2.0,64.0,0.0,True,,0.0019607883269878315,5814.568591773078,11664.0,0.0,0.0,0.0,17.431408226921402,729,False
1902270,8,Biobio,5814.568591773078,REDPE_mid,13334.999999999998,8721.852887659617,5814.568591773078,0.0,87,16.0,2.0,2.0,64.0,0.01,True,,0.17700185919230998,5383.886196315212,13334.999999999998,430.6823954578669,430.6823954578669,0.0,0.0,834,False
1902270,8,Biobio,5814.568591773078,REDPE_mid,13334.999999999998,8721.852887659617,5814.568591773078,0.0,88,16.0,2.0,4.0,8.0,0.0,True,,0.03444039079679272,5778.289717039366,12048.0,36.278874733712335,36.278874733712335,240.4898725793658,5.220410381267888,753,False
1902270,8,Biobio,5814.568591773078,REDPE_mid,13334.999999999998,8721.852887659617,5814.568591773078,0.0,89,16.0,2.0,4.0,8.0,0.01,True,,0.06352109546621262,5772.294457170775,12784.0,42.27413460230309,42.27413460230309,241.18581840380764,2.140039010116942,799,False
1902270,8,Biobio,5814.568591773078,REDPE_mid,13334.999999999998,8721.852887659617,5814.568591773078,0.0,90,16.0,2.0,4.0,16.0,0.0,True,,0.0013706892891824291,5810.535834440362,11632.0,4.032757332716656,4.032757332716656,0.0,5.464165559637964,727,False
1902270,8,Biobio,5814.568591773078,REDPE_mid,13334.999999999998,8721.852887659617,5814.568591773078,0.0,91,16.0,2.0,4.0,16.0,0.01,True,,0.04491546281629787,5807.492255152277,12768.0,7.0763366208019125,7.0763366208019125,0.0,9.498220511209677,798,False
1902270,8,Biobio,5814.568591773078,REDPE_mid,13334.999999999998,8721.852887659617,5814.568591773078,0.0,92,16.0,2.0,4.0,32.0,0.0,True,,0.0010609008129270907,5814.568591773078,11648.0,0.0,0.0,0.0,9.431408226921443,728,False
1902270,8,Biobio,5814.568591773078,REDPE_mid,13334.999999999998,8721.852887659617,5814.568591773078,0.0,93,16.0,2.0,4.0,32.0,0.01,True,,0.06691717156586885,5803.308856171952,13334.999999999998,11.259735601125804,11.259735601125804,0.0,0.0,834,False
1902270,8,Biobio,5814.568591773078,REDPE_mid,13334.999999999998,8721.852887659617,5814.568591773078,0.0,94,16.0,2.0,4.0,64.0,0.0,True,,0.0019607883269878315,5814.568591773078,11664.0,0.0,0.0,0.0,17.431408226921395,729,False
1902270,8,Biobio,5814.568591773078,REDPE_mid,13334.999999999998,8721.852887659617,5814.568591773078,0.0,95,16.0,2.0,4.0,64.0,0.01,True,,0.1743012555512464,5394.175496187664,13334.999999999998,420.39309558541424,420.39309558541424,0.0,0.0,834,False
1902270,8,Biobio,5814.568591773078,REDPE_mid,13334.999999999998,8721.852887659617,5814.568591773078,0.0,96,32.0,1.0,1.0,8.0,0.0,True,,1.0058092276317097,2781.301357240962,13334.999999999998,3033.267234532116,3033.267234532116,3886.1986427590373,0.0,417,False
1902270,8,Biobio,5814.568591773078,REDPE_mid,13334.999999999998,8721.852887659617,5814.568591773078,0.0,97,32.0,1.0,1.0,8.0,0.01,True,,1.0532324501308832,2599.7799225592275,13334.999999999998,3214.7886692138513,3214.7886692138513,3880.3259440398538,0.0,417,False
1902270,8,Biobio,5814.568591773078,REDPE_mid,13334.999999999998,8721.852887659617,5814.568591773078,0.0,98,32.0,1.0,1.0,16.0,0.0,True,,0.24441660390931622,5319.594016575491,13334.999999999998,494.974575197588,494.974575197588,1347.9059834245086,0.0,417,False
1902270,8,Biobio,5814.568591773078,REDPE_mid,13334.999999999998,8721.852887659617,5814.568591773078,0.0,99,32.0,1.0,1.0,16.0,0.01,True,,0.38816783938289723,4771.094869245726,13334.999999999998,1043.473722527353,1043.473722527353,1342.2574021965588,0.0,417,False
1902270,8,Biobio,5814.568591773078,REDPE_mid,13334.999999999998,8721.852887659617,5814.568591773078,0.0,100,32.0,1.0,1.0,32.0,0.0,True,,0.0010609008129270872,5814.568591773078,11648.0,0.0,0.0,0.0,9.431408226921354,364,False
1902270,8,Biobio,5814.568591773078,REDPE_mid,13334.999999999998,8721.852887659617,5814.568591773078,0.0,101,32.0,1.0,1.0,32.0,0.01,True,,0.12885782890544256,5567.3149517081765,13334.999999999998,247.2536400649017,247.2536400649017,0.0,0.0,417,False
1902270,8,Biobio,5814.568591773078,REDPE_mid,13334.999999999998,8721.852887659617,5814.568591773078,0.0,102,32.0,1.0,1.0,64.0,0.0,True,,0.002860675841048576,5814.568591773078,11680.0,0.0,0.0,0.0,25.43140822692145,365,False
1902270,8,Biobio,5814.568591773078,REDPE_mid,13334.999999999998,8721.852887659617,5814.568591773078,0.0,103,32.0,1.0,1.0,64.0,0.01,True,,0.23072891367107037,5179.186118751135,13334.999999999998,635.3824730219437,635.3824730219437,0.0,0.0,417,False
1902270,8,Biobio,5814.568591773078,REDPE_mid,13334.999999999998,8721.852887659617,5814.568591773078,0.0,104,32.0,1.0,2.0,8.0,0.0,True,,1.0058092276317097,2781.301357240962,13334.999999999998,3033.267234532116,3033.267234532116,3886.1986427590373,0.0,417,False
1902270,8,Biobio,5814.568591773078,REDPE_mid,13334.999999999998,8721.852887659617,5814.568591773078,0.0,105,32.0,1.0,2.0,8.0,0.01,True,,1.0532324501308832,2599.7799225592275,13334.999999999998,3214.7886692138513,3214.7886692138513,3880.3259440398538,0.0,417,False
1902270,8,Biobio,5814.568591773078,REDPE_mid,13334.999999999998,8721.852887659617,5814.568591773078,0.0,106,32.0,1.0,2.0,16.0,0.0,True,,0.24441660390931622,5319.594016575491,13334.999999999998,494.974575197588,494.974575197588,1347.9059834245086,0.0,417,False
1902270,8,Biobio,5814.568591773078,REDPE_mid,13334.999999999998,8721.852887659617,5814.568591773078,0.0,107,32.0,1.0,2.0,16.0,0.01,True,,0.38816783938289723,4771.094869245726,13334.999999999998,1043.473722527353,1043.473722527353,1342.2574021965588,0.0,417,False
1902270,8,Biobio,5814.568591773078,REDPE_mid,13334.999999999998,8721.852887659617,5814.568591773078,0.0,108,32.0,1.0,2.0,32.0,0.0,True,,0.0010609008129270872,5814.568591773078,11648.0,0.0,0.0,0.0,9.431408226921354,364,False
1902270,8,Biobio,5814.568591773078,REDPE_mid,13334.999999999998,8721.852887659617,5814.568591773078,0.0,109,32.0,1.0,2.0,32.0,0.01,True,,0.12885782890544256,5567.3149517081765,13334.999999999998,247.2536400649017,247.2536400649017,0.0,0.0,417,False
1902270,8,Biobio,5814.568591773078,REDPE_mid,13334.999999999998,8721.852887659617,5814.568591773078,0.0,110,32.0,1.0,2.0,64.0,0.0,True,,0.002860675841048576,5814.568591773078,11680.0,0.0,0.0,0.0,25.43140822692145,365,False
1902270,8,Biobio,5814.568591773078,REDPE_mid,13334.999999999998,8721.852887659617,5814.568591773078,0.0,111,32.0,1.0,2.0,64.0,0.01,True,,0.23072891367107037,5179.186118751135,13334.999999999998,635.3824730219437,635.3824730219437,0.0,0.0,417,False
1902270,8,Biobio,5814.568591773078,REDPE_mid,13334.999999999998,8721.852887659617,5814.568591773078,0.0,112,32.0,1.0,4.0,8.0,0.0,True,,0.9787525738578163,2871.5014767596786,13334.999999999998,2943.0671150134,2943.0671150134,3795.9985232403205,0.0,417,False
1902270,8,Biobio,5814.568591773078,REDPE_mid,13334.999999999998,8721.852887659617,5814.568591773078,0.0,113,32.0,1.0,4.0,8.0,0.01,True,,1.031812114834058,2670.8219636214035,13334.999999999998,3143.746628151675,3143.746628151675,3806.3398891087554,0.0,417,False
1902270,8,Biobio,5814.568591773078,REDPE_mid,13334.999999999998,8721.852887659617,5814.568591773078,0.0,114,32.0,1.0,4.0,16.0,0.0,True,,0.24441660390931622,5319.594016575491,13334.999999999998,494.974575197588,494.974575197588,1347.9059834245086,0.0,417,False
1902270,8,Biobio,5814.568591773078,REDPE_mid,13334.999999999998,8721.852887659617,5814.568591773078,0.0,115,32.0,1.0,4.0,16.0,0.01,True,,0.38816783938289723,4771.094869245726,13334.999999999998,1043.473722527353,1043.473722527353,1342.2574021965588,0.0,417,False
1902270,8,Biobio,5814.568591773078,REDPE_mid,13334.999999999998,8721.852887659617,5814.568591773078,0.0,116,32.0,1.0,4.0,32.0,0.0,True,,0.0010609008129270872,5814.568591773078,11648.0,0.0,0.0,0.0,9.431408226921354,364,False
1902270,8,Biobio,5814.568591773078,REDPE_mid,13334.999999999998,8721.852887659617,5814.568591773078,0.0,117,32.0,1.0,4.0,32.0,0.01,True,,0.12885782890544256,5567.3149517081765,13334.999999999998,247.2536400649017,247.2536400649017,0.0,0.0,417,False
1902270,8,Biobio,5814.568591773078,REDPE_mid,13334.999999999998,8721.852887659617,5814.568591773078,0.0,118,32.0,1.0,4.0,64.0,0.0,True,,0.002860675841048576,5814.568591773078,11680.0,0.0,0.0,0.0,25.43140822692145,365,False
1902270,8,Biobio,5814.568591773078,REDPE_mid,13334.999999999998,8721.852887659617,5814.568591773078,0.0,119,32.0,1.0,4.0,64.0,0.01,True,,0.23072891367107037,5179.186118751135,13334.999999999998,635.3824730219437,635.3824730219437,0.0,0.0,417,False
1902270,8,Biobio,5814.568591773078,REDPE_mid,13334.999999999998,8721.852887659617,5814.568591773078,0.0,120,32.0,2.0,1.0,8.0,0.0,True,,0.8288849918161737,3371.122528391005,13334.999999999998,2443.4460633820736,2443.4460633820736,3296.377471608994,0.0,417,False
1902270,8,Biobio,5814.568591773078,REDPE_mid,13334.999999999998,8721.852887659617,5814.568591773078,0.0,121,32.0,2.0,1.0,8.0,0.01,True,,0.8835321265871202,3161.6087551765563,13334.999999999998,2652.959836596522,2652.959836596522,3287.220143448996,0.0,417,False
1902270,8,Biobio,5814.568591773078,REDPE_mid,13334.999999999998,8721.852887659617,5814.568591773078,0.0,122,32.0,2.0,1.0,16.0,0.0,True,,0.08565032713463688,5814.568591773078,13152.0,0.0,0.0,754.9130100895002,6.518398137421189,411,False
1902270,8,Biobio,5814.568591773078,REDPE_mid,13334.999999999998,8721.852887659617,5814.568591773078,0.0,123,32.0,2.0,1.0,16.0,0.01,True,,0.22925252020779552,5290.899804878087,13334.999999999998,523.668786894991,523.668786894991,742.620389223126,0.0,417,False
1902270,8,Biobio,5814.568591773078,REDPE_mid,13334.999999999998,8721.852887659617,5814.568591773078,0.0,124,32.0,2.0,1.0,32.0,0.0,True,,0.001060900812927088,5814.568591773078,11648.0,0.0,0.0,0.0,9.431408226921372,364,False
1902270,8,Biobio,5814.568591773078,REDPE_mid,13334.999999999998,8721.852887659617,5814.568591773078,0.0,125,32.0,2.0,1.0,32.0,0.01,True,,0.1231664906185022,5588.998950581419,13334.999999999998,225.5696411916586,225.5696411916586,0.0,0.0,417,False
1902270,8,Biobio,5814.568591773078,REDPE_mid,13334.999999999998,8721.852887659617,5814.568591773078,0.0,126,32.0,2.0,1.0,64.0,0.0,True,,0.002860675841048576,5814.568591773078,11680.0,0.0,0.0,0.0,25.43140822692145,365,False
1902270,8,Biobio,5814.568591773078,REDPE_mid,13334.999999999998,8721.852887659617,5814.568591773078,0.0,127,32.0,2.0,1.0,64.0,0.01,True,,0.22517922116316605,5200.33044720625,13334.999999999998,614.2381445668282,614.2381445668282,0.0,0.0,417,False
1902270,8,Biobio,5814.568591773078,REDPE_mid,13334.999999999998,8721.852887659617,5814.568591773078,0.0,128,32.0,2.0,2.0,8.0,0.0,True,,0.8288849918161737,3371.122528391005,13334.999999999998,2443.4460633820736,2443.4460633820736,3296.377471608994,0.0,417,False
1902270,8,Biobio,5814.568591773078,REDPE_mid,13334.999999999998,8721.852887659617,5814.568591773078,0.0,129,32.0,2.0,2.0,8.0,0.01,True,,0.8835321265871202,3161.6087551765563,13334.999999999998,2652.959836596522,2652.959836596522,3287.220143448996,0.0,417,False
1902270,8,Biobio,5814.568591773078,REDPE_mid,13334.999999999998,8721.852887659617,5814.568591773078,0.0,130,32.0,2.0,2.0,16.0,0.0,True,,0.08565032713463688,5814.568591773078,13152.0,0.0,0.0,754.9130100895002,6.518398137421189,411,False
1902270,8,Biobio,5814.568591773078,REDPE_mid,13334.999999999998,8721.852887659617,5814.568591773078,0.0,131,32.0,2.0,2.0,16.0,0.01,True,,0.22925252020779552,5290.899804878087,13334.999999999998,523.668786894991,523.668786894991,742.620389223126,0.0,417,False
1902270,8,Biobio,5814.568591773078,REDPE_mid,13334.999999999998,8721.852887659617,5814.568591773078,0.0,132,32.0,2.0,2.0,32.0,0.0,True,,0.001060900812927088,5814.568591773078,11648.0,0.0,0.0,0.0,9.431408226921372,364,False
1902270,8,Biobio,5814.568591773078,REDPE_mid,13334.999999999998,8721.852887659617,5814.568591773078,0.0,133,32.0,2.0,2.0,32.0,0.01,True,,0.1231664906185022,5588.998950581419,13334.999999999998,225.5696411916586,225.5696411916586,0.0,0.0,417,False
1902270,8,Biobio,5814.568591773078,REDPE_mid,13334.999999999998,8721.852887659617,5814.568591773078,0.0,134,32.0,2.0,2.0,64.0,0.0,True,,0.002860675841048576,5814.568591773078,11680.0,0.0,0.0,0.0,25.43140822692145,365,False
1902270,8,Biobio,5814.568591773078,REDPE_mid,13334.999999999998,8721.852887659617,5814.568591773078,0.0,135,32.0,2.0,2.0,64.0,0.01,True,,0.22517922116316605,5200.33044720625,13334.999999999998,614.2381445668282,614.2381445668282,0.0,0.0,417,False
1902270,8,Biobio,5814.568591773078,REDPE_mid,13334.999999999998,8721.852887659617,5814.568591773078,0.0,136,32.0,2.0,4.0,8.0,0.0,True,,0.8288849918161737,3371.122528391005,13334.999999999998,2443.4460633820736,2443.4460633820736,3296.377471608994,0.0,417,False
1902270,8,Biobio,5814.568591773078,REDPE_mid,13334.999999999998,8721.852887659617,5814.568591773078,0.0,137,32.0,2.0,4.0,8.0,0.01,True,,0.8835321265871202,3161.6087551765563,13334.999999999998,2652.959836596522,2652.959836596522,3287.220143448996,0.0,417,False
1902270,8,Biobio,5814.568591773078,REDPE_mid,13334.999999999998,8721.852887659617,5814.568591773078,0.0,138,32.0,2.0,4.0,16.0,0.0,True,,0.08565032713463688,5814.568591773078,13152.0,0.0,0.0,754.9130100895002,6.518398137421189,411,False
1902270,8,Biobio,5814.568591773078,REDPE_mid,13334.999999999998,8721.852887659617,5814.568591773078,0.0,139,32.0,2.0,4.0,16.0,0.01,True,,0.22925252020779552,5290.899804878087,13334.999999999998,523.668786894991,523.668786894991,742.620389223126,0.0,417,False
1902270,8,Biobio,5814.568591773078,REDPE_mid,13334.999999999998,8721.852887659617,5814.568591773078,0.0,140,32.0,2.0,4.0,32.0,0.0,True,,0.001060900812927088,5814.568591773078,11648.0,0.0,0.0,0.0,9.431408226921372,364,False
1902270,8,Biobio,5814.568591773078,REDPE_mid,13334.999999999998,8721.852887659617,5814.568591773078,0.0,141,32.0,2.0,4.0,32.0,0.01,True,,0.1231664906185022,5588.998950581419,13334.999999999998,225.5696411916586,225.5696411916586,0.0,0.0,417,False
1902270,8,Biobio,5814.568591773078,REDPE_mid,13334.999999999998,8721.852887659617,5814.568591773078,0.0,142,32.0,2.0,4.0,64.0,0.0,True,,0.002860675841048576,5814.568591773078,11680.0,0.0,0.0,0.0,25.43140822692145,365,False
1902270,8,Biobio,5814.568591773078,REDPE_mid,13334.999999999998,8721.852887659617,5814.568591773078,0.0,143,32.0,2.0,4.0,64.0,0.01,True,,0.22517922116316605,5200.33044720625,13334.999999999998,614.2381445668282,614.2381445668282,0.0,0.0,417,False
2205143,9,Araucania,7006.616827209978,REDPE_mid,20640.0,10509.925240814966,7006.616827209978,0.0,0,8.0,1.0,1.0,8.0,0.0,True,,0.0005942663341411777,7004.069102722067,14016.0,2.547724487909905,2.547724487909905,0.0,3.930897277932207,1752,False
2205143,9,Araucania,7006.616827209978,REDPE_mid,20640.0,10509.925240814966,7006.616827209978,0.0,1,8.0,1.0,1.0,8.0,0.01,True,,0.013387171089878469,7003.895770053555,14544.0,2.721057156423235,2.721057156423235,0.0,2.808676915177375,1818,False
2205143,9,Araucania,7006.616827209978,REDPE_mid,20640.0,10509.925240814966,7006.616827209978,0.0,2,8.0,1.0,1.0,16.0,0.0,True,,0.0003912189527632535,7006.616827209978,14024.0,0.0,0.0,0.0,5.383172790022307,1753,True
2205143,9,Araucania,7006.616827209978,REDPE_mid,20640.0,10509.925240814966,7006.616827209978,0.0,3,8.0,1.0,1.0,16.0,0.01,True,,0.021497716879240403,7006.616827209978,14896.0,0.0,0.0,0.0,4.659407194999045,1862,False
2205143,9,Araucania,7006.616827209978,REDPE_mid,20640.0,10509.925240814966,7006.616827209978,0.0,4,8.0,1.0,1.0,32.0,0.0,True,,0.0006819166271818581,7006.616827209978,14032.0,0.0,0.0,0.0,9.383172790022302,1754,False
2205143,9,Araucania,7006.616827209978,REDPE_mid,20640.0,10509.925240814966,7006.616827209978,0.0,5,8.0,1.0,1.0,32.0,0.01,True,,0.03843215321476811,7006.616827209978,15592.0,0.0,0.0,0.0,7.712939125582906,1949,False
2205143,9,Araucania,7006.616827209978,REDPE_mid,20640.0,10509.925240814966,7006.616827209978,0.0,6,8.0,1.0,1.0,64.0,0.0,True,,0.0012633119760190675,7006.616827209978,14048.0,0.0,0.0,0.0,17.383172790022304,1756,False
2205143,9,Araucania,7006.616827209978,REDPE_mid,20640.0,10509.925240814966,7006.616827209978,0.0,7,8.0,1.0,1.0,64.0,0.01,True,,0.07217302363499249,7006.616827209978,16976.0,0.0,0.0,0.0,16.53607007244545,2122,False
2205143,9,Araucania,7006.616827209978,REDPE_mid,20640.0,10509.925240814966,7006.616827209978,0.0,8,8.0,1.0,2.0,8.0,0.0,True,,0.0047838916021523134,6984.259049944119,13976.0,22.357777265859283,22.357777265859283,0.0,3.7409500558815942,1747,False
2205143,9,Araucania,7006.616827209978,REDPE_mid,20640.0,10509.925240814966,7006.616827209978,0.0,9,8.0,1.0,2.0,8.0,0.01,True,,0.01697158082471744,6973.615136646007,14480.0,33.00169056396999,33.00169056396999,0.0,2.8086769164995395,1810,False
2205143,9,Araucania,7006.616827209978,REDPE_mid,20640.0,10509.925240814966,7006.616827209978,0.0,10,8.0,1.0,2.0,16.0,0.0,True,,0.0006576708048039986,7005.241935653447,14024.0,1.3748915565302853,1.3748915565302853,0.0,6.758064346552601,1753,False
2205143,9,Araucania,7006.616827209978,REDPE_mid,20640.0,10509.925240814966,7006.616827209978,0.0,11,8.0,1.0,2.0,16.0,0.01,True,,0.02134289890469131,7005.243790155731,14880.0,1.3730370542466424,1.3730370542466424,0.0,4.657261825887777,1860,False
2205143,9,Araucania,7006.616827209978,REDPE_mid,20640.0,10509.925240814966,7006.616827209978,0.0,12,8.0,1.0,2.0,32.0,0.0,True,,0.0006819166271818584,7006.616827209978,14032.0,0.0,0.0,0.0,9.383172790022316,1754,False
2205143,9,Araucania,7006.616827209978,REDPE_mid,20640.0,10509.925240814966,7006.616827209978,0.0,13,8.0,1.0,2.0,32.0,0.01,True,,0.038044556182675604,7006.616827209978,15576.0,0.0,0.0,0.0,7.712933640804132,1947,False
2205143,9,Araucania,7006.616827209978,REDPE_mid,20640.0,10509.925240814966,7006.616827209978,0.0,14,8.0,1.0,2.0,64.0,0.0,True,,0.0012633119760190673,7006.616827209978,14048.0,0.0,0.0,0.0,17.383172790022297,1756,False
2205143,9,Araucania,7006.616827209978,REDPE_mid,20640.0,10509.925240814966,7006.616827209978,0.0,15,8.0,1.0,2.0,64.0,0.01,True,,0.07159154123282088,7006.616827209978,16952.0,0.0,0.0,0.0,16.53247651080097,2119,False
2205143,9,Araucania,7006.616827209978,REDPE_mid,20640.0,10509.925240814966,7006.616827209978,0.0,16,8.0,1.0,4.0,8.0,0.0,True,,0.3282137190172642,5500.861140482141,11008.0,1505.755686727836,1505.755686727836,0.0,3.13885951785839,1376,False
2205143,9,Araucania,7006.616827209978,REDPE_mid,20640.0,10509.925240814966,7006.616827209978,0.0,17,8.0,1.0,4.0,8.0,0.01,True,,0.3266916734883467,5463.0073054434815,11336.0,1543.6095217664963,1543.6095217664963,0.0,3.3319748135230096,1417,False
2205143,9,Araucania,7006.616827209978,REDPE_mid,20640.0,10509.925240814966,7006.616827209978,0.0,18,8.0,1.0,4.0,16.0,0.0,True,,0.2653458724269191,5789.2592288883225,11584.0,1217.3575983216556,1217.3575983216556,0.0,2.740771111677809,1448,False
2205143,9,Araucania,7006.616827209978,REDPE_mid,20640.0,10509.925240814966,7006.616827209978,0.0,19,8.0,1.0,4.0,16.0,0.01,True,,0.26593125525317035,5720.827685337472,12040.0,1285.7891418725058,1285.7891418725058,0.0,3.884569323376197,1505,False
2205143,9,Araucania,7006.616827209978,REDPE_mid,20640.0,10509.925240814966,7006.616827209978,0.0,20,8.0,1.0,4.0,32.0,0.0,True,,0.24260437250195707,5893.105368501127,11800.0,1113.5114587088515,1113.5114587088515,0.0,6.894631498873992,1475,False
2205143,9,Araucania,7006.616827209978,REDPE_mid,20640.0,10509.925240814966,7006.616827209978,0.0,21,8.0,1.0,4.0,32.0,0.01,True,,0.2409979674308956,5799.600864406788,12520.0,1207.0159628031897,1207.0159628031897,0.0,6.050701505087545,1565,False
2205143,9,Araucania,7006.616827209978,REDPE_mid,20640.0,10509.925240814966,7006.616827209978,0.0,22,8.0,1.0,4.0,64.0,0.0,True,,0.23831557722550156,5911.735552127637,11856.0,1094.8812750823408,1094.8812750823408,0.0,16.264447872363203,1482,False
2205143,9,Araucania,7006.616827209978,REDPE_mid,20640.0,10509.925240814966,7006.616827209978,0.0,23,8.0,1.0,4.0,64.0,0.01,True,,0.22816956544073347,5808.795737252087,12992.0,1197.8210899578912,1197.8210899578912,0.0,12.85837726828535,1624,False
2205143,9,Araucania,7006.616827209978,REDPE_mid,20640.0,10509.925240814966,7006.616827209978,0.0,24,8.0,2.0,1.0,8.0,0.0,True,,0.0057123419268440825,6979.96824626871,13968.0,26.64858094126862,26.64858094126862,0.0,4.031753731290918,1746,False
2205143,9,Araucania,7006.616827209978,REDPE_mid,20640.0,10509.925240814966,7006.616827209978,0.0,25,8.0,2.0,1.0,8.0,0.01,True,,0.01490148611031223,6975.561719599647,14408.0,31.055107610331138,31.055107610331138,0.0,2.981247781329908,1801,False
2205143,9,Araucania,7006.616827209978,REDPE_mid,20640.0,10509.925240814966,7006.616827209978,0.0,26,8.0,2.0,1.0,16.0,0.0,True,,0.0006576708048039988,7005.241935653447,14024.0,1.3748915565302875,1.3748915565302875,0.0,6.758064346552601,1753,False
2205143,9,Araucania,7006.616827209978,REDPE_mid,20640.0,10509.925240814966,7006.616827209978,0.0,27,8.0,2.0,1.0,16.0,0.01,True,,0.01993142419332832,7004.551391146528,14816.0,2.065436063449395,2.065436063449395,0.0,5.544792676400741,1852,False
2205143,9,Araucania,7006.616827209978,REDPE_mid,20640.0,10509.925240814966,7006.616827209978,0.0,28,8.0,2.0,1.0,32.0,0.0,True,,0.0006819166271818577,7006.616827209978,14032.0,0.0,0.0,0.0,9.383172790022291,1754,False
2205143,9,Araucania,7006.616827209978,REDPE_mid,20640.0,10509.925240814966,7006.616827209978,0.0,29,8.0,2.0,1.0,32.0,0.01,True,,0.036088052136208915,7006.616827209978,15496.0,0.0,0.0,0.0,6.948446602659414,1937,False
2205143,9,Araucania,7006.616827209978,REDPE_mid,20640.0,10509.925240814966,7006.616827209978,0.0,30,8.0,2.0,1.0,64.0,0.0,True,,0.0012633119760190675,7006.616827209978,14048.0,0.0,0.0,0.0,17.383172790022304,1756,False
2205143,9,Araucania,7006.616827209978,REDPE_mid,20640.0,10509.925240814966,7006.616827209978,0.0,31,8.0,2.0,1.0,64.0,0.01,True,,0.0698527356433331,7006.616827209978,16880.0,0.0,0.0,0.0,16.754581776745287,2110,False
2205143,9,Araucania,7006.616827209978,REDPE_mid,20640.0,10509.925240814966,7006.616827209978,0.0,32,8.0,2.0,2.0,8.0,0.0,True,,0.0057123419268440825,6979.96824626871,13968.0,26.64858094126862,26.64858094126862,0.0,4.031753731290918,1746,False
2205143,9,Araucania,7006.616827209978,REDPE_mid,20640.0,10509.925240814966,7006.616827209978,0.0,33,8.0,2.0,2.0,8.0,0.01,True,,0.01490148611031223,6975.561719599647,14408.0,31.055107610331138,31.055107610331138,0.0,2.981247781329908,1801,False
2205143,9,Araucania,7006.616827209978,REDPE_mid,20640.0,10509.925240814966,7006.616827209978,0.0,34,8.0,2.0,2.0,16.0,0.0,True,,0.0006576708048039988,7005.241935653447,14024.0,1.3748915565302875,1.3748915565302875,0.0,6.758064346552601,1753,False
2205143,9,Araucania,7006.616827209978,REDPE_mid,20640.0,10509.925240814966,7006.616827209978,0.0,35,8.0,2.0,2.0,16.0,0.01,True,,0.01993142419332832,7004.551391146528,14816.0,2.065436063449395,2.065436063449395,0.0,5.544792676400741,1852,False
2205143,9,Araucania,7006.616827209978,REDPE_mid,20640.0,10509.925240814966,7006.616827209978,0.0,36,8.0,2.0,2.0,32.0,0.0,True,,0.0006819166271818577,7006.616827209978,14032.0,0.0,0.0,0.0,9.383172790022291,1754,False
2205143,9,Araucania,7006.616827209978,REDPE_mid,20640.0,10509.925240814966,7006.616827209978,0.0,37,8.0,2.0,2.0,32.0,0.01,True,,0.036088052136208915,7006.616827209978,15496.0,0.0,0.0,0.0,6.948446602659414,1937,False
2205143,9,Araucania,7006.616827209978,REDPE_mid,20640.0,10509.925240814966,7006.616827209978,0.0,38,8.0,2.0,2.0,64.0,0.0,True,,0.0012633119760190675,7006.616827209978,14048.0,0.0,0.0,0.0,17.383172790022304,1756,False
2205143,9,Araucania,7006.616827209978,REDPE_mid,20640.0,10509.925240814966,7006.616827209978,0.0,39,8.0,2.0,2.0,64.0,0.01,True,,0.0698527356433331,7006.616827209978,16880.0,0.0,0.0,0.0,16.754581776745287,2110,False
2205143,9,Araucania,7006.616827209978,REDPE_mid,20640.0,10509.925240814966,7006.616827209978,0.0,40,8.0,2.0,4.0,8.0,0.0,True,,0.3282137190172642,5500.861140482141,11008.0,1505.755686727836,1505.755686727836,0.0,3.13885951785839,1376,False
2205143,9,Araucania,7006.616827209978,REDPE_mid,20640.0,10509.925240814966,7006.616827209978,0.0,41,8.0,2.0,4.0,8.0,0.01,True,,0.3238626287245901,5482.010947372652,11320.0,1524.605879837327,1524.605879837327,0.0,3.574500469841112,1415,False
2205143,9,Araucania,7006.616827209978,REDPE_mid,20640.0,10509.925240814966,7006.616827209978,0.0,42,8.0,2.0,4.0,16.0,0.0,True,,0.2653458724269191,5789.2592288883225,11584.0,1217.3575983216556,1217.3575983216556,0.0,2.7407711116778053,1448,False
2205143,9,Araucania,7006.616827209978,REDPE_mid,20640.0,10509.925240814966,7006.616827209978,0.0,43,8.0,2.0,4.0,16.0,0.01,True,,0.2631066182997976,5739.783462600166,12024.0,1266.8333646098126,1266.8333646098126,0.0,3.9739967270052325,1503,False
2205143,9,Araucania,7006.616827209978,REDPE_mid,20640.0,10509.925240814966,7006.616827209978,0.0,44,8.0,2.0,4.0,32.0,0.0,True,,0.2426043725019571,5893.105368501127,11800.0,1113.511458708852,1113.511458708852,0.0,6.8946314988740065,1475,False
2205143,9,Araucania,7006.616827209978,REDPE_mid,20640.0,10509.925240814966,7006.616827209978,0.0,45,8.0,2.0,4.0,32.0,0.01,True,,0.23817936709358148,5819.730759322694,12496.0,1186.8860678872834,1186.8860678872834,0.0,6.608143992105127,1562,False
2205143,9,Araucania,7006.616827209978,REDPE_mid,20640.0,10509.925240814966,7006.616827209978,0.0,46,8.0,2.0,4.0,64.0,0.0,True,,0.23831557722550156,5911.735552127637,11856.0,1094.8812750823408,1094.8812750823408,0.0,16.264447872363217,1482,False
2205143,9,Araucania,7006.616827209978,REDPE_mid,20640.0,10509.925240814966,7006.616827209978,0.0,47,8.0,2.0,4.0,64.0,0.01,True,,0.22515372865240324,5827.753122386733,12984.0,1178.863704823245,1178.863704823245,0.0,13.066330588535155,1623,False
2205143,9,Araucania,7006.616827209978,REDPE_mid,20640.0,10509.925240814966,7006.616827209978,0.0,48,16.0,1.0,1.0,8.0,0.0,True,,0.09898002223548164,7006.398602271151,16736.0,0.21822493882678495,0.21822493882678495,1353.7687144024012,7.83268332644771,1046,False
2205143,9,Araucania,7006.616827209978,REDPE_mid,20640.0,10509.925240814966,7006.616827209978,0.0,49,16.0,1.0,1.0,8.0,0.01,True,,0.12318112915956826,7006.261838046628,17648.0,0.35498916334923614,0.35498916334923614,1441.5227159864457,6.143025997041811,1103,False
2205143,9,Araucania,7006.616827209978,REDPE_mid,20640.0,10509.925240814966,7006.616827209978,0.0,50,16.0,1.0,1.0,16.0,0.0,True,,0.0006819166271818576,7006.616827209978,14032.0,0.0,0.0,0.0,9.383172790022284,877,False
2205143,9,Araucania,7006.616827209978,REDPE_mid,20640.0,10509.925240814966,7006.616827209978,0.0,51,16.0,1.0,1.0,16.0,0.01,True,,0.029627364487412846,7006.616827209978,15232.0,0.0,0.0,0.0,4.251260460357579,952,False
2205143,9,Araucania,7006.616827209978,REDPE_mid,20640.0,10509.925240814966,7006.616827209978,0.0,52,16.0,1.0,1.0,32.0,0.0,True,,0.000681916627181857,7006.616827209978,14032.0,0.0,0.0,0.0,9.383172790022256,877,False
2205143,9,Araucania,7006.616827209978,REDPE_mid,20640.0,10509.925240814966,7006.616827209978,0.0,53,16.0,1.0,1.0,32.0,0.01,True,,0.04674400214906946,7006.616827209978,15936.0,0.0,0.0,0.0,6.826063133542263,996,False
2205143,9,Araucania,7006.616827209978,REDPE_mid,20640.0,10509.925240814966,7006.616827209978,0.0,54,16.0,1.0,1.0,64.0,0.0,True,,0.0012633119760190664,7006.616827209978,14048.0,0.0,0.0,0.0,17.38317279002226,878,False
2205143,9,Araucania,7006.616827209978,REDPE_mid,20640.0,10509.925240814966,7006.616827209978,0.0,55,16.0,1.0,1.0,64.0,0.01,True,,0.08040488648935173,7006.616827209978,17312.0,0.0,0.0,0.0,20.347368700394654,1082,False
2205143,9,Araucania,7006.616827209978,REDPE_mid,20640.0,10509.925240814966,7006.616827209978,0.0,56,16.0,1.0,2.0,8.0,0.0,True,,0.09898002223548164,7006.398602271151,16736.0,0.21822493882678495,0.21822493882678495,1353.7687144024012,7.83268332644771,1046,False
2205143,9,Araucania,7006.616827209978,REDPE_mid,20640.0,10509.925240814966,7006.616827209978,0.0,57,16.0,1.0,2.0,8.0,0.01,True,,0.12318112915956826,7006.261838046628,17648.0,0.35498916334923614,0.35498916334923614,1441.5227159864457,6.143025997041811,1103,False
2205143,9,Araucania,7006.616827209978,REDPE_mid,20640.0,10509.925240814966,7006.616827209978,0.0,58,16.0,1.0,2.0,16.0,0.0,True,,0.0006819166271818576,7006.616827209978,14032.0,0.0,0.0,0.0,9.383172790022284,877,False
2205143,9,Araucania,7006.616827209978,REDPE_mid,20640.0,10509.925240814966,7006.616827209978,0.0,59,16.0,1.0,2.0,16.0,0.01,True,,0.029627364487412846,7006.616827209978,15232.0,0.0,0.0,0.0,4.251260460357579,952,False
2205143,9,Araucania,7006.616827209978,REDPE_mid,20640.0,10509.925240814966,7006.616827209978,0.0,60,16.0,1.0,2.0,32.0,0.0,True,,0.000681916627181857,7006.616827209978,14032.0,0.0,0.0,0.0,9.383172790022256,877,False
2205143,9,Araucania,7006.616827209978,REDPE_mid,20640.0,10509.925240814966,7006.616827209978,0.0,61,16.0,1.0,2.0,32.0,0.01,True,,0.04674400214906946,7006.616827209978,15936.0,0.0,0.0,0.0,6.826063133542263,996,False
2205143,9,Araucania,7006.616827209978,REDPE_mid,20640.0,10509.925240814966,7006.616827209978,0.0,62,16.0,1.0,2.0,64.0,0.0,True,,0.0012633119760190664,7006.616827209978,14048.0,0.0,0.0,0.0,17.38317279002226,878,False
2205143,9,Araucania,7006.616827209978,REDPE_mid,20640.0,10509.925240814966,7006.616827209978,0.0,63,16.0,1.0,2.0,64.0,0.01,True,,0.08040488648935173,7006.616827209978,17312.0,0.0,0.0,0.0,20.347368700394654,1082,False
2205143,9,Araucania,7006.616827209978,REDPE_mid,20640.0,10509.925240814966,7006.616827209978,0.0,64,16.0,1.0,4.0,8.0,0.0,True,,0.09214155522520663,6951.68509204417,16256.0,54.93173516580823,54.93173516580823,1168.482224629383,7.83268332644771,1016,False
2205143,9,Araucania,7006.616827209978,REDPE_mid,20640.0,10509.925240814966,7006.616827209978,0.0,65,16.0,1.0,4.0,8.0,0.01,True,,0.11472580602030319,6936.570930468877,17040.0,70.04589674110045,70.04589674110045,1212.6506237533258,6.143025997041811,1065,False
2205143,9,Araucania,7006.616827209978,REDPE_mid,20640.0,10509.925240814966,7006.616827209978,0.0,66,16.0,1.0,4.0,16.0,0.0,True,,0.0009483684792226039,7005.241935653447,14032.0,1.3748915565303022,1.3748915565303022,0.0,10.758064346552574,877,False
2205143,9,Araucania,7006.616827209978,REDPE_mid,20640.0,10509.925240814966,7006.616827209978,0.0,67,16.0,1.0,4.0,16.0,0.01,True,,0.02970165877237139,7003.892989063459,15216.0,2.7238381465185606,2.7238381465185606,0.0,4.251261517816115,951,False
2205143,9,Araucania,7006.616827209978,REDPE_mid,20640.0,10509.925240814966,7006.616827209978,0.0,68,16.0,1.0,4.0,32.0,0.0,True,,0.0006819166271818571,7006.616827209978,14032.0,0.0,0.0,0.0,9.383172790022263,877,False
2205143,9,Araucania,7006.616827209978,REDPE_mid,20640.0,10509.925240814966,7006.616827209978,0.0,69,16.0,1.0,4.0,32.0,0.01,True,,0.046356405249845724,7006.616827209978,15920.0,0.0,0.0,0.0,6.826063133586649,995,False
2205143,9,Araucania,7006.616827209978,REDPE_mid,20640.0,10509.925240814966,7006.616827209978,0.0,70,16.0,1.0,4.0,64.0,0.0,True,,0.0012633119760190664,7006.616827209978,14048.0,0.0,0.0,0.0,17.38317279002226,878,False
2205143,9,Araucania,7006.616827209978,REDPE_mid,20640.0,10509.925240814966,7006.616827209978,0.0,71,16.0,1.0,4.0,64.0,0.01,True,,0.08002337532796282,7006.616827209978,17296.0,0.0,0.0,0.0,20.598587958260648,1081,False
2205143,9,Araucania,7006.616827209978,REDPE_mid,20640.0,10509.925240814966,7006.616827209978,0.0,72,16.0,2.0,1.0,8.0,0.0,True,,0.01845298592698929,7004.918109622971,14512.0,1.6987175870064037,1.6987175870064037,247.17536213752862,3.9065282395000844,907,False
2205143,9,Araucania,7006.616827209978,REDPE_mid,20640.0,10509.925240814966,7006.616827209978,0.0,73,16.0,2.0,1.0,8.0,0.01,True,,0.03874952013222795,7005.882026579581,15328.0,0.7348006303964953,0.7348006303964953,276.74839255901554,2.9218485065344284,958,False
2205143,9,Araucania,7006.616827209978,REDPE_mid,20640.0,10509.925240814966,7006.616827209978,0.0,74,16.0,2.0,1.0,16.0,0.0,True,,0.000681916627181857,7006.616827209978,14032.0,0.0,0.0,0.0,9.383172790022256,877,False
2205143,9,Araucania,7006.616827209978,REDPE_mid,20640.0,10509.925240814966,7006.616827209978,0.0,75,16.0,2.0,1.0,16.0,0.01,True,,0.027696067417627365,7006.616827209978,15152.0,0.0,0.0,0.0,4.527317419612912,947,False
2205143,9,Araucania,7006.616827209978,REDPE_mid,20640.0,10509.925240814966,7006.616827209978,0.0,76,16.0,2.0,1.0,32.0,0.0,True,,0.000681916627181857,7006.616827209978,14032.0,0.0,0.0,0.0,9.383172790022256,877,False
2205143,9,Araucania,7006.616827209978,REDPE_mid,20640.0,10509.925240814966,7006.616827209978,0.0,77,16.0,2.0,1.0,32.0,0.01,True,,0.04527791250222669,7006.616827209978,15872.0,0.0,0.0,0.0,10.30588251187266,992,False
2205143,9,Araucania,7006.616827209978,REDPE_mid,20640.0,10509.925240814966,7006.616827209978,0.0,78,16.0,2.0,1.0,64.0,0.0,True,,0.0012633119760190664,7006.616827209978,14048.0,0.0,0.0,0.0,17.38317279002226,878,False
2205143,9,Araucania,7006.616827209978,REDPE_mid,20640.0,10509.925240814966,7006.616827209978,0.0,79,16.0,2.0,1.0,64.0,0.01,True,,0.07840583848635722,7006.616827209978,17232.0,0.0,0.0,0.0,17.826667136781747,1077,False
2205143,9,Araucania,7006.616827209978,REDPE_mid,20640.0,10509.925240814966,7006.616827209978,0.0,80,16.0,2.0,2.0,8.0,0.0,True,,0.01845298592698929,7004.918109622971,14512.0,1.6987175870064037,1.6987175870064037,247.17536213752862,3.9065282395000844,907,False
2205143,9,Araucania,7006.616827209978,REDPE_mid,20640.0,10509.925240814966,7006.616827209978,0.0,81,16.0,2.0,2.0,8.0,0.01,True,,0.03874952013222795,7005.882026579581,15328.0,0.7348006303964953,0.7348006303964953,276.74839255901554,2.9218485065344284,958,False
2205143,9,Araucania,7006.616827209978,REDPE_mid,20640.0,10509.925240814966,7006.616827209978,0.0,82,16.0,2.0,2.0,16.0,0.0,True,,0.000681916627181857,7006.616827209978,14032.0,0.0,0.0,0.0,9.383172790022256,877,False
2205143,9,Araucania,7006.616827209978,REDPE_mid,20640.0,10509.925240814966,7006.616827209978,0.0,83,16.0,2.0,2.0,16.0,0.01,True,,0.027696067417627365,7006.616827209978,15152.0,0.0,0.0,0.0,4.527317419612912,947,False
2205143,9,Araucania,7006.616827209978,REDPE_mid,20640.0,10509.925240814966,7006.616827209978,0.0,84,16.0,2.0,2.0,32.0,0.0,True,,0.000681916627181857,7006.616827209978,14032.0,0.0,0.0,0.0,9.383172790022256,877,False
2205143,9,Araucania,7006.616827209978,REDPE_mid,20640.0,10509.925240814966,7006.616827209978,0.0,85,16.0,2.0,2.0,32.0,0.01,True,,0.04527791250222669,7006.616827209978,15872.0,0.0,0.0,0.0,10.30588251187266,992,False
2205143,9,Araucania,7006.616827209978,REDPE_mid,20640.0,10509.925240814966,7006.616827209978,0.0,86,16.0,2.0,2.0,64.0,0.0,True,,0.0012633119760190664,7006.616827209978,14048.0,0.0,0.0,0.0,17.38317279002226,878,False
2205143,9,Araucania,7006.616827209978,REDPE_mid,20640.0,10509.925240814966,7006.616827209978,0.0,87,16.0,2.0,2.0,64.0,0.01,True,,0.07840583848635722,7006.616827209978,17232.0,0.0,0.0,0.0,17.826667136781747,1077,False
2205143,9,Araucania,7006.616827209978,REDPE_mid,20640.0,10509.925240814966,7006.616827209978,0.0,88,16.0,2.0,4.0,8.0,0.0,True,,0.02274953333877006,6979.747924978183,14496.0,26.868902231795335,26.868902231795335,264.3455467823175,3.9065282395000844,906,False
2205143,9,Araucania,7006.616827209978,REDPE_mid,20640.0,10509.925240814966,7006.616827209978,0.0,89,16.0,2.0,4.0,8.0,0.01,True,,0.04088567444919091,6980.333626911465,15248.0,26.28320029851268,26.28320029851268,266.0900450864344,2.9218485065344284,953,False
2205143,9,Araucania,7006.616827209978,REDPE_mid,20640.0,10509.925240814966,7006.616827209978,0.0,90,16.0,2.0,4.0,16.0,0.0,True,,0.0009483684792226041,7005.241935653447,14032.0,1.3748915565303075,1.3748915565303075,0.0,10.758064346552565,877,False
2205143,9,Araucania,7006.616827209978,REDPE_mid,20640.0,10509.925240814966,7006.616827209978,0.0,91,16.0,2.0,4.0,16.0,0.01,True,,0.02809770133192991,7004.8620921272095,15152.0,1.7547350827681314,1.7547350827681314,0.0,8.82361982264512,947,False
2205143,9,Araucania,7006.616827209978,REDPE_mid,20640.0,10509.925240814966,7006.616827209978,0.0,92,16.0,2.0,4.0,32.0,0.0,True,,0.0006819166271818572,7006.616827209978,14032.0,0.0,0.0,0.0,9.383172790022266,877,False
2205143,9,Araucania,7006.616827209978,REDPE_mid,20640.0,10509.925240814966,7006.616827209978,0.0,93,16.0,2.0,4.0,32.0,0.01,True,,0.044913486800817144,7006.616827209978,15856.0,0.0,0.0,0.0,11.262389557687051,991,False
2205143,9,Araucania,7006.616827209978,REDPE_mid,20640.0,10509.925240814966,7006.616827209978,0.0,94,16.0,2.0,4.0,64.0,0.0,True,,0.0012633119760190666,7006.616827209978,14048.0,0.0,0.0,0.0,17.383172790022268,878,False
2205143,9,Araucania,7006.616827209978,REDPE_mid,20640.0,10509.925240814966,7006.616827209978,0.0,95,16.0,2.0,4.0,64.0,0.01,True,,0.0780540710114801,7006.616827209978,17216.0,0.0,0.0,0.0,19.30570577385397,1076,False
2205143,9,Araucania,7006.616827209978,REDPE_mid,20640.0,10509.925240814966,7006.616827209978,0.0,96,32.0,1.0,1.0,8.0,0.0,True,,0.7619769215313525,4317.334601904457,20640.0,2689.2822253055206,2689.2822253055206,6002.665398095543,0.0,645,False
2205143,9,Araucania,7006.616827209978,REDPE_mid,20640.0,10509.925240814966,7006.616827209978,0.0,97,32.0,1.0,1.0,8.0,0.01,True,,0.8013538967542513,4087.0711085604657,20640.0,2919.545718649512,2919.545718649512,6016.30248188887,0.0,645,False
2205143,9,Araucania,7006.616827209978,REDPE_mid,20640.0,10509.925240814966,7006.616827209978,0.0,98,32.0,1.0,1.0,16.0,0.0,True,,0.13149587011555394,7006.616827209978,17632.0,0.0,0.0,1799.9643812418522,9.418791548169912,551,False
2205143,9,Araucania,7006.616827209978,REDPE_mid,20640.0,10509.925240814966,7006.616827209978,0.0,99,32.0,1.0,1.0,16.0,0.01,True,,0.18551468407804553,7006.616827209978,19648.0,0.0,0.0,2018.4437758758777,4.836037285797677,614,False
2205143,9,Araucania,7006.616827209978,REDPE_mid,20640.0,10509.925240814966,7006.616827209978,0.0,100,32.0,1.0,1.0,32.0,0.0,True,,0.0012633119760190668,7006.616827209978,14048.0,0.0,0.0,0.0,17.383172790022282,439,False
2205143,9,Araucania,7006.616827209978,REDPE_mid,20640.0,10509.925240814966,7006.616827209978,0.0,101,32.0,1.0,1.0,32.0,0.01,True,,0.06326574910068744,7006.616827209978,16608.0,0.0,0.0,0.0,16.84377729633253,519,False
2205143,9,Araucania,7006.616827209978,REDPE_mid,20640.0,10509.925240814966,7006.616827209978,0.0,102,32.0,1.0,1.0,64.0,0.0,True,,0.001263311976019068,7006.616827209978,14048.0,0.0,0.0,0.0,17.383172790022325,439,False
2205143,9,Araucania,7006.616827209978,REDPE_mid,20640.0,10509.925240814966,7006.616827209978,0.0,103,32.0,1.0,1.0,64.0,0.01,True,,0.09663792596701024,7006.616827209978,17984.0,0.0,0.0,0.0,18.447238338137844,562,False
2205143,9,Araucania,7006.616827209978,REDPE_mid,20640.0,10509.925240814966,7006.616827209978,0.0,104,32.0,1.0,2.0,8.0,0.0,True,,0.7619769215313525,4317.334601904457,20640.0,2689.2822253055206,2689.2822253055206,6002.665398095543,0.0,645,False
2205143,9,Araucania,7006.616827209978,REDPE_mid,20640.0,10509.925240814966,7006.616827209978,0.0,105,32.0,1.0,2.0,8.0,0.01,True,,0.8013538967542513,4087.0711085604657,20640.0,2919.545718649512,2919.545718649512,6016.30248188887,0.0,645,False
2205143,9,Araucania,7006.616827209978,REDPE_mid,20640.0,10509.925240814966,7006.616827209978,0.0,106,32.0,1.0,2.0,16.0,0.0,True,,0.13149587011555394,7006.616827209978,17632.0,0.0,0.0,1799.9643812418522,9.418791548169912,551,False
2205143,9,Araucania,7006.616827209978,REDPE_mid,20640.0,10509.925240814966,7006.616827209978,0.0,107,32.0,1.0,2.0,16.0,0.01,True,,0.18551468407804553,7006.616827209978,19648.0,0.0,0.0,2018.4437758758777,4.836037285797677,614,False
2205143,9,Araucania,7006.616827209978,REDPE_mid,20640.0,10509.925240814966,7006.616827209978,0.0,108,32.0,1.0,2.0,32.0,0.0,True,,0.0012633119760190668,7006.616827209978,14048.0,0.0,0.0,0.0,17.383172790022282,439,False
2205143,9,Araucania,7006.616827209978,REDPE_mid,20640.0,10509.925240814966,7006.616827209978,0.0,109,32.0,1.0,2.0,32.0,0.01,True,,0.06326574910068744,7006.616827209978,16608.0,0.0,0.0,0.0,16.84377729633253,519,False
2205143,9,Araucania,7006.616827209978,REDPE_mid,20640.0,10509.925240814966,7006.616827209978,0.0,110,32.0,1.0,2.0,64.0,0.0,True,,0.0012633119760190677,7006.616827209978,14048.0,0.0,0.0,0.0,17.383172790022318,439,False
2205143,9,Araucania,7006.616827209978,REDPE_mid,20640.0,10509.925240814966,7006.616827209978,0.0,111,32.0,1.0,2.0,64.0,0.01,True,,0.09663792596701024,7006.616827209978,17984.0,0.0,0.0,0.0,18.447238338137844,562,False
2205143,9,Araucania,7006.616827209978,REDPE_mid,20640.0,10509.925240814966,7006.616827209978,0.0,112,32.0,1.0,4.0,8.0,0.0,True,,0.7402779686944501,4429.301198542874,20640.0,2577.3156286671037,2577.3156286671037,5890.698801457127,0.0,645,False
2205143,9,Araucania,7006.616827209978,REDPE_mid,20640.0,10509.925240814966,7006.616827209978,0.0,113,32.0,1.0,4.0,8.0,0.01,True,,0.7795115854975389,4199.597279261233,20640.0,2807.0195479487443,2807.0195479487443,5902.335068117145,0.0,645,False
2205143,9,Araucania,7006.616827209978,REDPE_mid,20640.0,10509.925240814966,7006.616827209978,0.0,114,32.0,1.0,4.0,16.0,0.0,True,,0.13149587011555394,7006.616827209978,17632.0,0.0,0.0,1799.9643812418522,9.418791548169912,551,False
2205143,9,Araucania,7006.616827209978,REDPE_mid,20640.0,10509.925240814966,7006.616827209978,0.0,115,32.0,1.0,4.0,16.0,0.01,True,,0.18551468407804553,7006.616827209978,19648.0,0.0,0.0,2018.4437758758777,4.836037285797677,614,False
2205143,9,Araucania,7006.616827209978,REDPE_mid,20640.0,10509.925240814966,7006.616827209978,0.0,116,32.0,1.0,4.0,32.0,0.0,True,,0.0012633119760190668,7006.616827209978,14048.0,0.0,0.0,0.0,17.383172790022282,439,False
2205143,9,Araucania,7006.616827209978,REDPE_mid,20640.0,10509.925240814966,7006.616827209978,0.0,117,32.0,1.0,4.0,32.0,0.01,True,,0.06326574910068744,7006.616827209978,16608.0,0.0,0.0,0.0,16.84377729633253,519,False
2205143,9,Araucania,7006.616827209978,REDPE_mid,20640.0,10509.925240814966,7006.616827209978,0.0,118,32.0,1.0,4.0,64.0,0.0,True,,0.0012633119760190677,7006.616827209978,14048.0,0.0,0.0,0.0,17.383172790022318,439,False
2205143,9,Araucania,7006.616827209978,REDPE_mid,20640.0,10509.925240814966,7006.616827209978,0.0,119,32.0,1.0,4.0,64.0,0.01,True,,0.09663792596701024,7006.616827209978,17984.0,0.0,0.0,0.0,18.447238338137844,562,False
2205143,9,Araucania,7006.616827209978,REDPE_mid,20640.0,10509.925240814966,7006.616827209978,0.0,120,32.0,2.0,1.0,8.0,0.0,True,,0.5793252961076372,5259.816989090828,20640.0,1746.7998381191487,1746.7998381191487,5060.183010909172,0.0,645,False
2205143,9,Araucania,7006.616827209978,REDPE_mid,20640.0,10509.925240814966,7006.616827209978,0.0,121,32.0,2.0,1.0,8.0,0.01,True,,0.6209246552202651,5011.585238805399,20640.0,1995.0315884045779,1995.0315884045779,5039.782303080451,0.0,645,False
2205143,9,Araucania,7006.616827209978,REDPE_mid,20640.0,10509.925240814966,7006.616827209978,0.0,122,32.0,2.0,1.0,16.0,0.0,True,,0.06870517244113536,7006.616827209978,15904.0,0.0,0.0,935.9643812418524,9.418791548169912,497,False
2205143,9,Araucania,7006.616827209978,REDPE_mid,20640.0,10509.925240814966,7006.616827209978,0.0,123,32.0,2.0,1.0,16.0,0.01,True,,0.11185170567404595,7006.616827209978,17632.0,0.0,0.0,988.275613036856,10.196451607715872,551,False
2205143,9,Araucania,7006.616827209978,REDPE_mid,20640.0,10509.925240814966,7006.616827209978,0.0,124,32.0,2.0,1.0,32.0,0.0,True,,0.0012633119760190655,7006.616827209978,14048.0,0.0,0.0,0.0,17.383172790022225,439,False
2205143,9,Araucania,7006.616827209978,REDPE_mid,20640.0,10509.925240814966,7006.616827209978,0.0,125,32.0,2.0,1.0,32.0,0.01,True,,0.060924337545931725,7006.616827209978,16512.0,0.0,0.0,0.0,16.190308316016758,516,False
2205143,9,Araucania,7006.616827209978,REDPE_mid,20640.0,10509.925240814966,7006.616827209978,0.0,126,32.0,2.0,1.0,64.0,0.0,True,,0.0012633119760190677,7006.616827209978,14048.0,0.0,0.0,0.0,17.383172790022318,439,False
2205143,9,Araucania,7006.616827209978,REDPE_mid,20640.0,10509.925240814966,7006.616827209978,0.0,127,32.0,2.0,1.0,64.0,0.01,True,,0.09423080453200161,7006.616827209978,17888.0,0.0,0.0,0.0,15.081265500981651,559,False
2205143,9,Araucania,7006.616827209978,REDPE_mid,20640.0,10509.925240814966,7006.616827209978,0.0,128,32.0,2.0,2.0,8.0,0.0,True,,0.5793252961076372,5259.816989090828,20640.0,1746.7998381191487,1746.7998381191487,5060.183010909172,0.0,645,False
2205143,9,Araucania,7006.616827209978,REDPE_mid,20640.0,10509.925240814966,7006.616827209978,0.0,129,32.0,2.0,2.0,8.0,0.01,True,,0.6209246552202651,5011.585238805399,20640.0,1995.0315884045779,1995.0315884045779,5039.782303080451,0.0,645,False
2205143,9,Araucania,7006.616827209978,REDPE_mid,20640.0,10509.925240814966,7006.616827209978,0.0,130,32.0,2.0,2.0,16.0,0.0,True,,0.06870517244113536,7006.616827209978,15904.0,0.0,0.0,935.9643812418524,9.418791548169912,497,False
2205143,9,Araucania,7006.616827209978,REDPE_mid,20640.0,10509.925240814966,7006.616827209978,0.0,131,32.0,2.0,2.0,16.0,0.01,True,,0.11185170567404595,7006.616827209978,17632.0,0.0,0.0,988.275613036856,10.196451607715872,551,False
2205143,9,Araucania,7006.616827209978,REDPE_mid,20640.0,10509.925240814966,7006.616827209978,0.0,132,32.0,2.0,2.0,32.0,0.0,True,,0.0012633119760190655,7006.616827209978,14048.0,0.0,0.0,0.0,17.383172790022225,439,False
2205143,9,Araucania,7006.616827209978,REDPE_mid,20640.0,10509.925240814966,7006.616827209978,0.0,133,32.0,2.0,2.0,32.0,0.01,True,,0.060924337545931725,7006.616827209978,16512.0,0.0,0.0,0.0,16.190308316016758,516,False
2205143,9,Araucania,7006.616827209978,REDPE_mid,20640.0,10509.925240814966,7006.616827209978,0.0,134,32.0,2.0,2.0,64.0,0.0,True,,0.0012633119760190677,7006.616827209978,14048.0,0.0,0.0,0.0,17.383172790022318,439,False
2205143,9,Araucania,7006.616827209978,REDPE_mid,20640.0,10509.925240814966,7006.616827209978,0.0,135,32.0,2.0,2.0,64.0,0.01,True,,0.09423080453200161,7006.616827209978,17888.0,0.0,0.0,0.0,15.081265500981651,559,False
2205143,9,Araucania,7006.616827209978,REDPE_mid,20640.0,10509.925240814966,7006.616827209978,0.0,136,32.0,2.0,4.0,8.0,0.0,True,,0.5793252961076372,5259.816989090828,20640.0,1746.7998381191487,1746.7998381191487,5060.183010909172,0.0,645,False
2205143,9,Araucania,7006.616827209978,REDPE_mid,20640.0,10509.925240814966,7006.616827209978,0.0,137,32.0,2.0,4.0,8.0,0.01,True,,0.6209246552202651,5011.585238805399,20640.0,1995.0315884045779,1995.0315884045779,5039.782303080451,0.0,645,False
2205143,9,Araucania,7006.616827209978,REDPE_mid,20640.0,10509.925240814966,7006.616827209978,0.0,138,32.0,2.0,4.0,16.0,0.0,True,,0.06870517244113536,7006.616827209978,15904.0,0.0,0.0,935.9643812418524,9.418791548169912,497,False
2205143,9,Araucania,7006.616827209978,REDPE_mid,20640.0,10509.925240814966,7006.616827209978,0.0,139,32.0,2.0,4.0,16.0,0.01,True,,0.11185170567404595,7006.616827209978,17632.0,0.0,0.0,988.275613036856,10.196451607715872,551,False
2205143,9,Araucania,7006.616827209978,REDPE_mid,20640.0,10509.925240814966,7006.616827209978,0.0,140,32.0,2.0,4.0,32.0,0.0,True,,0.0012633119760190655,7006.616827209978,14048.0,0.0,0.0,0.0,17.383172790022225,439,False
2205143,9,Araucania,7006.616827209978,REDPE_mid,20640.0,10509.925240814966,7006.616827209978,0.0,141,32.0,2.0,4.0,32.0,0.01,True,,0.060924337545931725,7006.616827209978,16512.0,0.0,0.0,0.0,16.190308316016758,516,False
2205143,9,Araucania,7006.616827209978,REDPE_mid,20640.0,10509.925240814966,7006.616827209978,0.0,142,32.0,2.0,4.0,64.0,0.0,True,,0.0012633119760190677,7006.616827209978,14048.0,0.0,0.0,0.0,17.383172790022318,439,False
2205143,9,Araucania,7006.616827209978,REDPE_mid,20640.0,10509.925240814966,7006.616827209978,0.0,143,32.0,2.0,4.0,64.0,0.01,True,,0.09423080453200161,7006.616827209978,17888.0,0.0,0.0,0.0,15.081265500981651,559,False
2542125,10,Los Lagos,10459.312208885525,REDPE_mid,30045.0,15688.968313328289,10459.312208885525,0.0,0,8.0,1.0,1.0,8.0,0.0,True,,0.0008057000604290836,10453.674420417317,20912.0,5.637788468206512,5.637788468206512,0.0,2.325579582682103,2614,False
2542125,10,Los Lagos,10459.312208885525,REDPE_mid,30045.0,15688.968313328289,10459.312208885525,0.0,1,8.0,1.0,1.0,8.0,0.01,True,,0.008589686782703802,10453.86698804053,21392.0,5.4452208449940205,5.4452208449940205,0.0,4.662150628760853,2674,False
2542125,10,Los Lagos,10459.312208885525,REDPE_mid,30045.0,15688.968313328289,10459.312208885525,0.0,2,8.0,1.0,1.0,16.0,0.0,True,,0.00023403849797678692,10459.312208885525,20928.0,0.0,0.0,0.0,4.687791114475629,2616,False
2542125,10,Los Lagos,10459.312208885525,REDPE_mid,30045.0,15688.968313328289,10459.312208885525,0.0,3,8.0,1.0,1.0,16.0,0.01,True,,0.013965209075514637,10459.312208885525,21752.0,0.0,0.0,0.0,5.7938311187250875,2719,False
2542125,10,Los Lagos,10459.312208885525,REDPE_mid,30045.0,15688.968313328289,10459.312208885525,0.0,4,8.0,1.0,1.0,32.0,0.0,True,,0.00043373894730279933,10459.312208885525,20936.0,0.0,0.0,0.0,8.687791114475715,2617,False
2542125,10,Los Lagos,10459.312208885525,REDPE_mid,30045.0,15688.968313328289,10459.312208885525,0.0,5,8.0,1.0,1.0,32.0,0.01,True,,0.025616155667236903,10459.312208885525,22448.0,0.0,0.0,0.0,9.899211815315999,2806,False
2542125,10,Los Lagos,10459.312208885525,REDPE_mid,30045.0,15688.968313328289,10459.312208885525,0.0,6,8.0,1.0,1.0,64.0,0.0,True,,0.0008331398459548217,10459.312208885525,20952.0,0.0,0.0,0.0,16.687791114475733,2619,False
2542125,10,Los Lagos,10459.312208885525,REDPE_mid,30045.0,15688.968313328289,10459.312208885525,0.0,7,8.0,1.0,1.0,64.0,0.01,True,,0.04891516933642202,10459.312208885525,23840.0,0.0,0.0,0.0,17.93694319664976,2980,False
2542125,10,Los Lagos,10459.312208885525,REDPE_mid,30045.0,15688.968313328289,10459.312208885525,0.0,8,8.0,1.0,2.0,8.0,0.0,True,,0.013247282233308861,10370.722586321273,20744.0,88.589622564249,88.589622564249,0.0,1.2774136787245955,2593,False
2542125,10,Los Lagos,10459.312208885525,REDPE_mid,30045.0,15688.968313328289,10459.312208885525,0.0,9,8.0,1.0,2.0,8.0,0.01,True,,0.016515357017720604,10355.948922642752,21184.0,103.3632862427708,103.3632862427708,0.0,3.489217266477107,2648,False
2542125,10,Los Lagos,10459.312208885525,REDPE_mid,30045.0,15688.968313328289,10459.312208885525,0.0,10,8.0,1.0,2.0,16.0,0.0,True,,0.004263806167615059,10430.199720919716,20872.0,29.11248796580657,29.11248796580657,0.0,5.8002790802821975,2609,False
2542125,10,Los Lagos,10459.312208885525,REDPE_mid,30045.0,15688.968313328289,10459.312208885525,0.0,11,8.0,1.0,2.0,16.0,0.01,True,,0.016682033623704864,10419.95067437951,21640.0,39.3615345060143,39.3615345060143,0.0,5.517076677372035,2705,False
2542125,10,Los Lagos,10459.312208885525,REDPE_mid,30045.0,15688.968313328289,10459.312208885525,0.0,12,8.0,1.0,2.0,32.0,0.0,True,,0.0007853384087519613,10455.171257430715,20928.0,4.140951454809618,4.140951454809618,0.0,8.828742569285321,2616,False
2542125,10,Los Lagos,10459.312208885525,REDPE_mid,30045.0,15688.968313328289,10459.312208885525,0.0,13,8.0,1.0,2.0,32.0,0.01,True,,0.02538041131248933,10448.388023534992,22360.0,10.92418535053351,10.92418535053351,0.0,7.264036084799245,2795,False
2542125,10,Los Lagos,10459.312208885525,REDPE_mid,30045.0,15688.968313328289,10459.312208885525,0.0,14,8.0,1.0,2.0,64.0,0.0,True,,0.0008331398459548209,10459.312208885525,20952.0,0.0,0.0,0.0,16.68779111447569,2619,False
2542125,10,Los Lagos,10459.312208885525,REDPE_mid,30045.0,15688.968313328289,10459.312208885525,0.0,15,8.0,1.0,2.0,64.0,0.01,True,,0.04634335439534837,10458.09677322432,23680.0,1.2154356612018038,1.2154356612018038,0.0,14.88853375911073,2960,False
2542125,10,Los Lagos,10459.312208885525,REDPE_mid,30045.0,15688.968313328289,10459.312208885525,0.0,16,8.0,1.0,4.0,8.0,0.0,True,,0.5353732668735884,6884.403784191974,13776.0,3574.90842469355,3574.90842469355,0.0,3.5962158080257707,1722,False
2542125,10,Los Lagos,10459.312208885525,REDPE_mid,30045.0,15688.968313328289,10459.312208885525,0.0,17,8.0,1.0,4.0,8.0,0.01,True,,0.5381979684198712,6832.69246153216,13968.0,3626.6197473533634,3626.6197473533634,0.0,3.353273105460117,1746,False
2542125,10,Los Lagos,10459.312208885525,REDPE_mid,30045.0,15688.968313328289,10459.312208885525,0.0,18,8.0,1.0,4.0,16.0,0.0,True,,0.5099288317003512,7054.523297886953,14112.0,3404.7889109985713,3404.7889109985713,0.0,1.4767021130465137,1764,False
2542125,10,Los Lagos,10459.312208885525,REDPE_mid,30045.0,15688.968313328289,10459.312208885525,0.0,19,8.0,1.0,4.0,16.0,0.01,True,,0.5128887317065538,6990.372700157811,14384.0,3468.939508727713,3468.939508727713,0.0,2.282909381769344,1798,False
2542125,10,Los Lagos,10459.312208885525,REDPE_mid,30045.0,15688.968313328289,10459.312208885525,0.0,20,8.0,1.0,4.0,32.0,0.0,True,,0.4932954044621398,7165.4611282299675,14336.0,3293.851080655556,3293.851080655556,0.0,2.5388717700317915,1792,False
2542125,10,Los Lagos,10459.312208885525,REDPE_mid,30045.0,15688.968313328289,10459.312208885525,0.0,21,8.0,1.0,4.0,32.0,0.01,True,,0.49740253365049586,7074.3207008595555,14728.0,3384.9915080259684,3384.9915080259684,0.0,3.353273105460117,1841,False
2542125,10,Los Lagos,10459.312208885525,REDPE_mid,30045.0,15688.968313328289,10459.312208885525,0.0,22,8.0,1.0,4.0,64.0,0.0,True,,0.4857739729617944,7214.956480586938,14448.0,3244.355728298587,3244.355728298587,0.0,9.043519413062675,1806,False
2542125,10,Los Lagos,10459.312208885525,REDPE_mid,30045.0,15688.968313328289,10459.312208885525,0.0,23,8.0,1.0,4.0,64.0,0.01,True,,0.4901861561656687,7096.787335140107,15008.0,3362.5248737454185,3362.5248737454185,0.0,6.987590006052337,1876,False
2542125,10,Los Lagos,10459.312208885525,REDPE_mid,30045.0,15688.968313328289,10459.312208885525,0.0,24,8.0,2.0,1.0,8.0,0.0,True,,0.013513549499076755,10368.722586321275,20744.0,90.58962256424898,90.58962256424898,0.0,3.2774136787245913,2593,False
2542125,10,Los Lagos,10459.312208885525,REDPE_mid,30045.0,15688.968313328289,10459.312208885525,0.0,25,8.0,2.0,1.0,8.0,0.01,True,,0.014070017185220171,10364.357254039356,21096.0,94.95495484616809,94.95495484616809,0.0,3.407066507749816,2637,False
2542125,10,Los Lagos,10459.312208885525,REDPE_mid,30045.0,15688.968313328289,10459.312208885525,0.0,26,8.0,2.0,1.0,16.0,0.0,True,,0.004297089575835938,10430.199720919718,20868.0,29.112487965806558,29.112487965806558,0.0,3.8002790802821957,2609,False
2542125,10,Los Lagos,10459.312208885525,REDPE_mid,30045.0,15688.968313328289,10459.312208885525,0.0,27,8.0,2.0,1.0,16.0,0.01,True,,0.014806299700075468,10421.568986235003,21540.0,37.7432226505221,37.7432226505221,0.0,4.132408194928955,2693,False
2542125,10,Los Lagos,10459.312208885525,REDPE_mid,30045.0,15688.968313328289,10459.312208885525,0.0,28,8.0,2.0,1.0,32.0,0.0,True,,0.0008074167103237646,10455.005421788033,20928.0,4.306787097490554,4.306787097490554,0.0,8.994578211966232,2616,False
2542125,10,Los Lagos,10459.312208885525,REDPE_mid,30045.0,15688.968313328289,10459.312208885525,0.0,29,8.0,2.0,1.0,32.0,0.01,True,,0.02324422022487744,10451.339492691013,22252.0,7.972716194509678,7.972716194509678,0.0,7.560597722358636,2782,False
2542125,10,Los Lagos,10459.312208885525,REDPE_mid,30045.0,15688.968313328289,10459.312208885525,0.0,30,8.0,2.0,1.0,64.0,0.0,True,,0.0008331398459548183,10459.312208885525,20952.0,0.0,0.0,0.0,16.687791114475534,2619,False
2542125,10,Los Lagos,10459.312208885525,REDPE_mid,30045.0,15688.968313328289,10459.312208885525,0.0,31,8.0,2.0,1.0,64.0,0.01,True,,0.04450910619271411,10459.026305710684,23576.0,0.2859031748384875,0.2859031748384875,0.0,15.175286667361311,2947,False
2542125,10,Los Lagos,10459.312208885525,REDPE_mid,30045.0,15688.968313328289,10459.312208885525,0.0,32,8.0,2.0,2.0,8.0,0.0,True,,0.013513549499076755,10368.722586321275,20744.0,90.58962256424898,90.58962256424898,0.0,3.2774136787245913,2593,False
2542125,10,Los Lagos,10459.312208885525,REDPE_mid,30045.0,15688.968313328289,10459.312208885525,0.0,33,8.0,2.0,2.0,8.0,0.01,True,,0.014070017185220171,10364.357254039356,21096.0,94.95495484616809,94.95495484616809,0.0,3.407066507749816,2637,False
2542125,10,Los Lagos,10459.312208885525,REDPE_mid,30045.0,15688.968313328289,10459.312208885525,0.0,34,8.0,2.0,2.0,16.0,0.0,True,,0.004297089575835938,10430.199720919718,20868.0,29.112487965806558,29.112487965806558,0.0,3.8002790802821957,2609,False
2542125,10,Los Lagos,10459.312208885525,REDPE_mid,30045.0,15688.968313328289,10459.312208885525,0.0,35,8.0,2.0,2.0,16.0,0.01,True,,0.014806299700075468,10421.568986235003,21540.0,37.7432226505221,37.7432226505221,0.0,4.132408194928955,2693,False
2542125,10,Los Lagos,10459.312208885525,REDPE_mid,30045.0,15688.968313328289,10459.312208885525,0.0,36,8.0,2.0,2.0,32.0,0.0,True,,0.0008074167103237646,10455.005421788033,20928.0,4.306787097490554,4.306787097490554,0.0,8.994578211966232,2616,False
2542125,10,Los Lagos,10459.312208885525,REDPE_mid,30045.0,15688.968313328289,10459.312208885525,0.0,37,8.0,2.0,2.0,32.0,0.01,True,,0.02324422022487744,10451.339492691013,22252.0,7.972716194509678,7.972716194509678,0.0,7.560597722358636,2782,False
2542125,10,Los Lagos,10459.312208885525,REDPE_mid,30045.0,15688.968313328289,10459.312208885525,0.0,38,8.0,2.0,2.0,64.0,0.0,True,,0.0008331398459548183,10459.312208885525,20952.0,0.0,0.0,0.0,16.687791114475534,2619,False
2542125,10,Los Lagos,10459.312208885525,REDPE_mid,30045.0,15688.968313328289,10459.312208885525,0.0,39,8.0,2.0,2.0,64.0,0.01,True,,0.04450910619271411,10459.026305710684,23576.0,0.2859031748384875,0.2859031748384875,0.0,15.175286667361311,2947,False
2542125,10,Los Lagos,10459.312208885525,REDPE_mid,30045.0,15688.968313328289,10459.312208885525,0.0,40,8.0,2.0,4.0,8.0,0.0,True,,0.5353732668735884,6884.403784191974,13776.0,3574.90842469355,3574.90842469355,0.0,3.5962158080257707,1722,False
2542125,10,Los Lagos,10459.312208885525,REDPE_mid,30045.0,15688.968313328289,10459.312208885525,0.0,41,8.0,2.0,4.0,8.0,0.01,True,,0.5352396686220348,6860.3812651801645,13952.0,3598.930943705359,3598.930943705359,0.0,3.410663789495815,1744,False
2542125,10,Los Lagos,10459.312208885525,REDPE_mid,30045.0,15688.968313328289,10459.312208885525,0.0,42,8.0,2.0,4.0,16.0,0.0,True,,0.5099288317003512,7054.523297886953,14112.0,3404.7889109985713,3404.7889109985713,0.0,1.4767021130465137,1764,False
2542125,10,Los Lagos,10459.312208885525,REDPE_mid,30045.0,15688.968313328289,10459.312208885525,0.0,43,8.0,2.0,4.0,16.0,0.01,True,,0.5097039697417773,7018.862581029326,14376.0,3440.4496278561983,3440.4496278561983,0.0,2.3397290189576356,1797,False
2542125,10,Los Lagos,10459.312208885525,REDPE_mid,30045.0,15688.968313328289,10459.312208885525,0.0,44,8.0,2.0,4.0,32.0,0.0,True,,0.4932954044621398,7165.4611282299675,14336.0,3293.851080655556,3293.851080655556,0.0,2.5388717700317915,1792,False
2542125,10,Los Lagos,10459.312208885525,REDPE_mid,30045.0,15688.968313328289,10459.312208885525,0.0,45,8.0,2.0,4.0,32.0,0.01,True,,0.49411850337499974,7104.077470477416,14716.0,3355.234738408108,3355.234738408108,0.0,2.3132811759211265,1840,False
2542125,10,Los Lagos,10459.312208885525,REDPE_mid,30045.0,15688.968313328289,10459.312208885525,0.0,46,8.0,2.0,4.0,64.0,0.0,True,,0.4857739729617944,7214.956480586938,14448.0,3244.355728298587,3244.355728298587,0.0,9.043519413062668,1806,False
2542125,10,Los Lagos,10459.312208885525,REDPE_mid,30045.0,15688.968313328289,10459.312208885525,0.0,47,8.0,2.0,4.0,64.0,0.01,True,,0.48677532774172677,7126.1012485563415,15008.0,3333.210960329182,3333.210960329182,0.0,7.228303925025945,1876,False
2542125,10,Los Lagos,10459.312208885525,REDPE_mid,30045.0,15688.968313328289,10459.312208885525,0.0,48,16.0,1.0,1.0,8.0,0.0,True,,0.08785230607115074,10458.189496576522,24432.0,1.1227123090026119,1.1227123090026119,1756.5703802185924,1.2401232048860293,1527,False
2542125,10,Los Lagos,10459.312208885525,REDPE_mid,30045.0,15688.968313328289,10459.312208885525,0.0,49,16.0,1.0,1.0,8.0,0.01,True,,0.10593471938797967,10458.864316885049,25392.0,0.4478920004766964,0.4478920004766964,1882.3286011405758,6.777860650835589,1587,False
2542125,10,Los Lagos,10459.312208885525,REDPE_mid,30045.0,15688.968313328289,10459.312208885525,0.0,50,16.0,1.0,1.0,16.0,0.0,True,,0.00023403849797678697,10459.312208885525,20928.0,0.0,0.0,0.0,4.687791114475632,1308,False
2542125,10,Los Lagos,10459.312208885525,REDPE_mid,30045.0,15688.968313328289,10459.312208885525,0.0,51,16.0,1.0,1.0,16.0,0.01,True,,0.01974266733981939,10459.312208885525,22096.0,0.0,0.0,0.0,8.96129822079749,1381,False
2542125,10,Los Lagos,10459.312208885525,REDPE_mid,30045.0,15688.968313328289,10459.312208885525,0.0,52,16.0,1.0,1.0,32.0,0.0,True,,0.0006334393966288103,10459.312208885525,20944.0,0.0,0.0,0.0,12.687791114475715,1309,False
2542125,10,Los Lagos,10459.312208885525,REDPE_mid,30045.0,15688.968313328289,10459.312208885525,0.0,53,16.0,1.0,1.0,32.0,0.01,True,,0.031539037633984864,10459.312208885525,22800.0,0.0,0.0,0.0,13.805189197200983,1425,False
2542125,10,Los Lagos,10459.312208885525,REDPE_mid,30045.0,15688.968313328289,10459.312208885525,0.0,54,16.0,1.0,1.0,64.0,0.0,True,,0.001032840295280833,10459.312208885525,20960.0,0.0,0.0,0.0,20.68779111447576,1310,False
2542125,10,Los Lagos,10459.312208885525,REDPE_mid,30045.0,15688.968313328289,10459.312208885525,0.0,55,16.0,1.0,1.0,64.0,0.01,True,,0.054480091524754255,10459.312208885525,24176.0,0.0,0.0,0.0,16.33311749353377,1511,False
2542125,10,Los Lagos,10459.312208885525,REDPE_mid,30045.0,15688.968313328289,10459.312208885525,0.0,56,16.0,1.0,2.0,8.0,0.0,True,,0.08785230607115074,10458.189496576522,24432.0,1.1227123090026119,1.1227123090026119,1756.5703802185924,1.2401232048860293,1527,False
2542125,10,Los Lagos,10459.312208885525,REDPE_mid,30045.0,15688.968313328289,10459.312208885525,0.0,57,16.0,1.0,2.0,8.0,0.01,True,,0.10593471938797967,10458.864316885049,25392.0,0.4478920004766964,0.4478920004766964,1882.3286011405758,6.777860650835589,1587,False
2542125,10,Los Lagos,10459.312208885525,REDPE_mid,30045.0,15688.968313328289,10459.312208885525,0.0,58,16.0,1.0,2.0,16.0,0.0,True,,0.00023403849797678697,10459.312208885525,20928.0,0.0,0.0,0.0,4.687791114475632,1308,False
2542125,10,Los Lagos,10459.312208885525,REDPE_mid,30045.0,15688.968313328289,10459.312208885525,0.0,59,16.0,1.0,2.0,16.0,0.01,True,,0.01974266733981939,10459.312208885525,22096.0,0.0,0.0,0.0,8.96129822079749,1381,False
2542125,10,Los Lagos,10459.312208885525,REDPE_mid,30045.0,15688.968313328289,10459.312208885525,0.0,60,16.0,1.0,2.0,32.0,0.0,True,,0.0006334393966288103,10459.312208885525,20944.0,0.0,0.0,0.0,12.687791114475715,1309,False
2542125,10,Los Lagos,10459.312208885525,REDPE_mid,30045.0,15688.968313328289,10459.312208885525,0.0,61,16.0,1.0,2.0,32.0,0.01,True,,0.031539037633984864,10459.312208885525,22800.0,0.0,0.0,0.0,13.805189197200983,1425,False
2542125,10,Los Lagos,10459.312208885525,REDPE_mid,30045.0,15688.968313328289,10459.312208885525,0.0,62,16.0,1.0,2.0,64.0,0.0,True,,0.001032840295280833,10459.312208885525,20960.0,0.0,0.0,0.0,20.687791114475754,1310,False
2542125,10,Los Lagos,10459.312208885525,REDPE_mid,30045.0,15688.968313328289,10459.312208885525,0.0,63,16.0,1.0,2.0,64.0,0.01,True,,0.054480091524754255,10459.312208885525,24176.0,0.0,0.0,0.0,16.33311749353377,1511,False
2542125,10,Los Lagos,10459.312208885525,REDPE_mid,30045.0,15688.968313328289,10459.312208885525,0.0,64,16.0,1.0,4.0,8.0,0.0,True,,0.07642630300653591,10301.01306209561,23136.0,158.29914678991383,158.29914678991383,1265.7468146995036,1.2401232048860293,1446,False
2542125,10,Los Lagos,10459.312208885525,REDPE_mid,30045.0,15688.968313328289,10459.312208885525,0.0,65,16.0,1.0,4.0,8.0,0.01,True,,0.0898473683479359,10275.105183715494,23760.0,184.20702517003124,184.20702517003124,1261.3257449574626,6.777860650835589,1485,False
2542125,10,Los Lagos,10459.312208885525,REDPE_mid,30045.0,15688.968313328289,10459.312208885525,0.0,66,16.0,1.0,4.0,16.0,0.0,True,,0.004197239351173057,10430.199720919716,20880.0,29.11248796580658,29.11248796580658,0.0,9.800279080282209,1305,False
2542125,10,Los Lagos,10459.312208885525,REDPE_mid,30045.0,15688.968313328289,10459.312208885525,0.0,67,16.0,1.0,4.0,16.0,0.01,True,,0.02282412044637595,10414.56409054627,21968.0,44.748118339254844,44.748118339254844,0.0,8.888987018994694,1373,False
2542125,10,Los Lagos,10459.312208885525,REDPE_mid,30045.0,15688.968313328289,10459.312208885525,0.0,68,16.0,1.0,4.0,32.0,0.0,True,,0.0007836324309031259,10455.184071456832,20928.0,4.1281374286922485,4.1281374286922485,0.0,8.815928543167946,1308,False
2542125,10,Los Lagos,10459.312208885525,REDPE_mid,30045.0,15688.968313328289,10459.312208885525,0.0,69,16.0,1.0,4.0,32.0,0.01,True,,0.031251430175532086,10444.959363563596,22688.0,14.352845321926814,14.352845321926814,0.0,8.05293976527461,1418,False
2542125,10,Los Lagos,10459.312208885525,REDPE_mid,30045.0,15688.968313328289,10459.312208885525,0.0,70,16.0,1.0,4.0,64.0,0.0,True,,0.0010328402952808325,10459.312208885525,20960.0,0.0,0.0,0.0,20.687791114475733,1310,False
2542125,10,Los Lagos,10459.312208885525,REDPE_mid,30045.0,15688.968313328289,10459.312208885525,0.0,71,16.0,1.0,4.0,64.0,0.01,True,,0.052249664011314034,10456.269740433452,24016.0,3.0424684520702883,3.0424684520702883,0.0,21.00944904640736,1501,False
2542125,10,Los Lagos,10459.312208885525,REDPE_mid,30045.0,15688.968313328289,10459.312208885525,0.0,72,16.0,2.0,1.0,8.0,0.0,True,,0.011159702534932392,10455.246814887942,21344.0,4.065393997581891,4.065393997581891,213.34465572248166,3.408529389575878,1334,False
2542125,10,Los Lagos,10459.312208885525,REDPE_mid,30045.0,15688.968313328289,10459.312208885525,0.0,73,16.0,2.0,1.0,8.0,0.01,True,,0.02266280419205069,10455.550096896264,22032.0,3.7621119892600956,3.7621119892600956,221.1965521644821,0.900985582069955,1377,False
2542125,10,Los Lagos,10459.312208885525,REDPE_mid,30045.0,15688.968313328289,10459.312208885525,0.0,74,16.0,2.0,1.0,16.0,0.0,True,,0.00023403849797678613,10459.312208885525,20928.0,0.0,0.0,0.0,4.687791114475581,1308,True
2542125,10,Los Lagos,10459.312208885525,REDPE_mid,30045.0,15688.968313328289,10459.312208885525,0.0,75,16.0,2.0,1.0,16.0,0.01,True,,0.017867963037462596,10459.312208885525,21984.0,0.0,0.0,0.0,8.310316692177937,1374,False
2542125,10,Los Lagos,10459.312208885525,REDPE_mid,30045.0,15688.968313328289,10459.312208885525,0.0,76,16.0,2.0,1.0,32.0,0.0,True,,0.0006334393966288103,10459.312208885525,20944.0,0.0,0.0,0.0,12.687791114475715,1309,False
2542125,10,Los Lagos,10459.312208885525,REDPE_mid,30045.0,15688.968313328289,10459.312208885525,0.0,77,16.0,2.0,1.0,32.0,0.01,True,,0.02931596573448324,10459.312208885525,22672.0,0.0,0.0,0.0,8.220798756148326,1417,False
2542125,10,Los Lagos,10459.312208885525,REDPE_mid,30045.0,15688.968313328289,10459.312208885525,0.0,78,16.0,2.0,1.0,64.0,0.0,True,,0.0010328402952808334,10459.312208885525,20960.0,0.0,0.0,0.0,20.687791114475782,1310,False
2542125,10,Los Lagos,10459.312208885525,REDPE_mid,30045.0,15688.968313328289,10459.312208885525,0.0,79,16.0,2.0,1.0,64.0,0.01,True,,0.05276842958929842,10459.312208885525,24072.0,0.0,0.0,0.0,17.479351791992396,1505,False
2542125,10,Los Lagos,10459.312208885525,REDPE_mid,30045.0,15688.968313328289,10459.312208885525,0.0,80,16.0,2.0,2.0,8.0,0.0,True,,0.011159702534932392,10455.246814887942,21344.0,4.065393997581891,4.065393997581891,213.34465572248166,3.408529389575878,1334,False
2542125,10,Los Lagos,10459.312208885525,REDPE_mid,30045.0,15688.968313328289,10459.312208885525,0.0,81,16.0,2.0,2.0,8.0,0.01,True,,0.02266280419205069,10455.550096896264,22032.0,3.7621119892600956,3.7621119892600956,221.1965521644821,0.900985582069955,1377,False
2542125,10,Los Lagos,10459.312208885525,REDPE_mid,30045.0,15688.968313328289,10459.312208885525,0.0,82,16.0,2.0,2.0,16.0,0.0,True,,0.00023403849797678613,10459.312208885525,20928.0,0.0,0.0,0.0,4.687791114475581,1308,False
2542125,10,Los Lagos,10459.312208885525,REDPE_mid,30045.0,15688.968313328289,10459.312208885525,0.0,83,16.0,2.0,2.0,16.0,0.01,True,,0.017867963037462596,10459.312208885525,21984.0,0.0,0.0,0.0,8.310316692177937,1374,False
2542125,10,Los Lagos,10459.312208885525,REDPE_mid,30045.0,15688.968313328289,10459.312208885525,0.0,84,16.0,2.0,2.0,32.0,0.0,True,,0.0006334393966288103,10459.312208885525,20944.0,0.0,0.0,0.0,12.687791114475715,1309,False
2542125,10,Los Lagos,10459.312208885525,REDPE_mid,30045.0,15688.968313328289,10459.312208885525,0.0,85,16.0,2.0,2.0,32.0,0.01,True,,0.02931596573448324,10459.312208885525,22672.0,0.0,0.0,0.0,8.220798756148326,1417,False
2542125,10,Los Lagos,10459.312208885525,REDPE_mid,30045.0,15688.968313328289,10459.312208885525,0.0,86,16.0,2.0,2.0,64.0,0.0,True,,0.0010328402952808334,10459.312208885525,20960.0,0.0,0.0,0.0,20.687791114475782,1310,False
2542125,10,Los Lagos,10459.312208885525,REDPE_mid,30045.0,15688.968313328289,10459.312208885525,0.0,87,16.0,2.0,2.0,64.0,0.01,True,,0.05276842958929842,10459.312208885525,24072.0,0.0,0.0,0.0,17.479351791992396,1505,False
2542125,10,Los Lagos,10459.312208885525,REDPE_mid,30045.0,15688.968313328289,10459.312208885525,0.0,88,16.0,2.0,4.0,8.0,0.0,True,,0.017740742235849413,10372.814980434428,21168.0,86.49722845109473,86.49722845109473,207.7764901759945,3.408529389575878,1323,False
2542125,10,Los Lagos,10459.312208885525,REDPE_mid,30045.0,15688.968313328289,10459.312208885525,0.0,89,16.0,2.0,4.0,8.0,0.01,True,,0.03024934958734019,10363.357091552103,21840.0,95.95511733342227,95.95511733342227,223.72102755829738,0.900985582069955,1365,False
2542125,10,Los Lagos,10459.312208885525,REDPE_mid,30045.0,15688.968313328289,10459.312208885525,0.0,90,16.0,2.0,4.0,16.0,0.0,True,,0.004263806167615059,10430.199720919716,20872.0,29.112487965806572,29.112487965806572,0.0,5.8002790802821975,1305,False
2542125,10,Los Lagos,10459.312208885525,REDPE_mid,30045.0,15688.968313328289,10459.312208885525,0.0,91,16.0,2.0,4.0,16.0,0.01,True,,0.020679564608581995,10419.189051291172,21872.0,40.12315759435067,40.12315759435067,0.0,8.397351940278856,1367,False
2542125,10,Los Lagos,10459.312208885525,REDPE_mid,30045.0,15688.968313328289,10459.312208885525,0.0,92,16.0,2.0,4.0,32.0,0.0,True,,0.0007836324309031257,10455.184071456832,20928.0,4.128137428692245,4.128137428692245,0.0,8.815928543167942,1308,False
2542125,10,Los Lagos,10459.312208885525,REDPE_mid,30045.0,15688.968313328289,10459.312208885525,0.0,93,16.0,2.0,4.0,32.0,0.01,True,,0.02918241882231212,10448.204360869599,22584.0,11.107848015925148,11.107848015925148,0.0,10.441028692303322,1412,False
2542125,10,Los Lagos,10459.312208885525,REDPE_mid,30045.0,15688.968313328289,10459.312208885525,0.0,94,16.0,2.0,4.0,64.0,0.0,True,,0.001032840295280832,10459.312208885525,20960.0,0.0,0.0,0.0,20.687791114475704,1310,False
2542125,10,Los Lagos,10459.312208885525,REDPE_mid,30045.0,15688.968313328289,10459.312208885525,0.0,95,16.0,2.0,4.0,64.0,0.01,True,,0.05022600259412123,10457.657459990804,23904.0,1.6547488947186864,1.6547488947186864,0.0,21.121671388752112,1494,False
2542125,10,Los Lagos,10459.312208885525,REDPE_mid,30045.0,15688.968313328289,10459.312208885525,0.0,96,32.0,1.0,1.0,8.0,0.0,True,,0.7613034216248282,6452.167304873961,30045.0,4007.144904011564,4007.144904011564,8570.332695126039,0.0,939,False
2542125,10,Los Lagos,10459.312208885525,REDPE_mid,30045.0,15688.968313328289,10459.312208885525,0.0,97,32.0,1.0,1.0,8.0,0.01,True,,0.7894562295012244,6214.98018944493,30045.0,4244.332019440593,4244.332019440593,8601.725112415466,0.0,939,False
2542125,10,Los Lagos,10459.312208885525,REDPE_mid,30045.0,15688.968313328289,10459.312208885525,0.0,98,32.0,1.0,1.0,16.0,0.0,True,,0.12884112786392785,10459.312208885525,26080.0,0.0,0.0,2576.549592226728,4.138198887747735,815,False
2542125,10,Los Lagos,10459.312208885525,REDPE_mid,30045.0,15688.968313328289,10459.312208885525,0.0,99,32.0,1.0,1.0,16.0,0.01,True,,0.16471560513327466,10459.312208885525,28032.0,0.0,0.0,2772.7386207241916,11.646509505334325,876,False
2542125,10,Los Lagos,10459.312208885525,REDPE_mid,30045.0,15688.968313328289,10459.312208885525,0.0,100,32.0,1.0,1.0,32.0,0.0,True,,0.0010328402952808327,10459.312208885525,20960.0,0.0,0.0,0.0,20.687791114475743,655,False
2542125,10,Los Lagos,10459.312208885525,REDPE_mid,30045.0,15688.968313328289,10459.312208885525,0.0,101,32.0,1.0,1.0,32.0,0.01,True,,0.04250037413087151,10459.312208885525,23456.0,0.0,0.0,0.0,16.471899295119478,733,False
2542125,10,Los Lagos,10459.312208885525,REDPE_mid,30045.0,15688.968313328289,10459.312208885525,0.0,102,32.0,1.0,1.0,64.0,0.0,True,,0.0010328402952808327,10459.312208885525,20960.0,0.0,0.0,0.0,20.68779111447574,655,False
2542125,10,Los Lagos,10459.312208885525,REDPE_mid,30045.0,15688.968313328289,10459.312208885525,0.0,103,32.0,1.0,1.0,64.0,0.01,True,,0.06608984819200274,10459.312208885525,24864.0,0.0,0.0,0.0,25.963395628494688,777,False
2542125,10,Los Lagos,10459.312208885525,REDPE_mid,30045.0,15688.968313328289,10459.312208885525,0.0,104,32.0,1.0,2.0,8.0,0.0,True,,0.7613034216248282,6452.167304873961,30045.0,4007.144904011564,4007.144904011564,8570.332695126039,0.0,939,False
2542125,10,Los Lagos,10459.312208885525,REDPE_mid,30045.0,15688.968313328289,10459.312208885525,0.0,105,32.0,1.0,2.0,8.0,0.01,True,,0.7894562295012244,6214.98018944493,30045.0,4244.332019440593,4244.332019440593,8601.725112415466,0.0,939,False
2542125,10,Los Lagos,10459.312208885525,REDPE_mid,30045.0,15688.968313328289,10459.312208885525,0.0,106,32.0,1.0,2.0,16.0,0.0,True,,0.12884112786392785,10459.312208885525,26080.0,0.0,0.0,2576.549592226728,4.138198887747735,815,False
2542125,10,Los Lagos,10459.312208885525,REDPE_mid,30045.0,15688.968313328289,10459.312208885525,0.0,107,32.0,1.0,2.0,16.0,0.01,True,,0.16471560513327466,10459.312208885525,28032.0,0.0,0.0,2772.7386207241916,11.646509505334325,876,False
2542125,10,Los Lagos,10459.312208885525,REDPE_mid,30045.0,15688.968313328289,10459.312208885525,0.0,108,32.0,1.0,2.0,32.0,0.0,True,,0.0010328402952808327,10459.312208885525,20960.0,0.0,0.0,0.0,20.687791114475743,655,False
2542125,10,Los Lagos,10459.312208885525,REDPE_mid,30045.0,15688.968313328289,10459.312208885525,0.0,109,32.0,1.0,2.0,32.0,0.01,True,,0.04250037413087151,10459.312208885525,23456.0,0.0,0.0,0.0,16.471899295119478,733,False
2542125,10,Los Lagos,10459.312208885525,REDPE_mid,30045.0,15688.968313328289,10459.312208885525,0.0,110,32.0,1.0,2.0,64.0,0.0,True,,0.0010328402952808327,10459.312208885525,20960.0,0.0,0.0,0.0,20.68779111447574,655,False
2542125,10,Los Lagos,10459.312208885525,REDPE_mid,30045.0,15688.968313328289,10459.312208885525,0.0,111,32.0,1.0,2.0,64.0,0.01,True,,0.06608984819200274,10459.312208885525,24864.0,0.0,0.0,0.0,25.963395628494688,777,False
2542125,10,Los Lagos,10459.312208885525,REDPE_mid,30045.0,15688.968313328289,10459.312208885525,0.0,112,32.0,1.0,4.0,8.0,0.0,True,,0.7256789453160352,6719.751652548384,30045.0,3739.560556337141,3739.560556337141,8302.748347451616,0.0,939,False
2542125,10,Los Lagos,10459.312208885525,REDPE_mid,30045.0,15688.968313328289,10459.312208885525,0.0,113,32.0,1.0,4.0,8.0,0.01,True,,0.7478753510515709,6526.950902541545,30045.0,3932.3613063439802,3932.3613063439802,8286.925118052082,0.0,939,False
2542125,10,Los Lagos,10459.312208885525,REDPE_mid,30045.0,15688.968313328289,10459.312208885525,0.0,114,32.0,1.0,4.0,16.0,0.0,True,,0.12884112786392785,10459.312208885525,26080.0,0.0,0.0,2576.549592226728,4.138198887747735,815,False
2542125,10,Los Lagos,10459.312208885525,REDPE_mid,30045.0,15688.968313328289,10459.312208885525,0.0,115,32.0,1.0,4.0,16.0,0.01,True,,0.16471560513327466,10459.312208885525,28032.0,0.0,0.0,2772.7386207241916,11.646509505334325,876,False
2542125,10,Los Lagos,10459.312208885525,REDPE_mid,30045.0,15688.968313328289,10459.312208885525,0.0,116,32.0,1.0,4.0,32.0,0.0,True,,0.0010328402952808327,10459.312208885525,20960.0,0.0,0.0,0.0,20.687791114475743,655,False
2542125,10,Los Lagos,10459.312208885525,REDPE_mid,30045.0,15688.968313328289,10459.312208885525,0.0,117,32.0,1.0,4.0,32.0,0.01,True,,0.04250037413087151,10459.312208885525,23456.0,0.0,0.0,0.0,16.471899295119478,733,False
2542125,10,Los Lagos,10459.312208885525,REDPE_mid,30045.0,15688.968313328289,10459.312208885525,0.0,118,32.0,1.0,4.0,64.0,0.0,True,,0.0010328402952808325,10459.312208885525,20960.0,0.0,0.0,0.0,20.687791114475733,655,False
2542125,10,Los Lagos,10459.312208885525,REDPE_mid,30045.0,15688.968313328289,10459.312208885525,0.0,119,32.0,1.0,4.0,64.0,0.01,True,,0.06608984819200274,10459.312208885525,24864.0,0.0,0.0,0.0,25.963395628494688,777,False
2542125,10,Los Lagos,10459.312208885525,REDPE_mid,30045.0,15688.968313328289,10459.312208885525,0.0,120,32.0,2.0,1.0,8.0,0.0,True,,0.5537997698683035,8010.779109130159,30045.0,2448.5330997553665,2448.5330997553665,7011.720890869842,0.0,939,False
2542125,10,Los Lagos,10459.312208885525,REDPE_mid,30045.0,15688.968313328289,10459.312208885525,0.0,121,32.0,2.0,1.0,8.0,0.01,True,,0.5825599409143383,7760.904727135747,30045.0,2698.4074817497785,2698.4074817497785,6990.798895065187,0.0,939,False
2542125,10,Los Lagos,10459.312208885525,REDPE_mid,30045.0,15688.968313328289,10459.312208885525,0.0,122,32.0,2.0,1.0,16.0,0.0,True,,0.0569489661065639,10459.312208885525,23200.0,0.0,0.0,1125.90993046364,14.77786065083559,725,False
2542125,10,Los Lagos,10459.312208885525,REDPE_mid,30045.0,15688.968313328289,10459.312208885525,0.0,123,32.0,2.0,1.0,16.0,0.01,True,,0.08297819948461202,10459.312208885525,24768.0,0.0,0.0,1132.4268995907842,4.357525210602329,774,False
2542125,10,Los Lagos,10459.312208885525,REDPE_mid,30045.0,15688.968313328289,10459.312208885525,0.0,124,32.0,2.0,1.0,32.0,0.0,True,,0.001032840295280832,10459.312208885525,20960.0,0.0,0.0,0.0,20.687791114475708,655,False
2542125,10,Los Lagos,10459.312208885525,REDPE_mid,30045.0,15688.968313328289,10459.312208885525,0.0,125,32.0,2.0,1.0,32.0,0.01,True,,0.040262790581106385,10459.312208885525,23328.0,0.0,0.0,0.0,10.015503789733097,729,False
2542125,10,Los Lagos,10459.312208885525,REDPE_mid,30045.0,15688.968313328289,10459.312208885525,0.0,126,32.0,2.0,1.0,64.0,0.0,True,,0.0010328402952808327,10459.312208885525,20960.0,0.0,0.0,0.0,20.68779111447574,655,False
2542125,10,Los Lagos,10459.312208885525,REDPE_mid,30045.0,15688.968313328289,10459.312208885525,0.0,127,32.0,2.0,1.0,64.0,0.01,True,,0.06397364314658952,10459.312208885525,24736.0,0.0,0.0,0.0,26.80063444961503,773,False
2542125,10,Los Lagos,10459.312208885525,REDPE_mid,30045.0,15688.968313328289,10459.312208885525,0.0,128,32.0,2.0,2.0,8.0,0.0,True,,0.5537997698683035,8010.779109130159,30045.0,2448.5330997553665,2448.5330997553665,7011.720890869842,0.0,939,False
2542125,10,Los Lagos,10459.312208885525,REDPE_mid,30045.0,15688.968313328289,10459.312208885525,0.0,129,32.0,2.0,2.0,8.0,0.01,True,,0.5825599409143383,7760.904727135747,30045.0,2698.4074817497785,2698.4074817497785,6990.798895065187,0.0,939,False
2542125,10,Los Lagos,10459.312208885525,REDPE_mid,30045.0,15688.968313328289,10459.312208885525,0.0,130,32.0,2.0,2.0,16.0,0.0,True,,0.0569489661065639,10459.312208885525,23200.0,0.0,0.0,1125.90993046364,14.77786065083559,725,False
2542125,10,Los Lagos,10459.312208885525,REDPE_mid,30045.0,15688.968313328289,10459.312208885525,0.0,131,32.0,2.0,2.0,16.0,0.01,True,,0.08297819948461202,10459.312208885525,24768.0,0.0,0.0,1132.4268995907842,4.357525210602329,774,False
2542125,10,Los Lagos,10459.312208885525,REDPE_mid,30045.0,15688.968313328289,10459.312208885525,0.0,132,32.0,2.0,2.0,32.0,0.0,True,,0.001032840295280832,10459.312208885525,20960.0,0.0,0.0,0.0,20.687791114475708,655,False
2542125,10,Los Lagos,10459.312208885525,REDPE_mid,30045.0,15688.968313328289,10459.312208885525,0.0,133,32.0,2.0,2.0,32.0,0.01,True,,0.040262790581106385,10459.312208885525,23328.0,0.0,0.0,0.0,10.015503789733097,729,False
2542125,10,Los Lagos,10459.312208885525,REDPE_mid,30045.0,15688.968313328289,10459.312208885525,0.0,134,32.0,2.0,2.0,64.0,0.0,True,,0.0010328402952808327,10459.312208885525,20960.0,0.0,0.0,0.0,20.68779111447574,655,False
2542125,10,Los Lagos,10459.312208885525,REDPE_mid,30045.0,15688.968313328289,10459.312208885525,0.0,135,32.0,2.0,2.0,64.0,0.01,True,,0.06397364314658952,10459.312208885525,24736.0,0.0,0.0,0.0,26.80063444961503,773,False
2542125,10,Los Lagos,10459.312208885525,REDPE_mid,30045.0,15688.968313328289,10459.312208885525,0.0,136,32.0,2.0,4.0,8.0,0.0,True,,0.5537997698683035,8010.779109130159,30045.0,2448.5330997553665,2448.5330997553665,7011.720890869842,0.0,939,False
2542125,10,Los Lagos,10459.312208885525,REDPE_mid,30045.0,15688.968313328289,10459.312208885525,0.0,137,32.0,2.0,4.0,8.0,0.01,True,,0.5825599409143383,7760.904727135747,30045.0,2698.4074817497785,2698.4074817497785,6990.798895065187,0.0,939,False
2542125,10,Los Lagos,10459.312208885525,REDPE_mid,30045.0,15688.968313328289,10459.312208885525,0.0,138,32.0,2.0,4.0,16.0,0.0,True,,0.0569489661065639,10459.312208885525,23200.0,0.0,0.0,1125.90993046364,14.77786065083559,725,False
2542125,10,Los Lagos,10459.312208885525,REDPE_mid,30045.0,15688.968313328289,10459.312208885525,0.0,139,32.0,2.0,4.0,16.0,0.01,True,,0.08297819948461202,10459.312208885525,24768.0,0.0,0.0,1132.4268995907842,4.357525210602329,774,False
2542125,10,Los Lagos,10459.312208885525,REDPE_mid,30045.0,15688.968313328289,10459.312208885525,0.0,140,32.0,2.0,4.0,32.0,0.0,True,,0.001032840295280832,10459.312208885525,20960.0,0.0,0.0,0.0,20.687791114475708,655,False
2542125,10,Los Lagos,10459.312208885525,REDPE_mid,30045.0,15688.968313328289,10459.312208885525,0.0,141,32.0,2.0,4.0,32.0,0.01,True,,0.040262790581106385,10459.312208885525,23328.0,0.0,0.0,0.0,10.015503789733097,729,False
2542125,10,Los Lagos,10459.312208885525,REDPE_mid,30045.0,15688.968313328289,10459.312208885525,0.0,142,32.0,2.0,4.0,64.0,0.0,True,,0.0010328402952808325,10459.312208885525,20960.0,0.0,0.0,0.0,20.687791114475733,655,False
2542125,10,Los Lagos,10459.312208885525,REDPE_mid,30045.0,15688.968313328289,10459.312208885525,0.0,143,32.0,2.0,4.0,64.0,0.01,True,,0.06397364314658952,10459.312208885525,24736.0,0.0,0.0,0.0,26.80063444961503,773,False
2551775,11,Aysen,3625.4349082911026,REDPE_mid,46410.0,5438.152362436654,3625.4349082911026,0.0,0,8.0,1.0,1.0,8.0,0.0,True,,8.290535581439537e-05,3625.4349082911026,7256.0,0.0,0.0,0.0,2.565091708897381,907,True
2551775,11,Aysen,3625.4349082911026,REDPE_mid,46410.0,5438.152362436654,3625.4349082911026,0.0,1,8.0,1.0,1.0,8.0,0.01,True,,0.006552894149703199,3625.4349082911026,7856.0,0.0,0.0,0.0,3.109451557656165,982,False
2551775,11,Aysen,3625.4349082911026,REDPE_mid,46410.0,5438.152362436654,3625.4349082911026,0.0,2,8.0,1.0,1.0,16.0,0.0,True,,0.00021218783803805428,3625.4349082911026,7264.0,0.0,0.0,0.0,6.565091708897402,908,False
2551775,11,Aysen,3625.4349082911026,REDPE_mid,46410.0,5438.152362436654,3625.4349082911026,0.0,3,8.0,1.0,1.0,16.0,0.01,True,,0.010360210614833778,3625.4349082911026,8208.0,0.0,0.0,0.0,4.504565851076409,1026,False
2551775,11,Aysen,3625.4349082911026,REDPE_mid,46410.0,5438.152362436654,3625.4349082911026,0.0,4,8.0,1.0,1.0,32.0,0.0,True,,0.0003414703202617128,3625.4349082911026,7272.0,0.0,0.0,0.0,10.565091708897386,909,False
2551775,11,Aysen,3625.4349082911026,REDPE_mid,46410.0,5438.152362436654,3625.4349082911026,0.0,5,8.0,1.0,1.0,32.0,0.01,True,,0.018005904704785938,3625.4349082911026,8912.0,0.0,0.0,0.0,10.177891280435741,1114,False
2551775,11,Aysen,3625.4349082911026,REDPE_mid,46410.0,5438.152362436654,3625.4349082911026,0.0,6,8.0,1.0,1.0,64.0,0.0,True,,0.000600035284709028,3625.4349082911026,7288.0,0.0,0.0,0.0,18.56509170889718,911,False
2551775,11,Aysen,3625.4349082911026,REDPE_mid,46410.0,5438.152362436654,3625.4349082911026,0.0,7,8.0,1.0,1.0,64.0,0.01,True,,0.032879814437122915,3625.4349082911026,10288.0,0.0,0.0,0.0,14.774192635954169,1286,False
2551775,11,Aysen,3625.4349082911026,REDPE_mid,46410.0,5438.152362436654,3625.4349082911026,0.0,8,8.0,1.0,2.0,8.0,0.0,True,,8.290535581439537e-05,3625.4349082911026,7256.0,0.0,0.0,0.0,2.565091708897381,907,False
2551775,11,Aysen,3625.4349082911026,REDPE_mid,46410.0,5438.152362436654,3625.4349082911026,0.0,9,8.0,1.0,2.0,8.0,0.01,True,,0.006552894149703199,3625.4349082911026,7856.0,0.0,0.0,0.0,3.109451557656165,982,False
2551775,11,Aysen,3625.4349082911026,REDPE_mid,46410.0,5438.152362436654,3625.4349082911026,0.0,10,8.0,1.0,2.0,16.0,0.0,True,,0.00021218783803805428,3625.4349082911026,7264.0,0.0,0.0,0.0,6.565091708897402,908,False
2551775,11,Aysen,3625.4349082911026,REDPE_mid,46410.0,5438.152362436654,3625.4349082911026,0.0,11,8.0,1.0,2.0,16.0,0.01,True,,0.010360210614833778,3625.4349082911026,8208.0,0.0,0.0,0.0,4.504565851076409,1026,False
2551775,11,Aysen,3625.4349082911026,REDPE_mid,46410.0,5438.152362436654,3625.4349082911026,0.0,12,8.0,1.0,2.0,32.0,0.0,True,,0.0003414703202617128,3625.4349082911026,7272.0,0.0,0.0,0.0,10.565091708897386,909,False
2551775,11,Aysen,3625.4349082911026,REDPE_mid,46410.0,5438.152362436654,3625.4349082911026,0.0,13,8.0,1.0,2.0,32.0,0.01,True,,0.018005904704785938,3625.4349082911026,8912.0,0.0,0.0,0.0,10.177891280435741,1114,False
2551775,11,Aysen,3625.4349082911026,REDPE_mid,46410.0,5438.152362436654,3625.4349082911026,0.0,14,8.0,1.0,2.0,64.0,0.0,True,,0.000600035284709028,3625.4349082911026,7288.0,0.0,0.0,0.0,18.56509170889718,911,False
2551775,11,Aysen,3625.4349082911026,REDPE_mid,46410.0,5438.152362436654,3625.4349082911026,0.0,15,8.0,1.0,2.0,64.0,0.01,True,,0.032793626115640476,3625.4349082911026,10280.0,0.0,0.0,0.0,14.774192635954169,1285,False
2551775,11,Aysen,3625.4349082911026,REDPE_mid,46410.0,5438.152362436654,3625.4349082911026,0.0,16,8.0,1.0,4.0,8.0,0.0,True,,0.00013979031062628916,3624.7749006028976,7256.0,0.6600076882049509,0.6600076882049509,0.0,3.2250993971023445,907,False
2551775,11,Aysen,3625.4349082911026,REDPE_mid,46410.0,5438.152362436654,3625.4349082911026,0.0,17,8.0,1.0,4.0,8.0,0.01,True,,0.0066364986750126215,3624.46799162905,7856.0,0.9669166620525372,0.9669166620525372,0.0,4.101206962509412,982,False
2551775,11,Aysen,3625.4349082911026,REDPE_mid,46410.0,5438.152362436654,3625.4349082911026,0.0,18,8.0,1.0,4.0,16.0,0.0,True,,0.00021218783803805428,3625.4349082911026,7264.0,0.0,0.0,0.0,6.5650917088974,908,False
2551775,11,Aysen,3625.4349082911026,REDPE_mid,46410.0,5438.152362436654,3625.4349082911026,0.0,19,8.0,1.0,4.0,16.0,0.01,True,,0.010382671823739338,3625.4349082911026,8208.0,0.0,0.0,0.0,6.589415261690564,1026,False
2551775,11,Aysen,3625.4349082911026,REDPE_mid,46410.0,5438.152362436654,3625.4349082911026,0.0,20,8.0,1.0,4.0,32.0,0.0,True,,0.00034147032026171284,3625.4349082911026,7272.0,0.0,0.0,0.0,10.56509170889739,909,False
2551775,11,Aysen,3625.4349082911026,REDPE_mid,46410.0,5438.152362436654,3625.4349082911026,0.0,21,8.0,1.0,4.0,32.0,0.01,True,,0.01783348119436327,3625.4349082911026,8896.0,0.0,0.0,0.0,10.173541043003928,1112,False
2551775,11,Aysen,3625.4349082911026,REDPE_mid,46410.0,5438.152362436654,3625.4349082911026,0.0,22,8.0,1.0,4.0,64.0,0.0,True,,0.0006000352847090279,3625.4349082911026,7288.0,0.0,0.0,0.0,18.565091708897175,911,False
2551775,11,Aysen,3625.4349082911026,REDPE_mid,46410.0,5438.152362436654,3625.4349082911026,0.0,23,8.0,1.0,4.0,64.0,0.01,True,,0.03236194130908302,3625.4349082911026,10240.0,0.0,0.0,0.0,14.705208891291326,1280,False
2551775,11,Aysen,3625.4349082911026,REDPE_mid,46410.0,5438.152362436654,3625.4349082911026,0.0,24,8.0,2.0,1.0,8.0,0.0,True,,8.290535581439538e-05,3625.4349082911026,7256.0,0.0,0.0,0.0,2.565091708897383,907,False
2551775,11,Aysen,3625.4349082911026,REDPE_mid,46410.0,5438.152362436654,3625.4349082911026,0.0,25,8.0,2.0,1.0,8.0,0.01,True,,0.006112052948175144,3625.4349082911026,7816.0,0.0,0.0,0.0,2.1905712318220103,977,False
2551775,11,Aysen,3625.4349082911026,REDPE_mid,46410.0,5438.152362436654,3625.4349082911026,0.0,26,8.0,2.0,1.0,16.0,0.0,True,,0.00021218783803805428,3625.4349082911026,7264.0,0.0,0.0,0.0,6.565091708897402,908,False
2551775,11,Aysen,3625.4349082911026,REDPE_mid,46410.0,5438.152362436654,3625.4349082911026,0.0,27,8.0,2.0,1.0,16.0,0.01,True,,0.01003928061203271,3625.4349082911026,8176.0,0.0,0.0,0.0,6.715842991081361,1022,False
2551775,11,Aysen,3625.4349082911026,REDPE_mid,46410.0,5438.152362436654,3625.4349082911026,0.0,28,8.0,2.0,1.0,32.0,0.0,True,,0.00034147032026171284,3625.4349082911026,7272.0,0.0,0.0,0.0,10.56509170889739,909,False
2551775,11,Aysen,3625.4349082911026,REDPE_mid,46410.0,5438.152362436654,3625.4349082911026,0.0,29,8.0,2.0,1.0,32.0,0.01,True,,0.01738939875732351,3625.4349082911026,8856.0,0.0,0.0,0.0,8.953809236973424,1107,False
2551775,11,Aysen,3625.4349082911026,REDPE_mid,46410.0,5438.152362436654,3625.4349082911026,0.0,30,8.0,2.0,1.0,64.0,0.0,True,,0.0006000352847090281,3625.4349082911026,7288.0,0.0,0.0,0.0,18.565091708897196,911,False
2551775,11,Aysen,3625.4349082911026,REDPE_mid,46410.0,5438.152362436654,3625.4349082911026,0.0,31,8.0,2.0,1.0,64.0,0.01,True,,0.03221288905437836,3625.4349082911026,10224.0,0.0,0.0,0.0,16.87017860960435,1278,False
2551775,11,Aysen,3625.4349082911026,REDPE_mid,46410.0,5438.152362436654,3625.4349082911026,0.0,32,8.0,2.0,2.0,8.0,0.0,True,,8.290535581439538e-05,3625.4349082911026,7256.0,0.0,0.0,0.0,2.565091708897383,907,False
2551775,11,Aysen,3625.4349082911026,REDPE_mid,46410.0,5438.152362436654,3625.4349082911026,0.0,33,8.0,2.0,2.0,8.0,0.01,True,,0.006112052948175144,3625.4349082911026,7816.0,0.0,0.0,0.0,2.1905712318220103,977,False
2551775,11,Aysen,3625.4349082911026,REDPE_mid,46410.0,5438.152362436654,3625.4349082911026,0.0,34,8.0,2.0,2.0,16.0,0.0,True,,0.00021218783803805428,3625.4349082911026,7264.0,0.0,0.0,0.0,6.565091708897402,908,False
2551775,11,Aysen,3625.4349082911026,REDPE_mid,46410.0,5438.152362436654,3625.4349082911026,0.0,35,8.0,2.0,2.0,16.0,0.01,True,,0.01003928061203271,3625.4349082911026,8176.0,0.0,0.0,0.0,6.715842991081361,1022,False
2551775,11,Aysen,3625.4349082911026,REDPE_mid,46410.0,5438.152362436654,3625.4349082911026,0.0,36,8.0,2.0,2.0,32.0,0.0,True,,0.00034147032026171284,3625.4349082911026,7272.0,0.0,0.0,0.0,10.56509170889739,909,False
2551775,11,Aysen,3625.4349082911026,REDPE_mid,46410.0,5438.152362436654,3625.4349082911026,0.0,37,8.0,2.0,2.0,32.0,0.01,True,,0.01738939875732351,3625.4349082911026,8856.0,0.0,0.0,0.0,8.953809236973424,1107,False
2551775,11,Aysen,3625.4349082911026,REDPE_mid,46410.0,5438.152362436654,3625.4349082911026,0.0,38,8.0,2.0,2.0,64.0,0.0,True,,0.0006000352847090281,3625.4349082911026,7288.0,0.0,0.0,0.0,18.565091708897196,911,False
2551775,11,Aysen,3625.4349082911026,REDPE_mid,46410.0,5438.152362436654,3625.4349082911026,0.0,39,8.0,2.0,2.0,64.0,0.01,True,,0.03221288905437836,3625.4349082911026,10224.0,0.0,0.0,0.0,16.87017860960435,1278,False
2551775,11,Aysen,3625.4349082911026,REDPE_mid,46410.0,5438.152362436654,3625.4349082911026,0.0,40,8.0,2.0,4.0,8.0,0.0,True,,0.00013979031062628925,3624.7749006028976,7256.0,0.6600076882049554,0.6600076882049554,0.0,3.2250993971023374,907,False
2551775,11,Aysen,3625.4349082911026,REDPE_mid,46410.0,5438.152362436654,3625.4349082911026,0.0,41,8.0,2.0,4.0,8.0,0.01,True,,0.006190427205021331,3624.7888040380667,7816.0,0.6461042530359488,0.6461042530359488,0.0,4.94253998103359,977,False
2551775,11,Aysen,3625.4349082911026,REDPE_mid,46410.0,5438.152362436654,3625.4349082911026,0.0,42,8.0,2.0,4.0,16.0,0.0,True,,0.00021218783803805425,3625.4349082911026,7264.0,0.0,0.0,0.0,6.565091708897398,908,False
2551775,11,Aysen,3625.4349082911026,REDPE_mid,46410.0,5438.152362436654,3625.4349082911026,0.0,43,8.0,2.0,4.0,16.0,0.01,True,,0.00995309229022245,3625.4349082911026,8168.0,0.0,0.0,0.0,6.715842960653047,1021,False
2551775,11,Aysen,3625.4349082911026,REDPE_mid,46410.0,5438.152362436654,3625.4349082911026,0.0,44,8.0,2.0,4.0,32.0,0.0,True,,0.0003414703202617128,3625.4349082911026,7272.0,0.0,0.0,0.0,10.565091708897386,909,False
2551775,11,Aysen,3625.4349082911026,REDPE_mid,46410.0,5438.152362436654,3625.4349082911026,0.0,45,8.0,2.0,4.0,32.0,0.01,True,,0.017316437867449658,3625.4349082911026,8848.0,0.0,0.0,0.0,10.181579438882475,1106,False
2551775,11,Aysen,3625.4349082911026,REDPE_mid,46410.0,5438.152362436654,3625.4349082911026,0.0,46,8.0,2.0,4.0,64.0,0.0,True,,0.000600035284709028,3625.4349082911026,7288.0,0.0,0.0,0.0,18.56509170889718,911,False
2551775,11,Aysen,3625.4349082911026,REDPE_mid,46410.0,5438.152362436654,3625.4349082911026,0.0,47,8.0,2.0,4.0,64.0,0.01,True,,0.031868204210626916,3625.4349082911026,10192.0,0.0,0.0,0.0,16.876531412595625,1274,False
2551775,11,Aysen,3625.4349082911026,REDPE_mid,46410.0,5438.152362436654,3625.4349082911026,0.0,48,16.0,1.0,1.0,8.0,0.0,True,,0.03020572371392687,3625.4349082911026,9120.0,0.0,0.0,932.4143398326165,2.150751876280881,570,False
2551775,11,Aysen,3625.4349082911026,REDPE_mid,46410.0,5438.152362436654,3625.4349082911026,0.0,49,16.0,1.0,1.0,8.0,0.01,True,,0.04226018662435325,3625.4349082911026,10128.0,0.0,0.0,1039.2896078706465,6.170731184027162,633,False
2551775,11,Aysen,3625.4349082911026,REDPE_mid,46410.0,5438.152362436654,3625.4349082911026,0.0,50,16.0,1.0,1.0,16.0,0.0,True,,0.0002121878380380541,3625.4349082911026,7264.0,0.0,0.0,0.0,6.565091708897384,454,False
2551775,11,Aysen,3625.4349082911026,REDPE_mid,46410.0,5438.152362436654,3625.4349082911026,0.0,51,16.0,1.0,1.0,16.0,0.01,True,,0.014013658644654332,3625.4349082911026,8544.0,0.0,0.0,0.0,7.617611979020333,534,False
2551775,11,Aysen,3625.4349082911026,REDPE_mid,46410.0,5438.152362436654,3625.4349082911026,0.0,52,16.0,1.0,1.0,32.0,0.0,True,,0.0004707528024853714,3625.4349082911026,7280.0,0.0,0.0,0.0,14.565091708897375,455,False
2551775,11,Aysen,3625.4349082911026,REDPE_mid,46410.0,5438.152362436654,3625.4349082911026,0.0,53,16.0,1.0,1.0,32.0,0.01,True,,0.02147212520921725,3625.4349082911026,9232.0,0.0,0.0,0.0,11.912478501750247,577,False
2551775,11,Aysen,3625.4349082911026,REDPE_mid,46410.0,5438.152362436654,3625.4349082911026,0.0,54,16.0,1.0,1.0,64.0,0.0,True,,0.0007293177669326872,3625.4349082911026,7296.0,0.0,0.0,0.0,22.56509170889723,456,False
2551775,11,Aysen,3625.4349082911026,REDPE_mid,46410.0,5438.152362436654,3625.4349082911026,0.0,55,16.0,1.0,1.0,64.0,0.01,True,,0.036529766864056304,3625.4349082911026,10624.0,0.0,0.0,0.0,17.562776903910912,664,False
2551775,11,Aysen,3625.4349082911026,REDPE_mid,46410.0,5438.152362436654,3625.4349082911026,0.0,56,16.0,1.0,2.0,8.0,0.0,True,,0.03020572371392687,3625.4349082911026,9120.0,0.0,0.0,932.4143398326165,2.150751876280881,570,False
2551775,11,Aysen,3625.4349082911026,REDPE_mid,46410.0,5438.152362436654,3625.4349082911026,0.0,57,16.0,1.0,2.0,8.0,0.01,True,,0.04226018662435325,3625.4349082911026,10128.0,0.0,0.0,1039.2896078706465,6.170731184027162,633,False
2551775,11,Aysen,3625.4349082911026,REDPE_mid,46410.0,5438.152362436654,3625.4349082911026,0.0,58,16.0,1.0,2.0,16.0,0.0,True,,0.0002121878380380541,3625.4349082911026,7264.0,0.0,0.0,0.0,6.565091708897384,454,False
2551775,11,Aysen,3625.4349082911026,REDPE_mid,46410.0,5438.152362436654,3625.4349082911026,0.0,59,16.0,1.0,2.0,16.0,0.01,True,,0.014013658644654332,3625.4349082911026,8544.0,0.0,0.0,0.0,7.617611979020333,534,False
2551775,11,Aysen,3625.4349082911026,REDPE_mid,46410.0,5438.152362436654,3625.4349082911026,0.0,60,16.0,1.0,2.0,32.0,0.0,True,,0.0004707528024853714,3625.4349082911026,7280.0,0.0,0.0,0.0,14.565091708897375,455,False
2551775,11,Aysen,3625.4349082911026,REDPE_mid,46410.0,5438.152362436654,3625.4349082911026,0.0,61,16.0,1.0,2.0,32.0,0.01,True,,0.02147212520921725,3625.4349082911026,9232.0,0.0,0.0,0.0,11.912478501750247,577,False
2551775,11,Aysen,3625.4349082911026,REDPE_mid,46410.0,5438.152362436654,3625.4349082911026,0.0,62,16.0,1.0,2.0,64.0,0.0,True,,0.0007293177669326872,3625.4349082911026,7296.0,0.0,0.0,0.0,22.56509170889723,456,False
2551775,11,Aysen,3625.4349082911026,REDPE_mid,46410.0,5438.152362436654,3625.4349082911026,0.0,63,16.0,1.0,2.0,64.0,0.01,True,,0.036529766864056304,3625.4349082911026,10624.0,0.0,0.0,0.0,17.562776903910912,664,False
2551775,11,Aysen,3625.4349082911026,REDPE_mid,46410.0,5438.152362436654,3625.4349082911026,0.0,64,16.0,1.0,4.0,8.0,0.0,True,,0.03020572371392687,3625.4349082911026,9120.0,0.0,0.0,932.4143398326165,2.150751876280881,570,False
2551775,11,Aysen,3625.4349082911026,REDPE_mid,46410.0,5438.152362436654,3625.4349082911026,0.0,65,16.0,1.0,4.0,8.0,0.01,True,,0.04226018662435325,3625.4349082911026,10128.0,0.0,0.0,1039.2896078706465,6.170731184027162,633,False
2551775,11,Aysen,3625.4349082911026,REDPE_mid,46410.0,5438.152362436654,3625.4349082911026,0.0,66,16.0,1.0,4.0,16.0,0.0,True,,0.0002121878380380541,3625.4349082911026,7264.0,0.0,0.0,0.0,6.565091708897384,454,False
2551775,11,Aysen,3625.4349082911026,REDPE_mid,46410.0,5438.152362436654,3625.4349082911026,0.0,67,16.0,1.0,4.0,16.0,0.01,True,,0.014013658644654332,3625.4349082911026,8544.0,0.0,0.0,0.0,7.617611979020333,534,False
2551775,11,Aysen,3625.4349082911026,REDPE_mid,46410.0,5438.152362436654,3625.4349082911026,0.0,68,16.0,1.0,4.0,32.0,0.0,True,,0.0004707528024853714,3625.4349082911026,7280.0,0.0,0.0,0.0,14.565091708897375,455,False
2551775,11,Aysen,3625.4349082911026,REDPE_mid,46410.0,5438.152362436654,3625.4349082911026,0.0,69,16.0,1.0,4.0,32.0,0.01,True,,0.02147212520921725,3625.4349082911026,9232.0,0.0,0.0,0.0,11.912478501750247,577,False
2551775,11,Aysen,3625.4349082911026,REDPE_mid,46410.0,5438.152362436654,3625.4349082911026,0.0,70,16.0,1.0,4.0,64.0,0.0,True,,0.0007293177669326872,3625.4349082911026,7296.0,0.0,0.0,0.0,22.56509170889723,456,False
2551775,11,Aysen,3625.4349082911026,REDPE_mid,46410.0,5438.152362436654,3625.4349082911026,0.0,71,16.0,1.0,4.0,64.0,0.01,True,,0.03653081973912711,3625.4349082911026,10624.0,0.0,0.0,0.0,17.660504767983635,664,False
2551775,11,Aysen,3625.4349082911026,REDPE_mid,46410.0,5438.152362436654,3625.4349082911026,0.0,72,16.0,2.0,1.0,8.0,0.0,True,,0.01598465066932442,3625.4349082911026,8240.0,0.0,0.0,490.86189390145984,3.703197807437523,515,False
2551775,11,Aysen,3625.4349082911026,REDPE_mid,46410.0,5438.152362436654,3625.4349082911026,0.0,73,16.0,2.0,1.0,8.0,0.01,True,,0.02555074914601833,3625.4349082911026,9104.0,0.0,0.0,511.5906138628889,6.899738452737697,569,False
2551775,11,Aysen,3625.4349082911026,REDPE_mid,46410.0,5438.152362436654,3625.4349082911026,0.0,74,16.0,2.0,1.0,16.0,0.0,True,,0.0002121878380380542,3625.4349082911026,7264.0,0.0,0.0,0.0,6.565091708897393,454,False
2551775,11,Aysen,3625.4349082911026,REDPE_mid,46410.0,5438.152362436654,3625.4349082911026,0.0,75,16.0,2.0,1.0,16.0,0.01,True,,0.013491746607464036,3625.4349082911026,8496.0,0.0,0.0,0.0,7.173736687017085,531,False
2551775,11,Aysen,3625.4349082911026,REDPE_mid,46410.0,5438.152362436654,3625.4349082911026,0.0,76,16.0,2.0,1.0,32.0,0.0,True,,0.0004707528024853714,3625.4349082911026,7280.0,0.0,0.0,0.0,14.565091708897375,455,False
2551775,11,Aysen,3625.4349082911026,REDPE_mid,46410.0,5438.152362436654,3625.4349082911026,0.0,77,16.0,2.0,1.0,32.0,0.01,True,,0.021128988507119882,3625.4349082911026,9200.0,0.0,0.0,0.0,12.062529813072695,575,False
2551775,11,Aysen,3625.4349082911026,REDPE_mid,46410.0,5438.152362436654,3625.4349082911026,0.0,78,16.0,2.0,1.0,64.0,0.0,True,,0.0007293177669326872,3625.4349082911026,7296.0,0.0,0.0,0.0,22.56509170889723,456,False
2551775,11,Aysen,3625.4349082911026,REDPE_mid,46410.0,5438.152362436654,3625.4349082911026,0.0,79,16.0,2.0,1.0,64.0,0.01,True,,0.03584210450852562,3625.4349082911026,10560.0,0.0,0.0,0.0,17.73395706355354,660,False
2551775,11,Aysen,3625.4349082911026,REDPE_mid,46410.0,5438.152362436654,3625.4349082911026,0.0,80,16.0,2.0,2.0,8.0,0.0,True,,0.01598465066932442,3625.4349082911026,8240.0,0.0,0.0,490.86189390145984,3.703197807437523,515,False
2551775,11,Aysen,3625.4349082911026,REDPE_mid,46410.0,5438.152362436654,3625.4349082911026,0.0,81,16.0,2.0,2.0,8.0,0.01,True,,0.02555074914601833,3625.4349082911026,9104.0,0.0,0.0,511.5906138628889,6.899738452737697,569,False
2551775,11,Aysen,3625.4349082911026,REDPE_mid,46410.0,5438.152362436654,3625.4349082911026,0.0,82,16.0,2.0,2.0,16.0,0.0,True,,0.0002121878380380542,3625.4349082911026,7264.0,0.0,0.0,0.0,6.565091708897393,454,False
2551775,11,Aysen,3625.4349082911026,REDPE_mid,46410.0,5438.152362436654,3625.4349082911026,0.0,83,16.0,2.0,2.0,16.0,0.01,True,,0.013491746607464036,3625.4349082911026,8496.0,0.0,0.0,0.0,7.173736687017085,531,False
2551775,11,Aysen,3625.4349082911026,REDPE_mid,46410.0,5438.152362436654,3625.4349082911026,0.0,84,16.0,2.0,2.0,32.0,0.0,True,,0.0004707528024853714,3625.4349082911026,7280.0,0.0,0.0,0.0,14.565091708897375,455,False
2551775,11,Aysen,3625.4349082911026,REDPE_mid,46410.0,5438.152362436654,3625.4349082911026,0.0,85,16.0,2.0,2.0,32.0,0.01,True,,0.021128988507119882,3625.4349082911026,9200.0,0.0,0.0,0.0,12.062529813072695,575,False
2551775,11,Aysen,3625.4349082911026,REDPE_mid,46410.0,5438.152362436654,3625.4349082911026,0.0,86,16.0,2.0,2.0,64.0,0.0,True,,0.0007293177669326872,3625.4349082911026,7296.0,0.0,0.0,0.0,22.56509170889723,456,False
2551775,11,Aysen,3625.4349082911026,REDPE_mid,46410.0,5438.152362436654,3625.4349082911026,0.0,87,16.0,2.0,2.0,64.0,0.01,True,,0.03584210450852562,3625.4349082911026,10560.0,0.0,0.0,0.0,17.73395706355354,660,False
2551775,11,Aysen,3625.4349082911026,REDPE_mid,46410.0,5438.152362436654,3625.4349082911026,0.0,88,16.0,2.0,4.0,8.0,0.0,True,,0.01598465066932442,3625.4349082911026,8240.0,0.0,0.0,490.86189390145984,3.703197807437523,515,False
2551775,11,Aysen,3625.4349082911026,REDPE_mid,46410.0,5438.152362436654,3625.4349082911026,0.0,89,16.0,2.0,4.0,8.0,0.01,True,,0.02555074914601833,3625.4349082911026,9104.0,0.0,0.0,511.5906138628889,6.899738452737697,569,False
2551775,11,Aysen,3625.4349082911026,REDPE_mid,46410.0,5438.152362436654,3625.4349082911026,0.0,90,16.0,2.0,4.0,16.0,0.0,True,,0.0002121878380380542,3625.4349082911026,7264.0,0.0,0.0,0.0,6.565091708897393,454,False
2551775,11,Aysen,3625.4349082911026,REDPE_mid,46410.0,5438.152362436654,3625.4349082911026,0.0,91,16.0,2.0,4.0,16.0,0.01,True,,0.013491746607464036,3625.4349082911026,8496.0,0.0,0.0,0.0,7.173736687017085,531,False
2551775,11,Aysen,3625.4349082911026,REDPE_mid,46410.0,5438.152362436654,3625.4349082911026,0.0,92,16.0,2.0,4.0,32.0,0.0,True,,0.0004707528024853714,3625.4349082911026,7280.0,0.0,0.0,0.0,14.565091708897375,455,False
2551775,11,Aysen,3625.4349082911026,REDPE_mid,46410.0,5438.152362436654,3625.4349082911026,0.0,93,16.0,2.0,4.0,32.0,0.01,True,,0.021128988507119882,3625.4349082911026,9200.0,0.0,0.0,0.0,12.062529813072695,575,False
2551775,11,Aysen,3625.4349082911026,REDPE_mid,46410.0,5438.152362436654,3625.4349082911026,0.0,94,16.0,2.0,4.0,64.0,0.0,True,,0.0007293177669326872,3625.4349082911026,7296.0,0.0,0.0,0.0,22.56509170889723,456,False
2551775,11,Aysen,3625.4349082911026,REDPE_mid,46410.0,5438.152362436654,3625.4349082911026,0.0,95,16.0,2.0,4.0,64.0,0.01,True,,0.03584210450852562,3625.4349082911026,10560.0,0.0,0.0,0.0,17.73395706355354,660,False
2551775,11,Aysen,3625.4349082911026,REDPE_mid,46410.0,5438.152362436654,3625.4349082911026,0.0,96,32.0,1.0,1.0,8.0,0.0,True,,0.1775877534488978,3625.4349082911026,18240.0,0.0,0.0,5492.414339832617,2.150751876280881,570,False
2551775,11,Aysen,3625.4349082911026,REDPE_mid,46410.0,5438.152362436654,3625.4349082911026,0.0,97,32.0,1.0,1.0,8.0,0.01,True,,0.20593180911950515,3625.4349082911026,20256.0,0.0,0.0,6103.289607870647,6.170731184027162,633,False
2551775,11,Aysen,3625.4349082911026,REDPE_mid,46410.0,5438.152362436654,3625.4349082911026,0.0,98,32.0,1.0,1.0,16.0,0.0,True,,0.03485989307397858,3625.4349082911026,9408.0,0.0,0.0,1063.319758727309,15.245332981588502,294,False
2551775,11,Aysen,3625.4349082911026,REDPE_mid,46410.0,5438.152362436654,3625.4349082911026,0.0,99,32.0,1.0,1.0,16.0,0.01,True,,0.06014922427853905,3625.4349082911026,11520.0,0.0,0.0,1302.1803345343292,11.74047958187005,360,False
2551775,11,Aysen,3625.4349082911026,REDPE_mid,46410.0,5438.152362436654,3625.4349082911026,0.0,100,32.0,1.0,1.0,32.0,0.0,True,,0.0007293177669326877,3625.4349082911026,7296.0,0.0,0.0,0.0,22.56509170889727,228,False
2551775,11,Aysen,3625.4349082911026,REDPE_mid,46410.0,5438.152362436654,3625.4349082911026,0.0,101,32.0,1.0,1.0,32.0,0.01,True,,0.028614262635253445,3625.4349082911026,9888.0,0.0,0.0,0.0,18.845674386429877,309,False
2551775,11,Aysen,3625.4349082911026,REDPE_mid,46410.0,5438.152362436654,3625.4349082911026,0.0,102,32.0,1.0,1.0,64.0,0.0,True,,0.0007293177669326868,3625.4349082911026,7296.0,0.0,0.0,0.0,22.565091708897196,228,False
2551775,11,Aysen,3625.4349082911026,REDPE_mid,46410.0,5438.152362436654,3625.4349082911026,0.0,103,32.0,1.0,1.0,64.0,0.01,True,,0.04385472956315758,3625.4349082911026,11296.0,0.0,0.0,0.0,25.465814634491377,353,False
2551775,11,Aysen,3625.4349082911026,REDPE_mid,46410.0,5438.152362436654,3625.4349082911026,0.0,104,32.0,1.0,2.0,8.0,0.0,True,,0.1775877534488978,3625.4349082911026,18240.0,0.0,0.0,5492.414339832617,2.150751876280881,570,False
2551775,11,Aysen,3625.4349082911026,REDPE_mid,46410.0,5438.152362436654,3625.4349082911026,0.0,105,32.0,1.0,2.0,8.0,0.01,True,,0.20593180911950515,3625.4349082911026,20256.0,0.0,0.0,6103.289607870647,6.170731184027162,633,False
2551775,11,Aysen,3625.4349082911026,REDPE_mid,46410.0,5438.152362436654,3625.4349082911026,0.0,106,32.0,1.0,2.0,16.0,0.0,True,,0.03485989307397858,3625.4349082911026,9408.0,0.0,0.0,1063.319758727309,15.245332981588502,294,False
2551775,11,Aysen,3625.4349082911026,REDPE_mid,46410.0,5438.152362436654,3625.4349082911026,0.0,107,32.0,1.0,2.0,16.0,0.01,True,,0.06014922427853905,3625.4349082911026,11520.0,0.0,0.0,1302.1803345343292,11.74047958187005,360,False
2551775,11,Aysen,3625.4349082911026,REDPE_mid,46410.0,5438.152362436654,3625.4349082911026,0.0,108,32.0,1.0,2.0,32.0,0.0,True,,0.0007293177669326877,3625.4349082911026,7296.0,0.0,0.0,0.0,22.56509170889727,228,False
2551775,11,Aysen,3625.4349082911026,REDPE_mid,46410.0,5438.152362436654,3625.4349082911026,0.0,109,32.0,1.0,2.0,32.0,0.01,True,,0.028614262635253445,3625.4349082911026,9888.0,0.0,0.0,0.0,18.845674386429877,309,False
2551775,11,Aysen,3625.4349082911026,REDPE_mid,46410.0,5438.152362436654,3625.4349082911026,0.0,110,32.0,1.0,2.0,64.0,0.0,True,,0.0007293177669326868,3625.4349082911026,7296.0,0.0,0.0,0.0,22.565091708897196,228,False
2551775,11,Aysen,3625.4349082911026,REDPE_mid,46410.0,5438.152362436654,3625.4349082911026,0.0,111,32.0,1.0,2.0,64.0,0.01,True,,0.04385472956315758,3625.4349082911026,11296.0,0.0,0.0,0.0,25.465814634491377,353,False
2551775,11,Aysen,3625.4349082911026,REDPE_mid,46410.0,5438.152362436654,3625.4349082911026,0.0,112,32.0,1.0,4.0,8.0,0.0,True,,0.1775877534488978,3625.4349082911026,18240.0,0.0,0.0,5492.414339832617,2.150751876280881,570,False
2551775,11,Aysen,3625.4349082911026,REDPE_mid,46410.0,5438.152362436654,3625.4349082911026,0.0,113,32.0,1.0,4.0,8.0,0.01,True,,0.20593180911950515,3625.4349082911026,20256.0,0.0,0.0,6103.289607870647,6.170731184027162,633,False
2551775,11,Aysen,3625.4349082911026,REDPE_mid,46410.0,5438.152362436654,3625.4349082911026,0.0,114,32.0,1.0,4.0,16.0,0.0,True,,0.03485989307397858,3625.4349082911026,9408.0,0.0,0.0,1063.319758727309,15.245332981588502,294,False
2551775,11,Aysen,3625.4349082911026,REDPE_mid,46410.0,5438.152362436654,3625.4349082911026,0.0,115,32.0,1.0,4.0,16.0,0.01,True,,0.06014922427853905,3625.4349082911026,11520.0,0.0,0.0,1302.1803345343292,11.74047958187005,360,False
2551775,11,Aysen,3625.4349082911026,REDPE_mid,46410.0,5438.152362436654,3625.4349082911026,0.0,116,32.0,1.0,4.0,32.0,0.0,True,,0.0007293177669326877,3625.4349082911026,7296.0,0.0,0.0,0.0,22.56509170889727,228,False
2551775,11,Aysen,3625.4349082911026,REDPE_mid,46410.0,5438.152362436654,3625.4349082911026,0.0,117,32.0,1.0,4.0,32.0,0.01,True,,0.028614262635253445,3625.4349082911026,9888.0,0.0,0.0,0.0,18.845674386429877,309,False
2551775,11,Aysen,3625.4349082911026,REDPE_mid,46410.0,5438.152362436654,3625.4349082911026,0.0,118,32.0,1.0,4.0,64.0,0.0,True,,0.0007293177669326868,3625.4349082911026,7296.0,0.0,0.0,0.0,22.565091708897196,228,False
2551775,11,Aysen,3625.4349082911026,REDPE_mid,46410.0,5438.152362436654,3625.4349082911026,0.0,119,32.0,1.0,4.0,64.0,0.01,True,,0.04385472956315758,3625.4349082911026,11296.0,0.0,0.0,0.0,25.465814634491377,353,False
2551775,11,Aysen,3625.4349082911026,REDPE_mid,46410.0,5438.152362436654,3625.4349082911026,0.0,120,32.0,2.0,1.0,8.0,0.0,True,,0.14914560735969284,3625.4349082911026,16480.0,0.0,0.0,4610.86189390146,3.703197807437523,515,False
2551775,11,Aysen,3625.4349082911026,REDPE_mid,46410.0,5438.152362436654,3625.4349082911026,0.0,121,32.0,2.0,1.0,8.0,0.01,True,,0.17252802345021526,3625.4349082911026,18208.0,0.0,0.0,5050.021214778447,6.899738452737697,569,False
2551775,11,Aysen,3625.4349082911026,REDPE_mid,46410.0,5438.152362436654,3625.4349082911026,0.0,122,32.0,2.0,1.0,16.0,0.0,True,,0.02658581421166443,3625.4349082911026,8896.0,0.0,0.0,809.0470791809937,13.518012527903718,278,False
2551775,11,Aysen,3625.4349082911026,REDPE_mid,46410.0,5438.152362436654,3625.4349082911026,0.0,123,32.0,2.0,1.0,16.0,0.01,True,,0.04925379362959715,3625.4349082911026,10848.0,0.0,0.0,965.189996165788,9.416945115624609,339,False
2551775,11,Aysen,3625.4349082911026,REDPE_mid,46410.0,5438.152362436654,3625.4349082911026,0.0,124,32.0,2.0,1.0,32.0,0.0,True,,0.0007293177669326879,3625.4349082911026,7296.0,0.0,0.0,0.0,22.565091708897288,228,False
2551775,11,Aysen,3625.4349082911026,REDPE_mid,46410.0,5438.152362436654,3625.4349082911026,0.0,125,32.0,2.0,1.0,32.0,0.01,True,,0.028271877863500976,3625.4349082911026,9856.0,0.0,0.0,0.0,19.065519872365815,308,False
2551775,11,Aysen,3625.4349082911026,REDPE_mid,46410.0,5438.152362436654,3625.4349082911026,0.0,126,32.0,2.0,1.0,64.0,0.0,True,,0.0007293177669326868,3625.4349082911026,7296.0,0.0,0.0,0.0,22.565091708897196,228,False
2551775,11,Aysen,3625.4349082911026,REDPE_mid,46410.0,5438.152362436654,3625.4349082911026,0.0,127,32.0,2.0,1.0,64.0,0.01,True,,0.0431223515315157,3625.4349082911026,11232.0,0.0,0.0,0.0,21.486485737493023,351,False
2551775,11,Aysen,3625.4349082911026,REDPE_mid,46410.0,5438.152362436654,3625.4349082911026,0.0,128,32.0,2.0,2.0,8.0,0.0,True,,0.14914560735969284,3625.4349082911026,16480.0,0.0,0.0,4610.86189390146,3.703197807437523,515,False
2551775,11,Aysen,3625.4349082911026,REDPE_mid,46410.0,5438.152362436654,3625.4349082911026,0.0,129,32.0,2.0,2.0,8.0,0.01,True,,0.17252802345021526,3625.4349082911026,18208.0,0.0,0.0,5050.021214778447,6.899738452737697,569,False
2551775,11,Aysen,3625.4349082911026,REDPE_mid,46410.0,5438.152362436654,3625.4349082911026,0.0,130,32.0,2.0,2.0,16.0,0.0,True,,0.02658581421166443,3625.4349082911026,8896.0,0.0,0.0,809.0470791809937,13.518012527903718,278,False
2551775,11,Aysen,3625.4349082911026,REDPE_mid,46410.0,5438.152362436654,3625.4349082911026,0.0,131,32.0,2.0,2.0,16.0,0.01,True,,0.04925379362959715,3625.4349082911026,10848.0,0.0,0.0,965.189996165788,9.416945115624609,339,False
2551775,11,Aysen,3625.4349082911026,REDPE_mid,46410.0,5438.152362436654,3625.4349082911026,0.0,132,32.0,2.0,2.0,32.0,0.0,True,,0.0007293177669326879,3625.4349082911026,7296.0,0.0,0.0,0.0,22.565091708897288,228,False
2551775,11,Aysen,3625.4349082911026,REDPE_mid,46410.0,5438.152362436654,3625.4349082911026,0.0,133,32.0,2.0,2.0,32.0,0.01,True,,0.028271877863500976,3625.4349082911026,9856.0,0.0,0.0,0.0,19.065519872365815,308,False
2551775,11,Aysen,3625.4349082911026,REDPE_mid,46410.0,5438.152362436654,3625.4349082911026,0.0,134,32.0,2.0,2.0,64.0,0.0,True,,0.0007293177669326868,3625.4349082911026,7296.0,0.0,0.0,0.0,22.565091708897196,228,False
2551775,11,Aysen,3625.4349082911026,REDPE_mid,46410.0,5438.152362436654,3625.4349082911026,0.0,135,32.0,2.0,2.0,64.0,0.01,True,,0.0431223515315157,3625.4349082911026,11232.0,0.0,0.0,0.0,21.486485737493023,351,False
2551775,11,Aysen,3625.4349082911026,REDPE_mid,46410.0,5438.152362436654,3625.4349082911026,0.0,136,32.0,2.0,4.0,8.0,0.0,True,,0.14914560735969284,3625.4349082911026,16480.0,0.0,0.0,4610.86189390146,3.703197807437523,515,False
2551775,11,Aysen,3625.4349082911026,REDPE_mid,46410.0,5438.152362436654,3625.4349082911026,0.0,137,32.0,2.0,4.0,8.0,0.01,True,,0.17252802345021526,3625.4349082911026,18208.0,0.0,0.0,5050.021214778447,6.899738452737697,569,False
2551775,11,Aysen,3625.4349082911026,REDPE_mid,46410.0,5438.152362436654,3625.4349082911026,0.0,138,32.0,2.0,4.0,16.0,0.0,True,,0.02658581421166443,3625.4349082911026,8896.0,0.0,0.0,809.0470791809937,13.518012527903718,278,False
2551775,11,Aysen,3625.4349082911026,REDPE_mid,46410.0,5438.152362436654,3625.4349082911026,0.0,139,32.0,2.0,4.0,16.0,0.01,True,,0.04925379362959715,3625.4349082911026,10848.0,0.0,0.0,965.189996165788,9.416945115624609,339,False
2551775,11,Aysen,3625.4349082911026,REDPE_mid,46410.0,5438.152362436654,3625.4349082911026,0.0,140,32.0,2.0,4.0,32.0,0.0,True,,0.0007293177669326879,3625.4349082911026,7296.0,0.0,0.0,0.0,22.565091708897288,228,False
2551775,11,Aysen,3625.4349082911026,REDPE_mid,46410.0,5438.152362436654,3625.4349082911026,0.0,141,32.0,2.0,4.0,32.0,0.01,True,,0.028271877863500976,3625.4349082911026,9856.0,0.0,0.0,0.0,19.065519872365815,308,False
2551775,11,Aysen,3625.4349082911026,REDPE_mid,46410.0,5438.152362436654,3625.4349082911026,0.0,142,32.0,2.0,4.0,64.0,0.0,True,,0.0007293177669326868,3625.4349082911026,7296.0,0.0,0.0,0.0,22.565091708897196,228,False
2551775,11,Aysen,3625.4349082911026,REDPE_mid,46410.0,5438.152362436654,3625.4349082911026,0.0,143,32.0,2.0,4.0,64.0,0.01,True,,0.0431223515315157,3625.4349082911026,11232.0,0.0,0.0,0.0,21.486485737493023,351,False
2577343,12,Magallanes,17910.3373687088,REDPE_mid,43580.0,26865.506053063196,17910.3373687088,0.0,0,8.0,1.0,1.0,8.0,0.0,True,,0.02852732903181407,17633.824289995784,35272.0,276.51307871301424,276.51307871301424,0.0,2.175710004215348,4409,False
2577343,12,Magallanes,17910.3373687088,REDPE_mid,43580.0,26865.506053063196,17910.3373687088,0.0,1,8.0,1.0,1.0,8.0,0.01,True,,0.025491759179045607,17623.978938115215,35608.0,286.3584305935831,286.3584305935831,0.0,4.677978472933178,4451,False
2577343,12,Magallanes,17910.3373687088,REDPE_mid,43580.0,26865.506053063196,17910.3373687088,0.0,2,8.0,1.0,1.0,16.0,0.0,True,,0.0017727139888874552,17892.81582088847,35792.0,17.521547820329886,17.521547820329886,0.0,3.184179111530941,4474,False
2577343,12,Magallanes,17910.3373687088,REDPE_mid,43580.0,26865.506053063196,17910.3373687088,0.0,3,8.0,1.0,1.0,16.0,0.01,True,,0.008974150921072293,17893.36962880686,36480.0,16.967739901937716,16.967739901937716,0.0,4.087552384691993,4560,False
2577343,12,Magallanes,17910.3373687088,REDPE_mid,43580.0,26865.506053063196,17910.3373687088,0.0,4,8.0,1.0,1.0,32.0,0.0,True,,0.0009007543743853899,17900.81582088847,35816.0,9.521547820329882,9.521547820329882,0.0,7.184179111530941,4477,False
2577343,12,Magallanes,17910.3373687088,REDPE_mid,43580.0,26865.506053063196,17910.3373687088,0.0,5,8.0,1.0,1.0,32.0,0.01,True,,0.01695435657885063,17896.700664762797,37192.0,13.636703946002353,13.636703946002353,0.0,10.959529208203856,4649,False
2577343,12,Magallanes,17910.3373687088,REDPE_mid,43580.0,26865.506053063196,17910.3373687088,0.0,6,8.0,1.0,1.0,64.0,0.0,True,,0.0006099159756337259,17908.81582088847,35848.0,1.5215478203298947,1.5215478203298947,0.0,15.184179111530865,4481,False
2577343,12,Magallanes,17910.3373687088,REDPE_mid,43580.0,26865.506053063196,17910.3373687088,0.0,7,8.0,1.0,1.0,64.0,0.01,True,,0.032614665483769824,17903.458631677284,38600.0,6.878737031515971,6.878737031515971,0.0,15.21782176236758,4825,False
2577343,12,Magallanes,17910.3373687088,REDPE_mid,43580.0,26865.506053063196,17910.3373687088,0.0,8,8.0,1.0,2.0,8.0,0.0,True,,0.27331582070310506,15262.853673237069,30536.0,2647.483695471729,2647.483695471729,0.0,5.1463267629302,3817,False
2577343,12,Magallanes,17910.3373687088,REDPE_mid,43580.0,26865.506053063196,17910.3373687088,0.0,9,8.0,1.0,2.0,8.0,0.01,True,,0.274755169142158,15218.42251208943,30720.0,2691.9148566193685,2691.9148566193685,0.0,3.5818086773065416,3840,False
2577343,12,Magallanes,17910.3373687088,REDPE_mid,43580.0,26865.506053063196,17910.3373687088,0.0,10,8.0,1.0,2.0,16.0,0.0,True,,0.2577350675738896,15413.605978579872,30840.0,2496.7313901289276,2496.7313901289276,0.0,6.394021420129183,3855,False
2577343,12,Magallanes,17910.3373687088,REDPE_mid,43580.0,26865.506053063196,17910.3373687088,0.0,11,8.0,1.0,2.0,16.0,0.01,True,,0.2571113877676501,15372.053307264698,31184.0,2538.284061444101,2538.284061444101,0.0,5.165390302077715,3898,False
2577343,12,Magallanes,17910.3373687088,REDPE_mid,43580.0,26865.506053063196,17910.3373687088,0.0,12,8.0,1.0,2.0,32.0,0.0,True,,0.24798357363765777,15507.848505015118,31032.0,2402.488863693682,2402.488863693682,0.0,8.151494984882955,3879,False
2577343,12,Magallanes,17910.3373687088,REDPE_mid,43580.0,26865.506053063196,17910.3373687088,0.0,13,8.0,1.0,2.0,32.0,0.01,True,,0.24577233230178433,15448.869476827811,31640.0,2461.4678918809877,2461.4678918809877,0.0,10.566502839009205,3955,False
2577343,12,Magallanes,17910.3373687088,REDPE_mid,43580.0,26865.506053063196,17910.3373687088,0.0,14,8.0,1.0,2.0,64.0,0.0,True,,0.24285379393045292,15556.737454925114,31144.0,2353.5999137836848,2353.5999137836848,0.0,15.262545074886235,3893,False
2577343,12,Magallanes,17910.3373687088,REDPE_mid,43580.0,26865.506053063196,17910.3373687088,0.0,15,8.0,1.0,2.0,64.0,0.01,True,,0.23653977723752906,15476.947559285702,32256.0,2433.3898094230963,2433.3898094230963,0.0,18.40358064375839,4032,False
2577343,12,Magallanes,17910.3373687088,REDPE_mid,43580.0,26865.506053063196,17910.3373687088,0.0,16,8.0,1.0,4.0,8.0,0.0,True,,0.9686460224750619,8529.2311249316,17064.0,9381.1062437772,9381.1062437772,0.0,2.7688750683998955,2133,False
2577343,12,Magallanes,17910.3373687088,REDPE_mid,43580.0,26865.506053063196,17910.3373687088,0.0,17,8.0,1.0,4.0,8.0,0.01,True,,0.9732261241748331,8469.911462681806,17080.0,9440.425906026992,9440.425906026992,0.0,2.732903471906035,2135,False
2577343,12,Magallanes,17910.3373687088,REDPE_mid,43580.0,26865.506053063196,17910.3373687088,0.0,18,8.0,1.0,4.0,16.0,0.0,True,,0.9608360122817776,8604.821185987432,17216.0,9305.516182721365,9305.516182721365,0.0,3.178814012567105,2152,False
2577343,12,Magallanes,17910.3373687088,REDPE_mid,43580.0,26865.506053063196,17910.3373687088,0.0,19,8.0,1.0,4.0,16.0,0.01,True,,0.9647961252761059,8549.163475484946,17264.0,9361.173893223851,9361.173893223851,0.0,6.738289080830781,2158,False
2577343,12,Magallanes,17910.3373687088,REDPE_mid,43580.0,26865.506053063196,17910.3373687088,0.0,20,8.0,1.0,4.0,32.0,0.0,True,,0.9557297551238133,8653.453857723453,17328.0,9256.883510985348,9256.883510985348,0.0,10.546142276548315,2166,False
2577343,12,Magallanes,17910.3373687088,REDPE_mid,43580.0,26865.506053063196,17910.3373687088,0.0,21,8.0,1.0,4.0,32.0,0.01,True,,0.9617160778758285,8577.416469271542,17336.0,9332.920899437257,9332.920899437257,0.0,8.052314178807032,2167,False
2577343,12,Magallanes,17910.3373687088,REDPE_mid,43580.0,26865.506053063196,17910.3373687088,0.0,22,8.0,1.0,4.0,64.0,0.0,True,,0.9556838625125238,8653.453857723453,17336.0,9256.883510985348,9256.883510985348,0.0,14.54614227654831,2167,False
2577343,12,Magallanes,17910.3373687088,REDPE_mid,43580.0,26865.506053063196,17910.3373687088,0.0,23,8.0,1.0,4.0,64.0,0.01,True,,0.9617149556841134,8577.416469271542,17336.0,9332.920899437257,9332.920899437257,0.0,7.954503948915951,2167,False
2577343,12,Magallanes,17910.3373687088,REDPE_mid,43580.0,26865.506053063196,17910.3373687088,0.0,24,8.0,2.0,1.0,8.0,0.0,True,,0.27375180051035597,15258.85367323707,30524.0,2651.4836954717293,2651.4836954717293,0.0,3.1463267629301996,3816,False
2577343,12,Magallanes,17910.3373687088,REDPE_mid,43580.0,26865.506053063196,17910.3373687088,0.0,25,8.0,2.0,1.0,8.0,0.01,True,,0.27314316960768376,15248.120204674988,30652.0,2662.217164033811,2662.217164033811,0.0,2.9637773514400103,3832,False
2577343,12,Magallanes,17910.3373687088,REDPE_mid,43580.0,26865.506053063196,17910.3373687088,0.0,26,8.0,2.0,1.0,16.0,0.0,True,,0.2577350675738897,15413.60597857987,30840.0,2496.731390128928,2496.731390128928,0.0,6.394021420129183,3855,False
2577343,12,Magallanes,17910.3373687088,REDPE_mid,43580.0,26865.506053063196,17910.3373687088,0.0,27,8.0,2.0,1.0,16.0,0.01,True,,0.2554526737489038,15402.014230323484,31120.0,2508.323138385314,2508.323138385314,0.0,6.318337839656131,3890,False
2577343,12,Magallanes,17910.3373687088,REDPE_mid,43580.0,26865.506053063196,17910.3373687088,0.0,28,8.0,2.0,1.0,32.0,0.0,True,,0.24799477504894288,15507.726465639165,31032.0,2402.6109030696325,2402.6109030696325,0.0,8.273534360833501,3879,False
2577343,12,Magallanes,17910.3373687088,REDPE_mid,43580.0,26865.506053063196,17910.3373687088,0.0,29,8.0,2.0,1.0,32.0,0.01,True,,0.24343205522680164,15485.999049261032,31584.0,2424.338319447766,2424.338319447766,0.0,10.494960016070422,3948,False
2577343,12,Magallanes,17910.3373687088,REDPE_mid,43580.0,26865.506053063196,17910.3373687088,0.0,30,8.0,2.0,1.0,64.0,0.0,True,,0.24285596828187145,15556.713765366409,31144.0,2353.6236033423893,2353.6236033423893,0.0,15.286234633590356,3893,False
2577343,12,Magallanes,17910.3373687088,REDPE_mid,43580.0,26865.506053063196,17910.3373687088,0.0,31,8.0,2.0,1.0,64.0,0.01,True,,0.23430341657775194,15512.414028403666,32200.0,2397.9233403051335,2397.9233403051335,0.0,15.74766936332953,4025,False
2577343,12,Magallanes,17910.3373687088,REDPE_mid,43580.0,26865.506053063196,17910.3373687088,0.0,32,8.0,2.0,2.0,8.0,0.0,True,,0.27375180051035597,15258.85367323707,30524.0,2651.4836954717293,2651.4836954717293,0.0,3.1463267629301996,3816,False
2577343,12,Magallanes,17910.3373687088,REDPE_mid,43580.0,26865.506053063196,17910.3373687088,0.0,33,8.0,2.0,2.0,8.0,0.01,True,,0.27314316960768376,15248.120204674988,30652.0,2662.217164033811,2662.217164033811,0.0,2.9637773514400103,3832,False
2577343,12,Magallanes,17910.3373687088,REDPE_mid,43580.0,26865.506053063196,17910.3373687088,0.0,34,8.0,2.0,2.0,16.0,0.0,True,,0.2577350675738897,15413.60597857987,30840.0,2496.731390128928,2496.731390128928,0.0,6.394021420129183,3855,False
2577343,12,Magallanes,17910.3373687088,REDPE_mid,43580.0,26865.506053063196,17910.3373687088,0.0,35,8.0,2.0,2.0,16.0,0.01,True,,0.2554526737489038,15402.014230323484,31120.0,2508.323138385314,2508.323138385314,0.0,6.318337839656131,3890,False
2577343,12,Magallanes,17910.3373687088,REDPE_mid,43580.0,26865.506053063196,17910.3373687088,0.0,36,8.0,2.0,2.0,32.0,0.0,True,,0.24799477504894288,15507.726465639165,31032.0,2402.6109030696325,2402.6109030696325,0.0,8.273534360833501,3879,False
2577343,12,Magallanes,17910.3373687088,REDPE_mid,43580.0,26865.506053063196,17910.3373687088,0.0,37,8.0,2.0,2.0,32.0,0.01,True,,0.24343205522680164,15485.999049261032,31584.0,2424.338319447766,2424.338319447766,0.0,10.494960016070422,3948,False
2577343,12,Magallanes,17910.3373687088,REDPE_mid,43580.0,26865.506053063196,17910.3373687088,0.0,38,8.0,2.0,2.0,64.0,0.0,True,,0.24285596828187145,15556.713765366409,31144.0,2353.6236033423893,2353.6236033423893,0.0,15.286234633590356,3893,False
2577343,12,Magallanes,17910.3373687088,REDPE_mid,43580.0,26865.506053063196,17910.3373687088,0.0,39,8.0,2.0,2.0,64.0,0.01,True,,0.23430341657775194,15512.414028403666,32200.0,2397.9233403051335,2397.9233403051335,0.0,15.74766936332953,4025,False
2577343,12,Magallanes,17910.3373687088,REDPE_mid,43580.0,26865.506053063196,17910.3373687088,0.0,40,8.0,2.0,4.0,8.0,0.0,True,,0.9686460224750618,8529.2311249316,17064.0,9381.106243777198,9381.106243777198,0.0,2.7688750683998955,2133,False
2577343,12,Magallanes,17910.3373687088,REDPE_mid,43580.0,26865.506053063196,17910.3373687088,0.0,41,8.0,2.0,4.0,8.0,0.01,True,,0.9704150163963278,8504.916613297097,17080.0,9405.420755411704,9405.420755411704,0.0,2.752803804407699,2135,False
2577343,12,Magallanes,17910.3373687088,REDPE_mid,43580.0,26865.506053063196,17910.3373687088,0.0,42,8.0,2.0,4.0,16.0,0.0,True,,0.9608360122817776,8604.821185987434,17216.0,9305.516182721367,9305.516182721367,0.0,3.178814012567105,2152,False
2577343,12,Magallanes,17910.3373687088,REDPE_mid,43580.0,26865.506053063196,17910.3373687088,0.0,43,8.0,2.0,4.0,16.0,0.01,True,,0.9624449415759643,8580.258950487985,17248.0,9330.078418220815,9330.078418220815,0.0,3.4774427977417033,2156,False
2577343,12,Magallanes,17910.3373687088,REDPE_mid,43580.0,26865.506053063196,17910.3373687088,0.0,44,8.0,2.0,4.0,32.0,0.0,True,,0.9557297551238133,8653.453857723453,17328.0,9256.883510985348,9256.883510985348,0.0,10.546142276548318,2166,False
2577343,12,Magallanes,17910.3373687088,REDPE_mid,43580.0,26865.506053063196,17910.3373687088,0.0,45,8.0,2.0,4.0,32.0,0.01,True,,0.9589016933379226,8612.50624237129,17336.0,9297.831126337509,9297.831126337509,0.0,8.378969553165831,2167,False
2577343,12,Magallanes,17910.3373687088,REDPE_mid,43580.0,26865.506053063196,17910.3373687088,0.0,46,8.0,2.0,4.0,64.0,0.0,True,,0.9556838625125238,8653.453857723453,17336.0,9256.883510985348,9256.883510985348,0.0,14.546142276548316,2167,False
2577343,12,Magallanes,17910.3373687088,REDPE_mid,43580.0,26865.506053063196,17910.3373687088,0.0,47,8.0,2.0,4.0,64.0,0.01,True,,0.9588994263413899,8612.50624237129,17336.0,9297.831126337509,9297.831126337509,0.0,8.181378135374656,2167,False
2577343,12,Magallanes,17910.3373687088,REDPE_mid,43580.0,26865.506053063196,17910.3373687088,0.0,48,16.0,1.0,1.0,8.0,0.0,True,,0.08780945545587407,17749.27683825125,40064.0,161.06053045754751,161.06053045754751,2277.169243587508,5.553918161240839,2504,False
2577343,12,Magallanes,17910.3373687088,REDPE_mid,43580.0,26865.506053063196,17910.3373687088,0.0,49,16.0,1.0,1.0,8.0,0.01,True,,0.09581079599701231,17753.330306905395,40752.0,157.0070618034016,157.0070618034016,2318.5229633908557,1.9713205025108613,2547,False
2577343,12,Magallanes,17910.3373687088,REDPE_mid,43580.0,26865.506053063196,17910.3373687088,0.0,50,16.0,1.0,1.0,16.0,0.0,True,,0.00043820485799806385,17909.18661351511,35840.0,1.1507551936885418,1.1507551936885418,0.0,10.81338648488959,2240,False
2577343,12,Magallanes,17910.3373687088,REDPE_mid,43580.0,26865.506053063196,17910.3373687088,0.0,51,16.0,1.0,1.0,16.0,0.01,True,,0.012158076726525477,17908.84383300382,36864.0,1.493535704981503,1.493535704981503,0.0,5.917954966694137,2304,False
2577343,12,Magallanes,17910.3373687088,REDPE_mid,43580.0,26865.506053063196,17910.3373687088,0.0,52,16.0,1.0,1.0,32.0,0.0,True,,0.00033258253641123834,17910.3373687088,35840.0,0.0,0.0,0.0,9.66263129120103,2240,True
2577343,12,Magallanes,17910.3373687088,REDPE_mid,43580.0,26865.506053063196,17910.3373687088,0.0,53,16.0,1.0,1.0,32.0,0.01,True,,0.020404147103337128,17910.3373687088,37584.0,0.0,0.0,0.0,15.100198944461548,2349,False
2577343,12,Magallanes,17910.3373687088,REDPE_mid,43580.0,26865.506053063196,17910.3373687088,0.0,54,16.0,1.0,1.0,64.0,0.0,True,,0.0006079382041487326,17910.3373687088,35856.0,0.0,0.0,0.0,17.662631291201027,2241,False
2577343,12,Magallanes,17910.3373687088,REDPE_mid,43580.0,26865.506053063196,17910.3373687088,0.0,55,16.0,1.0,1.0,64.0,0.01,True,,0.03660327804262944,17910.3373687088,38992.0,0.0,0.0,0.0,19.016451613179136,2437,False
2577343,12,Magallanes,17910.3373687088,REDPE_mid,43580.0,26865.506053063196,17910.3373687088,0.0,56,16.0,1.0,2.0,8.0,0.0,True,,0.08780945545587407,17749.27683825125,40064.0,161.06053045754751,161.06053045754751,2277.169243587508,5.553918161240839,2504,False
2577343,12,Magallanes,17910.3373687088,REDPE_mid,43580.0,26865.506053063196,17910.3373687088,0.0,57,16.0,1.0,2.0,8.0,0.01,True,,0.09581079599701231,17753.330306905395,40752.0,157.0070618034016,157.0070618034016,2318.5229633908557,1.9713205025108613,2547,False
2577343,12,Magallanes,17910.3373687088,REDPE_mid,43580.0,26865.506053063196,17910.3373687088,0.0,58,16.0,1.0,2.0,16.0,0.0,True,,0.0017727139888874554,17892.81582088847,35792.0,17.52154782032989,17.52154782032989,0.0,3.1841791115309426,2237,False
2577343,12,Magallanes,17910.3373687088,REDPE_mid,43580.0,26865.506053063196,17910.3373687088,0.0,59,16.0,1.0,2.0,16.0,0.01,True,,0.013151730809788872,17891.899991589933,36832.0,18.437377118868667,18.437377118868667,0.0,5.917954966726683,2302,False
2577343,12,Magallanes,17910.3373687088,REDPE_mid,43580.0,26865.506053063196,17910.3373687088,0.0,60,16.0,1.0,2.0,32.0,0.0,True,,0.0009311642546608028,17900.81582088847,35824.0,9.52154782032988,9.52154782032988,0.0,11.184179111530948,2239,False
2577343,12,Magallanes,17910.3373687088,REDPE_mid,43580.0,26865.506053063196,17910.3373687088,0.0,61,16.0,1.0,2.0,32.0,0.01,True,,0.02104253564220502,17897.81709084484,37552.0,12.520277863958666,12.520277863958666,0.0,15.100198944480162,2347,False
2577343,12,Magallanes,17910.3373687088,REDPE_mid,43580.0,26865.506053063196,17910.3373687088,0.0,62,16.0,1.0,2.0,64.0,0.0,True,,0.000747593809502473,17908.81582088847,35856.0,1.5215478203298618,1.5215478203298618,0.0,19.184179111530973,2241,False
2577343,12,Magallanes,17910.3373687088,REDPE_mid,43580.0,26865.506053063196,17910.3373687088,0.0,63,16.0,1.0,2.0,64.0,0.01,True,,0.036646259443356324,17902.565075252918,38944.0,7.77229345588252,7.77229345588252,0.0,16.3566563093651,2434,False
2577343,12,Magallanes,17910.3373687088,REDPE_mid,43580.0,26865.506053063196,17910.3373687088,0.0,64,16.0,1.0,4.0,8.0,0.0,True,,0.27727745363057094,15134.191682492328,31904.0,2776.14568621647,2776.14568621647,813.4599368942512,4.348380613419945,1994,False
2577343,12,Magallanes,17910.3373687088,REDPE_mid,43580.0,26865.506053063196,17910.3373687088,0.0,65,16.0,1.0,4.0,8.0,0.01,True,,0.2829611577605505,15028.169341828254,32096.0,2882.1680268805435,2882.1680268805435,761.0722643256574,1.9713205025108613,2006,False
2577343,12,Magallanes,17910.3373687088,REDPE_mid,43580.0,26865.506053063196,17910.3373687088,0.0,66,16.0,1.0,4.0,16.0,0.0,True,,0.25583425856545994,15431.815292726713,30880.0,2478.522075982087,2478.522075982087,0.0,8.18470727328787,1930,False
2577343,12,Magallanes,17910.3373687088,REDPE_mid,43580.0,26865.506053063196,17910.3373687088,0.0,67,16.0,1.0,4.0,16.0,0.01,True,,0.26052445543965286,15306.570331901636,31344.0,2603.767036807164,2603.767036807164,0.0,4.267541052402655,1959,False
2577343,12,Magallanes,17910.3373687088,REDPE_mid,43580.0,26865.506053063196,17910.3373687088,0.0,68,16.0,1.0,4.0,32.0,0.0,True,,0.2475705401360516,15511.848505015116,31040.0,2398.4888636936817,2398.4888636936817,0.0,8.151494984882948,1940,False
2577343,12,Magallanes,17910.3373687088,REDPE_mid,43580.0,26865.506053063196,17910.3373687088,0.0,69,16.0,1.0,4.0,32.0,0.01,True,,0.25005239438622223,15375.767377268443,31776.0,2534.569991440355,2534.569991440355,0.0,7.902017203041977,1986,False
2577343,12,Magallanes,17910.3373687088,REDPE_mid,43580.0,26865.506053063196,17910.3373687088,0.0,70,16.0,1.0,4.0,64.0,0.0,True,,0.24262650522542353,15558.713765366409,31152.0,2351.6236033423893,2351.6236033423893,0.0,17.286234633590364,1947,False
2577343,12,Magallanes,17910.3373687088,REDPE_mid,43580.0,26865.506053063196,17910.3373687088,0.0,71,16.0,1.0,4.0,64.0,0.01,True,,0.2408275364813019,15403.078331998444,32400.0,2507.259036710355,2507.259036710355,0.0,19.04008532019015,2025,False
2577343,12,Magallanes,17910.3373687088,REDPE_mid,43580.0,26865.506053063196,17910.3373687088,0.0,72,16.0,2.0,1.0,8.0,0.0,True,,0.015756894303242754,17745.45817636357,35712.0,164.87919234522997,164.87919234522997,106.8867993094248,3.6550243270063425,2232,False
2577343,12,Magallanes,17910.3373687088,REDPE_mid,43580.0,26865.506053063196,17910.3373687088,0.0,73,16.0,2.0,1.0,8.0,0.01,True,,0.0186861635122627,17744.49683375032,36192.0,165.84053495848042,165.84053495848042,91.86763056330993,4.609373873746883,2262,False
2577343,12,Magallanes,17910.3373687088,REDPE_mid,43580.0,26865.506053063196,17910.3373687088,0.0,74,16.0,2.0,1.0,16.0,0.0,True,,0.0017727139888874532,17892.81582088847,35792.0,17.521547820329832,17.521547820329832,0.0,3.184179111530932,2237,False
2577343,12,Magallanes,17910.3373687088,REDPE_mid,43580.0,26865.506053063196,17910.3373687088,0.0,75,16.0,2.0,1.0,16.0,0.01,True,,0.010959164627666567,17894.12800899838,36656.0,16.209359710419204,16.209359710419204,0.0,6.410008392087345,2291,False
2577343,12,Magallanes,17910.3373687088,REDPE_mid,43580.0,26865.506053063196,17910.3373687088,0.0,76,16.0,2.0,1.0,32.0,0.0,True,,0.000931164254660803,17900.81582088847,35824.0,9.521547820329882,9.521547820329882,0.0,11.184179111530948,2239,False
2577343,12,Magallanes,17910.3373687088,REDPE_mid,43580.0,26865.506053063196,17910.3373687088,0.0,77,16.0,2.0,1.0,32.0,0.01,True,,0.01886925079507335,17896.82010717353,37360.0,13.517261535270677,13.517261535270677,0.0,10.697805969308654,2335,False
2577343,12,Magallanes,17910.3373687088,REDPE_mid,43580.0,26865.506053063196,17910.3373687088,0.0,78,16.0,2.0,1.0,64.0,0.0,True,,0.0007475938095024727,17908.81582088847,35856.0,1.5215478203298662,1.5215478203298662,0.0,19.18417911153093,2241,False
2577343,12,Magallanes,17910.3373687088,REDPE_mid,43580.0,26865.506053063196,17910.3373687088,0.0,79,16.0,2.0,1.0,64.0,0.01,True,,0.03464862835110936,17903.12089220197,38768.0,7.216476506830953,7.216476506830953,0.0,22.13384895247535,2423,False
2577343,12,Magallanes,17910.3373687088,REDPE_mid,43580.0,26865.506053063196,17910.3373687088,0.0,80,16.0,2.0,2.0,8.0,0.0,True,,0.015756894303242754,17745.45817636357,35712.0,164.87919234522997,164.87919234522997,106.8867993094248,3.6550243270063425,2232,False
2577343,12,Magallanes,17910.3373687088,REDPE_mid,43580.0,26865.506053063196,17910.3373687088,0.0,81,16.0,2.0,2.0,8.0,0.01,True,,0.0186861635122627,17744.49683375032,36192.0,165.84053495848042,165.84053495848042,91.86763056330993,4.609373873746883,2262,False
2577343,12,Magallanes,17910.3373687088,REDPE_mid,43580.0,26865.506053063196,17910.3373687088,0.0,82,16.0,2.0,2.0,16.0,0.0,True,,0.0017727139888874532,17892.81582088847,35792.0,17.521547820329832,17.521547820329832,0.0,3.184179111530932,2237,False
2577343,12,Magallanes,17910.3373687088,REDPE_mid,43580.0,26865.506053063196,17910.3373687088,0.0,83,16.0,2.0,2.0,16.0,0.01,True,,0.010959164627666567,17894.12800899838,36656.0,16.209359710419204,16.209359710419204,0.0,6.410008392087345,2291,False
2577343,12,Magallanes,17910.3373687088,REDPE_mid,43580.0,26865.506053063196,17910.3373687088,0.0,84,16.0,2.0,2.0,32.0,0.0,True,,0.000931164254660803,17900.81582088847,35824.0,9.521547820329882,9.521547820329882,0.0,11.184179111530948,2239,False
2577343,12,Magallanes,17910.3373687088,REDPE_mid,43580.0,26865.506053063196,17910.3373687088,0.0,85,16.0,2.0,2.0,32.0,0.01,True,,0.01886925079507335,17896.82010717353,37360.0,13.517261535270677,13.517261535270677,0.0,10.697805969308654,2335,False
2577343,12,Magallanes,17910.3373687088,REDPE_mid,43580.0,26865.506053063196,17910.3373687088,0.0,86,16.0,2.0,2.0,64.0,0.0,True,,0.0007475938095024727,17908.81582088847,35856.0,1.5215478203298662,1.5215478203298662,0.0,19.18417911153093,2241,False
2577343,12,Magallanes,17910.3373687088,REDPE_mid,43580.0,26865.506053063196,17910.3373687088,0.0,87,16.0,2.0,2.0,64.0,0.01,True,,0.03464862835110936,17903.12089220197,38768.0,7.216476506830953,7.216476506830953,0.0,22.13384895247535,2423,False
2577343,12,Magallanes,17910.3373687088,REDPE_mid,43580.0,26865.506053063196,17910.3373687088,0.0,88,16.0,2.0,4.0,8.0,0.0,True,,0.27031853503728837,15281.509100566142,30760.0,2628.8282681426563,2628.8282681426563,93.5437914351801,4.9471079986776125,1923,False
2577343,12,Magallanes,17910.3373687088,REDPE_mid,43580.0,26865.506053063196,17910.3373687088,0.0,89,16.0,2.0,4.0,8.0,0.01,True,,0.27218098675993296,15217.732545123417,31040.0,2692.604823585382,2692.604823585382,88.98746902881848,5.398834451670958,1940,False
2577343,12,Magallanes,17910.3373687088,REDPE_mid,43580.0,26865.506053063196,17910.3373687088,0.0,90,16.0,2.0,4.0,16.0,0.0,True,,0.25583425856545994,15431.815292726713,30880.0,2478.522075982087,2478.522075982087,0.0,8.184707273287867,1930,False
2577343,12,Magallanes,17910.3373687088,REDPE_mid,43580.0,26865.506053063196,17910.3373687088,0.0,91,16.0,2.0,4.0,16.0,0.01,True,,0.25754387998442424,15351.13521300165,31296.0,2559.2021557071494,2559.2021557071494,0.0,8.434752074768612,1956,False
2577343,12,Magallanes,17910.3373687088,REDPE_mid,43580.0,26865.506053063196,17910.3373687088,0.0,92,16.0,2.0,4.0,32.0,0.0,True,,0.2475705401360516,15511.848505015116,31040.0,2398.488863693682,2398.488863693682,0.0,8.151494984882952,1940,False
2577343,12,Magallanes,17910.3373687088,REDPE_mid,43580.0,26865.506053063196,17910.3373687088,0.0,93,16.0,2.0,4.0,32.0,0.01,True,,0.24675643615590317,15424.040167596762,31728.0,2486.2972011120355,2486.2972011120355,0.0,10.535830146673307,1983,False
2577343,12,Magallanes,17910.3373687088,REDPE_mid,43580.0,26865.506053063196,17910.3373687088,0.0,94,16.0,2.0,4.0,64.0,0.0,True,,0.24262650522542353,15558.713765366409,31152.0,2351.6236033423893,2351.6236033423893,0.0,17.286234633590357,1947,False
2577343,12,Magallanes,17910.3373687088,REDPE_mid,43580.0,26865.506053063196,17910.3373687088,0.0,95,16.0,2.0,4.0,64.0,0.01,True,,0.2375785817638339,15452.308801374056,32336.0,2458.0285673347407,2458.0285673347407,0.0,16.47447777497459,2021,False
2577343,12,Magallanes,17910.3373687088,REDPE_mid,43580.0,26865.506053063196,17910.3373687088,0.0,96,32.0,1.0,1.0,8.0,0.0,True,,0.8907426649353065,9660.569520972835,43580.0,8249.767847735964,8249.767847735964,12129.430479027167,0.0,1362,False
2577343,12,Magallanes,17910.3373687088,REDPE_mid,43580.0,26865.506053063196,17910.3373687088,0.0,97,32.0,1.0,1.0,8.0,0.01,True,,0.9040344668902605,9496.276009897407,43580.0,8414.061358811394,8414.061358811394,12137.889359892952,0.0,1362,False
2577343,12,Magallanes,17910.3373687088,REDPE_mid,43580.0,26865.506053063196,17910.3373687088,0.0,98,32.0,1.0,1.0,16.0,0.0,True,,0.13305958139293195,17910.276716167005,43552.0,0.060652541792923564,0.060652541792923564,3850.9544087645936,14.768875068399895,1361,False
2577343,12,Magallanes,17910.3373687088,REDPE_mid,43580.0,26865.506053063196,17910.3373687088,0.0,99,32.0,1.0,1.0,16.0,0.01,True,,0.1867811813746975,17244.482365989785,43580.0,665.8550027190176,665.8550027190176,3859.5374870031233,0.0,1362,False
2577343,12,Magallanes,17910.3373687088,REDPE_mid,43580.0,26865.506053063196,17910.3373687088,0.0,100,32.0,1.0,1.0,32.0,0.0,True,,0.0003325825364112395,17910.3373687088,35840.0,0.0,0.0,0.0,9.66263129120113,1120,False
2577343,12,Magallanes,17910.3373687088,REDPE_mid,43580.0,26865.506053063196,17910.3373687088,0.0,101,32.0,1.0,1.0,32.0,0.01,True,,0.028243874064348383,17910.3373687088,38272.0,0.0,0.0,0.0,10.41080086620265,1196,False
2577343,12,Magallanes,17910.3373687088,REDPE_mid,43580.0,26865.506053063196,17910.3373687088,0.0,102,32.0,1.0,1.0,64.0,0.0,True,,0.0008832938718862278,17910.3373687088,35872.0,0.0,0.0,0.0,25.66263129120111,1121,False
2577343,12,Magallanes,17910.3373687088,REDPE_mid,43580.0,26865.506053063196,17910.3373687088,0.0,103,32.0,1.0,1.0,64.0,0.01,True,,0.044527212953699526,17910.3373687088,39680.0,0.0,0.0,0.0,21.66661846204863,1240,False
2577343,12,Magallanes,17910.3373687088,REDPE_mid,43580.0,26865.506053063196,17910.3373687088,0.0,104,32.0,1.0,2.0,8.0,0.0,True,,0.8907426649353065,9660.569520972835,43580.0,8249.767847735964,8249.767847735964,12129.430479027167,0.0,1362,False
2577343,12,Magallanes,17910.3373687088,REDPE_mid,43580.0,26865.506053063196,17910.3373687088,0.0,105,32.0,1.0,2.0,8.0,0.01,True,,0.9040344668902605,9496.276009897407,43580.0,8414.061358811394,8414.061358811394,12137.889359892952,0.0,1362,False
2577343,12,Magallanes,17910.3373687088,REDPE_mid,43580.0,26865.506053063196,17910.3373687088,0.0,106,32.0,1.0,2.0,16.0,0.0,True,,0.13305958139293195,17910.276716167005,43552.0,0.060652541792923564,0.060652541792923564,3850.9544087645936,14.768875068399895,1361,False
2577343,12,Magallanes,17910.3373687088,REDPE_mid,43580.0,26865.506053063196,17910.3373687088,0.0,107,32.0,1.0,2.0,16.0,0.01,True,,0.1867811813746975,17244.482365989785,43580.0,665.8550027190176,665.8550027190176,3859.5374870031233,0.0,1362,False
2577343,12,Magallanes,17910.3373687088,REDPE_mid,43580.0,26865.506053063196,17910.3373687088,0.0,108,32.0,1.0,2.0,32.0,0.0,True,,0.0003325825364112395,17910.3373687088,35840.0,0.0,0.0,0.0,9.66263129120113,1120,False
2577343,12,Magallanes,17910.3373687088,REDPE_mid,43580.0,26865.506053063196,17910.3373687088,0.0,109,32.0,1.0,2.0,32.0,0.01,True,,0.028243874064348383,17910.3373687088,38272.0,0.0,0.0,0.0,10.41080086620265,1196,False
2577343,12,Magallanes,17910.3373687088,REDPE_mid,43580.0,26865.506053063196,17910.3373687088,0.0,110,32.0,1.0,2.0,64.0,0.0,True,,0.0008832938718862278,17910.3373687088,35872.0,0.0,0.0,0.0,25.66263129120111,1121,False
2577343,12,Magallanes,17910.3373687088,REDPE_mid,43580.0,26865.506053063196,17910.3373687088,0.0,111,32.0,1.0,2.0,64.0,0.01,True,,0.044527212953699526,17910.3373687088,39680.0,0.0,0.0,0.0,21.66661846204863,1240,False
2577343,12,Magallanes,17910.3373687088,REDPE_mid,43580.0,26865.506053063196,17910.3373687088,0.0,112,32.0,1.0,4.0,8.0,0.0,True,,0.8235104728017686,10393.06425426773,43580.0,7517.273114441071,7517.273114441071,11396.93574573227,0.0,1362,False
2577343,12,Magallanes,17910.3373687088,REDPE_mid,43580.0,26865.506053063196,17910.3373687088,0.0,113,32.0,1.0,4.0,8.0,0.01,True,,0.8342735678597237,10255.461201230617,43580.0,7654.876167478181,7654.876167478181,11371.825739723849,0.0,1362,False
2577343,12,Magallanes,17910.3373687088,REDPE_mid,43580.0,26865.506053063196,17910.3373687088,0.0,114,32.0,1.0,4.0,16.0,0.0,True,,0.1315697245597247,17884.5087063648,43328.0,25.82866234400059,25.82866234400059,3764.722418566802,14.768875068399895,1354,False
2577343,12,Magallanes,17910.3373687088,REDPE_mid,43580.0,26865.506053063196,17910.3373687088,0.0,115,32.0,1.0,4.0,16.0,0.01,True,,0.1808322586827967,17308.804620336978,43580.0,601.5327483718197,601.5327483718197,3791.2851656074163,0.0,1362,False
2577343,12,Magallanes,17910.3373687088,REDPE_mid,43580.0,26865.506053063196,17910.3373687088,0.0,116,32.0,1.0,4.0,32.0,0.0,True,,0.0011724866386313808,17901.18661351511,35840.0,9.150755193688543,9.150755193688543,0.0,18.813386484889502,1120,False
2577343,12,Magallanes,17910.3373687088,REDPE_mid,43580.0,26865.506053063196,17910.3373687088,0.0,117,32.0,1.0,4.0,32.0,0.01,True,,0.029279132974426803,17893.55509543218,38240.0,16.782273276615996,16.782273276615996,0.0,15.168054532317482,1195,False
2577343,12,Magallanes,17910.3373687088,REDPE_mid,43580.0,26865.506053063196,17910.3373687088,0.0,118,32.0,1.0,4.0,64.0,0.0,True,,0.0010229494772399641,17908.81582088847,35872.0,1.5215478203297659,1.5215478203297659,0.0,27.18417911153098,1121,False
2577343,12,Magallanes,17910.3373687088,REDPE_mid,43580.0,26865.506053063196,17910.3373687088,0.0,119,32.0,1.0,4.0,64.0,0.01,True,,0.04473198673053673,17897.870493520746,39616.0,12.466875188054619,12.466875188054619,0.0,16.24657453480464,1238,False
2577343,12,Magallanes,17910.3373687088,REDPE_mid,43580.0,26865.506053063196,17910.3373687088,0.0,120,32.0,2.0,1.0,8.0,0.0,True,,0.5936262258656242,12897.653124637023,43580.0,5012.684244071776,5012.684244071776,8892.346875362977,0.0,1362,False
2577343,12,Magallanes,17910.3373687088,REDPE_mid,43580.0,26865.506053063196,17910.3373687088,0.0,121,32.0,2.0,1.0,8.0,0.01,True,,0.603375360681815,12762.453523159424,43580.0,5147.883845549375,5147.883845549375,8795.684255598968,0.0,1362,False
2577343,12,Magallanes,17910.3373687088,REDPE_mid,43580.0,26865.506053063196,17910.3373687088,0.0,122,32.0,2.0,1.0,16.0,0.0,True,,0.03343647520247288,17909.670458112058,37760.0,0.6669105967417863,0.6669105967417863,957.981161274523,12.348380613419945,1180,False
2577343,12,Magallanes,17910.3373687088,REDPE_mid,43580.0,26865.506053063196,17910.3373687088,0.0,123,32.0,2.0,1.0,16.0,0.01,True,,0.04976982790197559,17909.62171162979,39200.0,0.7156570790108159,0.7156570790108159,946.3982480773874,7.205089723328717,1225,False
2577343,12,Magallanes,17910.3373687088,REDPE_mid,43580.0,26865.506053063196,17910.3373687088,0.0,124,32.0,2.0,1.0,32.0,0.0,True,,0.00033258253641123953,17910.3373687088,35840.0,0.0,0.0,0.0,9.662631291201134,1120,False
2577343,12,Magallanes,17910.3373687088,REDPE_mid,43580.0,26865.506053063196,17910.3373687088,0.0,125,32.0,2.0,1.0,32.0,0.01,True,,0.02604602540039909,17910.3373687088,38080.0,0.0,0.0,0.0,10.846311316382266,1190,False
2577343,12,Magallanes,17910.3373687088,REDPE_mid,43580.0,26865.506053063196,17910.3373687088,0.0,126,32.0,2.0,1.0,64.0,0.0,True,,0.0008832938718862278,17910.3373687088,35872.0,0.0,0.0,0.0,25.66263129120111,1121,False
2577343,12,Magallanes,17910.3373687088,REDPE_mid,43580.0,26865.506053063196,17910.3373687088,0.0,127,32.0,2.0,1.0,64.0,0.01,True,,0.04228547870181351,17910.3373687088,39488.0,0.0,0.0,0.0,18.277061067662697,1234,False
2577343,12,Magallanes,17910.3373687088,REDPE_mid,43580.0,26865.506053063196,17910.3373687088,0.0,128,32.0,2.0,2.0,8.0,0.0,True,,0.5936262258656242,12897.653124637023,43580.0,5012.684244071776,5012.684244071776,8892.346875362977,0.0,1362,False
2577343,12,Magallanes,17910.3373687088,REDPE_mid,43580.0,26865.506053063196,17910.3373687088,0.0,129,32.0,2.0,2.0,8.0,0.01,True,,0.603375360681815,12762.453523159424,43580.0,5147.883845549375,5147.883845549375,8795.684255598968,0.0,1362,False
2577343,12,Magallanes,17910.3373687088,REDPE_mid,43580.0,26865.506053063196,17910.3373687088,0.0,130,32.0,2.0,2.0,16.0,0.0,True,,0.03343647520247288,17909.670458112058,37760.0,0.6669105967417863,0.6669105967417863,957.981161274523,12.348380613419945,1180,False
2577343,12,Magallanes,17910.3373687088,REDPE_mid,43580.0,26865.506053063196,17910.3373687088,0.0,131,32.0,2.0,2.0,16.0,0.01,True,,0.04976982790197559,17909.62171162979,39200.0,0.7156570790108159,0.7156570790108159,946.3982480773874,7.205089723328717,1225,False
2577343,12,Magallanes,17910.3373687088,REDPE_mid,43580.0,26865.506053063196,17910.3373687088,0.0,132,32.0,2.0,2.0,32.0,0.0,True,,0.00033258253641123953,17910.3373687088,35840.0,0.0,0.0,0.0,9.662631291201134,1120,False
2577343,12,Magallanes,17910.3373687088,REDPE_mid,43580.0,26865.506053063196,17910.3373687088,0.0,133,32.0,2.0,2.0,32.0,0.01,True,,0.02604602540039909,17910.3373687088,38080.0,0.0,0.0,0.0,10.846311316382266,1190,False
2577343,12,Magallanes,17910.3373687088,REDPE_mid,43580.0,26865.506053063196,17910.3373687088,0.0,134,32.0,2.0,2.0,64.0,0.0,True,,0.0008832938718862278,17910.3373687088,35872.0,0.0,0.0,0.0,25.66263129120111,1121,False
2577343,12,Magallanes,17910.3373687088,REDPE_mid,43580.0,26865.506053063196,17910.3373687088,0.0,135,32.0,2.0,2.0,64.0,0.01,True,,0.04228547870181351,17910.3373687088,39488.0,0.0,0.0,0.0,18.277061067662697,1234,False
2577343,12,Magallanes,17910.3373687088,REDPE_mid,43580.0,26865.506053063196,17910.3373687088,0.0,136,32.0,2.0,4.0,8.0,0.0,True,,0.5801313538181847,13044.679755593877,43580.0,4865.657613114922,4865.657613114922,8745.320244406124,0.0,1362,False
2577343,12,Magallanes,17910.3373687088,REDPE_mid,43580.0,26865.506053063196,17910.3373687088,0.0,137,32.0,2.0,4.0,8.0,0.01,True,,0.5888901848425134,12919.879004729712,43580.0,4990.458363979087,4990.458363979087,8635.134700437455,0.0,1362,False
2577343,12,Magallanes,17910.3373687088,REDPE_mid,43580.0,26865.506053063196,17910.3373687088,0.0,138,32.0,2.0,4.0,16.0,0.0,True,,0.03416087521445043,17895.77811998156,37728.0,14.559248727236888,14.559248727236888,955.873499405018,12.348380613419945,1179,False
2577343,12,Magallanes,17910.3373687088,REDPE_mid,43580.0,26865.506053063196,17910.3373687088,0.0,139,32.0,2.0,4.0,16.0,0.01,True,,0.05107234719381715,17889.45943609304,39168.0,20.87793261575978,20.87793261575978,950.7899007970514,7.205089723328717,1224,False
2577343,12,Magallanes,17910.3373687088,REDPE_mid,43580.0,26865.506053063196,17910.3373687088,0.0,140,32.0,2.0,4.0,32.0,0.0,True,,0.001172486638631381,17901.18661351511,35840.0,9.150755193688532,9.150755193688532,0.0,18.81338648488954,1120,False
2577343,12,Magallanes,17910.3373687088,REDPE_mid,43580.0,26865.506053063196,17910.3373687088,0.0,141,32.0,2.0,4.0,32.0,0.01,True,,0.027182109456313722,17893.256951455798,38048.0,17.080417253001855,17.080417253001855,0.0,22.30447685889341,1189,False
2577343,12,Magallanes,17910.3373687088,REDPE_mid,43580.0,26865.506053063196,17910.3373687088,0.0,142,32.0,2.0,4.0,64.0,0.0,True,,0.001022949477239964,17908.81582088847,35872.0,1.5215478203297588,1.5215478203297588,0.0,27.18417911153098,1121,False
2577343,12,Magallanes,17910.3373687088,REDPE_mid,43580.0,26865.506053063196,17910.3373687088,0.0,143,32.0,2.0,4.0,64.0,0.01,True,,0.042716406320831825,17901.512524145248,39456.0,8.824844563553167,8.824844563553167,0.0,26.062800396436845,1233,False
3136144,13,RM,1298.8640505972378,REDPE_mid,5225.0,1948.2960758958566,1298.8640505972378,0.0,0,8.0,1.0,1.0,8.0,0.0,True,,0.0014744352352427427,1298.8640505972378,2608.0,0.0,0.0,0.0,5.135949402762246,326,False
3136144,13,RM,1298.8640505972378,REDPE_mid,5225.0,1948.2960758958566,1298.8640505972378,0.0,1,8.0,1.0,1.0,8.0,0.01,True,,0.051800769473516285,1298.8640505972378,3136.0,0.0,0.0,0.0,3.0461421927207595,392,False
3136144,13,RM,1298.8640505972378,REDPE_mid,5225.0,1948.2960758958566,1298.8640505972378,0.0,2,8.0,1.0,1.0,16.0,0.0,True,,0.0014744352352427416,1298.8640505972378,2608.0,0.0,0.0,0.0,5.135949402762236,326,False
3136144,13,RM,1298.8640505972378,REDPE_mid,5225.0,1948.2960758958566,1298.8640505972378,0.0,3,8.0,1.0,1.0,16.0,0.01,True,,0.08273304770319681,1298.8640505972378,3456.0,0.0,0.0,0.0,6.288449692882233,432,False
3136144,13,RM,1298.8640505972378,REDPE_mid,5225.0,1948.2960758958566,1298.8640505972378,0.0,4,8.0,1.0,1.0,32.0,0.0,True,,0.0026227605940944134,1298.8640505972378,2616.0,0.0,0.0,0.0,9.135949402762206,327,False
3136144,13,RM,1298.8640505972378,REDPE_mid,5225.0,1948.2960758958566,1298.8640505972378,0.0,5,8.0,1.0,1.0,32.0,0.01,True,,0.1397014955648294,1298.8640505972378,4048.0,0.0,0.0,0.0,9.608729846942795,506,False
3136144,13,RM,1298.8640505972378,REDPE_mid,5225.0,1948.2960758958566,1298.8640505972378,0.0,6,8.0,1.0,1.0,64.0,0.0,True,,0.00491941131179776,1298.8640505972378,2632.0,0.0,0.0,0.0,17.135949402762172,329,False
3136144,13,RM,1298.8640505972378,REDPE_mid,5225.0,1948.2960758958566,1298.8640505972378,0.0,7,8.0,1.0,1.0,64.0,0.01,True,,0.2512755524037501,1298.8640505972378,5208.0,0.0,0.0,0.0,15.557623813663914,651,False
3136144,13,RM,1298.8640505972378,REDPE_mid,5225.0,1948.2960758958566,1298.8640505972378,0.0,8,8.0,1.0,2.0,8.0,0.0,True,,0.0014744352352427427,1298.8640505972378,2608.0,0.0,0.0,0.0,5.135949402762246,326,False
3136144,13,RM,1298.8640505972378,REDPE_mid,5225.0,1948.2960758958566,1298.8640505972378,0.0,9,8.0,1.0,2.0,8.0,0.01,True,,0.051800769473516285,1298.8640505972378,3136.0,0.0,0.0,0.0,3.0461421927207595,392,False
3136144,13,RM,1298.8640505972378,REDPE_mid,5225.0,1948.2960758958566,1298.8640505972378,0.0,10,8.0,1.0,2.0,16.0,0.0,True,,0.001474435235242742,1298.8640505972378,2608.0,0.0,0.0,0.0,5.135949402762238,326,False
3136144,13,RM,1298.8640505972378,REDPE_mid,5225.0,1948.2960758958566,1298.8640505972378,0.0,11,8.0,1.0,2.0,16.0,0.01,True,,0.08273304770319681,1298.8640505972378,3456.0,0.0,0.0,0.0,6.288449692882233,432,False
3136144,13,RM,1298.8640505972378,REDPE_mid,5225.0,1948.2960758958566,1298.8640505972378,0.0,12,8.0,1.0,2.0,32.0,0.0,True,,0.0026227605940944134,1298.8640505972378,2616.0,0.0,0.0,0.0,9.135949402762206,327,False
3136144,13,RM,1298.8640505972378,REDPE_mid,5225.0,1948.2960758958566,1298.8640505972378,0.0,13,8.0,1.0,2.0,32.0,0.01,True,,0.13868991903372704,1298.8640505972378,4040.0,0.0,0.0,0.0,7.037755096923102,505,False
3136144,13,RM,1298.8640505972378,REDPE_mid,5225.0,1948.2960758958566,1298.8640505972378,0.0,14,8.0,1.0,2.0,64.0,0.0,True,,0.00491941131179776,1298.8640505972378,2632.0,0.0,0.0,0.0,17.13594940276218,329,False
3136144,13,RM,1298.8640505972378,REDPE_mid,5225.0,1948.2960758958566,1298.8640505972378,0.0,15,8.0,1.0,2.0,64.0,0.01,True,,0.24719507577138447,1298.8640505972378,5168.0,0.0,0.0,0.0,12.91664300544349,646,False
3136144,13,RM,1298.8640505972378,REDPE_mid,5225.0,1948.2960758958566,1298.8640505972378,0.0,16,8.0,1.0,4.0,8.0,0.0,True,,0.0014744352352427427,1298.8640505972378,2608.0,0.0,0.0,0.0,5.135949402762246,326,False
3136144,13,RM,1298.8640505972378,REDPE_mid,5225.0,1948.2960758958566,1298.8640505972378,0.0,17,8.0,1.0,4.0,8.0,0.01,True,,0.051800769473516285,1298.8640505972378,3136.0,0.0,0.0,0.0,3.046142192720781,392,False
3136144,13,RM,1298.8640505972378,REDPE_mid,5225.0,1948.2960758958566,1298.8640505972378,0.0,18,8.0,1.0,4.0,16.0,0.0,True,,0.0014744352352427416,1298.8640505972378,2608.0,0.0,0.0,0.0,5.135949402762236,326,False
3136144,13,RM,1298.8640505972378,REDPE_mid,5225.0,1948.2960758958566,1298.8640505972378,0.0,19,8.0,1.0,4.0,16.0,0.01,True,,0.08273966121886496,1298.8640505972378,3456.0,0.0,0.0,0.0,6.357560931614485,432,False
3136144,13,RM,1298.8640505972378,REDPE_mid,5225.0,1948.2960758958566,1298.8640505972378,0.0,20,8.0,1.0,4.0,32.0,0.0,True,,0.0026227605940944134,1298.8640505972378,2616.0,0.0,0.0,0.0,9.135949402762206,327,False
3136144,13,RM,1298.8640505972378,REDPE_mid,5225.0,1948.2960758958566,1298.8640505972378,0.0,21,8.0,1.0,4.0,32.0,0.01,True,,0.13715881855514345,1298.8640505972378,4024.0,0.0,0.0,0.0,7.037755095724699,503,False
3136144,13,RM,1298.8640505972378,REDPE_mid,5225.0,1948.2960758958566,1298.8640505972378,0.0,22,8.0,1.0,4.0,64.0,0.0,True,,0.00491941131179776,1298.8640505972378,2632.0,0.0,0.0,0.0,17.135949402762172,329,False
3136144,13,RM,1298.8640505972378,REDPE_mid,5225.0,1948.2960758958566,1298.8640505972378,0.0,23,8.0,1.0,4.0,64.0,0.01,True,,0.23953954908969852,1298.8640505972378,5088.0,0.0,0.0,0.0,12.916389181825133,636,False
3136144,13,RM,1298.8640505972378,REDPE_mid,5225.0,1948.2960758958566,1298.8640505972378,0.0,24,8.0,2.0,1.0,8.0,0.0,True,,0.001474435235242742,1298.8640505972378,2608.0,0.0,0.0,0.0,5.13594940276224,326,False
3136144,13,RM,1298.8640505972378,REDPE_mid,5225.0,1948.2960758958566,1298.8640505972378,0.0,25,8.0,2.0,1.0,8.0,0.01,True,,0.05027131984051831,1298.8640505972378,3120.0,0.0,0.0,0.0,3.063393527891876,390,False
3136144,13,RM,1298.8640505972378,REDPE_mid,5225.0,1948.2960758958566,1298.8640505972378,0.0,26,8.0,2.0,1.0,16.0,0.0,True,,0.001474435235242742,1298.8640505972378,2608.0,0.0,0.0,0.0,5.135949402762238,326,False
3136144,13,RM,1298.8640505972378,REDPE_mid,5225.0,1948.2960758958566,1298.8640505972378,0.0,27,8.0,2.0,1.0,16.0,0.01,True,,0.08121118672506179,1298.8640505972378,3440.0,0.0,0.0,0.0,6.385002471371336,430,False
3136144,13,RM,1298.8640505972378,REDPE_mid,5225.0,1948.2960758958566,1298.8640505972378,0.0,28,8.0,2.0,1.0,32.0,0.0,True,,0.0026227605940944134,1298.8640505972378,2616.0,0.0,0.0,0.0,9.135949402762206,327,False
3136144,13,RM,1298.8640505972378,REDPE_mid,5225.0,1948.2960758958566,1298.8640505972378,0.0,29,8.0,2.0,1.0,32.0,0.01,True,,0.13639910912381675,1298.8640505972378,4016.0,0.0,0.0,0.0,7.09879153836058,502,False
3136144,13,RM,1298.8640505972378,REDPE_mid,5225.0,1948.2960758958566,1298.8640505972378,0.0,30,8.0,2.0,1.0,64.0,0.0,True,,0.00491941131179776,1298.8640505972378,2632.0,0.0,0.0,0.0,17.13594940276218,329,False
3136144,13,RM,1298.8640505972378,REDPE_mid,5225.0,1948.2960758958566,1298.8640505972378,0.0,31,8.0,2.0,1.0,64.0,0.01,True,,0.24413958735582383,1298.8640505972378,5136.0,0.0,0.0,0.0,12.986789062834626,642,False
3136144,13,RM,1298.8640505972378,REDPE_mid,5225.0,1948.2960758958566,1298.8640505972378,0.0,32,8.0,2.0,2.0,8.0,0.0,True,,0.001474435235242742,1298.8640505972378,2608.0,0.0,0.0,0.0,5.13594940276224,326,False
3136144,13,RM,1298.8640505972378,REDPE_mid,5225.0,1948.2960758958566,1298.8640505972378,0.0,33,8.0,2.0,2.0,8.0,0.01,True,,0.05027131984051831,1298.8640505972378,3120.0,0.0,0.0,0.0,3.063393527891876,390,False
3136144,13,RM,1298.8640505972378,REDPE_mid,5225.0,1948.2960758958566,1298.8640505972378,0.0,34,8.0,2.0,2.0,16.0,0.0,True,,0.001474435235242742,1298.8640505972378,2608.0,0.0,0.0,0.0,5.135949402762238,326,False
3136144,13,RM,1298.8640505972378,REDPE_mid,5225.0,1948.2960758958566,1298.8640505972378,0.0,35,8.0,2.0,2.0,16.0,0.01,True,,0.08121118672506179,1298.8640505972378,3440.0,0.0,0.0,0.0,6.385002471371336,430,False
3136144,13,RM,1298.8640505972378,REDPE_mid,5225.0,1948.2960758958566,1298.8640505972378,0.0,36,8.0,2.0,2.0,32.0,0.0,True,,0.0026227605940944134,1298.8640505972378,2616.0,0.0,0.0,0.0,9.135949402762206,327,False
3136144,13,RM,1298.8640505972378,REDPE_mid,5225.0,1948.2960758958566,1298.8640505972378,0.0,37,8.0,2.0,2.0,32.0,0.01,True,,0.13639910912381675,1298.8640505972378,4016.0,0.0,0.0,0.0,7.09879153836058,502,False
3136144,13,RM,1298.8640505972378,REDPE_mid,5225.0,1948.2960758958566,1298.8640505972378,0.0,38,8.0,2.0,2.0,64.0,0.0,True,,0.00491941131179776,1298.8640505972378,2632.0,0.0,0.0,0.0,17.13594940276218,329,False
3136144,13,RM,1298.8640505972378,REDPE_mid,5225.0,1948.2960758958566,1298.8640505972378,0.0,39,8.0,2.0,2.0,64.0,0.01,True,,0.24413958735582383,1298.8640505972378,5136.0,0.0,0.0,0.0,12.986789062834626,642,False
3136144,13,RM,1298.8640505972378,REDPE_mid,5225.0,1948.2960758958566,1298.8640505972378,0.0,40,8.0,2.0,4.0,8.0,0.0,True,,0.001474435235242742,1298.8640505972378,2608.0,0.0,0.0,0.0,5.13594940276224,326,False
3136144,13,RM,1298.8640505972378,REDPE_mid,5225.0,1948.2960758958566,1298.8640505972378,0.0,41,8.0,2.0,4.0,8.0,0.01,True,,0.05027131984051831,1298.8640505972378,3120.0,0.0,0.0,0.0,3.0633935278918973,390,False
3136144,13,RM,1298.8640505972378,REDPE_mid,5225.0,1948.2960758958566,1298.8640505972378,0.0,42,8.0,2.0,4.0,16.0,0.0,True,,0.0014744352352427416,1298.8640505972378,2608.0,0.0,0.0,0.0,5.135949402762236,326,False
3136144,13,RM,1298.8640505972378,REDPE_mid,5225.0,1948.2960758958566,1298.8640505972378,0.0,43,8.0,2.0,4.0,16.0,0.01,True,,0.08121118672506182,1298.8640505972378,3440.0,0.0,0.0,0.0,6.385002471371646,430,False
3136144,13,RM,1298.8640505972378,REDPE_mid,5225.0,1948.2960758958566,1298.8640505972378,0.0,44,8.0,2.0,4.0,32.0,0.0,True,,0.0026227605940944134,1298.8640505972378,2616.0,0.0,0.0,0.0,9.135949402762206,327,False
3136144,13,RM,1298.8640505972378,REDPE_mid,5225.0,1948.2960758958566,1298.8640505972378,0.0,45,8.0,2.0,4.0,32.0,0.01,True,,0.13563355888462716,1298.8640505972378,4008.0,0.0,0.0,0.0,7.0987915388292695,501,False
3136144,13,RM,1298.8640505972378,REDPE_mid,5225.0,1948.2960758958566,1298.8640505972378,0.0,46,8.0,2.0,4.0,64.0,0.0,True,,0.00491941131179776,1298.8640505972378,2632.0,0.0,0.0,0.0,17.135949402762172,329,False
3136144,13,RM,1298.8640505972378,REDPE_mid,5225.0,1948.2960758958566,1298.8640505972378,0.0,47,8.0,2.0,4.0,64.0,0.01,True,,0.23724929551449525,1298.8640505972378,5064.0,0.0,0.0,0.0,12.98323932095082,633,False
3136144,13,RM,1298.8640505972378,REDPE_mid,5225.0,1948.2960758958566,1298.8640505972378,0.0,48,16.0,1.0,1.0,8.0,0.0,True,,0.09793376537878343,1298.8640505972378,3280.0,0.0,0.0,338.26625102510053,2.869698377661766,205,False
3136144,13,RM,1298.8640505972378,REDPE_mid,5225.0,1948.2960758958566,1298.8640505972378,0.0,49,16.0,1.0,1.0,8.0,0.01,True,,0.1971056469887948,1298.8640505972378,4208.0,0.0,0.0,447.6889570547473,1.7931551726336623,263,False
3136144,13,RM,1298.8640505972378,REDPE_mid,5225.0,1948.2960758958566,1298.8640505972378,0.0,50,16.0,1.0,1.0,16.0,0.0,True,,0.0014744352352427412,1298.8640505972378,2608.0,0.0,0.0,0.0,5.135949402762231,163,True
3136144,13,RM,1298.8640505972378,REDPE_mid,5225.0,1948.2960758958566,1298.8640505972378,0.0,51,16.0,1.0,1.0,16.0,0.01,True,,0.10892028369083276,1298.8640505972378,3728.0,0.0,0.0,0.0,7.94506576367789,233,False
3136144,13,RM,1298.8640505972378,REDPE_mid,5225.0,1948.2960758958566,1298.8640505972378,0.0,52,16.0,1.0,1.0,32.0,0.0,True,,0.0037710859529460905,1298.8640505972378,2624.0,0.0,0.0,0.0,13.135949402762227,164,False
3136144,13,RM,1298.8640505972378,REDPE_mid,5225.0,1948.2960758958566,1298.8640505972378,0.0,53,16.0,1.0,1.0,32.0,0.01,True,,0.16910219180628402,1298.8640505972378,4352.0,0.0,0.0,0.0,12.846005570143738,272,False
3136144,13,RM,1298.8640505972378,REDPE_mid,5225.0,1948.2960758958566,1298.8640505972378,0.0,54,16.0,1.0,1.0,64.0,0.0,True,,0.006067736670649435,1298.8640505972378,2640.0,0.0,0.0,0.0,21.13594940276218,165,False
3136144,13,RM,1298.8640505972378,REDPE_mid,5225.0,1948.2960758958566,1298.8640505972378,0.0,55,16.0,1.0,1.0,64.0,0.01,True,,0.2600688699565972,1285.942937419964,5225.0,12.92111317727382,12.92111317727382,0.0,0.0,327,False
3136144,13,RM,1298.8640505972378,REDPE_mid,5225.0,1948.2960758958566,1298.8640505972378,0.0,56,16.0,1.0,2.0,8.0,0.0,True,,0.09793376537878343,1298.8640505972378,3280.0,0.0,0.0,338.26625102510053,2.869698377661766,205,False
3136144,13,RM,1298.8640505972378,REDPE_mid,5225.0,1948.2960758958566,1298.8640505972378,0.0,57,16.0,1.0,2.0,8.0,0.01,True,,0.1971056469887948,1298.8640505972378,4208.0,0.0,0.0,447.6889570547473,1.7931551726336623,263,False
3136144,13,RM,1298.8640505972378,REDPE_mid,5225.0,1948.2960758958566,1298.8640505972378,0.0,58,16.0,1.0,2.0,16.0,0.0,True,,0.0014744352352427412,1298.8640505972378,2608.0,0.0,0.0,0.0,5.135949402762231,163,False
3136144,13,RM,1298.8640505972378,REDPE_mid,5225.0,1948.2960758958566,1298.8640505972378,0.0,59,16.0,1.0,2.0,16.0,0.01,True,,0.10892028369083276,1298.8640505972378,3728.0,0.0,0.0,0.0,7.94506576367789,233,False
3136144,13,RM,1298.8640505972378,REDPE_mid,5225.0,1948.2960758958566,1298.8640505972378,0.0,60,16.0,1.0,2.0,32.0,0.0,True,,0.0037710859529460905,1298.8640505972378,2624.0,0.0,0.0,0.0,13.135949402762227,164,False
3136144,13,RM,1298.8640505972378,REDPE_mid,5225.0,1948.2960758958566,1298.8640505972378,0.0,61,16.0,1.0,2.0,32.0,0.01,True,,0.16910219180628402,1298.8640505972378,4352.0,0.0,0.0,0.0,12.846005570143738,272,False
3136144,13,RM,1298.8640505972378,REDPE_mid,5225.0,1948.2960758958566,1298.8640505972378,0.0,62,16.0,1.0,2.0,64.0,0.0,True,,0.006067736670649435,1298.8640505972378,2640.0,0.0,0.0,0.0,21.13594940276218,165,False
3136144,13,RM,1298.8640505972378,REDPE_mid,5225.0,1948.2960758958566,1298.8640505972378,0.0,63,16.0,1.0,2.0,64.0,0.01,True,,0.2600688699565972,1285.942937419964,5225.0,12.92111317727382,12.92111317727382,0.0,0.0,327,False
3136144,13,RM,1298.8640505972378,REDPE_mid,5225.0,1948.2960758958566,1298.8640505972378,0.0,64,16.0,1.0,4.0,8.0,0.0,True,,0.09793376537878343,1298.8640505972378,3280.0,0.0,0.0,338.26625102510053,2.869698377661766,205,False
3136144,13,RM,1298.8640505972378,REDPE_mid,5225.0,1948.2960758958566,1298.8640505972378,0.0,65,16.0,1.0,4.0,8.0,0.01,True,,0.1971056469887948,1298.8640505972378,4208.0,0.0,0.0,447.6889570547473,1.7931551726336623,263,False
3136144,13,RM,1298.8640505972378,REDPE_mid,5225.0,1948.2960758958566,1298.8640505972378,0.0,66,16.0,1.0,4.0,16.0,0.0,True,,0.0014744352352427412,1298.8640505972378,2608.0,0.0,0.0,0.0,5.135949402762231,163,False
3136144,13,RM,1298.8640505972378,REDPE_mid,5225.0,1948.2960758958566,1298.8640505972378,0.0,67,16.0,1.0,4.0,16.0,0.01,True,,0.10892028369083276,1298.8640505972378,3728.0,0.0,0.0,0.0,7.94506576367789,233,False
3136144,13,RM,1298.8640505972378,REDPE_mid,5225.0,1948.2960758958566,1298.8640505972378,0.0,68,16.0,1.0,4.0,32.0,0.0,True,,0.0037710859529460896,1298.8640505972378,2624.0,0.0,0.0,0.0,13.135949402762224,164,False
3136144,13,RM,1298.8640505972378,REDPE_mid,5225.0,1948.2960758958566,1298.8640505972378,0.0,69,16.0,1.0,4.0,32.0,0.01,True,,0.16910219180628402,1298.8640505972378,4352.0,0.0,0.0,0.0,12.846005570143738,272,False
3136144,13,RM,1298.8640505972378,REDPE_mid,5225.0,1948.2960758958566,1298.8640505972378,0.0,70,16.0,1.0,4.0,64.0,0.0,True,,0.006067736670649435,1298.8640505972378,2640.0,0.0,0.0,0.0,21.13594940276218,165,False
3136144,13,RM,1298.8640505972378,REDPE_mid,5225.0,1948.2960758958566,1298.8640505972378,0.0,71,16.0,1.0,4.0,64.0,0.01,True,,0.2583538924307824,1288.5031538692162,5225.0,10.360896728021595,10.360896728021595,0.0,0.0,327,False
3136144,13,RM,1298.8640505972378,REDPE_mid,5225.0,1948.2960758958566,1298.8640505972378,0.0,72,16.0,2.0,1.0,8.0,0.0,True,,0.061187353895529824,1298.8640505972378,3024.0,0.0,0.0,209.15894247318482,3.977006929577415,189,False
3136144,13,RM,1298.8640505972378,REDPE_mid,5225.0,1948.2960758958566,1298.8640505972378,0.0,73,16.0,2.0,1.0,8.0,0.01,True,,0.14956888648686903,1298.8640505972378,3888.0,0.0,0.0,270.3121838860741,2.4107810961828666,243,False
3136144,13,RM,1298.8640505972378,REDPE_mid,5225.0,1948.2960758958566,1298.8640505972378,0.0,74,16.0,2.0,1.0,16.0,0.0,True,,0.0014744352352427416,1298.8640505972378,2608.0,0.0,0.0,0.0,5.135949402762234,163,False
3136144,13,RM,1298.8640505972378,REDPE_mid,5225.0,1948.2960758958566,1298.8640505972378,0.0,75,16.0,2.0,1.0,16.0,0.01,True,,0.10739315006874404,1298.8640505972378,3712.0,0.0,0.0,0.0,7.986519412850817,232,False
3136144,13,RM,1298.8640505972378,REDPE_mid,5225.0,1948.2960758958566,1298.8640505972378,0.0,76,16.0,2.0,1.0,32.0,0.0,True,,0.0037710859529460896,1298.8640505972378,2624.0,0.0,0.0,0.0,13.135949402762224,164,False
3136144,13,RM,1298.8640505972378,REDPE_mid,5225.0,1948.2960758958566,1298.8640505972378,0.0,77,16.0,2.0,1.0,32.0,0.01,True,,0.1675774769805216,1298.8640505972378,4336.0,0.0,0.0,0.0,12.91273564092633,271,False
3136144,13,RM,1298.8640505972378,REDPE_mid,5225.0,1948.2960758958566,1298.8640505972378,0.0,78,16.0,2.0,1.0,64.0,0.0,True,,0.006067736670649435,1298.8640505972378,2640.0,0.0,0.0,0.0,21.13594940276218,165,False
3136144,13,RM,1298.8640505972378,REDPE_mid,5225.0,1948.2960758958566,1298.8640505972378,0.0,79,16.0,2.0,1.0,64.0,0.01,True,,0.26004464464712645,1285.9791023462453,5225.0,12.884948250992444,12.884948250992444,0.0,0.0,327,False
3136144,13,RM,1298.8640505972378,REDPE_mid,5225.0,1948.2960758958566,1298.8640505972378,0.0,80,16.0,2.0,2.0,8.0,0.0,True,,0.061187353895529824,1298.8640505972378,3024.0,0.0,0.0,209.15894247318482,3.977006929577415,189,False
3136144,13,RM,1298.8640505972378,REDPE_mid,5225.0,1948.2960758958566,1298.8640505972378,0.0,81,16.0,2.0,2.0,8.0,0.01,True,,0.14956888648686903,1298.8640505972378,3888.0,0.0,0.0,270.3121838860741,2.4107810961828666,243,False
3136144,13,RM,1298.8640505972378,REDPE_mid,5225.0,1948.2960758958566,1298.8640505972378,0.0,82,16.0,2.0,2.0,16.0,0.0,True,,0.0014744352352427416,1298.8640505972378,2608.0,0.0,0.0,0.0,5.135949402762234,163,False
3136144,13,RM,1298.8640505972378,REDPE_mid,5225.0,1948.2960758958566,1298.8640505972378,0.0,83,16.0,2.0,2.0,16.0,0.01,True,,0.10739315006874404,1298.8640505972378,3712.0,0.0,0.0,0.0,7.986519412850817,232,False
3136144,13,RM,1298.8640505972378,REDPE_mid,5225.0,1948.2960758958566,1298.8640505972378,0.0,84,16.0,2.0,2.0,32.0,0.0,True,,0.0037710859529460896,1298.8640505972378,2624.0,0.0,0.0,0.0,13.135949402762224,164,False
3136144,13,RM,1298.8640505972378,REDPE_mid,5225.0,1948.2960758958566,1298.8640505972378,0.0,85,16.0,2.0,2.0,32.0,0.01,True,,0.1675774769805216,1298.8640505972378,4336.0,0.0,0.0,0.0,12.91273564092633,271,False
3136144,13,RM,1298.8640505972378,REDPE_mid,5225.0,1948.2960758958566,1298.8640505972378,0.0,86,16.0,2.0,2.0,64.0,0.0,True,,0.006067736670649435,1298.8640505972378,2640.0,0.0,0.0,0.0,21.13594940276218,165,False
3136144,13,RM,1298.8640505972378,REDPE_mid,5225.0,1948.2960758958566,1298.8640505972378,0.0,87,16.0,2.0,2.0,64.0,0.01,True,,0.26004464464712645,1285.9791023462453,5225.0,12.884948250992444,12.884948250992444,0.0,0.0,327,False
3136144,13,RM,1298.8640505972378,REDPE_mid,5225.0,1948.2960758958566,1298.8640505972378,0.0,88,16.0,2.0,4.0,8.0,0.0,True,,0.061187353895529824,1298.8640505972378,3024.0,0.0,0.0,209.15894247318482,3.977006929577415,189,False
3136144,13,RM,1298.8640505972378,REDPE_mid,5225.0,1948.2960758958566,1298.8640505972378,0.0,89,16.0,2.0,4.0,8.0,0.01,True,,0.14956888648686903,1298.8640505972378,3888.0,0.0,0.0,270.3121838860741,2.4107810961828666,243,False
3136144,13,RM,1298.8640505972378,REDPE_mid,5225.0,1948.2960758958566,1298.8640505972378,0.0,90,16.0,2.0,4.0,16.0,0.0,True,,0.0014744352352427416,1298.8640505972378,2608.0,0.0,0.0,0.0,5.135949402762234,163,False
3136144,13,RM,1298.8640505972378,REDPE_mid,5225.0,1948.2960758958566,1298.8640505972378,0.0,91,16.0,2.0,4.0,16.0,0.01,True,,0.10739315006874404,1298.8640505972378,3712.0,0.0,0.0,0.0,7.986519412850817,232,False
3136144,13,RM,1298.8640505972378,REDPE_mid,5225.0,1948.2960758958566,1298.8640505972378,0.0,92,16.0,2.0,4.0,32.0,0.0,True,,0.0037710859529460896,1298.8640505972378,2624.0,0.0,0.0,0.0,13.135949402762224,164,False
3136144,13,RM,1298.8640505972378,REDPE_mid,5225.0,1948.2960758958566,1298.8640505972378,0.0,93,16.0,2.0,4.0,32.0,0.01,True,,0.1675774769805216,1298.8640505972378,4336.0,0.0,0.0,0.0,12.91273564092633,271,False
3136144,13,RM,1298.8640505972378,REDPE_mid,5225.0,1948.2960758958566,1298.8640505972378,0.0,94,16.0,2.0,4.0,64.0,0.0,True,,0.006067736670649435,1298.8640505972378,2640.0,0.0,0.0,0.0,21.13594940276218,165,False
3136144,13,RM,1298.8640505972378,REDPE_mid,5225.0,1948.2960758958566,1298.8640505972378,0.0,95,16.0,2.0,4.0,64.0,0.01,True,,0.25832650017527053,1288.544046593516,5225.0,10.320004003721822,10.320004003721822,0.0,0.0,327,False
3136144,13,RM,1298.8640505972378,REDPE_mid,5225.0,1948.2960758958566,1298.8640505972378,0.0,96,32.0,1.0,1.0,8.0,0.0,True,,0.5724340971758074,1043.7354921873753,5225.0,255.12855840986253,255.12855840986253,1568.7645078126247,0.0,164,False
3136144,13,RM,1298.8640505972378,REDPE_mid,5225.0,1948.2960758958566,1298.8640505972378,0.0,97,32.0,1.0,1.0,8.0,0.01,True,,0.7138577749960724,834.0052048624414,5225.0,464.8588457347964,464.8588457347964,1578.5299297598576,0.0,164,False
3136144,13,RM,1298.8640505972378,REDPE_mid,5225.0,1948.2960758958566,1298.8640505972378,0.0,98,32.0,1.0,1.0,16.0,0.0,True,,0.11401032040270684,1298.8640505972378,3392.0,0.0,0.0,387.5501474512856,9.585801951476599,106,False
3136144,13,RM,1298.8640505972378,REDPE_mid,5225.0,1948.2960758958566,1298.8640505972378,0.0,99,32.0,1.0,1.0,16.0,0.01,True,,0.3070196760473273,1298.8640505972378,5216.0,0.0,0.0,585.1320411621091,4.951674726935792,163,False
3136144,13,RM,1298.8640505972378,REDPE_mid,5225.0,1948.2960758958566,1298.8640505972378,0.0,100,32.0,1.0,1.0,32.0,0.0,True,,0.003771085952946086,1298.8640505972378,2624.0,0.0,0.0,0.0,13.135949402762188,82,False
3136144,13,RM,1298.8640505972378,REDPE_mid,5225.0,1948.2960758958566,1298.8640505972378,0.0,101,32.0,1.0,1.0,32.0,0.01,True,,0.22482489083296753,1298.8640505972378,4928.0,0.0,0.0,0.0,19.148210398986233,154,False
3136144,13,RM,1298.8640505972378,REDPE_mid,5225.0,1948.2960758958566,1298.8640505972378,0.0,102,32.0,1.0,1.0,64.0,0.0,True,,0.008364387388352785,1298.8640505972378,2656.0,0.0,0.0,0.0,29.135949402762193,83,False
3136144,13,RM,1298.8640505972378,REDPE_mid,5225.0,1948.2960758958566,1298.8640505972378,0.0,103,32.0,1.0,1.0,64.0,0.01,True,,0.2898475807877127,1241.4875762506558,5225.0,57.37647434658199,57.37647434658199,0.0,0.0,164,False
3136144,13,RM,1298.8640505972378,REDPE_mid,5225.0,1948.2960758958566,1298.8640505972378,0.0,104,32.0,1.0,2.0,8.0,0.0,True,,0.5724340971758074,1043.7354921873753,5225.0,255.12855840986253,255.12855840986253,1568.7645078126247,0.0,164,False
3136144,13,RM,1298.8640505972378,REDPE_mid,5225.0,1948.2960758958566,1298.8640505972378,0.0,105,32.0,1.0,2.0,8.0,0.01,True,,0.7138577749960724,834.0052048624414,5225.0,464.8588457347964,464.8588457347964,1578.5299297598576,0.0,164,False
3136144,13,RM,1298.8640505972378,REDPE_mid,5225.0,1948.2960758958566,1298.8640505972378,0.0,106,32.0,1.0,2.0,16.0,0.0,True,,0.11401032040270684,1298.8640505972378,3392.0,0.0,0.0,387.5501474512856,9.585801951476599,106,False
3136144,13,RM,1298.8640505972378,REDPE_mid,5225.0,1948.2960758958566,1298.8640505972378,0.0,107,32.0,1.0,2.0,16.0,0.01,True,,0.3070196760473273,1298.8640505972378,5216.0,0.0,0.0,585.1320411621091,4.951674726935792,163,False
3136144,13,RM,1298.8640505972378,REDPE_mid,5225.0,1948.2960758958566,1298.8640505972378,0.0,108,32.0,1.0,2.0,32.0,0.0,True,,0.003771085952946086,1298.8640505972378,2624.0,0.0,0.0,0.0,13.135949402762188,82,False
3136144,13,RM,1298.8640505972378,REDPE_mid,5225.0,1948.2960758958566,1298.8640505972378,0.0,109,32.0,1.0,2.0,32.0,0.01,True,,0.22482489083296753,1298.8640505972378,4928.0,0.0,0.0,0.0,19.148210398986233,154,False
3136144,13,RM,1298.8640505972378,REDPE_mid,5225.0,1948.2960758958566,1298.8640505972378,0.0,110,32.0,1.0,2.0,64.0,0.0,True,,0.008364387388352785,1298.8640505972378,2656.0,0.0,0.0,0.0,29.135949402762193,83,False
3136144,13,RM,1298.8640505972378,REDPE_mid,5225.0,1948.2960758958566,1298.8640505972378,0.0,111,32.0,1.0,2.0,64.0,0.01,True,,0.2898475807877127,1241.4875762506558,5225.0,57.37647434658199,57.37647434658199,0.0,0.0,164,False
3136144,13,RM,1298.8640505972378,REDPE_mid,5225.0,1948.2960758958566,1298.8640505972378,0.0,112,32.0,1.0,4.0,8.0,0.0,True,,0.5724340971758074,1043.7354921873753,5225.0,255.12855840986253,255.12855840986253,1568.7645078126247,0.0,164,False
3136144,13,RM,1298.8640505972378,REDPE_mid,5225.0,1948.2960758958566,1298.8640505972378,0.0,113,32.0,1.0,4.0,8.0,0.01,True,,0.7138577749960724,834.0052048624414,5225.0,464.8588457347964,464.8588457347964,1578.5299297598576,0.0,164,False
3136144,13,RM,1298.8640505972378,REDPE_mid,5225.0,1948.2960758958566,1298.8640505972378,0.0,114,32.0,1.0,4.0,16.0,0.0,True,,0.11401032040270684,1298.8640505972378,3392.0,0.0,0.0,387.5501474512856,9.585801951476599,106,False
3136144,13,RM,1298.8640505972378,REDPE_mid,5225.0,1948.2960758958566,1298.8640505972378,0.0,115,32.0,1.0,4.0,16.0,0.01,True,,0.3070196760473273,1298.8640505972378,5216.0,0.0,0.0,585.1320411621091,4.951674726935792,163,False
3136144,13,RM,1298.8640505972378,REDPE_mid,5225.0,1948.2960758958566,1298.8640505972378,0.0,116,32.0,1.0,4.0,32.0,0.0,True,,0.003771085952946086,1298.8640505972378,2624.0,0.0,0.0,0.0,13.135949402762188,82,False
3136144,13,RM,1298.8640505972378,REDPE_mid,5225.0,1948.2960758958566,1298.8640505972378,0.0,117,32.0,1.0,4.0,32.0,0.01,True,,0.22482489083296753,1298.8640505972378,4928.0,0.0,0.0,0.0,19.148210398986233,154,False
3136144,13,RM,1298.8640505972378,REDPE_mid,5225.0,1948.2960758958566,1298.8640505972378,0.0,118,32.0,1.0,4.0,64.0,0.0,True,,0.008364387388352785,1298.8640505972378,2656.0,0.0,0.0,0.0,29.135949402762193,83,False
3136144,13,RM,1298.8640505972378,REDPE_mid,5225.0,1948.2960758958566,1298.8640505972378,0.0,119,32.0,1.0,4.0,64.0,0.01,True,,0.2898475807877127,1241.4875762506558,5225.0,57.37647434658199,57.37647434658199,0.0,0.0,164,False
3136144,13,RM,1298.8640505972378,REDPE_mid,5225.0,1948.2960758958566,1298.8640505972378,0.0,120,32.0,2.0,1.0,8.0,0.0,True,,0.5026304171172675,1134.916549263843,5225.0,163.94750133339494,163.94750133339494,1477.5834507361574,0.0,164,False
3136144,13,RM,1298.8640505972378,REDPE_mid,5225.0,1948.2960758958566,1298.8640505972378,0.0,121,32.0,2.0,1.0,8.0,0.01,True,,0.6508237143488973,913.5993060155531,5225.0,385.2647445816846,385.2647445816846,1476.98270406866,0.0,164,False
3136144,13,RM,1298.8640505972378,REDPE_mid,5225.0,1948.2960758958566,1298.8640505972378,0.0,122,32.0,2.0,1.0,16.0,0.0,True,,0.09563711466108007,1298.8640505972378,3264.0,0.0,0.0,319.88246927288503,13.25348012987721,102,False
3136144,13,RM,1298.8640505972378,REDPE_mid,5225.0,1948.2960758958566,1298.8640505972378,0.0,123,32.0,2.0,1.0,16.0,0.01,True,,0.2742405788431955,1298.8640505972378,4992.0,0.0,0.0,466.52113065270186,5.021019453167201,156,False
3136144,13,RM,1298.8640505972378,REDPE_mid,5225.0,1948.2960758958566,1298.8640505972378,0.0,124,32.0,2.0,1.0,32.0,0.0,True,,0.003771085952946091,1298.8640505972378,2624.0,0.0,0.0,0.0,13.135949402762234,82,False
3136144,13,RM,1298.8640505972378,REDPE_mid,5225.0,1948.2960758958566,1298.8640505972378,0.0,125,32.0,2.0,1.0,32.0,0.01,True,,0.22139047416941945,1298.8640505972378,4896.0,0.0,0.0,0.0,15.258556264909013,153,False
3136144,13,RM,1298.8640505972378,REDPE_mid,5225.0,1948.2960758958566,1298.8640505972378,0.0,126,32.0,2.0,1.0,64.0,0.0,True,,0.008364387388352785,1298.8640505972378,2656.0,0.0,0.0,0.0,29.135949402762193,83,False
3136144,13,RM,1298.8640505972378,REDPE_mid,5225.0,1948.2960758958566,1298.8640505972378,0.0,127,32.0,2.0,1.0,64.0,0.01,True,,0.28858522447503465,1243.3720938888682,5225.0,55.49195670836974,55.49195670836974,0.0,0.0,164,False
3136144,13,RM,1298.8640505972378,REDPE_mid,5225.0,1948.2960758958566,1298.8640505972378,0.0,128,32.0,2.0,2.0,8.0,0.0,True,,0.5026304171172675,1134.916549263843,5225.0,163.94750133339494,163.94750133339494,1477.5834507361574,0.0,164,False
3136144,13,RM,1298.8640505972378,REDPE_mid,5225.0,1948.2960758958566,1298.8640505972378,0.0,129,32.0,2.0,2.0,8.0,0.01,True,,0.6508237143488973,913.5993060155531,5225.0,385.2647445816846,385.2647445816846,1476.98270406866,0.0,164,False
3136144,13,RM,1298.8640505972378,REDPE_mid,5225.0,1948.2960758958566,1298.8640505972378,0.0,130,32.0,2.0,2.0,16.0,0.0,True,,0.09563711466108007,1298.8640505972378,3264.0,0.0,0.0,319.88246927288503,13.25348012987721,102,False
3136144,13,RM,1298.8640505972378,REDPE_mid,5225.0,1948.2960758958566,1298.8640505972378,0.0,131,32.0,2.0,2.0,16.0,0.01,True,,0.2742405788431955,1298.8640505972378,4992.0,0.0,0.0,466.52113065270186,5.021019453167201,156,False
3136144,13,RM,1298.8640505972378,REDPE_mid,5225.0,1948.2960758958566,1298.8640505972378,0.0,132,32.0,2.0,2.0,32.0,0.0,True,,0.003771085952946091,1298.8640505972378,2624.0,0.0,0.0,0.0,13.135949402762234,82,False
3136144,13,RM,1298.8640505972378,REDPE_mid,5225.0,1948.2960758958566,1298.8640505972378,0.0,133,32.0,2.0,2.0,32.0,0.01,True,,0.22139047416941945,1298.8640505972378,4896.0,0.0,0.0,0.0,15.258556264909013,153,False
3136144,13,RM,1298.8640505972378,REDPE_mid,5225.0,1948.2960758958566,1298.8640505972378,0.0,134,32.0,2.0,2.0,64.0,0.0,True,,0.008364387388352785,1298.8640505972378,2656.0,0.0,0.0,0.0,29.135949402762193,83,False
3136144,13,RM,1298.8640505972378,REDPE_mid,5225.0,1948.2960758958566,1298.8640505972378,0.0,135,32.0,2.0,2.0,64.0,0.01,True,,0.28858522447503465,1243.3720938888682,5225.0,55.49195670836974,55.49195670836974,0.0,0.0,164,False
3136144,13,RM,1298.8640505972378,REDPE_mid,5225.0,1948.2960758958566,1298.8640505972378,0.0,136,32.0,2.0,4.0,8.0,0.0,True,,0.5026304171172675,1134.916549263843,5225.0,163.94750133339494,163.94750133339494,1477.5834507361574,0.0,164,False
3136144,13,RM,1298.8640505972378,REDPE_mid,5225.0,1948.2960758958566,1298.8640505972378,0.0,137,32.0,2.0,4.0,8.0,0.01,True,,0.6508237143488973,913.5993060155531,5225.0,385.2647445816846,385.2647445816846,1476.98270406866,0.0,164,False
3136144,13,RM,1298.8640505972378,REDPE_mid,5225.0,1948.2960758958566,1298.8640505972378,0.0,138,32.0,2.0,4.0,16.0,0.0,True,,0.09563711466108007,1298.8640505972378,3264.0,0.0,0.0,319.88246927288503,13.25348012987721,102,False
3136144,13,RM,1298.8640505972378,REDPE_mid,5225.0,1948.2960758958566,1298.8640505972378,0.0,139,32.0,2.0,4.0,16.0,0.01,True,,0.2742405788431955,1298.8640505972378,4992.0,0.0,0.0,466.52113065270186,5.021019453167201,156,False
3136144,13,RM,1298.8640505972378,REDPE_mid,5225.0,1948.2960758958566,1298.8640505972378,0.0,140,32.0,2.0,4.0,32.0,0.0,True,,0.003771085952946091,1298.8640505972378,2624.0,0.0,0.0,0.0,13.135949402762234,82,False
3136144,13,RM,1298.8640505972378,REDPE_mid,5225.0,1948.2960758958566,1298.8640505972378,0.0,141,32.0,2.0,4.0,32.0,0.01,True,,0.22139047416941945,1298.8640505972378,4896.0,0.0,0.0,0.0,15.258556264909013,153,False
3136144,13,RM,1298.8640505972378,REDPE_mid,5225.0,1948.2960758958566,1298.8640505972378,0.0,142,32.0,2.0,4.0,64.0,0.0,True,,0.008364387388352785,1298.8640505972378,2656.0,0.0,0.0,0.0,29.135949402762193,83,False
3136144,13,RM,1298.8640505972378,REDPE_mid,5225.0,1948.2960758958566,1298.8640505972378,0.0,143,32.0,2.0,4.0,64.0,0.01,True,,0.28858522447503465,1243.3720938888682,5225.0,55.49195670836974,55.49195670836974,0.0,0.0,164,False
2355533,14,Los Rios,7113.351371397602,REDPE_mid,26430.0,10670.027057096402,7113.351371397602,0.0,0,8.0,1.0,1.0,8.0,0.0,True,,0.0005937196499974942,7109.597290234943,14224.0,3.7540811626578416,3.7540811626578416,0.0,2.4027097650560854,1778,False
2355533,14,Los Rios,7113.351371397602,REDPE_mid,26430.0,10670.027057096402,7113.351371397602,0.0,1,8.0,1.0,1.0,8.0,0.01,True,,0.010523121025102064,7110.698947033748,14760.0,2.6524243638536977,2.6524243638536977,0.0,4.387949635120889,1845,False
2355533,14,Los Rios,7113.351371397602,REDPE_mid,26430.0,10670.027057096402,7113.351371397602,0.0,2,8.0,1.0,1.0,16.0,0.0,True,,0.00037733419990909633,7113.351371397602,14240.0,0.0,0.0,0.0,6.648628602398281,1780,False
2355533,14,Los Rios,7113.351371397602,REDPE_mid,26430.0,10670.027057096402,7113.351371397602,0.0,3,8.0,1.0,1.0,16.0,0.01,True,,0.01686631431425924,7113.351371397602,15112.0,0.0,0.0,0.0,6.256117446946917,1889,False
2355533,14,Los Rios,7113.351371397602,REDPE_mid,26430.0,10670.027057096402,7113.351371397602,0.0,4,8.0,1.0,1.0,32.0,0.0,True,,0.000604348955868234,7113.351371397602,14248.0,0.0,0.0,0.0,10.648628602398293,1781,False
2355533,14,Los Rios,7113.351371397602,REDPE_mid,26430.0,10670.027057096402,7113.351371397602,0.0,5,8.0,1.0,1.0,32.0,0.01,True,,0.029948264490172054,7113.351371397602,15800.0,0.0,0.0,0.0,9.768003745698088,1975,False
2355533,14,Los Rios,7113.351371397602,REDPE_mid,26430.0,10670.027057096402,7113.351371397602,0.0,6,8.0,1.0,1.0,64.0,0.0,True,,0.00105837846778651,7113.351371397602,14264.0,0.0,0.0,0.0,18.648628602398368,1783,False
2355533,14,Los Rios,7113.351371397602,REDPE_mid,26430.0,10670.027057096402,7113.351371397602,0.0,7,8.0,1.0,1.0,64.0,0.01,True,,0.056445440089046874,7113.351371397602,17192.0,0.0,0.0,0.0,18.408705902221296,2149,False
2355533,14,Los Rios,7113.351371397602,REDPE_mid,26430.0,10670.027057096402,7113.351371397602,0.0,8,8.0,1.0,2.0,8.0,0.0,True,,0.009130393203476212,7059.191219730333,14128.0,54.1601516672687,54.1601516672687,0.0,4.80878026966696,1766,False
2355533,14,Los Rios,7113.351371397602,REDPE_mid,26430.0,10670.027057096402,7113.351371397602,0.0,9,8.0,1.0,2.0,8.0,0.01,True,,0.014716730868631418,7065.324522064836,14664.0,48.02684933276642,48.02684933276642,0.0,4.441191181697816,1833,False
2355533,14,Los Rios,7113.351371397602,REDPE_mid,26430.0,10670.027057096402,7113.351371397602,0.0,10,8.0,1.0,2.0,16.0,0.0,True,,0.0015383854580171693,7103.855410908453,14216.0,9.495960489148187,9.495960489148187,0.0,4.1445890915464645,1777,False
2355533,14,Los Rios,7113.351371397602,REDPE_mid,26430.0,10670.027057096402,7113.351371397602,0.0,11,8.0,1.0,2.0,16.0,0.01,True,,0.017664621502879865,7102.7515831132305,15080.0,10.599788284370527,10.599788284370527,0.0,6.256117446836693,1885,False
2355533,14,Los Rios,7113.351371397602,REDPE_mid,26430.0,10670.027057096402,7113.351371397602,0.0,12,8.0,1.0,2.0,32.0,0.0,True,,0.000604348955868234,7113.351371397602,14248.0,0.0,0.0,0.0,10.648628602398293,1781,False
2355533,14,Los Rios,7113.351371397602,REDPE_mid,26430.0,10670.027057096402,7113.351371397602,0.0,13,8.0,1.0,2.0,32.0,0.01,True,,0.02964557814893407,7113.351371397602,15784.0,0.0,0.0,0.0,9.768003747858405,1973,False
2355533,14,Los Rios,7113.351371397602,REDPE_mid,26430.0,10670.027057096402,7113.351371397602,0.0,14,8.0,1.0,2.0,64.0,0.0,True,,0.00105837846778651,7113.351371397602,14264.0,0.0,0.0,0.0,18.648628602398375,1783,False
2355533,14,Los Rios,7113.351371397602,REDPE_mid,26430.0,10670.027057096402,7113.351371397602,0.0,15,8.0,1.0,2.0,64.0,0.01,True,,0.055839729723199026,7113.351371397602,17160.0,0.0,0.0,0.0,18.390855963504052,2145,False
2355533,14,Los Rios,7113.351371397602,REDPE_mid,26430.0,10670.027057096402,7113.351371397602,0.0,16,8.0,1.0,4.0,8.0,0.0,True,,0.2790905427764782,5473.929531426722,10952.0,1639.4218399708798,1639.4218399708798,0.0,2.070468573278004,1369,False
2355533,14,Los Rios,7113.351371397602,REDPE_mid,26430.0,10670.027057096402,7113.351371397602,0.0,17,8.0,1.0,4.0,8.0,0.01,True,,0.27631020108053755,5444.688116892584,11304.0,1668.6632545050186,1668.6632545050186,0.0,2.4117047868851698,1413,False
2355533,14,Los Rios,7113.351371397602,REDPE_mid,26430.0,10670.027057096402,7113.351371397602,0.0,18,8.0,1.0,4.0,16.0,0.0,True,,0.23564149492191722,5728.519115125734,11472.0,1384.832256271868,1384.832256271868,0.0,7.480884874266144,1434,False
2355533,14,Los Rios,7113.351371397602,REDPE_mid,26430.0,10670.027057096402,7113.351371397602,0.0,19,8.0,1.0,4.0,16.0,0.01,True,,0.23403621027822352,5671.985507505139,11952.0,1441.3658638924624,1441.3658638924624,0.0,6.890285264455636,1494,False
2355533,14,Los Rios,7113.351371397602,REDPE_mid,26430.0,10670.027057096402,7113.351371397602,0.0,20,8.0,1.0,4.0,32.0,0.0,True,,0.2185311465406844,5828.57574205473,11680.0,1284.7756293428718,1284.7756293428718,0.0,11.42425794527001,1460,False
2355533,14,Los Rios,7113.351371397602,REDPE_mid,26430.0,10670.027057096402,7113.351371397602,0.0,21,8.0,1.0,4.0,32.0,0.01,True,,0.21609860514533866,5741.398483475622,12416.0,1371.9528879219806,1371.9528879219806,0.0,8.599309733536307,1552,False
2355533,14,Los Rios,7113.351371397602,REDPE_mid,26430.0,10670.027057096402,7113.351371397602,0.0,22,8.0,1.0,4.0,64.0,0.0,True,,0.21497458203065792,5848.57574205473,11736.0,1264.7756293428718,1264.7756293428718,0.0,19.424257945269993,1467,False
2355533,14,Los Rios,7113.351371397602,REDPE_mid,26430.0,10670.027057096402,7113.351371397602,0.0,23,8.0,1.0,4.0,64.0,0.01,True,,0.20355940768043423,5760.939971034227,12952.0,1352.4114003633742,1352.4114003633742,0.0,18.567744648927807,1619,False
2355533,14,Los Rios,7113.351371397602,REDPE_mid,26430.0,10670.027057096402,7113.351371397602,0.0,24,8.0,2.0,1.0,8.0,0.0,True,,0.009811437471353627,7055.191219730333,14120.0,58.16015166726871,58.16015166726871,0.0,4.808780269666959,1765,False
2355533,14,Los Rios,7113.351371397602,REDPE_mid,26430.0,10670.027057096402,7113.351371397602,0.0,25,8.0,2.0,1.0,8.0,0.01,True,,0.013369134572484394,7066.350296685022,14600.0,47.0010747125801,47.0010747125801,0.0,4.387673308669009,1825,False
2355533,14,Los Rios,7113.351371397602,REDPE_mid,26430.0,10670.027057096402,7113.351371397602,0.0,26,8.0,2.0,1.0,16.0,0.0,True,,0.0022302960648560746,7099.7836115737655,14208.0,13.567759823836358,13.567759823836358,0.0,4.216388426234632,1776,False
2355533,14,Los Rios,7113.351371397602,REDPE_mid,26430.0,10670.027057096402,7113.351371397602,0.0,27,8.0,2.0,1.0,16.0,0.01,True,,0.01612661187024798,7104.118009854193,15008.0,9.233361543408934,9.233361543408934,0.0,6.521915452648757,1876,False
2355533,14,Los Rios,7113.351371397602,REDPE_mid,26430.0,10670.027057096402,7113.351371397602,0.0,28,8.0,2.0,1.0,32.0,0.0,True,,0.0006043489558682333,7113.351371397602,14248.0,0.0,0.0,0.0,10.648628602398261,1781,False
2355533,14,Los Rios,7113.351371397602,REDPE_mid,26430.0,10670.027057096402,7113.351371397602,0.0,29,8.0,2.0,1.0,32.0,0.01,True,,0.0281085671153534,7113.351371397602,15704.0,0.0,0.0,0.0,8.521600512784168,1963,False
2355533,14,Los Rios,7113.351371397602,REDPE_mid,26430.0,10670.027057096402,7113.351371397602,0.0,30,8.0,2.0,1.0,64.0,0.0,True,,0.001058378467786508,7113.351371397602,14264.0,0.0,0.0,0.0,18.64862860239826,1783,False
2355533,14,Los Rios,7113.351371397602,REDPE_mid,26430.0,10670.027057096402,7113.351371397602,0.0,31,8.0,2.0,1.0,64.0,0.01,True,,0.05402641636814205,7113.351371397602,17064.0,0.0,0.0,0.0,18.539112015192384,2133,False
2355533,14,Los Rios,7113.351371397602,REDPE_mid,26430.0,10670.027057096402,7113.351371397602,0.0,32,8.0,2.0,2.0,8.0,0.0,True,,0.009811437471353627,7055.191219730333,14120.0,58.16015166726871,58.16015166726871,0.0,4.808780269666959,1765,False
2355533,14,Los Rios,7113.351371397602,REDPE_mid,26430.0,10670.027057096402,7113.351371397602,0.0,33,8.0,2.0,2.0,8.0,0.01,True,,0.013369134572484394,7066.350296685022,14600.0,47.0010747125801,47.0010747125801,0.0,4.387673308669009,1825,False
2355533,14,Los Rios,7113.351371397602,REDPE_mid,26430.0,10670.027057096402,7113.351371397602,0.0,34,8.0,2.0,2.0,16.0,0.0,True,,0.0022302960648560746,7099.7836115737655,14208.0,13.567759823836358,13.567759823836358,0.0,4.216388426234632,1776,False
2355533,14,Los Rios,7113.351371397602,REDPE_mid,26430.0,10670.027057096402,7113.351371397602,0.0,35,8.0,2.0,2.0,16.0,0.01,True,,0.01612661187024798,7104.118009854193,15008.0,9.233361543408934,9.233361543408934,0.0,6.521915452648757,1876,False
2355533,14,Los Rios,7113.351371397602,REDPE_mid,26430.0,10670.027057096402,7113.351371397602,0.0,36,8.0,2.0,2.0,32.0,0.0,True,,0.0006043489558682333,7113.351371397602,14248.0,0.0,0.0,0.0,10.648628602398261,1781,False
2355533,14,Los Rios,7113.351371397602,REDPE_mid,26430.0,10670.027057096402,7113.351371397602,0.0,37,8.0,2.0,2.0,32.0,0.01,True,,0.0281085671153534,7113.351371397602,15704.0,0.0,0.0,0.0,8.521600512784168,1963,False
2355533,14,Los Rios,7113.351371397602,REDPE_mid,26430.0,10670.027057096402,7113.351371397602,0.0,38,8.0,2.0,2.0,64.0,0.0,True,,0.001058378467786508,7113.351371397602,14264.0,0.0,0.0,0.0,18.64862860239826,1783,False
2355533,14,Los Rios,7113.351371397602,REDPE_mid,26430.0,10670.027057096402,7113.351371397602,0.0,39,8.0,2.0,2.0,64.0,0.01,True,,0.05402641636814205,7113.351371397602,17064.0,0.0,0.0,0.0,18.539112015192384,2133,False
2355533,14,Los Rios,7113.351371397602,REDPE_mid,26430.0,10670.027057096402,7113.351371397602,0.0,40,8.0,2.0,4.0,8.0,0.0,True,,0.2790905427764782,5473.929531426722,10952.0,1639.4218399708798,1639.4218399708798,0.0,2.070468573278004,1369,False
2355533,14,Los Rios,7113.351371397602,REDPE_mid,26430.0,10670.027057096402,7113.351371397602,0.0,41,8.0,2.0,4.0,8.0,0.01,True,,0.27538968748583903,5456.213234464984,11272.0,1657.1381369326173,1657.1381369326173,0.0,2.42917917792868,1409,False
2355533,14,Los Rios,7113.351371397602,REDPE_mid,26430.0,10670.027057096402,7113.351371397602,0.0,42,8.0,2.0,4.0,16.0,0.0,True,,0.23567933071457708,5728.519115125734,11468.0,1384.832256271868,1384.832256271868,0.0,5.480884874266151,1434,False
2355533,14,Los Rios,7113.351371397602,REDPE_mid,26430.0,10670.027057096402,7113.351371397602,0.0,43,8.0,2.0,4.0,16.0,0.01,True,,0.2333806786903215,5681.522573020307,11920.0,1431.828798377294,1431.828798377294,0.0,6.998344134132455,1490,False
2355533,14,Los Rios,7113.351371397602,REDPE_mid,26430.0,10670.027057096402,7113.351371397602,0.0,44,8.0,2.0,4.0,32.0,0.0,True,,0.2185311465406844,5828.57574205473,11680.0,1284.7756293428718,1284.7756293428718,0.0,11.424257945270014,1460,False
2355533,14,Los Rios,7113.351371397602,REDPE_mid,26430.0,10670.027057096402,7113.351371397602,0.0,45,8.0,2.0,4.0,32.0,0.01,True,,0.21442014356311523,5757.767971978531,12392.0,1355.5833994190712,1355.5833994190712,0.0,10.462250017570797,1549,False
2355533,14,Los Rios,7113.351371397602,REDPE_mid,26430.0,10670.027057096402,7113.351371397602,0.0,46,8.0,2.0,4.0,64.0,0.0,True,,0.21497458203065792,5848.57574205473,11736.0,1264.7756293428718,1264.7756293428718,0.0,19.424257945270018,1467,False
2355533,14,Los Rios,7113.351371397602,REDPE_mid,26430.0,10670.027057096402,7113.351371397602,0.0,47,8.0,2.0,4.0,64.0,0.01,True,,0.20130780290333214,5779.112949389898,12944.0,1334.2384220077024,1334.2384220077024,0.0,18.758764621013015,1618,False
2355533,14,Los Rios,7113.351371397602,REDPE_mid,26430.0,10670.027057096402,7113.351371397602,0.0,48,16.0,1.0,1.0,8.0,0.0,True,,0.07863824474743543,7112.242404954822,16992.0,1.1089664427803845,1.1089664427803845,1377.6871264719007,6.070468573278005,1062,False
2355533,14,Los Rios,7113.351371397602,REDPE_mid,26430.0,10670.027057096402,7113.351371397602,0.0,49,16.0,1.0,1.0,8.0,0.01,True,,0.09767688307371915,7113.105854616101,17920.0,0.24551678149965195,0.24551678149965195,1461.8349583839206,6.349206217575495,1120,False
2355533,14,Los Rios,7113.351371397602,REDPE_mid,26430.0,10670.027057096402,7113.351371397602,0.0,50,16.0,1.0,1.0,16.0,0.0,True,,0.00037733419990909595,7113.351371397602,14240.0,0.0,0.0,0.0,6.6486286023982615,890,True
2355533,14,Los Rios,7113.351371397602,REDPE_mid,26430.0,10670.027057096402,7113.351371397602,0.0,51,16.0,1.0,1.0,16.0,0.01,True,,0.023054936895040935,7113.351371397602,15440.0,0.0,0.0,0.0,5.386707067067137,965,False
2355533,14,Los Rios,7113.351371397602,REDPE_mid,26430.0,10670.027057096402,7113.351371397602,0.0,52,16.0,1.0,1.0,32.0,0.0,True,,0.0008313637118273708,7113.351371397602,14256.0,0.0,0.0,0.0,14.648628602398272,891,False
2355533,14,Los Rios,7113.351371397602,REDPE_mid,26430.0,10670.027057096402,7113.351371397602,0.0,53,16.0,1.0,1.0,32.0,0.01,True,,0.03646984165723762,7113.351371397602,16144.0,0.0,0.0,0.0,10.498572796784034,1009,False
2355533,14,Los Rios,7113.351371397602,REDPE_mid,26430.0,10670.027057096402,7113.351371397602,0.0,54,16.0,1.0,1.0,64.0,0.0,True,,0.0012853932237456458,7113.351371397602,14272.0,0.0,0.0,0.0,22.648628602398283,892,False
2355533,14,Los Rios,7113.351371397602,REDPE_mid,26430.0,10670.027057096402,7113.351371397602,0.0,55,16.0,1.0,1.0,64.0,0.01,True,,0.06269728561748383,7113.351371397602,17520.0,0.0,0.0,0.0,20.881260535399072,1095,False
2355533,14,Los Rios,7113.351371397602,REDPE_mid,26430.0,10670.027057096402,7113.351371397602,0.0,56,16.0,1.0,2.0,8.0,0.0,True,,0.07863824474743543,7112.242404954822,16992.0,1.1089664427803845,1.1089664427803845,1377.6871264719007,6.070468573278005,1062,False
2355533,14,Los Rios,7113.351371397602,REDPE_mid,26430.0,10670.027057096402,7113.351371397602,0.0,57,16.0,1.0,2.0,8.0,0.01,True,,0.09767688307371915,7113.105854616101,17920.0,0.24551678149965195,0.24551678149965195,1461.8349583839206,6.349206217575495,1120,False
2355533,14,Los Rios,7113.351371397602,REDPE_mid,26430.0,10670.027057096402,7113.351371397602,0.0,58,16.0,1.0,2.0,16.0,0.0,True,,0.00037733419990909595,7113.351371397602,14240.0,0.0,0.0,0.0,6.6486286023982615,890,False
2355533,14,Los Rios,7113.351371397602,REDPE_mid,26430.0,10670.027057096402,7113.351371397602,0.0,59,16.0,1.0,2.0,16.0,0.01,True,,0.023054936895040935,7113.351371397602,15440.0,0.0,0.0,0.0,5.386707067067137,965,False
2355533,14,Los Rios,7113.351371397602,REDPE_mid,26430.0,10670.027057096402,7113.351371397602,0.0,60,16.0,1.0,2.0,32.0,0.0,True,,0.0008313637118273708,7113.351371397602,14256.0,0.0,0.0,0.0,14.648628602398272,891,False
2355533,14,Los Rios,7113.351371397602,REDPE_mid,26430.0,10670.027057096402,7113.351371397602,0.0,61,16.0,1.0,2.0,32.0,0.01,True,,0.03646984165723762,7113.351371397602,16144.0,0.0,0.0,0.0,10.498572796784034,1009,False
2355533,14,Los Rios,7113.351371397602,REDPE_mid,26430.0,10670.027057096402,7113.351371397602,0.0,62,16.0,1.0,2.0,64.0,0.0,True,,0.0012853932237456458,7113.351371397602,14272.0,0.0,0.0,0.0,22.648628602398283,892,False
2355533,14,Los Rios,7113.351371397602,REDPE_mid,26430.0,10670.027057096402,7113.351371397602,0.0,63,16.0,1.0,2.0,64.0,0.01,True,,0.06269728561748383,7113.351371397602,17520.0,0.0,0.0,0.0,20.881260535399072,1095,False
2355533,14,Los Rios,7113.351371397602,REDPE_mid,26430.0,10670.027057096402,7113.351371397602,0.0,64,16.0,1.0,4.0,8.0,0.0,True,,0.07320844199903495,7031.119826614878,16368.0,82.23154478272411,82.23154478272411,1146.8097048118443,6.070468573278005,1023,False
2355533,14,Los Rios,7113.351371397602,REDPE_mid,26430.0,10670.027057096402,7113.351371397602,0.0,65,16.0,1.0,4.0,8.0,0.01,True,,0.09312061509952373,7017.878949109755,17248.0,95.47242228784745,95.47242228784745,1226.4022947235233,6.349206217575495,1078,False
2355533,14,Los Rios,7113.351371397602,REDPE_mid,26430.0,10670.027057096402,7113.351371397602,0.0,66,16.0,1.0,4.0,16.0,0.0,True,,0.00106963788344541,7106.452660507436,14224.0,6.898710890165051,6.898710890165051,0.0,5.5473394925633475,889,False
2355533,14,Los Rios,7113.351371397602,REDPE_mid,26430.0,10670.027057096402,7113.351371397602,0.0,67,16.0,1.0,4.0,16.0,0.01,True,,0.023797763448052237,7103.170541292261,15408.0,10.180830105340664,10.180830105340664,0.0,5.386707921860003,963,False
2355533,14,Los Rios,7113.351371397602,REDPE_mid,26430.0,10670.027057096402,7113.351371397602,0.0,68,16.0,1.0,4.0,32.0,0.0,True,,0.0008313637118273707,7113.351371397602,14256.0,0.0,0.0,0.0,14.648628602398265,891,False
2355533,14,Los Rios,7113.351371397602,REDPE_mid,26430.0,10670.027057096402,7113.351371397602,0.0,69,16.0,1.0,4.0,32.0,0.01,True,,0.03625727383719869,7113.351371397602,16128.0,0.0,0.0,0.0,15.262237829526164,1008,False
2355533,14,Los Rios,7113.351371397602,REDPE_mid,26430.0,10670.027057096402,7113.351371397602,0.0,70,16.0,1.0,4.0,64.0,0.0,True,,0.0012853932237456454,7113.351371397602,14272.0,0.0,0.0,0.0,22.64862860239827,892,False
2355533,14,Los Rios,7113.351371397602,REDPE_mid,26430.0,10670.027057096402,7113.351371397602,0.0,71,16.0,1.0,4.0,64.0,0.01,True,,0.062415880476771456,7113.351371397602,17504.0,0.0,0.0,0.0,22.00618479734276,1094,False
2355533,14,Los Rios,7113.351371397602,REDPE_mid,26430.0,10670.027057096402,7113.351371397602,0.0,72,16.0,2.0,1.0,8.0,0.0,True,,0.015327285645605492,7110.569567220163,14752.0,2.7818041774389,2.7818041774389,258.573072711912,6.857360067925223,922,False
2355533,14,Los Rios,7113.351371397602,REDPE_mid,26430.0,10670.027057096402,7113.351371397602,0.0,73,16.0,2.0,1.0,8.0,0.01,True,,0.030201690480397947,7112.056521816155,15536.0,1.294849581446372,1.294849581446372,272.21101679043073,5.889137728480394,971,False
2355533,14,Los Rios,7113.351371397602,REDPE_mid,26430.0,10670.027057096402,7113.351371397602,0.0,74,16.0,2.0,1.0,16.0,0.0,True,,0.0003773341999090964,7113.351371397602,14240.0,0.0,0.0,0.0,6.648628602398285,890,False
2355533,14,Los Rios,7113.351371397602,REDPE_mid,26430.0,10670.027057096402,7113.351371397602,0.0,75,16.0,2.0,1.0,16.0,0.01,True,,0.02153969897334658,7113.351371397602,15360.0,0.0,0.0,0.0,5.291230526303749,960,False
2355533,14,Los Rios,7113.351371397602,REDPE_mid,26430.0,10670.027057096402,7113.351371397602,0.0,76,16.0,2.0,1.0,32.0,0.0,True,,0.0008313637118273708,7113.351371397602,14256.0,0.0,0.0,0.0,14.648628602398272,891,False
2355533,14,Los Rios,7113.351371397602,REDPE_mid,26430.0,10670.027057096402,7113.351371397602,0.0,77,16.0,2.0,1.0,32.0,0.01,True,,0.03493945978599937,7113.351371397602,16064.0,0.0,0.0,0.0,9.602587083130143,1004,False
2355533,14,Los Rios,7113.351371397602,REDPE_mid,26430.0,10670.027057096402,7113.351371397602,0.0,78,16.0,2.0,1.0,64.0,0.0,True,,0.0012853932237456458,7113.351371397602,14272.0,0.0,0.0,0.0,22.648628602398283,892,False
2355533,14,Los Rios,7113.351371397602,REDPE_mid,26430.0,10670.027057096402,7113.351371397602,0.0,79,16.0,2.0,1.0,64.0,0.01,True,,0.06120735244871548,7113.351371397602,17440.0,0.0,0.0,0.0,22.12339323430357,1090,False
2355533,14,Los Rios,7113.351371397602,REDPE_mid,26430.0,10670.027057096402,7113.351371397602,0.0,80,16.0,2.0,2.0,8.0,0.0,True,,0.015327285645605492,7110.569567220163,14752.0,2.7818041774389,2.7818041774389,258.573072711912,6.857360067925223,922,False
2355533,14,Los Rios,7113.351371397602,REDPE_mid,26430.0,10670.027057096402,7113.351371397602,0.0,81,16.0,2.0,2.0,8.0,0.01,True,,0.030201690480397947,7112.056521816155,15536.0,1.294849581446372,1.294849581446372,272.21101679043073,5.889137728480394,971,False
2355533,14,Los Rios,7113.351371397602,REDPE_mid,26430.0,10670.027057096402,7113.351371397602,0.0,82,16.0,2.0,2.0,16.0,0.0,True,,0.0003773341999090964,7113.351371397602,14240.0,0.0,0.0,0.0,6.648628602398285,890,False
2355533,14,Los Rios,7113.351371397602,REDPE_mid,26430.0,10670.027057096402,7113.351371397602,0.0,83,16.0,2.0,2.0,16.0,0.01,True,,0.02153969897334658,7113.351371397602,15360.0,0.0,0.0,0.0,5.291230526303749,960,False
2355533,14,Los Rios,7113.351371397602,REDPE_mid,26430.0,10670.027057096402,7113.351371397602,0.0,84,16.0,2.0,2.0,32.0,0.0,True,,0.0008313637118273708,7113.351371397602,14256.0,0.0,0.0,0.0,14.648628602398272,891,False
2355533,14,Los Rios,7113.351371397602,REDPE_mid,26430.0,10670.027057096402,7113.351371397602,0.0,85,16.0,2.0,2.0,32.0,0.01,True,,0.03493945978599937,7113.351371397602,16064.0,0.0,0.0,0.0,9.602587083130143,1004,False
2355533,14,Los Rios,7113.351371397602,REDPE_mid,26430.0,10670.027057096402,7113.351371397602,0.0,86,16.0,2.0,2.0,64.0,0.0,True,,0.0012853932237456458,7113.351371397602,14272.0,0.0,0.0,0.0,22.648628602398283,892,False
2355533,14,Los Rios,7113.351371397602,REDPE_mid,26430.0,10670.027057096402,7113.351371397602,0.0,87,16.0,2.0,2.0,64.0,0.01,True,,0.06120735244871548,7113.351371397602,17440.0,0.0,0.0,0.0,22.12339323430357,1090,False
2355533,14,Los Rios,7113.351371397602,REDPE_mid,26430.0,10670.027057096402,7113.351371397602,0.0,88,16.0,2.0,4.0,8.0,0.0,True,,0.018619731538309446,7076.8147309841215,14688.0,36.53664041348039,36.53664041348039,260.32790894795346,6.857360067925223,918,False
2355533,14,Los Rios,7113.351371397602,REDPE_mid,26430.0,10670.027057096402,7113.351371397602,0.0,89,16.0,2.0,4.0,8.0,0.01,True,,0.034882377690610575,7063.551965843612,15440.0,49.799405553988635,49.799405553988635,276.10025091447494,5.889137728480394,965,False
2355533,14,Los Rios,7113.351371397602,REDPE_mid,26430.0,10670.027057096402,7113.351371397602,0.0,90,16.0,2.0,4.0,16.0,0.0,True,,0.0010696378834454104,7106.452660507436,14224.0,6.898710890165064,6.898710890165064,0.0,5.547339492563333,889,False
2355533,14,Los Rios,7113.351371397602,REDPE_mid,26430.0,10670.027057096402,7113.351371397602,0.0,91,16.0,2.0,4.0,16.0,0.01,True,,0.022021007356735643,7105.142007610452,15328.0,8.20936378714941,8.20936378714941,0.0,5.267645162203651,958,False
2355533,14,Los Rios,7113.351371397602,REDPE_mid,26430.0,10670.027057096402,7113.351371397602,0.0,92,16.0,2.0,4.0,32.0,0.0,True,,0.0008313637118273707,7113.351371397602,14256.0,0.0,0.0,0.0,14.648628602398265,891,False
2355533,14,Los Rios,7113.351371397602,REDPE_mid,26430.0,10670.027057096402,7113.351371397602,0.0,93,16.0,2.0,4.0,32.0,0.01,True,,0.03463677344471207,7113.351371397602,16048.0,0.0,0.0,0.0,9.60258708268322,1003,False
2355533,14,Los Rios,7113.351371397602,REDPE_mid,26430.0,10670.027057096402,7113.351371397602,0.0,94,16.0,2.0,4.0,64.0,0.0,True,,0.0012853932237456454,7113.351371397602,14272.0,0.0,0.0,0.0,22.64862860239826,892,False
2355533,14,Los Rios,7113.351371397602,REDPE_mid,26430.0,10670.027057096402,7113.351371397602,0.0,95,16.0,2.0,4.0,64.0,0.01,True,,0.06059725708023139,7113.351371397602,17408.0,0.0,0.0,0.0,21.873752056235084,1088,False
2355533,14,Los Rios,7113.351371397602,REDPE_mid,26430.0,10670.027057096402,7113.351371397602,0.0,96,32.0,1.0,1.0,8.0,0.0,True,,0.5839246200855388,5543.187679908304,26430.0,1570.1636914892986,1570.1636914892986,7671.812320091696,0.0,826,False
2355533,14,Los Rios,7113.351371397602,REDPE_mid,26430.0,10670.027057096402,7113.351371397602,0.0,97,32.0,1.0,1.0,8.0,0.01,True,,0.617229037654638,5291.574030291535,26430.0,1821.777341106067,1821.777341106067,7670.988285476897,0.0,826,False
2355533,14,Los Rios,7113.351371397602,REDPE_mid,26430.0,10670.027057096402,7113.351371397602,0.0,98,32.0,1.0,1.0,16.0,0.0,True,,0.10571218096494882,7113.351371397602,17952.0,0.0,0.0,1848.5781600291202,14.070468573278005,561,False
2355533,14,Los Rios,7113.351371397602,REDPE_mid,26430.0,10670.027057096402,7113.351371397602,0.0,99,32.0,1.0,1.0,16.0,0.01,True,,0.14786550649146032,7113.351371397602,19968.0,0.0,0.0,2062.8451002517286,12.028315682066985,624,False
2355533,14,Los Rios,7113.351371397602,REDPE_mid,26430.0,10670.027057096402,7113.351371397602,0.0,100,32.0,1.0,1.0,32.0,0.0,True,,0.0012853932237456448,7113.351371397602,14272.0,0.0,0.0,0.0,22.64862860239823,446,False
2355533,14,Los Rios,7113.351371397602,REDPE_mid,26430.0,10670.027057096402,7113.351371397602,0.0,101,32.0,1.0,1.0,32.0,0.01,True,,0.048833869482180096,7113.351371397602,16800.0,0.0,0.0,0.0,8.061083623243439,525,False
2355533,14,Los Rios,7113.351371397602,REDPE_mid,26430.0,10670.027057096402,7113.351371397602,0.0,102,32.0,1.0,1.0,64.0,0.0,True,,0.0012853932237456456,7113.351371397602,14272.0,0.0,0.0,0.0,22.648628602398276,446,False
2355533,14,Los Rios,7113.351371397602,REDPE_mid,26430.0,10670.027057096402,7113.351371397602,0.0,103,32.0,1.0,1.0,64.0,0.01,True,,0.07573954272080771,7113.351371397602,18208.0,0.0,0.0,0.0,22.294971017098806,569,False
2355533,14,Los Rios,7113.351371397602,REDPE_mid,26430.0,10670.027057096402,7113.351371397602,0.0,104,32.0,1.0,2.0,8.0,0.0,True,,0.5839246200855388,5543.187679908304,26430.0,1570.1636914892986,1570.1636914892986,7671.812320091696,0.0,826,False
2355533,14,Los Rios,7113.351371397602,REDPE_mid,26430.0,10670.027057096402,7113.351371397602,0.0,105,32.0,1.0,2.0,8.0,0.01,True,,0.617229037654638,5291.574030291535,26430.0,1821.777341106067,1821.777341106067,7670.988285476897,0.0,826,False
2355533,14,Los Rios,7113.351371397602,REDPE_mid,26430.0,10670.027057096402,7113.351371397602,0.0,106,32.0,1.0,2.0,16.0,0.0,True,,0.10571218096494882,7113.351371397602,17952.0,0.0,0.0,1848.5781600291202,14.070468573278005,561,False
2355533,14,Los Rios,7113.351371397602,REDPE_mid,26430.0,10670.027057096402,7113.351371397602,0.0,107,32.0,1.0,2.0,16.0,0.01,True,,0.14786550649146032,7113.351371397602,19968.0,0.0,0.0,2062.8451002517286,12.028315682066985,624,False
2355533,14,Los Rios,7113.351371397602,REDPE_mid,26430.0,10670.027057096402,7113.351371397602,0.0,108,32.0,1.0,2.0,32.0,0.0,True,,0.0012853932237456448,7113.351371397602,14272.0,0.0,0.0,0.0,22.64862860239823,446,False
2355533,14,Los Rios,7113.351371397602,REDPE_mid,26430.0,10670.027057096402,7113.351371397602,0.0,109,32.0,1.0,2.0,32.0,0.01,True,,0.048833869482180096,7113.351371397602,16800.0,0.0,0.0,0.0,8.061083623243439,525,False
2355533,14,Los Rios,7113.351371397602,REDPE_mid,26430.0,10670.027057096402,7113.351371397602,0.0,110,32.0,1.0,2.0,64.0,0.0,True,,0.0012853932237456456,7113.351371397602,14272.0,0.0,0.0,0.0,22.648628602398276,446,False
2355533,14,Los Rios,7113.351371397602,REDPE_mid,26430.0,10670.027057096402,7113.351371397602,0.0,111,32.0,1.0,2.0,64.0,0.01,True,,0.07573954272080771,7113.351371397602,18208.0,0.0,0.0,0.0,22.294971017098806,569,False
2355533,14,Los Rios,7113.351371397602,REDPE_mid,26430.0,10670.027057096402,7113.351371397602,0.0,112,32.0,1.0,4.0,8.0,0.0,True,,0.5578755114392713,5715.3071652885155,26430.0,1398.0442061090864,1398.0442061090864,7499.6928347114845,0.0,826,False
2355533,14,Los Rios,7113.351371397602,REDPE_mid,26430.0,10670.027057096402,7113.351371397602,0.0,113,32.0,1.0,4.0,8.0,0.01,True,,0.5919975922963927,5457.947523459503,26430.0,1655.4038479380997,1655.4038479380997,7501.8685360158315,0.0,826,False
2355533,14,Los Rios,7113.351371397602,REDPE_mid,26430.0,10670.027057096402,7113.351371397602,0.0,114,32.0,1.0,4.0,16.0,0.0,True,,0.10571218096494882,7113.351371397602,17952.0,0.0,0.0,1848.5781600291202,14.070468573278005,561,False
2355533,14,Los Rios,7113.351371397602,REDPE_mid,26430.0,10670.027057096402,7113.351371397602,0.0,115,32.0,1.0,4.0,16.0,0.01,True,,0.14786550649146032,7113.351371397602,19968.0,0.0,0.0,2062.8451002517286,12.028315682066985,624,False
2355533,14,Los Rios,7113.351371397602,REDPE_mid,26430.0,10670.027057096402,7113.351371397602,0.0,116,32.0,1.0,4.0,32.0,0.0,True,,0.0012853932237456448,7113.351371397602,14272.0,0.0,0.0,0.0,22.64862860239823,446,False
2355533,14,Los Rios,7113.351371397602,REDPE_mid,26430.0,10670.027057096402,7113.351371397602,0.0,117,32.0,1.0,4.0,32.0,0.01,True,,0.048833869482180096,7113.351371397602,16800.0,0.0,0.0,0.0,8.061083623243439,525,False
2355533,14,Los Rios,7113.351371397602,REDPE_mid,26430.0,10670.027057096402,7113.351371397602,0.0,118,32.0,1.0,4.0,64.0,0.0,True,,0.0012853932237456456,7113.351371397602,14272.0,0.0,0.0,0.0,22.648628602398276,446,False
2355533,14,Los Rios,7113.351371397602,REDPE_mid,26430.0,10670.027057096402,7113.351371397602,0.0,119,32.0,1.0,4.0,64.0,0.01,True,,0.07573954272080771,7113.351371397602,18208.0,0.0,0.0,0.0,22.294971017098806,569,False
2355533,14,Los Rios,7113.351371397602,REDPE_mid,26430.0,10670.027057096402,7113.351371397602,0.0,120,32.0,2.0,1.0,8.0,0.0,True,,0.4052859189177918,6723.542897874191,26430.0,389.80847352340965,389.80847352340965,6491.457102125808,0.0,826,False
2355533,14,Los Rios,7113.351371397602,REDPE_mid,26430.0,10670.027057096402,7113.351371397602,0.0,121,32.0,2.0,1.0,8.0,0.01,True,,0.43781332523527455,6466.533944733201,26430.0,646.8174266644005,646.8174266644005,6411.793128081011,0.0,826,False
2355533,14,Los Rios,7113.351371397602,REDPE_mid,26430.0,10670.027057096402,7113.351371397602,0.0,122,32.0,2.0,1.0,16.0,0.0,True,,0.05304475758242896,7113.351371397602,16096.0,0.0,0.0,925.3632683126406,9.285360289757666,503,False
2355533,14,Los Rios,7113.351371397602,REDPE_mid,26430.0,10670.027057096402,7113.351371397602,0.0,123,32.0,2.0,1.0,16.0,0.01,True,,0.08874927694643946,7113.351371397602,17888.0,0.0,0.0,1026.283426294947,3.706095889046402,559,False
2355533,14,Los Rios,7113.351371397602,REDPE_mid,26430.0,10670.027057096402,7113.351371397602,0.0,124,32.0,2.0,1.0,32.0,0.0,True,,0.0012853932237456439,7113.351371397602,14272.0,0.0,0.0,0.0,22.648628602398187,446,False
2355533,14,Los Rios,7113.351371397602,REDPE_mid,26430.0,10670.027057096402,7113.351371397602,0.0,125,32.0,2.0,1.0,32.0,0.01,True,,0.047839805694537774,7113.351371397602,16736.0,0.0,0.0,0.0,19.51487180847011,523,False
2355533,14,Los Rios,7113.351371397602,REDPE_mid,26430.0,10670.027057096402,7113.351371397602,0.0,126,32.0,2.0,1.0,64.0,0.0,True,,0.0012853932237456456,7113.351371397602,14272.0,0.0,0.0,0.0,22.648628602398276,446,False
2355533,14,Los Rios,7113.351371397602,REDPE_mid,26430.0,10670.027057096402,7113.351371397602,0.0,127,32.0,2.0,1.0,64.0,0.01,True,,0.07379930472024368,7113.351371397602,18112.0,0.0,0.0,0.0,15.73399030728386,566,False
2355533,14,Los Rios,7113.351371397602,REDPE_mid,26430.0,10670.027057096402,7113.351371397602,0.0,128,32.0,2.0,2.0,8.0,0.0,True,,0.4052859189177918,6723.542897874191,26430.0,389.80847352340965,389.80847352340965,6491.457102125808,0.0,826,False
2355533,14,Los Rios,7113.351371397602,REDPE_mid,26430.0,10670.027057096402,7113.351371397602,0.0,129,32.0,2.0,2.0,8.0,0.01,True,,0.43781332523527455,6466.533944733201,26430.0,646.8174266644005,646.8174266644005,6411.793128081011,0.0,826,False
2355533,14,Los Rios,7113.351371397602,REDPE_mid,26430.0,10670.027057096402,7113.351371397602,0.0,130,32.0,2.0,2.0,16.0,0.0,True,,0.05304475758242896,7113.351371397602,16096.0,0.0,0.0,925.3632683126406,9.285360289757666,503,False
2355533,14,Los Rios,7113.351371397602,REDPE_mid,26430.0,10670.027057096402,7113.351371397602,0.0,131,32.0,2.0,2.0,16.0,0.01,True,,0.08874927694643946,7113.351371397602,17888.0,0.0,0.0,1026.283426294947,3.706095889046402,559,False
2355533,14,Los Rios,7113.351371397602,REDPE_mid,26430.0,10670.027057096402,7113.351371397602,0.0,132,32.0,2.0,2.0,32.0,0.0,True,,0.0012853932237456439,7113.351371397602,14272.0,0.0,0.0,0.0,22.648628602398187,446,False
2355533,14,Los Rios,7113.351371397602,REDPE_mid,26430.0,10670.027057096402,7113.351371397602,0.0,133,32.0,2.0,2.0,32.0,0.01,True,,0.047839805694537774,7113.351371397602,16736.0,0.0,0.0,0.0,19.51487180847011,523,False
2355533,14,Los Rios,7113.351371397602,REDPE_mid,26430.0,10670.027057096402,7113.351371397602,0.0,134,32.0,2.0,2.0,64.0,0.0,True,,0.0012853932237456456,7113.351371397602,14272.0,0.0,0.0,0.0,22.648628602398276,446,False
2355533,14,Los Rios,7113.351371397602,REDPE_mid,26430.0,10670.027057096402,7113.351371397602,0.0,135,32.0,2.0,2.0,64.0,0.01,True,,0.07379930472024368,7113.351371397602,18112.0,0.0,0.0,0.0,15.73399030728386,566,False
2355533,14,Los Rios,7113.351371397602,REDPE_mid,26430.0,10670.027057096402,7113.351371397602,0.0,136,32.0,2.0,4.0,8.0,0.0,True,,0.4052859189177918,6723.542897874191,26430.0,389.80847352340965,389.80847352340965,6491.457102125808,0.0,826,False
2355533,14,Los Rios,7113.351371397602,REDPE_mid,26430.0,10670.027057096402,7113.351371397602,0.0,137,32.0,2.0,4.0,8.0,0.01,True,,0.43781332523527455,6466.533944733201,26430.0,646.8174266644005,646.8174266644005,6411.793128081011,0.0,826,False
2355533,14,Los Rios,7113.351371397602,REDPE_mid,26430.0,10670.027057096402,7113.351371397602,0.0,138,32.0,2.0,4.0,16.0,0.0,True,,0.05304475758242896,7113.351371397602,16096.0,0.0,0.0,925.3632683126406,9.285360289757666,503,False
2355533,14,Los Rios,7113.351371397602,REDPE_mid,26430.0,10670.027057096402,7113.351371397602,0.0,139,32.0,2.0,4.0,16.0,0.01,True,,0.08874927694643946,7113.351371397602,17888.0,0.0,0.0,1026.283426294947,3.706095889046402,559,False
2355533,14,Los Rios,7113.351371397602,REDPE_mid,26430.0,10670.027057096402,7113.351371397602,0.0,140,32.0,2.0,4.0,32.0,0.0,True,,0.0012853932237456439,7113.351371397602,14272.0,0.0,0.0,0.0,22.648628602398187,446,False
2355533,14,Los Rios,7113.351371397602,REDPE_mid,26430.0,10670.027057096402,7113.351371397602,0.0,141,32.0,2.0,4.0,32.0,0.01,True,,0.047839805694537774,7113.351371397602,16736.0,0.0,0.0,0.0,19.51487180847011,523,False
2355533,14,Los Rios,7113.351371397602,REDPE_mid,26430.0,10670.027057096402,7113.351371397602,0.0,142,32.0,2.0,4.0,64.0,0.0,True,,0.0012853932237456456,7113.351371397602,14272.0,0.0,0.0,0.0,22.648628602398276,446,False
2355533,14,Los Rios,7113.351371397602,REDPE_mid,26430.0,10670.027057096402,7113.351371397602,0.0,143,32.0,2.0,4.0,64.0,0.01,True,,0.07379930472024368,7113.351371397602,18112.0,0.0,0.0,0.0,15.73399030728386,566,False
45480,15,Arica y Parinacota,819.4778627252233,MVP_coverage_mid,1229.2167940878348,1229.2167940878348,614.6083970439174,204.86946568130588,0,8.0,1.0,1.0,8.0,0.0,True,,0.24989314024340312,614.6083970439174,1229.2167940878348,307.1728447145377,204.8694656813059,0.0,0.0,154,True
45480,15,Arica y Parinacota,819.4778627252233,MVP_coverage_mid,1229.2167940878348,1229.2167940878348,614.6083970439174,204.86946568130588,1,8.0,1.0,1.0,8.0,0.01,True,,0.6323458998158477,457.9021068588098,1229.2167940878348,385.52447426345435,361.57575586641343,0.0,0.0,154,False
45480,15,Arica y Parinacota,819.4778627252233,MVP_coverage_mid,1229.2167940878348,1229.2167940878348,614.6083970439174,204.86946568130588,2,8.0,1.0,1.0,16.0,0.0,True,,0.24989314024340312,614.6083970439174,1229.2167940878348,307.1728447145377,204.8694656813059,0.0,0.0,154,False
45480,15,Arica y Parinacota,819.4778627252233,MVP_coverage_mid,1229.2167940878348,1229.2167940878348,614.6083970439174,204.86946568130588,3,8.0,1.0,1.0,16.0,0.01,True,,0.7994824567039446,389.4560400188201,1229.2167940878348,419.85636979634575,430.02182270640316,0.0,0.0,154,False
45480,15,Arica y Parinacota,819.4778627252233,MVP_coverage_mid,1229.2167940878348,1229.2167940878348,614.6083970439174,204.86946568130588,4,8.0,1.0,1.0,32.0,0.0,True,,0.24989314024340312,614.6083970439174,1229.2167940878348,307.1728447145377,204.8694656813059,0.0,0.0,154,False
45480,15,Arica y Parinacota,819.4778627252233,MVP_coverage_mid,1229.2167940878348,1229.2167940878348,614.6083970439174,204.86946568130588,5,8.0,1.0,1.0,32.0,0.01,True,,1.0169985062997087,300.30292301177786,1229.2167940878348,464.3479584254958,519.1749397134454,0.0,0.0,154,False
45480,15,Arica y Parinacota,819.4778627252233,MVP_coverage_mid,1229.2167940878348,1229.2167940878348,614.6083970439174,204.86946568130588,6,8.0,1.0,1.0,64.0,0.0,True,,0.24989314024340312,614.6083970439174,1229.2167940878348,307.1728447145377,204.86946568130588,0.0,0.0,154,False
45480,15,Arica y Parinacota,819.4778627252233,MVP_coverage_mid,1229.2167940878348,1229.2167940878348,614.6083970439174,204.86946568130588,7,8.0,1.0,1.0,64.0,0.01,True,,1.200603021964002,225.05349463270798,1229.2167940878348,501.9141416027332,594.4243680925154,0.0,0.0,154,False
45480,15,Arica y Parinacota,819.4778627252233,MVP_coverage_mid,1229.2167940878348,1229.2167940878348,614.6083970439174,204.86946568130588,8,8.0,1.0,2.0,8.0,0.0,True,,0.24989314024340312,614.6083970439174,1229.2167940878348,307.1728447145377,204.8694656813059,0.0,0.0,154,False
45480,15,Arica y Parinacota,819.4778627252233,MVP_coverage_mid,1229.2167940878348,1229.2167940878348,614.6083970439174,204.86946568130588,9,8.0,1.0,2.0,8.0,0.01,True,,0.6323458998158477,457.9021068588098,1229.2167940878348,385.52447426345435,361.57575586641343,0.0,0.0,154,False
45480,15,Arica y Parinacota,819.4778627252233,MVP_coverage_mid,1229.2167940878348,1229.2167940878348,614.6083970439174,204.86946568130588,10,8.0,1.0,2.0,16.0,0.0,True,,0.24989314024340312,614.6083970439174,1229.2167940878348,307.1728447145377,204.8694656813059,0.0,0.0,154,False
45480,15,Arica y Parinacota,819.4778627252233,MVP_coverage_mid,1229.2167940878348,1229.2167940878348,614.6083970439174,204.86946568130588,11,8.0,1.0,2.0,16.0,0.01,True,,0.7994824567039446,389.4560400188201,1229.2167940878348,419.85636979634575,430.02182270640316,0.0,0.0,154,False
45480,15,Arica y Parinacota,819.4778627252233,MVP_coverage_mid,1229.2167940878348,1229.2167940878348,614.6083970439174,204.86946568130588,12,8.0,1.0,2.0,32.0,0.0,True,,0.24989314024340312,614.6083970439174,1229.2167940878348,307.1728447145377,204.8694656813059,0.0,0.0,154,False
45480,15,Arica y Parinacota,819.4778627252233,MVP_coverage_mid,1229.2167940878348,1229.2167940878348,614.6083970439174,204.86946568130588,13,8.0,1.0,2.0,32.0,0.01,True,,1.0169985062997087,300.30292301177786,1229.2167940878348,464.3479584254958,519.1749397134454,0.0,0.0,154,False
45480,15,Arica y Parinacota,819.4778627252233,MVP_coverage_mid,1229.2167940878348,1229.2167940878348,614.6083970439174,204.86946568130588,14,8.0,1.0,2.0,64.0,0.0,True,,0.24989314024340312,614.6083970439174,1229.2167940878348,307.1728447145377,204.86946568130588,0.0,0.0,154,False
45480,15,Arica y Parinacota,819.4778627252233,MVP_coverage_mid,1229.2167940878348,1229.2167940878348,614.6083970439174,204.86946568130588,15,8.0,1.0,2.0,64.0,0.01,True,,1.200603021956309,225.05349463540972,1229.2167940878348,501.9141416000315,594.4243680898135,0.0,0.0,154,False
45480,15,Arica y Parinacota,819.4778627252233,MVP_coverage_mid,1229.2167940878348,1229.2167940878348,614.6083970439174,204.86946568130588,16,8.0,1.0,4.0,8.0,0.0,True,,0.24989314024340312,614.6083970439174,1229.2167940878348,307.1728447145377,204.8694656813059,0.0,0.0,154,False
45480,15,Arica y Parinacota,819.4778627252233,MVP_coverage_mid,1229.2167940878348,1229.2167940878348,614.6083970439174,204.86946568130588,17,8.0,1.0,4.0,8.0,0.01,True,,0.6323458998158477,457.9021068588098,1229.2167940878348,385.52447426345435,361.57575586641343,0.0,0.0,154,False
45480,15,Arica y Parinacota,819.4778627252233,MVP_coverage_mid,1229.2167940878348,1229.2167940878348,614.6083970439174,204.86946568130588,18,8.0,1.0,4.0,16.0,0.0,True,,0.24989314024340312,614.6083970439174,1229.2167940878348,307.1728447145377,204.8694656813059,0.0,0.0,154,False
45480,15,Arica y Parinacota,819.4778627252233,MVP_coverage_mid,1229.2167940878348,1229.2167940878348,614.6083970439174,204.86946568130588,19,8.0,1.0,4.0,16.0,0.01,True,,0.7994824567039446,389.4560400188201,1229.2167940878348,419.85636979634575,430.02182270640316,0.0,0.0,154,False
45480,15,Arica y Parinacota,819.4778627252233,MVP_coverage_mid,1229.2167940878348,1229.2167940878348,614.6083970439174,204.86946568130588,20,8.0,1.0,4.0,32.0,0.0,True,,0.24989314024340312,614.6083970439174,1229.2167940878348,307.1728447145377,204.8694656813059,0.0,0.0,154,False
45480,15,Arica y Parinacota,819.4778627252233,MVP_coverage_mid,1229.2167940878348,1229.2167940878348,614.6083970439174,204.86946568130588,21,8.0,1.0,4.0,32.0,0.01,True,,1.0169985062997087,300.30292301177786,1229.2167940878348,464.3479584254958,519.1749397134454,0.0,0.0,154,False
45480,15,Arica y Parinacota,819.4778627252233,MVP_coverage_mid,1229.2167940878348,1229.2167940878348,614.6083970439174,204.86946568130588,22,8.0,1.0,4.0,64.0,0.0,True,,0.24989314024340312,614.6083970439174,1229.2167940878348,307.1728447145377,204.86946568130588,0.0,0.0,154,False
45480,15,Arica y Parinacota,819.4778627252233,MVP_coverage_mid,1229.2167940878348,1229.2167940878348,614.6083970439174,204.86946568130588,23,8.0,1.0,4.0,64.0,0.01,True,,1.1933356081342334,228.0714250136827,1229.2167940878348,500.52574042603254,591.4064377115405,0.0,0.0,154,False
45480,15,Arica y Parinacota,819.4778627252233,MVP_coverage_mid,1229.2167940878348,1229.2167940878348,614.6083970439174,204.86946568130588,24,8.0,2.0,1.0,8.0,0.0,True,,0.24989314024340312,614.6083970439174,1229.2167940878348,307.1728447145377,204.86946568130588,0.0,0.0,154,False
45480,15,Arica y Parinacota,819.4778627252233,MVP_coverage_mid,1229.2167940878348,1229.2167940878348,614.6083970439174,204.86946568130588,25,8.0,2.0,1.0,8.0,0.01,True,,0.63151420610121,458.2785435289553,1229.2167940878348,385.44323405724816,361.199319196268,0.0,0.0,154,False
45480,15,Arica y Parinacota,819.4778627252233,MVP_coverage_mid,1229.2167940878348,1229.2167940878348,614.6083970439174,204.86946568130588,26,8.0,2.0,1.0,16.0,0.0,True,,0.24989314024340312,614.6083970439174,1229.2167940878348,307.1728447145377,204.8694656813059,0.0,0.0,154,False
45480,15,Arica y Parinacota,819.4778627252233,MVP_coverage_mid,1229.2167940878348,1229.2167940878348,614.6083970439174,204.86946568130588,27,8.0,2.0,1.0,16.0,0.01,True,,0.7953745714363726,391.0841989496017,1229.2167940878348,418.87728556421433,428.3936637756215,0.0,0.0,154,False
45480,15,Arica y Parinacota,819.4778627252233,MVP_coverage_mid,1229.2167940878348,1229.2167940878348,614.6083970439174,204.86946568130588,28,8.0,2.0,1.0,32.0,0.0,True,,0.24989314024340312,614.6083970439174,1229.2167940878348,307.1728447145377,204.8694656813059,0.0,0.0,154,False
45480,15,Arica y Parinacota,819.4778627252233,MVP_coverage_mid,1229.2167940878348,1229.2167940878348,614.6083970439174,204.86946568130588,29,8.0,2.0,1.0,32.0,0.01,True,,1.0118942465069494,302.35408424695254,1229.2167940878348,463.2016196547853,517.1237784782708,0.0,0.0,154,False
45480,15,Arica y Parinacota,819.4778627252233,MVP_coverage_mid,1229.2167940878348,1229.2167940878348,614.6083970439174,204.86946568130588,30,8.0,2.0,1.0,64.0,0.0,True,,0.24989314024340312,614.6083970439174,1229.2167940878348,307.1728447145377,204.86946568130588,0.0,0.0,154,False
45480,15,Arica y Parinacota,819.4778627252233,MVP_coverage_mid,1229.2167940878348,1229.2167940878348,614.6083970439174,204.86946568130588,31,8.0,2.0,1.0,64.0,0.01,True,,1.2001689263386857,225.2867109570318,1229.2167940878348,501.9635847806637,594.1911517681915,0.0,0.0,154,False
45480,15,Arica y Parinacota,819.4778627252233,MVP_coverage_mid,1229.2167940878348,1229.2167940878348,614.6083970439174,204.86946568130588,32,8.0,2.0,2.0,8.0,0.0,True,,0.24989314024340312,614.6083970439174,1229.2167940878348,307.1728447145377,204.86946568130588,0.0,0.0,154,False
45480,15,Arica y Parinacota,819.4778627252233,MVP_coverage_mid,1229.2167940878348,1229.2167940878348,614.6083970439174,204.86946568130588,33,8.0,2.0,2.0,8.0,0.01,True,,0.63151420610121,458.2785435289553,1229.2167940878348,385.44323405724816,361.199319196268,0.0,0.0,154,False
45480,15,Arica y Parinacota,819.4778627252233,MVP_coverage_mid,1229.2167940878348,1229.2167940878348,614.6083970439174,204.86946568130588,34,8.0,2.0,2.0,16.0,0.0,True,,0.24989314024340312,614.6083970439174,1229.2167940878348,307.1728447145377,204.8694656813059,0.0,0.0,154,False
45480,15,Arica y Parinacota,819.4778627252233,MVP_coverage_mid,1229.2167940878348,1229.2167940878348,614.6083970439174,204.86946568130588,35,8.0,2.0,2.0,16.0,0.01,True,,0.7953745714363726,391.0841989496017,1229.2167940878348,418.87728556421433,428.3936637756215,0.0,0.0,154,False
45480,15,Arica y Parinacota,819.4778627252233,MVP_coverage_mid,1229.2167940878348,1229.2167940878348,614.6083970439174,204.86946568130588,36,8.0,2.0,2.0,32.0,0.0,True,,0.24989314024340312,614.6083970439174,1229.2167940878348,307.1728447145377,204.8694656813059,0.0,0.0,154,False
45480,15,Arica y Parinacota,819.4778627252233,MVP_coverage_mid,1229.2167940878348,1229.2167940878348,614.6083970439174,204.86946568130588,37,8.0,2.0,2.0,32.0,0.01,True,,1.0118942465069494,302.35408424695254,1229.2167940878348,463.2016196547853,517.1237784782708,0.0,0.0,154,False
45480,15,Arica y Parinacota,819.4778627252233,MVP_coverage_mid,1229.2167940878348,1229.2167940878348,614.6083970439174,204.86946568130588,38,8.0,2.0,2.0,64.0,0.0,True,,0.24989314024340312,614.6083970439174,1229.2167940878348,307.1728447145377,204.86946568130588,0.0,0.0,154,False
45480,15,Arica y Parinacota,819.4778627252233,MVP_coverage_mid,1229.2167940878348,1229.2167940878348,614.6083970439174,204.86946568130588,39,8.0,2.0,2.0,64.0,0.01,True,,1.2001689263386857,225.2867109570318,1229.2167940878348,501.9635847806637,594.1911517681915,0.0,0.0,154,False
45480,15,Arica y Parinacota,819.4778627252233,MVP_coverage_mid,1229.2167940878348,1229.2167940878348,614.6083970439174,204.86946568130588,40,8.0,2.0,4.0,8.0,0.0,True,,0.24989314024340312,614.6083970439174,1229.2167940878348,307.1728447145377,204.86946568130588,0.0,0.0,154,False
45480,15,Arica y Parinacota,819.4778627252233,MVP_coverage_mid,1229.2167940878348,1229.2167940878348,614.6083970439174,204.86946568130588,41,8.0,2.0,4.0,8.0,0.01,True,,0.63151420610121,458.2785435289553,1229.2167940878348,385.44323405724816,361.199319196268,0.0,0.0,154,False
45480,15,Arica y Parinacota,819.4778627252233,MVP_coverage_mid,1229.2167940878348,1229.2167940878348,614.6083970439174,204.86946568130588,42,8.0,2.0,4.0,16.0,0.0,True,,0.24989314024340312,614.6083970439174,1229.2167940878348,307.1728447145377,204.8694656813059,0.0,0.0,154,False
45480,15,Arica y Parinacota,819.4778627252233,MVP_coverage_mid,1229.2167940878348,1229.2167940878348,614.6083970439174,204.86946568130588,43,8.0,2.0,4.0,16.0,0.01,True,,0.7953745714363726,391.0841989496017,1229.2167940878348,418.87728556421433,428.3936637756215,0.0,0.0,154,False
45480,15,Arica y Parinacota,819.4778627252233,MVP_coverage_mid,1229.2167940878348,1229.2167940878348,614.6083970439174,204.86946568130588,44,8.0,2.0,4.0,32.0,0.0,True,,0.24989314024340312,614.6083970439174,1229.2167940878348,307.1728447145377,204.8694656813059,0.0,0.0,154,False
45480,15,Arica y Parinacota,819.4778627252233,MVP_coverage_mid,1229.2167940878348,1229.2167940878348,614.6083970439174,204.86946568130588,45,8.0,2.0,4.0,32.0,0.01,True,,1.0118942465069494,302.35408424695254,1229.2167940878348,463.2016196547853,517.1237784782708,0.0,0.0,154,False
45480,15,Arica y Parinacota,819.4778627252233,MVP_coverage_mid,1229.2167940878348,1229.2167940878348,614.6083970439174,204.86946568130588,46,8.0,2.0,4.0,64.0,0.0,True,,0.24989314024340312,614.6083970439174,1229.2167940878348,307.1728447145377,204.86946568130588,0.0,0.0,154,False
45480,15,Arica y Parinacota,819.4778627252233,MVP_coverage_mid,1229.2167940878348,1229.2167940878348,614.6083970439174,204.86946568130588,47,8.0,2.0,4.0,64.0,0.01,True,,1.1930051201539749,228.21277905043533,1229.2167940878348,500.47288414233583,591.265083674788,0.0,0.0,154,False
45480,15,Arica y Parinacota,819.4778627252233,MVP_coverage_mid,1229.2167940878348,1229.2167940878348,614.6083970439174,204.86946568130588,48,16.0,1.0,1.0,8.0,0.0,True,,0.6267428574712195,482.220166920295,1229.2167940878348,373.2381556073539,337.2576958049283,132.3882301236224,0.0,77,False
45480,15,Arica y Parinacota,819.4778627252233,MVP_coverage_mid,1229.2167940878348,1229.2167940878348,614.6083970439174,204.86946568130588,49,16.0,1.0,1.0,8.0,0.01,True,,1.006054413917719,326.54072032734297,1229.2167940878348,451.1810856352077,492.93714239788034,130.61740785442078,0.0,77,False
45480,15,Arica y Parinacota,819.4778627252233,MVP_coverage_mid,1229.2167940878348,1229.2167940878348,614.6083970439174,204.86946568130588,50,16.0,1.0,1.0,16.0,0.0,True,,0.24989314024340312,614.6083970439174,1229.2167940878348,307.1728447145377,204.8694656813059,0.0,0.0,77,False
45480,15,Arica y Parinacota,819.4778627252233,MVP_coverage_mid,1229.2167940878348,1229.2167940878348,614.6083970439174,204.86946568130588,51,16.0,1.0,1.0,16.0,0.01,True,,0.9092538936237807,344.4704654298495,1229.2167940878348,442.32532709693527,475.0073972953738,0.0,0.0,77,False
45480,15,Arica y Parinacota,819.4778627252233,MVP_coverage_mid,1229.2167940878348,1229.2167940878348,614.6083970439174,204.86946568130588,52,16.0,1.0,1.0,32.0,0.0,True,,0.24989314024340312,614.6083970439174,1229.2167940878348,307.1728447145377,204.8694656813059,0.0,0.0,77,False
45480,15,Arica y Parinacota,819.4778627252233,MVP_coverage_mid,1229.2167940878348,1229.2167940878348,614.6083970439174,204.86946568130588,53,16.0,1.0,1.0,32.0,0.01,True,,1.0752757590197564,276.453679636206,1229.2167940878348,476.36022774334964,543.0241830890172,0.0,0.0,77,False
45480,15,Arica y Parinacota,819.4778627252233,MVP_coverage_mid,1229.2167940878348,1229.2167940878348,614.6083970439174,204.86946568130588,54,16.0,1.0,1.0,64.0,0.0,True,,0.24989314024340312,614.6083970439174,1229.2167940878348,307.1728447145377,204.86946568130588,0.0,0.0,77,False
45480,15,Arica y Parinacota,819.4778627252233,MVP_coverage_mid,1229.2167940878348,1229.2167940878348,614.6083970439174,204.86946568130588,55,16.0,1.0,1.0,64.0,0.01,True,,1.2365003493555964,210.38120961690953,1229.2167940878348,509.3590267558542,609.0966531083137,0.0,0.0,77,False
45480,15,Arica y Parinacota,819.4778627252233,MVP_coverage_mid,1229.2167940878348,1229.2167940878348,614.6083970439174,204.86946568130588,56,16.0,1.0,2.0,8.0,0.0,True,,0.6267428574712195,482.220166920295,1229.2167940878348,373.2381556073539,337.2576958049283,132.3882301236224,0.0,77,False
45480,15,Arica y Parinacota,819.4778627252233,MVP_coverage_mid,1229.2167940878348,1229.2167940878348,614.6083970439174,204.86946568130588,57,16.0,1.0,2.0,8.0,0.01,True,,1.006054413917719,326.54072032734297,1229.2167940878348,451.1810856352077,492.93714239788034,130.61740785442078,0.0,77,False
45480,15,Arica y Parinacota,819.4778627252233,MVP_coverage_mid,1229.2167940878348,1229.2167940878348,614.6083970439174,204.86946568130588,58,16.0,1.0,2.0,16.0,0.0,True,,0.24989314024340312,614.6083970439174,1229.2167940878348,307.1728447145377,204.8694656813059,0.0,0.0,77,False
45480,15,Arica y Parinacota,819.4778627252233,MVP_coverage_mid,1229.2167940878348,1229.2167940878348,614.6083970439174,204.86946568130588,59,16.0,1.0,2.0,16.0,0.01,True,,0.9092538936237807,344.4704654298495,1229.2167940878348,442.32532709693527,475.0073972953738,0.0,0.0,77,False
45480,15,Arica y Parinacota,819.4778627252233,MVP_coverage_mid,1229.2167940878348,1229.2167940878348,614.6083970439174,204.86946568130588,60,16.0,1.0,2.0,32.0,0.0,True,,0.24989314024340312,614.6083970439174,1229.2167940878348,307.1728447145377,204.8694656813059,0.0,0.0,77,False
45480,15,Arica y Parinacota,819.4778627252233,MVP_coverage_mid,1229.2167940878348,1229.2167940878348,614.6083970439174,204.86946568130588,61,16.0,1.0,2.0,32.0,0.01,True,,1.0752757590197564,276.453679636206,1229.2167940878348,476.36022774334964,543.0241830890172,0.0,0.0,77,False
45480,15,Arica y Parinacota,819.4778627252233,MVP_coverage_mid,1229.2167940878348,1229.2167940878348,614.6083970439174,204.86946568130588,62,16.0,1.0,2.0,64.0,0.0,True,,0.24989314024340312,614.6083970439174,1229.2167940878348,307.1728447145377,204.86946568130588,0.0,0.0,77,False
45480,15,Arica y Parinacota,819.4778627252233,MVP_coverage_mid,1229.2167940878348,1229.2167940878348,614.6083970439174,204.86946568130588,63,16.0,1.0,2.0,64.0,0.01,True,,1.2365003493553706,210.38120961698883,1229.2167940878348,509.3590267557749,609.0966531082345,0.0,0.0,77,False
45480,15,Arica y Parinacota,819.4778627252233,MVP_coverage_mid,1229.2167940878348,1229.2167940878348,614.6083970439174,204.86946568130588,64,16.0,1.0,4.0,8.0,0.0,True,,0.6267428574712195,482.220166920295,1229.2167940878348,373.2381556073539,337.2576958049283,132.3882301236224,0.0,77,False
45480,15,Arica y Parinacota,819.4778627252233,MVP_coverage_mid,1229.2167940878348,1229.2167940878348,614.6083970439174,204.86946568130588,65,16.0,1.0,4.0,8.0,0.01,True,,1.006054413917719,326.54072032734297,1229.2167940878348,451.1810856352077,492.93714239788034,130.61740785442078,0.0,77,False
45480,15,Arica y Parinacota,819.4778627252233,MVP_coverage_mid,1229.2167940878348,1229.2167940878348,614.6083970439174,204.86946568130588,66,16.0,1.0,4.0,16.0,0.0,True,,0.24989314024340312,614.6083970439174,1229.2167940878348,307.1728447145377,204.8694656813059,0.0,0.0,77,False
45480,15,Arica y Parinacota,819.4778627252233,MVP_coverage_mid,1229.2167940878348,1229.2167940878348,614.6083970439174,204.86946568130588,67,16.0,1.0,4.0,16.0,0.01,True,,0.9092538936237807,344.4704654298495,1229.2167940878348,442.32532709693527,475.0073972953738,0.0,0.0,77,False
45480,15,Arica y Parinacota,819.4778627252233,MVP_coverage_mid,1229.2167940878348,1229.2167940878348,614.6083970439174,204.86946568130588,68,16.0,1.0,4.0,32.0,0.0,True,,0.24989314024340312,614.6083970439174,1229.2167940878348,307.1728447145377,204.8694656813059,0.0,0.0,77,False
45480,15,Arica y Parinacota,819.4778627252233,MVP_coverage_mid,1229.2167940878348,1229.2167940878348,614.6083970439174,204.86946568130588,69,16.0,1.0,4.0,32.0,0.01,True,,1.0752757590197561,276.45367963620606,1229.2167940878348,476.3602277433495,543.0241830890172,0.0,0.0,77,False
45480,15,Arica y Parinacota,819.4778627252233,MVP_coverage_mid,1229.2167940878348,1229.2167940878348,614.6083970439174,204.86946568130588,70,16.0,1.0,4.0,64.0,0.0,True,,0.24989314024340312,614.6083970439174,1229.2167940878348,307.1728447145377,204.86946568130588,0.0,0.0,77,False
45480,15,Arica y Parinacota,819.4778627252233,MVP_coverage_mid,1229.2167940878348,1229.2167940878348,614.6083970439174,204.86946568130588,71,16.0,1.0,4.0,64.0,0.01,True,,1.2290497591119496,213.45094322431436,1229.2167940878348,507.8749701210084,606.0269195009089,0.0,0.0,77,False
45480,15,Arica y Parinacota,819.4778627252233,MVP_coverage_mid,1229.2167940878348,1229.2167940878348,614.6083970439174,204.86946568130588,72,16.0,2.0,1.0,8.0,0.0,True,,0.5347795467478309,514.5746662752588,1229.2167940878348,357.2588076911383,304.90319644996447,100.03373076865854,0.0,77,False
45480,15,Arica y Parinacota,819.4778627252233,MVP_coverage_mid,1229.2167940878348,1229.2167940878348,614.6083970439174,204.86946568130588,73,16.0,2.0,1.0,8.0,0.01,True,,0.9568175327010385,341.96534784128403,1229.2167940878348,443.5794848181775,477.5125148839393,101.89814449808367,0.0,77,False
45480,15,Arica y Parinacota,819.4778627252233,MVP_coverage_mid,1229.2167940878348,1229.2167940878348,614.6083970439174,204.86946568130588,74,16.0,2.0,1.0,16.0,0.0,True,,0.24989314024340312,614.6083970439174,1229.2167940878348,307.1728447145377,204.8694656813059,0.0,0.0,77,False
45480,15,Arica y Parinacota,819.4778627252233,MVP_coverage_mid,1229.2167940878348,1229.2167940878348,614.6083970439174,204.86946568130588,75,16.0,2.0,1.0,16.0,0.01,True,,0.9024879760086816,347.2265281300824,1229.2167940878348,440.89870428762276,472.2513345951409,0.0,0.0,77,False
45480,15,Arica y Parinacota,819.4778627252233,MVP_coverage_mid,1229.2167940878348,1229.2167940878348,614.6083970439174,204.86946568130588,76,16.0,2.0,1.0,32.0,0.0,True,,0.24989314024340312,614.6083970439174,1229.2167940878348,307.1728447145377,204.8694656813059,0.0,0.0,77,False
45480,15,Arica y Parinacota,819.4778627252233,MVP_coverage_mid,1229.2167940878348,1229.2167940878348,614.6083970439174,204.86946568130588,77,16.0,2.0,1.0,32.0,0.01,True,,1.0752105784375854,276.47657136942115,1229.2167940878348,476.3373360101345,543.0012913558021,0.0,0.0,77,False
45480,15,Arica y Parinacota,819.4778627252233,MVP_coverage_mid,1229.2167940878348,1229.2167940878348,614.6083970439174,204.86946568130588,78,16.0,2.0,1.0,64.0,0.0,True,,0.24989314024340312,614.6083970439174,1229.2167940878348,307.1728447145377,204.86946568130588,0.0,0.0,77,False
45480,15,Arica y Parinacota,819.4778627252233,MVP_coverage_mid,1229.2167940878348,1229.2167940878348,614.6083970439174,204.86946568130588,79,16.0,2.0,1.0,64.0,0.01,True,,1.2363128630190663,210.44705571791653,1229.2167940878348,509.2931806548472,609.0308070073067,0.0,0.0,77,False
45480,15,Arica y Parinacota,819.4778627252233,MVP_coverage_mid,1229.2167940878348,1229.2167940878348,614.6083970439174,204.86946568130588,80,16.0,2.0,2.0,8.0,0.0,True,,0.5347795467478309,514.5746662752588,1229.2167940878348,357.2588076911383,304.90319644996447,100.03373076865854,0.0,77,False
45480,15,Arica y Parinacota,819.4778627252233,MVP_coverage_mid,1229.2167940878348,1229.2167940878348,614.6083970439174,204.86946568130588,81,16.0,2.0,2.0,8.0,0.01,True,,0.9568175327010385,341.96534784128403,1229.2167940878348,443.5794848181775,477.5125148839393,101.89814449808367,0.0,77,False
45480,15,Arica y Parinacota,819.4778627252233,MVP_coverage_mid,1229.2167940878348,1229.2167940878348,614.6083970439174,204.86946568130588,82,16.0,2.0,2.0,16.0,0.0,True,,0.24989314024340312,614.6083970439174,1229.2167940878348,307.1728447145377,204.8694656813059,0.0,0.0,77,False
45480,15,Arica y Parinacota,819.4778627252233,MVP_coverage_mid,1229.2167940878348,1229.2167940878348,614.6083970439174,204.86946568130588,83,16.0,2.0,2.0,16.0,0.01,True,,0.9024879760086816,347.2265281300824,1229.2167940878348,440.89870428762276,472.2513345951409,0.0,0.0,77,False
45480,15,Arica y Parinacota,819.4778627252233,MVP_coverage_mid,1229.2167940878348,1229.2167940878348,614.6083970439174,204.86946568130588,84,16.0,2.0,2.0,32.0,0.0,True,,0.24989314024340312,614.6083970439174,1229.2167940878348,307.1728447145377,204.8694656813059,0.0,0.0,77,False
45480,15,Arica y Parinacota,819.4778627252233,MVP_coverage_mid,1229.2167940878348,1229.2167940878348,614.6083970439174,204.86946568130588,85,16.0,2.0,2.0,32.0,0.01,True,,1.0752105784375854,276.47657136942115,1229.2167940878348,476.3373360101345,543.0012913558021,0.0,0.0,77,False
45480,15,Arica y Parinacota,819.4778627252233,MVP_coverage_mid,1229.2167940878348,1229.2167940878348,614.6083970439174,204.86946568130588,86,16.0,2.0,2.0,64.0,0.0,True,,0.24989314024340312,614.6083970439174,1229.2167940878348,307.1728447145377,204.86946568130588,0.0,0.0,77,False
45480,15,Arica y Parinacota,819.4778627252233,MVP_coverage_mid,1229.2167940878348,1229.2167940878348,614.6083970439174,204.86946568130588,87,16.0,2.0,2.0,64.0,0.01,True,,1.2363128630190663,210.44705571791653,1229.2167940878348,509.2931806548472,609.0308070073067,0.0,0.0,77,False
45480,15,Arica y Parinacota,819.4778627252233,MVP_coverage_mid,1229.2167940878348,1229.2167940878348,614.6083970439174,204.86946568130588,88,16.0,2.0,4.0,8.0,0.0,True,,0.5347795467478309,514.5746662752588,1229.2167940878348,357.2588076911383,304.90319644996447,100.03373076865854,0.0,77,False
45480,15,Arica y Parinacota,819.4778627252233,MVP_coverage_mid,1229.2167940878348,1229.2167940878348,614.6083970439174,204.86946568130588,89,16.0,2.0,4.0,8.0,0.01,True,,0.9568175327010385,341.96534784128403,1229.2167940878348,443.5794848181775,477.5125148839393,101.89814449808367,0.0,77,False
45480,15,Arica y Parinacota,819.4778627252233,MVP_coverage_mid,1229.2167940878348,1229.2167940878348,614.6083970439174,204.86946568130588,90,16.0,2.0,4.0,16.0,0.0,True,,0.24989314024340312,614.6083970439174,1229.2167940878348,307.1728447145377,204.8694656813059,0.0,0.0,77,False
45480,15,Arica y Parinacota,819.4778627252233,MVP_coverage_mid,1229.2167940878348,1229.2167940878348,614.6083970439174,204.86946568130588,91,16.0,2.0,4.0,16.0,0.01,True,,0.9024879760086816,347.2265281300824,1229.2167940878348,440.89870428762276,472.2513345951409,0.0,0.0,77,False
45480,15,Arica y Parinacota,819.4778627252233,MVP_coverage_mid,1229.2167940878348,1229.2167940878348,614.6083970439174,204.86946568130588,92,16.0,2.0,4.0,32.0,0.0,True,,0.24989314024340312,614.6083970439174,1229.2167940878348,307.1728447145377,204.8694656813059,0.0,0.0,77,False
45480,15,Arica y Parinacota,819.4778627252233,MVP_coverage_mid,1229.2167940878348,1229.2167940878348,614.6083970439174,204.86946568130588,93,16.0,2.0,4.0,32.0,0.01,True,,1.0752105784375854,276.47657136942115,1229.2167940878348,476.3373360101345,543.0012913558021,0.0,0.0,77,False
45480,15,Arica y Parinacota,819.4778627252233,MVP_coverage_mid,1229.2167940878348,1229.2167940878348,614.6083970439174,204.86946568130588,94,16.0,2.0,4.0,64.0,0.0,True,,0.24989314024340312,614.6083970439174,1229.2167940878348,307.1728447145377,204.86946568130588,0.0,0.0,77,False
45480,15,Arica y Parinacota,819.4778627252233,MVP_coverage_mid,1229.2167940878348,1229.2167940878348,614.6083970439174,204.86946568130588,95,16.0,2.0,4.0,64.0,0.01,True,,1.2287545013522563,213.56925652314388,1229.2167940878348,507.8078175712827,605.9086062020795,0.0,0.0,77,False
45480,15,Arica y Parinacota,819.4778627252233,MVP_coverage_mid,1229.2167940878348,1229.2167940878348,614.6083970439174,204.86946568130588,96,32.0,1.0,1.0,8.0,0.0,True,,1.3039551242339176,244.42198037099826,1229.2167940878348,492.2842874264634,575.055882354225,370.18641667291917,0.0,39,False
45480,15,Arica y Parinacota,819.4778627252233,MVP_coverage_mid,1229.2167940878348,1229.2167940878348,614.6083970439174,204.86946568130588,97,32.0,1.0,1.0,8.0,0.01,True,,1.4961825507433737,165.58945893578536,1229.2167940878348,531.7455647613965,653.8884037894379,369.6796167264048,0.0,39,False
45480,15,Arica y Parinacota,819.4778627252233,MVP_coverage_mid,1229.2167940878348,1229.2167940878348,614.6083970439174,204.86946568130588,98,32.0,1.0,1.0,16.0,0.0,True,,0.6449077898071371,475.8610349391955,1229.2167940878348,376.4893995548346,343.6168277860277,138.74736210472184,0.0,39,False
45480,15,Arica y Parinacota,819.4778627252233,MVP_coverage_mid,1229.2167940878348,1229.2167940878348,614.6083970439174,204.86946568130588,99,32.0,1.0,1.0,16.0,0.01,True,,1.1977534704205792,248.8889090163857,1229.2167940878348,490.12957546985706,570.5889537088376,135.7407709585522,0.0,39,False
45480,15,Arica y Parinacota,819.4778627252233,MVP_coverage_mid,1229.2167940878348,1229.2167940878348,614.6083970439174,204.86946568130588,100,32.0,1.0,1.0,32.0,0.0,True,,0.24989314024340314,614.6083970439174,1229.2167940878348,307.1728447145377,204.86946568130594,0.0,0.0,39,False
45480,15,Arica y Parinacota,819.4778627252233,MVP_coverage_mid,1229.2167940878348,1229.2167940878348,614.6083970439174,204.86946568130588,101,32.0,1.0,1.0,32.0,0.01,True,,1.1438574237002923,248.32216494671886,1229.2167940878348,490.33317501144717,571.1556977785044,0.0,0.0,39,False
45480,15,Arica y Parinacota,819.4778627252233,MVP_coverage_mid,1229.2167940878348,1229.2167940878348,614.6083970439174,204.86946568130588,102,32.0,1.0,1.0,64.0,0.0,True,,0.24989314024340312,614.6083970439174,1229.2167940878348,307.1728447145377,204.86946568130588,0.0,0.0,39,False
45480,15,Arica y Parinacota,819.4778627252233,MVP_coverage_mid,1229.2167940878348,1229.2167940878348,614.6083970439174,204.86946568130588,103,32.0,1.0,1.0,64.0,0.01,True,,1.301988835570518,183.55958927230708,1229.2167940878348,522.8045229691195,635.9182734529161,0.0,0.0,39,False
45480,15,Arica y Parinacota,819.4778627252233,MVP_coverage_mid,1229.2167940878348,1229.2167940878348,614.6083970439174,204.86946568130588,104,32.0,1.0,2.0,8.0,0.0,True,,1.3039551242339176,244.42198037099826,1229.2167940878348,492.2842874264634,575.055882354225,370.18641667291917,0.0,39,False
45480,15,Arica y Parinacota,819.4778627252233,MVP_coverage_mid,1229.2167940878348,1229.2167940878348,614.6083970439174,204.86946568130588,105,32.0,1.0,2.0,8.0,0.01,True,,1.4961825507433737,165.58945893578536,1229.2167940878348,531.7455647613965,653.8884037894379,369.6796167264048,0.0,39,False
45480,15,Arica y Parinacota,819.4778627252233,MVP_coverage_mid,1229.2167940878348,1229.2167940878348,614.6083970439174,204.86946568130588,106,32.0,1.0,2.0,16.0,0.0,True,,0.6449077898071371,475.8610349391955,1229.2167940878348,376.4893995548346,343.6168277860277,138.74736210472184,0.0,39,False
45480,15,Arica y Parinacota,819.4778627252233,MVP_coverage_mid,1229.2167940878348,1229.2167940878348,614.6083970439174,204.86946568130588,107,32.0,1.0,2.0,16.0,0.01,True,,1.1977534704205792,248.8889090163857,1229.2167940878348,490.12957546985706,570.5889537088376,135.7407709585522,0.0,39,False
45480,15,Arica y Parinacota,819.4778627252233,MVP_coverage_mid,1229.2167940878348,1229.2167940878348,614.6083970439174,204.86946568130588,108,32.0,1.0,2.0,32.0,0.0,True,,0.24989314024340314,614.6083970439174,1229.2167940878348,307.1728447145377,204.86946568130594,0.0,0.0,39,False
45480,15,Arica y Parinacota,819.4778627252233,MVP_coverage_mid,1229.2167940878348,1229.2167940878348,614.6083970439174,204.86946568130588,109,32.0,1.0,2.0,32.0,0.01,True,,1.1438574237002923,248.32216494671886,1229.2167940878348,490.33317501144717,571.1556977785044,0.0,0.0,39,False
45480,15,Arica y Parinacota,819.4778627252233,MVP_coverage_mid,1229.2167940878348,1229.2167940878348,614.6083970439174,204.86946568130588,110,32.0,1.0,2.0,64.0,0.0,True,,0.24989314024340312,614.6083970439174,1229.2167940878348,307.1728447145377,204.86946568130588,0.0,0.0,39,False
45480,15,Arica y Parinacota,819.4778627252233,MVP_coverage_mid,1229.2167940878348,1229.2167940878348,614.6083970439174,204.86946568130588,111,32.0,1.0,2.0,64.0,0.01,True,,1.301988835562006,183.55958927529653,1229.2167940878348,522.80452296613,635.9182734499267,0.0,0.0,39,False
45480,15,Arica y Parinacota,819.4778627252233,MVP_coverage_mid,1229.2167940878348,1229.2167940878348,614.6083970439174,204.86946568130588,112,32.0,1.0,4.0,8.0,0.0,True,,1.3039551242339176,244.42198037099826,1229.2167940878348,492.2842874264634,575.055882354225,370.18641667291917,0.0,39,False
45480,15,Arica y Parinacota,819.4778627252233,MVP_coverage_mid,1229.2167940878348,1229.2167940878348,614.6083970439174,204.86946568130588,113,32.0,1.0,4.0,8.0,0.01,True,,1.4961825507433737,165.58945893578536,1229.2167940878348,531.7455647613965,653.8884037894379,369.6796167264048,0.0,39,False
45480,15,Arica y Parinacota,819.4778627252233,MVP_coverage_mid,1229.2167940878348,1229.2167940878348,614.6083970439174,204.86946568130588,114,32.0,1.0,4.0,16.0,0.0,True,,0.6449077898071371,475.8610349391955,1229.2167940878348,376.4893995548346,343.6168277860277,138.74736210472184,0.0,39,False
45480,15,Arica y Parinacota,819.4778627252233,MVP_coverage_mid,1229.2167940878348,1229.2167940878348,614.6083970439174,204.86946568130588,115,32.0,1.0,4.0,16.0,0.01,True,,1.1977534704205792,248.8889090163857,1229.2167940878348,490.12957546985706,570.5889537088376,135.7407709585522,0.0,39,False
45480,15,Arica y Parinacota,819.4778627252233,MVP_coverage_mid,1229.2167940878348,1229.2167940878348,614.6083970439174,204.86946568130588,116,32.0,1.0,4.0,32.0,0.0,True,,0.24989314024340314,614.6083970439174,1229.2167940878348,307.1728447145377,204.86946568130594,0.0,0.0,39,False
45480,15,Arica y Parinacota,819.4778627252233,MVP_coverage_mid,1229.2167940878348,1229.2167940878348,614.6083970439174,204.86946568130588,117,32.0,1.0,4.0,32.0,0.01,True,,1.1438574237002923,248.32216494671886,1229.2167940878348,490.33317501144717,571.1556977785044,0.0,0.0,39,False
45480,15,Arica y Parinacota,819.4778627252233,MVP_coverage_mid,1229.2167940878348,1229.2167940878348,614.6083970439174,204.86946568130588,118,32.0,1.0,4.0,64.0,0.0,True,,0.24989314024340312,614.6083970439174,1229.2167940878348,307.1728447145377,204.86946568130588,0.0,0.0,39,False
45480,15,Arica y Parinacota,819.4778627252233,MVP_coverage_mid,1229.2167940878348,1229.2167940878348,614.6083970439174,204.86946568130588,119,32.0,1.0,4.0,64.0,0.01,True,,1.3019888355591882,183.5595892762862,1229.2167940878348,522.8045229651403,635.918273448937,0.0,0.0,39,False
45480,15,Arica y Parinacota,819.4778627252233,MVP_coverage_mid,1229.2167940878348,1229.2167940878348,614.6083970439174,204.86946568130588,120,32.0,2.0,1.0,8.0,0.0,True,,1.2591002591229787,260.1961150964838,1229.2167940878348,484.47033811200913,559.2817476287394,354.4122819474336,0.0,39,False
45480,15,Arica y Parinacota,819.4778627252233,MVP_coverage_mid,1229.2167940878348,1229.2167940878348,614.6083970439174,204.86946568130588,121,32.0,2.0,1.0,8.0,0.01,True,,1.472329022088086,172.59873660014426,1229.2167940878348,528.0708263627575,646.879126125079,353.4331658028075,0.0,39,False
45480,15,Arica y Parinacota,819.4778627252233,MVP_coverage_mid,1229.2167940878348,1229.2167940878348,614.6083970439174,204.86946568130588,122,32.0,2.0,1.0,16.0,0.0,True,,0.5995181003652296,491.8196907234032,1229.2167940878348,368.5715983670336,327.6581720018201,122.7887063205142,0.0,39,False
45480,15,Arica y Parinacota,819.4778627252233,MVP_coverage_mid,1229.2167940878348,1229.2167940878348,614.6083970439174,204.86946568130588,123,32.0,2.0,1.0,16.0,0.01,True,,1.1804250824542362,253.33552732863288,1229.2167940878348,487.939553934866,566.1423353965904,119.75321458437405,0.0,39,False
45480,15,Arica y Parinacota,819.4778627252233,MVP_coverage_mid,1229.2167940878348,1229.2167940878348,614.6083970439174,204.86946568130588,124,32.0,2.0,1.0,32.0,0.0,True,,0.24989314024340314,614.6083970439174,1229.2167940878348,307.1728447145377,204.86946568130594,0.0,0.0,39,False
45480,15,Arica y Parinacota,819.4778627252233,MVP_coverage_mid,1229.2167940878348,1229.2167940878348,614.6083970439174,204.86946568130588,125,32.0,2.0,1.0,32.0,0.01,True,,1.1436578253975758,248.39226482836767,1229.2167940878348,490.2630751297984,571.0855978968556,0.0,0.0,39,False
45480,15,Arica y Parinacota,819.4778627252233,MVP_coverage_mid,1229.2167940878348,1229.2167940878348,614.6083970439174,204.86946568130588,126,32.0,2.0,1.0,64.0,0.0,True,,0.24989314024340312,614.6083970439174,1229.2167940878348,307.1728447145377,204.86946568130588,0.0,0.0,39,False
45480,15,Arica y Parinacota,819.4778627252233,MVP_coverage_mid,1229.2167940878348,1229.2167940878348,614.6083970439174,204.86946568130588,127,32.0,2.0,1.0,64.0,0.01,True,,1.3017867567166874,183.63056033540957,1229.2167940878348,522.7335519060169,635.8473023898136,0.0,0.0,39,False
45480,15,Arica y Parinacota,819.4778627252233,MVP_coverage_mid,1229.2167940878348,1229.2167940878348,614.6083970439174,204.86946568130588,128,32.0,2.0,2.0,8.0,0.0,True,,1.2591002591229787,260.1961150964838,1229.2167940878348,484.47033811200913,559.2817476287394,354.4122819474336,0.0,39,False
45480,15,Arica y Parinacota,819.4778627252233,MVP_coverage_mid,1229.2167940878348,1229.2167940878348,614.6083970439174,204.86946568130588,129,32.0,2.0,2.0,8.0,0.01,True,,1.472329022088086,172.59873660014426,1229.2167940878348,528.0708263627575,646.879126125079,353.4331658028075,0.0,39,False
45480,15,Arica y Parinacota,819.4778627252233,MVP_coverage_mid,1229.2167940878348,1229.2167940878348,614.6083970439174,204.86946568130588,130,32.0,2.0,2.0,16.0,0.0,True,,0.5995181003652296,491.8196907234032,1229.2167940878348,368.5715983670336,327.6581720018201,122.7887063205142,0.0,39,False
45480,15,Arica y Parinacota,819.4778627252233,MVP_coverage_mid,1229.2167940878348,1229.2167940878348,614.6083970439174,204.86946568130588,131,32.0,2.0,2.0,16.0,0.01,True,,1.1804250824542362,253.33552732863288,1229.2167940878348,487.939553934866,566.1423353965904,119.75321458437405,0.0,39,False
45480,15,Arica y Parinacota,819.4778627252233,MVP_coverage_mid,1229.2167940878348,1229.2167940878348,614.6083970439174,204.86946568130588,132,32.0,2.0,2.0,32.0,0.0,True,,0.24989314024340314,614.6083970439174,1229.2167940878348,307.1728447145377,204.86946568130594,0.0,0.0,39,False
45480,15,Arica y Parinacota,819.4778627252233,MVP_coverage_mid,1229.2167940878348,1229.2167940878348,614.6083970439174,204.86946568130588,133,32.0,2.0,2.0,32.0,0.01,True,,1.1436578253975758,248.39226482836767,1229.2167940878348,490.2630751297984,571.0855978968556,0.0,0.0,39,False
45480,15,Arica y Parinacota,819.4778627252233,MVP_coverage_mid,1229.2167940878348,1229.2167940878348,614.6083970439174,204.86946568130588,134,32.0,2.0,2.0,64.0,0.0,True,,0.24989314024340312,614.6083970439174,1229.2167940878348,307.1728447145377,204.86946568130588,0.0,0.0,39,False
45480,15,Arica y Parinacota,819.4778627252233,MVP_coverage_mid,1229.2167940878348,1229.2167940878348,614.6083970439174,204.86946568130588,135,32.0,2.0,2.0,64.0,0.01,True,,1.3017867567166874,183.63056033540957,1229.2167940878348,522.7335519060169,635.8473023898136,0.0,0.0,39,False
45480,15,Arica y Parinacota,819.4778627252233,MVP_coverage_mid,1229.2167940878348,1229.2167940878348,614.6083970439174,204.86946568130588,136,32.0,2.0,4.0,8.0,0.0,True,,1.2591002591229787,260.1961150964838,1229.2167940878348,484.47033811200913,559.2817476287394,354.4122819474336,0.0,39,False
45480,15,Arica y Parinacota,819.4778627252233,MVP_coverage_mid,1229.2167940878348,1229.2167940878348,614.6083970439174,204.86946568130588,137,32.0,2.0,4.0,8.0,0.01,True,,1.472329022088086,172.59873660014426,1229.2167940878348,528.0708263627575,646.879126125079,353.4331658028075,0.0,39,False
45480,15,Arica y Parinacota,819.4778627252233,MVP_coverage_mid,1229.2167940878348,1229.2167940878348,614.6083970439174,204.86946568130588,138,32.0,2.0,4.0,16.0,0.0,True,,0.5995181003652296,491.8196907234032,1229.2167940878348,368.5715983670336,327.6581720018201,122.7887063205142,0.0,39,False
45480,15,Arica y Parinacota,819.4778627252233,MVP_coverage_mid,1229.2167940878348,1229.2167940878348,614.6083970439174,204.86946568130588,139,32.0,2.0,4.0,16.0,0.01,True,,1.1804250824542362,253.33552732863288,1229.2167940878348,487.939553934866,566.1423353965904,119.75321458437405,0.0,39,False
45480,15,Arica y Parinacota,819.4778627252233,MVP_coverage_mid,1229.2167940878348,1229.2167940878348,614.6083970439174,204.86946568130588,140,32.0,2.0,4.0,32.0,0.0,True,,0.24989314024340314,614.6083970439174,1229.2167940878348,307.1728447145377,204.86946568130594,0.0,0.0,39,False
45480,15,Arica y Parinacota,819.4778627252233,MVP_coverage_mid,1229.2167940878348,1229.2167940878348,614.6083970439174,204.86946568130588,141,32.0,2.0,4.0,32.0,0.01,True,,1.1436578253975758,248.39226482836767,1229.2167940878348,490.2630751297984,571.0855978968556,0.0,0.0,39,False
45480,15,Arica y Parinacota,819.4778627252233,MVP_coverage_mid,1229.2167940878348,1229.2167940878348,614.6083970439174,204.86946568130588,142,32.0,2.0,4.0,64.0,0.0,True,,0.24989314024340312,614.6083970439174,1229.2167940878348,307.1728447145377,204.86946568130588,0.0,0.0,39,False
45480,15,Arica y Parinacota,819.4778627252233,MVP_coverage_mid,1229.2167940878348,1229.2167940878348,614.6083970439174,204.86946568130588,143,32.0,2.0,4.0,64.0,0.01,True,,1.3017867550470126,183.63056092180733,1229.2167940878348,522.7335513196192,635.8473018034159,0.0,0.0,39,False
1643605,16,Nuble,29642.234394265008,MVP_coverage_mid,44463.35159139751,44463.35159139751,22231.67579569876,7410.558598566248,0,8.0,1.0,1.0,8.0,0.0,True,,0.53357265813183,17497.52070029451,35000.0,7156.125514009971,12144.713693970496,0.0,2.4792997054889216,4375,False
1643605,16,Nuble,29642.234394265008,MVP_coverage_mid,44463.35159139751,44463.35159139751,22231.67579569876,7410.558598566248,1,8.0,1.0,1.0,8.0,0.01,True,,0.529757575835726,17518.520660958013,35256.0,7168.128630788231,12123.71373330699,0.0,0.21017850291368897,4407,False
1643605,16,Nuble,29642.234394265008,MVP_coverage_mid,44463.35159139751,44463.35159139751,22231.67579569876,7410.558598566248,2,8.0,1.0,1.0,16.0,0.0,True,,0.501952391355618,17965.52070029451,35936.0,7388.182474925469,11676.713693970496,0.0,2.4792997054889216,4492,False
1643605,16,Nuble,29642.234394265008,MVP_coverage_mid,44463.35159139751,44463.35159139751,22231.67579569876,7410.558598566248,3,8.0,1.0,1.0,16.0,0.01,True,,0.49828245188690734,17967.877581599278,36264.0,7396.053726437486,11674.35681266573,0.0,0.16558537244667143,4533,False
1643605,16,Nuble,29642.234394265008,MVP_coverage_mid,44463.35159139751,44463.35159139751,22231.67579569876,7410.558598566248,4,8.0,1.0,1.0,32.0,0.0,True,,0.4547348084570839,18629.52070029451,37272.0,7614.730485211995,11012.713693970496,0.0,6.479299705488916,4659,False
1643605,16,Nuble,29642.234394265008,MVP_coverage_mid,44463.35159139751,44463.35159139751,22231.67579569876,7410.558598566248,5,8.0,1.0,1.0,32.0,0.01,True,,0.45099798701739074,18600.03885901615,37744.0,7613.859744385888,11042.195535248857,0.0,0.5083639512046386,4718,False
1643605,16,Nuble,29642.234394265008,MVP_coverage_mid,44463.35159139751,44463.35159139751,22231.67579569876,7410.558598566248,6,8.0,1.0,1.0,64.0,0.0,True,,0.4003964601763472,19352.904098461895,38736.0,7734.815595211942,10289.330295803114,0.0,15.09590153810625,4842,False
1643605,16,Nuble,29642.234394265008,MVP_coverage_mid,44463.35159139751,44463.35159139751,22231.67579569876,7410.558598566248,7,8.0,1.0,1.0,64.0,0.01,True,,0.3981295075078553,19247.005577683678,39416.0,7716.385812849337,10395.228816581328,0.0,0.8702352918120796,4927,False
1643605,16,Nuble,29642.234394265008,MVP_coverage_mid,44463.35159139751,44463.35159139751,22231.67579569876,7410.558598566248,8,8.0,1.0,2.0,8.0,0.0,True,,1.295779236460706,9761.660846132761,19528.0,13970.805029037607,19880.573548132244,0.0,2.3391538672390837,2441,False
1643605,16,Nuble,29642.234394265008,MVP_coverage_mid,44463.35159139751,44463.35159139751,22231.67579569876,7410.558598566248,9,8.0,1.0,2.0,8.0,0.01,True,,1.2951092222241978,9750.14644435653,19672.0,13985.298572741907,19892.087949908477,0.0,0.19790043928270848,2459,False
1643605,16,Nuble,29642.234394265008,MVP_coverage_mid,44463.35159139751,44463.35159139751,22231.67579569876,7410.558598566248,10,8.0,1.0,2.0,16.0,0.0,True,,1.2738849421214908,10011.403518303572,20032.0,13872.539338499977,19630.830875961434,0.0,4.596481696427331,2504,False
1643605,16,Nuble,29642.234394265008,MVP_coverage_mid,44463.35159139751,44463.35159139751,22231.67579569876,7410.558598566248,11,8.0,1.0,2.0,16.0,0.01,True,,1.275145406536087,9972.414383614676,20144.0,13889.32928198936,19669.820010650332,0.0,0.15986614243088154,2518,False
1643605,16,Nuble,29642.234394265008,MVP_coverage_mid,44463.35159139751,44463.35159139751,22231.67579569876,7410.558598566248,12,8.0,1.0,2.0,32.0,0.0,True,,1.259172522764648,10183.483587559746,20384.0,13822.616071645114,19458.750806705262,0.0,8.516412440255213,2548,False
1643605,16,Nuble,29642.234394265008,MVP_coverage_mid,44463.35159139751,44463.35159139751,22231.67579569876,7410.558598566248,13,8.0,1.0,2.0,32.0,0.01,True,,1.2612503435763065,10127.272115117077,20520.0,13846.485583593128,19514.96227914793,0.0,0.4937809162655172,2565,False
1643605,16,Nuble,29642.234394265008,MVP_coverage_mid,44463.35159139751,44463.35159139751,22231.67579569876,7410.558598566248,14,8.0,1.0,2.0,64.0,0.0,True,,1.2551385853607446,10231.483587559746,20496.0,13815.253694557652,19410.750806705262,0.0,16.516412440255213,2562,False
1643605,16,Nuble,29642.234394265008,MVP_coverage_mid,44463.35159139751,44463.35159139751,22231.67579569876,7410.558598566248,15,8.0,1.0,2.0,64.0,0.01,True,,1.2598973353908536,10140.379724218321,20568.0,13843.095327690406,19501.854670046683,0.0,0.4937809162655172,2571,False
1643605,16,Nuble,29642.234394265008,MVP_coverage_mid,44463.35159139751,44463.35159139751,22231.67579569876,7410.558598566248,16,8.0,1.0,4.0,8.0,0.0,True,,1.7447286519908844,5177.6608461327605,10360.0,17888.600738508347,24464.573548132244,0.0,2.3391538672390837,1295,False
1643605,16,Nuble,29642.234394265008,MVP_coverage_mid,44463.35159139751,44463.35159139751,22231.67579569876,7410.558598566248,17,8.0,1.0,4.0,8.0,0.01,True,,1.7444479573158804,5167.83106262426,10448.0,17896.606576353024,24474.403331640748,0.0,0.21730858632120792,1306,False
1643605,16,Nuble,29642.234394265008,MVP_coverage_mid,44463.35159139751,44463.35159139751,22231.67579569876,7410.558598566248,18,8.0,1.0,4.0,16.0,0.0,True,,1.7376101957233574,5257.6608461327605,10520.0,17852.090314697307,24384.573548132244,0.0,2.3391538672390837,1315,False
1643605,16,Nuble,29642.234394265008,MVP_coverage_mid,44463.35159139751,44463.35159139751,22231.67579569876,7410.558598566248,19,8.0,1.0,4.0,16.0,0.01,True,,1.7392571673249486,5223.696631068423,10584.0,17873.351185190244,24418.537763196586,0.0,0.4560923248797139,1323,False
1643605,16,Nuble,29642.234394265008,MVP_coverage_mid,44463.35159139751,44463.35159139751,22231.67579569876,7410.558598566248,20,8.0,1.0,4.0,32.0,0.0,True,,1.736869387838278,5265.6608461327605,10544.0,17849.151513241344,24376.573548132244,0.0,6.339153867239084,1318,False
1643605,16,Nuble,29642.234394265008,MVP_coverage_mid,44463.35159139751,44463.35159139751,22231.67579569876,7410.558598566248,21,8.0,1.0,4.0,32.0,0.01,True,,1.7390796949347236,5223.63413657726,10600.0,17873.287817125954,24418.600257687747,0.0,0.488321428961069,1325,False
1643605,16,Nuble,29642.234394265008,MVP_coverage_mid,44463.35159139751,44463.35159139751,22231.67579569876,7410.558598566248,22,8.0,1.0,4.0,64.0,0.0,True,,1.7360580509825967,5273.6608461327605,10576.0,17845.07675736813,24368.573548132244,0.0,14.339153867239087,1322,False
1643605,16,Nuble,29642.234394265008,MVP_coverage_mid,44463.35159139751,44463.35159139751,22231.67579569876,7410.558598566248,23,8.0,1.0,4.0,64.0,0.01,True,,1.7390796949347236,5223.63413657726,10600.0,17873.287817125954,24418.600257687747,0.0,0.488321428961069,1325,False
1643605,16,Nuble,29642.234394265008,MVP_coverage_mid,44463.35159139751,44463.35159139751,22231.67579569876,7410.558598566248,24,8.0,2.0,1.0,8.0,0.0,True,,1.2811312015563396,9729.403518303572,19464.0,13206.732319474138,19912.830875961434,0.0,2.5964816964273316,2433,False
1643605,16,Nuble,29642.234394265008,MVP_coverage_mid,44463.35159139751,44463.35159139751,22231.67579569876,7410.558598566248,25,8.0,2.0,1.0,8.0,0.01,True,,1.2790199588677298,9733.40508052276,19624.0,13204.06863134068,19908.82931374225,0.0,0.18581714243123873,2453,False
1643605,16,Nuble,29642.234394265008,MVP_coverage_mid,44463.35159139751,44463.35159139751,22231.67579569876,7410.558598566248,26,8.0,2.0,1.0,16.0,0.0,True,,1.2589925401318227,10003.403518303572,20016.0,13182.37323279294,19638.830875961434,0.0,4.596481696427331,2502,False
1643605,16,Nuble,29642.234394265008,MVP_coverage_mid,44463.35159139751,44463.35159139751,22231.67579569876,7410.558598566248,27,8.0,2.0,1.0,16.0,0.01,True,,1.2595485864487523,9971.335448118274,20128.0,13185.143615011912,19670.898946146735,0.0,0.1627321134710113,2516,False
1643605,16,Nuble,29642.234394265008,MVP_coverage_mid,44463.35159139751,44463.35159139751,22231.67579569876,7410.558598566248,28,8.0,2.0,1.0,32.0,0.0,True,,1.24437344987811,10179.483587559746,20376.0,13150.599690664258,19462.750806705262,0.0,8.516412440255213,2547,False
1643605,16,Nuble,29642.234394265008,MVP_coverage_mid,44463.35159139751,44463.35159139751,22231.67579569876,7410.558598566248,29,8.0,2.0,1.0,32.0,0.01,True,,1.2456688171282955,10131.728110118425,20512.0,13160.816410347583,19510.506284146584,0.0,0.49832483694010166,2564,False
1643605,16,Nuble,29642.234394265008,MVP_coverage_mid,44463.35159139751,44463.35159139751,22231.67579569876,7410.558598566248,30,8.0,2.0,1.0,64.0,0.0,True,,1.2400362434083518,10231.483587559746,20496.0,13143.752954474905,19410.750806705262,0.0,16.516412440255213,2562,False
1643605,16,Nuble,29642.234394265008,MVP_coverage_mid,44463.35159139751,44463.35159139751,22231.67579569876,7410.558598566248,31,8.0,2.0,1.0,64.0,0.01,True,,1.2439020185524043,10148.754304115144,20568.0,13152.824109068359,19493.480090149867,0.0,0.49832483694010166,2571,False
1643605,16,Nuble,29642.234394265008,MVP_coverage_mid,44463.35159139751,44463.35159139751,22231.67579569876,7410.558598566248,32,8.0,2.0,2.0,8.0,0.0,True,,1.2811312015563396,9729.403518303572,19464.0,13206.732319474138,19912.830875961434,0.0,2.5964816964273316,2433,False
1643605,16,Nuble,29642.234394265008,MVP_coverage_mid,44463.35159139751,44463.35159139751,22231.67579569876,7410.558598566248,33,8.0,2.0,2.0,8.0,0.01,True,,1.2790199588677298,9733.40508052276,19624.0,13204.06863134068,19908.82931374225,0.0,0.18581714243123873,2453,False
1643605,16,Nuble,29642.234394265008,MVP_coverage_mid,44463.35159139751,44463.35159139751,22231.67579569876,7410.558598566248,34,8.0,2.0,2.0,16.0,0.0,True,,1.2589925401318227,10003.403518303572,20016.0,13182.37323279294,19638.830875961434,0.0,4.596481696427331,2502,False
1643605,16,Nuble,29642.234394265008,MVP_coverage_mid,44463.35159139751,44463.35159139751,22231.67579569876,7410.558598566248,35,8.0,2.0,2.0,16.0,0.01,True,,1.2595485864487523,9971.335448118274,20128.0,13185.143615011912,19670.898946146735,0.0,0.1627321134710113,2516,False
1643605,16,Nuble,29642.234394265008,MVP_coverage_mid,44463.35159139751,44463.35159139751,22231.67579569876,7410.558598566248,36,8.0,2.0,2.0,32.0,0.0,True,,1.24437344987811,10179.483587559746,20376.0,13150.599690664258,19462.750806705262,0.0,8.516412440255213,2547,False
1643605,16,Nuble,29642.234394265008,MVP_coverage_mid,44463.35159139751,44463.35159139751,22231.67579569876,7410.558598566248,37,8.0,2.0,2.0,32.0,0.01,True,,1.2456688171282955,10131.728110118425,20512.0,13160.816410347583,19510.506284146584,0.0,0.49832483694010166,2564,False
1643605,16,Nuble,29642.234394265008,MVP_coverage_mid,44463.35159139751,44463.35159139751,22231.67579569876,7410.558598566248,38,8.0,2.0,2.0,64.0,0.0,True,,1.2400362434083518,10231.483587559746,20496.0,13143.752954474905,19410.750806705262,0.0,16.516412440255213,2562,False
1643605,16,Nuble,29642.234394265008,MVP_coverage_mid,44463.35159139751,44463.35159139751,22231.67579569876,7410.558598566248,39,8.0,2.0,2.0,64.0,0.01,True,,1.2439020185524043,10148.754304115144,20568.0,13152.824109068359,19493.480090149867,0.0,0.49832483694010166,2571,False
1643605,16,Nuble,29642.234394265008,MVP_coverage_mid,44463.35159139751,44463.35159139751,22231.67579569876,7410.558598566248,40,8.0,2.0,4.0,8.0,0.0,True,,1.7358635604600885,5177.6608461327605,10360.0,17494.42905688464,24464.573548132244,0.0,2.3391538672390837,1295,False
1643605,16,Nuble,29642.234394265008,MVP_coverage_mid,44463.35159139751,44463.35159139751,22231.67579569876,7410.558598566248,41,8.0,2.0,4.0,8.0,0.01,True,,1.7351347029986348,5172.04238450281,10448.0,17493.03494228888,24470.1920097622,0.0,0.22018377179771437,1306,False
1643605,16,Nuble,29642.234394265008,MVP_coverage_mid,44463.35159139751,44463.35159139751,22231.67579569876,7410.558598566248,42,8.0,2.0,4.0,16.0,0.0,True,,1.7285791498475407,5257.6608461327605,10520.0,17450.53974668283,24384.573548132244,0.0,2.3391538672390837,1315,False
1643605,16,Nuble,29642.234394265008,MVP_coverage_mid,44463.35159139751,44463.35159139751,22231.67579569876,7410.558598566248,43,8.0,2.0,4.0,16.0,0.01,True,,1.729856834624841,5228.504123245145,10584.0,17467.397580164197,24413.730271019864,0.0,0.46016741859096844,1323,False
1643605,16,Nuble,29642.234394265008,MVP_coverage_mid,44463.35159139751,44463.35159139751,22231.67579569876,7410.558598566248,44,8.0,2.0,4.0,32.0,0.0,True,,1.7278484835829158,5265.6608461327605,10544.0,17448.051875662837,24376.573548132244,0.0,6.339153867239084,1318,False
1643605,16,Nuble,29642.234394265008,MVP_coverage_mid,44463.35159139751,44463.35159139751,22231.67579569876,7410.558598566248,45,8.0,2.0,4.0,32.0,0.01,True,,1.7296793745514396,5228.441314713943,10600.0,17467.33389367009,24413.793079551066,0.0,0.49255847661281854,1325,False
1643605,16,Nuble,29642.234394265008,MVP_coverage_mid,44463.35159139751,44463.35159139751,22231.67579569876,7410.558598566248,46,8.0,2.0,4.0,64.0,0.0,True,,1.7270819295699222,5273.6608461327605,10576.0,17445.96831506932,24368.573548132244,0.0,14.339153867239087,1322,False
1643605,16,Nuble,29642.234394265008,MVP_coverage_mid,44463.35159139751,44463.35159139751,22231.67579569876,7410.558598566248,47,8.0,2.0,4.0,64.0,0.01,True,,1.7296793745514396,5228.441314713943,10600.0,17467.33389367009,24413.793079551066,0.0,0.49255847661281854,1325,False
1643605,16,Nuble,29642.234394265008,MVP_coverage_mid,44463.35159139751,44463.35159139751,22231.67579569876,7410.558598566248,48,16.0,1.0,1.0,8.0,0.0,True,,0.25305938498775377,21153.00597037671,44463.35159139751,8015.858932247168,8489.228423888297,1078.6698253220459,0.0,2779,False
1643605,16,Nuble,29642.234394265008,MVP_coverage_mid,44463.35159139751,44463.35159139751,22231.67579569876,7410.558598566248,49,16.0,1.0,1.0,8.0,0.01,True,,0.26185958673811305,21036.33787334974,44463.35159139751,8115.220692394214,8605.896520915268,1079.1787488960128,0.0,2779,False
1643605,16,Nuble,29642.234394265008,MVP_coverage_mid,44463.35159139751,44463.35159139751,22231.67579569876,7410.558598566248,50,16.0,1.0,1.0,16.0,0.0,True,,0.17891860223178552,22231.675795698757,44463.35159139751,7955.320717273267,7410.558598566251,0.0,0.0,2779,True
1643605,16,Nuble,29642.234394265008,MVP_coverage_mid,44463.35159139751,44463.35159139751,22231.67579569876,7410.558598566248,51,16.0,1.0,1.0,16.0,0.01,True,,0.19249867066335852,22036.599301788905,44463.35159139751,8071.444839806906,7605.635092476101,0.0,0.0,2779,False
1643605,16,Nuble,29642.234394265008,MVP_coverage_mid,44463.35159139751,44463.35159139751,22231.67579569876,7410.558598566248,52,16.0,1.0,1.0,32.0,0.0,True,,0.19755171174589956,22231.675795698757,44463.35159139751,8783.811216840333,7410.558598566251,0.0,0.0,2779,False
1643605,16,Nuble,29642.234394265008,MVP_coverage_mid,44463.35159139751,44463.35159139751,22231.67579569876,7410.558598566248,53,16.0,1.0,1.0,32.0,0.01,True,,0.21927376633412182,21907.856368725395,44463.35159139751,8940.097999850586,7734.378025539614,0.0,0.0,2779,False
1643605,16,Nuble,29642.234394265008,MVP_coverage_mid,44463.35159139751,44463.35159139751,22231.67579569876,7410.558598566248,54,16.0,1.0,1.0,64.0,0.0,True,,0.2182546298710947,22231.675795698757,44463.35159139751,9704.332344408802,7410.55859856625,0.0,0.0,2779,False
1643605,16,Nuble,29642.234394265008,MVP_coverage_mid,44463.35159139751,44463.35159139751,22231.67579569876,7410.558598566248,55,16.0,1.0,1.0,64.0,0.01,True,,0.25877078859558905,21620.64570414127,44463.35159139751,9978.241326015142,8021.588690123738,0.0,0.0,2779,False
1643605,16,Nuble,29642.234394265008,MVP_coverage_mid,44463.35159139751,44463.35159139751,22231.67579569876,7410.558598566248,56,16.0,1.0,2.0,8.0,0.0,True,,0.6091836324451682,17518.338030270268,35840.0,10790.494838999331,12123.896363994738,399.01985859455465,2.642111135175149,2240,False
1643605,16,Nuble,29642.234394265008,MVP_coverage_mid,44463.35159139751,44463.35159139751,22231.67579569876,7410.558598566248,57,16.0,1.0,2.0,8.0,0.01,True,,0.6053557715651023,17514.697419918095,36208.0,10794.791369883094,12127.536974346913,402.41180637591197,0.055001518784887383,2263,False
1643605,16,Nuble,29642.234394265008,MVP_coverage_mid,44463.35159139751,44463.35159139751,22231.67579569876,7410.558598566248,58,16.0,1.0,2.0,16.0,0.0,True,,0.5716639671892019,18037.855499240617,36080.0,10740.797178042805,11604.37889502439,0.0,2.144500759383737,2255,False
1643605,16,Nuble,29642.234394265008,MVP_coverage_mid,44463.35159139751,44463.35159139751,22231.67579569876,7410.558598566248,59,16.0,1.0,2.0,16.0,0.01,True,,0.5682794080873127,18005.472192020454,36560.0,10750.041751980552,11636.762202244554,0.0,0.7611341247481236,2285,False
1643605,16,Nuble,29642.234394265008,MVP_coverage_mid,44463.35159139751,44463.35159139751,22231.67579569876,7410.558598566248,60,16.0,1.0,2.0,32.0,0.0,True,,0.5172974765787984,18677.855499240617,37376.0,10567.480791242026,10964.37889502439,0.0,10.144500759383735,2336,False
1643605,16,Nuble,29642.234394265008,MVP_coverage_mid,44463.35159139751,44463.35159139751,22231.67579569876,7410.558598566248,61,16.0,1.0,2.0,32.0,0.01,True,,0.5140718318383655,18621.50148754548,38000.0,10599.93216299217,11020.73290671953,0.0,0.6257463777812158,2375,False
1643605,16,Nuble,29642.234394265008,MVP_coverage_mid,44463.35159139751,44463.35159139751,22231.67579569876,7410.558598566248,62,16.0,1.0,2.0,64.0,0.0,True,,0.450969645326968,19436.904098461895,38912.0,10279.468907660837,10205.330295803114,0.0,19.09590153810625,2432,False
1643605,16,Nuble,29642.234394265008,MVP_coverage_mid,44463.35159139751,44463.35159139751,22231.67579569876,7410.558598566248,63,16.0,1.0,2.0,64.0,0.01,True,,0.4496254801769353,19295.831520160653,39792.0,10315.922097900806,10346.402874104357,0.0,1.2944542263497572,2487,False
1643605,16,Nuble,29642.234394265008,MVP_coverage_mid,44463.35159139751,44463.35159139751,22231.67579569876,7410.558598566248,64,16.0,1.0,4.0,8.0,0.0,True,,1.3273270617701072,9865.421939316157,19952.0,15790.81035726369,19776.81245494885,110.01474559435744,0.5633150894860204,1247,False
1643605,16,Nuble,29642.234394265008,MVP_coverage_mid,44463.35159139751,44463.35159139751,22231.67579569876,7410.558598566248,65,16.0,1.0,4.0,8.0,0.01,True,,1.3281838491171851,9823.239749885444,20128.0,15813.636986840558,19818.994644379563,106.1501269621479,0.055001518784887383,1258,False
1643605,16,Nuble,29642.234394265008,MVP_coverage_mid,44463.35159139751,44463.35159139751,22231.67579569876,7410.558598566248,66,16.0,1.0,4.0,16.0,0.0,True,,1.3057920452511538,10125.855499240617,20256.0,15690.592026028287,19516.37889502439,0.0,2.144500759383737,1266,False
1643605,16,Nuble,29642.234394265008,MVP_coverage_mid,44463.35159139751,44463.35159139751,22231.67579569876,7410.558598566248,67,16.0,1.0,4.0,16.0,0.01,True,,1.3069313706494194,10064.856981255,20512.0,15717.445289488143,19577.37741301001,0.0,0.761835431764864,1282,False
1643605,16,Nuble,29642.234394265008,MVP_coverage_mid,44463.35159139751,44463.35159139751,22231.67579569876,7410.558598566248,68,16.0,1.0,4.0,32.0,0.0,True,,1.2829007640997112,10389.855499240617,20800.0,15600.768943814172,19252.37889502439,0.0,10.144500759383739,1300,False
1643605,16,Nuble,29642.234394265008,MVP_coverage_mid,44463.35159139751,44463.35159139751,22231.67579569876,7410.558598566248,69,16.0,1.0,4.0,32.0,0.01,True,,1.2874135927007442,10285.889917004006,21024.0,15658.246283160137,19356.344477261002,0.0,0.6728804032654896,1314,False
1643605,16,Nuble,29642.234394265008,MVP_coverage_mid,44463.35159139751,44463.35159139751,22231.67579569876,7410.558598566248,70,16.0,1.0,4.0,64.0,0.0,True,,1.278085087902268,10445.855499240617,20928.0,15586.647839896938,19196.37889502439,0.0,18.144500759383742,1308,False
1643605,16,Nuble,29642.234394265008,MVP_coverage_mid,44463.35159139751,44463.35159139751,22231.67579569876,7410.558598566248,71,16.0,1.0,4.0,64.0,0.01,True,,1.2828643372359454,10326.100917976495,21200.0,15644.164725607105,19316.133476288516,0.0,1.3407099509347598,1325,False
1643605,16,Nuble,29642.234394265008,MVP_coverage_mid,44463.35159139751,44463.35159139751,22231.67579569876,7410.558598566248,72,16.0,2.0,1.0,8.0,0.0,True,,0.5320230981546101,17524.036794654978,35120.0,7196.775167012286,12118.197599610032,35.39989025553631,0.5633150894860204,2195,False
1643605,16,Nuble,29642.234394265008,MVP_coverage_mid,44463.35159139751,44463.35159139751,22231.67579569876,7410.558598566248,73,16.0,2.0,1.0,8.0,0.01,True,,0.5278177181542489,17538.71135253709,35440.0,7207.147209896164,12103.523041727916,34.5461951460663,0.0751347787977412,2215,False
1643605,16,Nuble,29642.234394265008,MVP_coverage_mid,44463.35159139751,44463.35159139751,22231.67579569876,7410.558598566248,74,16.0,2.0,1.0,16.0,0.0,True,,0.4997659907201624,17997.52070029451,36000.0,7402.967774751558,11644.713693970496,0.0,2.47929970548892,2250,False
1643605,16,Nuble,29642.234394265008,MVP_coverage_mid,44463.35159139751,44463.35159139751,22231.67579569876,7410.558598566248,75,16.0,2.0,1.0,16.0,0.01,True,,0.49645498865101145,17975.094531519535,36400.0,7400.568898552668,11667.139862745475,0.0,0.7097099873903993,2275,False
1643605,16,Nuble,29642.234394265008,MVP_coverage_mid,44463.35159139751,44463.35159139751,22231.67579569876,7410.558598566248,76,16.0,2.0,1.0,32.0,0.0,True,,0.4529221600889595,18653.52070029451,37328.0,7620.134063508508,10988.713693970496,0.0,10.479299705488916,2333,False
1643605,16,Nuble,29642.234394265008,MVP_coverage_mid,44463.35159139751,44463.35159139751,22231.67579569876,7410.558598566248,77,16.0,2.0,1.0,32.0,0.01,True,,0.44843577392703604,18611.47225362577,37904.0,7608.440886200492,11030.762140639237,0.0,0.6638903930458588,2369,False
1643605,16,Nuble,29642.234394265008,MVP_coverage_mid,44463.35159139751,44463.35159139751,22231.67579569876,7410.558598566248,78,16.0,2.0,1.0,64.0,0.0,True,,0.3943816073705013,19428.904098461895,38896.0,7735.375080135113,10213.330295803114,0.0,19.09590153810625,2431,False
1643605,16,Nuble,29642.234394265008,MVP_coverage_mid,44463.35159139751,44463.35159139751,22231.67579569876,7410.558598566248,79,16.0,2.0,1.0,64.0,0.01,True,,0.3907067649867695,19319.930626967325,39728.0,7724.44455902028,10322.30376729768,0.0,1.297968393242623,2483,False
1643605,16,Nuble,29642.234394265008,MVP_coverage_mid,44463.35159139751,44463.35159139751,22231.67579569876,7410.558598566248,80,16.0,2.0,2.0,8.0,0.0,True,,0.5320230981546101,17524.036794654978,35120.0,7196.775167012286,12118.197599610032,35.39989025553631,0.5633150894860204,2195,False
1643605,16,Nuble,29642.234394265008,MVP_coverage_mid,44463.35159139751,44463.35159139751,22231.67579569876,7410.558598566248,81,16.0,2.0,2.0,8.0,0.01,True,,0.5278177181542489,17538.71135253709,35440.0,7207.147209896164,12103.523041727916,34.5461951460663,0.0751347787977412,2215,False
1643605,16,Nuble,29642.234394265008,MVP_coverage_mid,44463.35159139751,44463.35159139751,22231.67579569876,7410.558598566248,82,16.0,2.0,2.0,16.0,0.0,True,,0.4997659907201624,17997.52070029451,36000.0,7402.967774751558,11644.713693970496,0.0,2.47929970548892,2250,False
1643605,16,Nuble,29642.234394265008,MVP_coverage_mid,44463.35159139751,44463.35159139751,22231.67579569876,7410.558598566248,83,16.0,2.0,2.0,16.0,0.01,True,,0.49645498865101145,17975.094531519535,36400.0,7400.568898552668,11667.139862745475,0.0,0.7097099873903993,2275,False
1643605,16,Nuble,29642.234394265008,MVP_coverage_mid,44463.35159139751,44463.35159139751,22231.67579569876,7410.558598566248,84,16.0,2.0,2.0,32.0,0.0,True,,0.4529221600889595,18653.52070029451,37328.0,7620.134063508508,10988.713693970496,0.0,10.479299705488916,2333,False
1643605,16,Nuble,29642.234394265008,MVP_coverage_mid,44463.35159139751,44463.35159139751,22231.67579569876,7410.558598566248,85,16.0,2.0,2.0,32.0,0.01,True,,0.44843577392703604,18611.47225362577,37904.0,7608.440886200492,11030.762140639237,0.0,0.6638903930458588,2369,False
1643605,16,Nuble,29642.234394265008,MVP_coverage_mid,44463.35159139751,44463.35159139751,22231.67579569876,7410.558598566248,86,16.0,2.0,2.0,64.0,0.0,True,,0.3943816073705013,19428.904098461895,38896.0,7735.375080135113,10213.330295803114,0.0,19.09590153810625,2431,False
1643605,16,Nuble,29642.234394265008,MVP_coverage_mid,44463.35159139751,44463.35159139751,22231.67579569876,7410.558598566248,87,16.0,2.0,2.0,64.0,0.01,True,,0.3907067649867695,19319.930626967325,39728.0,7724.44455902028,10322.30376729768,0.0,1.297968393242623,2483,False
1643605,16,Nuble,29642.234394265008,MVP_coverage_mid,44463.35159139751,44463.35159139751,22231.67579569876,7410.558598566248,88,16.0,2.0,4.0,8.0,0.0,True,,1.280752677617155,9942.260074819174,19920.0,13942.471546027218,19699.97431944583,16.53995093068408,1.1999742501413346,1245,False
1643605,16,Nuble,29642.234394265008,MVP_coverage_mid,44463.35159139751,44463.35159139751,22231.67579569876,7410.558598566248,89,16.0,2.0,4.0,8.0,0.01,True,,1.2795607649208283,9928.553363400302,20112.0,13951.068459141903,19713.681030864707,17.9457006503721,0.073974640692968,1257,False
1643605,16,Nuble,29642.234394265008,MVP_coverage_mid,44463.35159139751,44463.35159139751,22231.67579569876,7410.558598566248,90,16.0,2.0,4.0,16.0,0.0,True,,1.2655519431658124,10125.520700294512,20256.0,13900.377822095716,19516.713693970494,0.0,2.47929970548892,1266,False
1643605,16,Nuble,29642.234394265008,MVP_coverage_mid,44463.35159139751,44463.35159139751,22231.67579569876,7410.558598566248,91,16.0,2.0,4.0,16.0,0.01,True,,1.265118057402571,10091.185390391203,20512.0,13924.102821194854,19551.049003873803,0.0,0.7687215076811097,1282,False
1643605,16,Nuble,29642.234394265008,MVP_coverage_mid,44463.35159139751,44463.35159139751,22231.67579569876,7410.558598566248,92,16.0,2.0,4.0,32.0,0.0,True,,1.2423422397970931,10389.520700294512,20800.0,13796.396620880298,19252.713693970494,0.0,10.47929970548892,1300,False
1643605,16,Nuble,29642.234394265008,MVP_coverage_mid,44463.35159139751,44463.35159139751,22231.67579569876,7410.558598566248,93,16.0,2.0,4.0,32.0,0.01,True,,1.2449497145414157,10309.986276956579,21024.0,13830.397618974359,19332.248117308427,0.0,0.6793194727320376,1314,False
1643605,16,Nuble,29642.234394265008,MVP_coverage_mid,44463.35159139751,44463.35159139751,22231.67579569876,7410.558598566248,94,16.0,2.0,4.0,64.0,0.0,True,,1.2376483032599248,10445.520700294512,20928.0,13787.688470280485,19196.713693970494,0.0,18.479299705488923,1308,False
1643605,16,Nuble,29642.234394265008,MVP_coverage_mid,44463.35159139751,44463.35159139751,22231.67579569876,7410.558598566248,95,16.0,2.0,4.0,64.0,0.01,True,,1.240500940758683,10349.935818068918,21200.0,13820.12848617949,19292.298576196088,0.0,1.3505049196702172,1325,False
1643605,16,Nuble,29642.234394265008,MVP_coverage_mid,44463.35159139751,44463.35159139751,22231.67579569876,7410.558598566248,96,32.0,1.0,1.0,8.0,0.0,True,,1.1374953032304702,10517.050673816579,44463.35159139751,15432.97823545318,19125.18372044843,11714.625121882178,0.0,1390,False
1643605,16,Nuble,29642.234394265008,MVP_coverage_mid,44463.35159139751,44463.35159139751,22231.67579569876,7410.558598566248,97,32.0,1.0,1.0,8.0,0.01,True,,1.144844906618106,10418.694810405615,44463.35159139751,15510.479587919222,19223.539583859394,11721.419098858805,0.0,1390,False
1643605,16,Nuble,29642.234394265008,MVP_coverage_mid,44463.35159139751,44463.35159139751,22231.67579569876,7410.558598566248,98,32.0,1.0,1.0,16.0,0.0,True,,0.36278572381631174,20441.581197620555,44463.35159139751,10760.385396149684,9200.653196644455,1790.0945980782028,0.0,1390,False
1643605,16,Nuble,29642.234394265008,MVP_coverage_mid,44463.35159139751,44463.35159139751,22231.67579569876,7410.558598566248,99,32.0,1.0,1.0,16.0,0.01,True,,0.382858104814179,20149.638954089227,44463.35159139751,10926.221645670654,9492.595440175784,1783.6815485489337,0.0,1390,False
1643605,16,Nuble,29642.234394265008,MVP_coverage_mid,44463.35159139751,44463.35159139751,22231.67579569876,7410.558598566248,100,32.0,1.0,1.0,32.0,0.0,True,,0.24275203767507378,22231.675795698757,44463.35159139751,10793.569200674969,7410.558598566251,0.0,0.0,1390,False
1643605,16,Nuble,29642.234394265008,MVP_coverage_mid,44463.35159139751,44463.35159139751,22231.67579569876,7410.558598566248,101,32.0,1.0,1.0,32.0,0.01,True,,0.2785445253570944,21700.93456193623,44463.35159139751,11058.170080405096,7941.29983232878,0.0,0.0,1390,False
1643605,16,Nuble,29642.234394265008,MVP_coverage_mid,44463.35159139751,44463.35159139751,22231.67579569876,7410.558598566248,102,32.0,1.0,1.0,64.0,0.0,True,,0.2499730590766811,22231.675795698757,44463.35159139751,11114.640014103641,7410.558598566251,0.0,0.0,1390,False
1643605,16,Nuble,29642.234394265008,MVP_coverage_mid,44463.35159139751,44463.35159139751,22231.67579569876,7410.558598566248,103,32.0,1.0,1.0,64.0,0.01,True,,0.3069983611273818,21385.780263830147,44463.35159139751,11535.437239118064,8256.45413043486,0.0,0.0,1390,False
1643605,16,Nuble,29642.234394265008,MVP_coverage_mid,44463.35159139751,44463.35159139751,22231.67579569876,7410.558598566248,104,32.0,1.0,2.0,8.0,0.0,True,,1.1021287436128626,10891.534257552961,44463.35159139751,14983.913211806515,18750.70013671205,11340.141538145795,0.0,1390,False
1643605,16,Nuble,29642.234394265008,MVP_coverage_mid,44463.35159139751,44463.35159139751,22231.67579569876,7410.558598566248,105,32.0,1.0,2.0,8.0,0.01,True,,1.1080738162849562,10805.694590135015,44463.35159139751,15038.723581802878,18836.539804129992,11329.998173974753,0.0,1390,False
1643605,16,Nuble,29642.234394265008,MVP_coverage_mid,44463.35159139751,44463.35159139751,22231.67579569876,7410.558598566248,106,32.0,1.0,2.0,16.0,0.0,True,,0.33385686786469515,20763.370128784918,44463.35159139751,10439.478296329155,8878.86426548009,1468.305666913838,0.0,1390,False
1643605,16,Nuble,29642.234394265008,MVP_coverage_mid,44463.35159139751,44463.35159139751,22231.67579569876,7410.558598566248,107,32.0,1.0,2.0,16.0,0.01,True,,0.35278959364092005,20480.268330364772,44463.35159139751,10584.473549161234,9161.96606390024,1446.4310546925458,0.0,1390,False
1643605,16,Nuble,29642.234394265008,MVP_coverage_mid,44463.35159139751,44463.35159139751,22231.67579569876,7410.558598566248,108,32.0,1.0,2.0,32.0,0.0,True,,0.22940636043648258,22231.675795698757,44463.35159139751,10200.175661390176,7410.558598566251,0.0,0.0,1390,False
1643605,16,Nuble,29642.234394265008,MVP_coverage_mid,44463.35159139751,44463.35159139751,22231.67579569876,7410.558598566248,109,32.0,1.0,2.0,32.0,0.01,True,,0.2649084493403284,21704.016546284547,44463.35159139751,10459.569399015401,7938.217847980463,0.0,0.0,1390,False
1643605,16,Nuble,29642.234394265008,MVP_coverage_mid,44463.35159139751,44463.35159139751,22231.67579569876,7410.558598566248,110,32.0,1.0,2.0,64.0,0.0,True,,0.23830596661745787,22231.675795698757,44463.35159139751,10595.881980039856,7410.55859856625,0.0,0.0,1390,False
1643605,16,Nuble,29642.234394265008,MVP_coverage_mid,44463.35159139751,44463.35159139751,22231.67579569876,7410.558598566248,111,32.0,1.0,2.0,64.0,0.01,True,,0.290873777772987,21448.59940720462,44463.35159139751,10975.532078602992,8193.63498706039,0.0,0.0,1390,False
1643605,16,Nuble,29642.234394265008,MVP_coverage_mid,44463.35159139751,44463.35159139751,22231.67579569876,7410.558598566248,112,32.0,1.0,4.0,8.0,0.0,True,,1.2151447853227992,9865.421939316157,39904.0,15790.81035726369,19776.81245494885,10086.014745594357,0.5633150894860204,1247,False
1643605,16,Nuble,29642.234394265008,MVP_coverage_mid,44463.35159139751,44463.35159139751,22231.67579569876,7410.558598566248,113,32.0,1.0,4.0,8.0,0.01,True,,1.2150119936474872,9823.239749885444,40256.0,15813.636986840558,19818.994644379563,10170.150126962148,0.055001518784887383,1258,False
1643605,16,Nuble,29642.234394265008,MVP_coverage_mid,44463.35159139751,44463.35159139751,22231.67579569876,7410.558598566248,114,32.0,1.0,4.0,16.0,0.0,True,,0.6057974756904023,17871.529073460144,36928.0,11971.508090238216,11770.705320804862,587.8744448434254,4.596481696427329,1154,False
1643605,16,Nuble,29642.234394265008,MVP_coverage_mid,44463.35159139751,44463.35159139751,22231.67579569876,7410.558598566248,115,32.0,1.0,4.0,16.0,0.01,True,,0.6073825605752206,17743.046247736766,37568.0,12040.3656354969,11899.188146528242,592.8603998426148,0.4376806347384805,1174,False
1643605,16,Nuble,29642.234394265008,MVP_coverage_mid,44463.35159139751,44463.35159139751,22231.67579569876,7410.558598566248,116,32.0,1.0,4.0,32.0,0.0,True,,0.5269109193015922,18841.52070029451,37696.0,11565.922278191047,10800.713693970496,0.0,6.47929970548892,1178,False
1643605,16,Nuble,29642.234394265008,MVP_coverage_mid,44463.35159139751,44463.35159139751,22231.67579569876,7410.558598566248,117,32.0,1.0,4.0,32.0,0.01,True,,0.5259163246958641,18690.908503557574,38656.0,11628.114190180322,10951.325890707434,0.0,0.5884727514665598,1208,False
1643605,16,Nuble,29642.234394265008,MVP_coverage_mid,44463.35159139751,44463.35159139751,22231.67579569876,7410.558598566248,118,32.0,1.0,4.0,64.0,0.0,True,,0.4638517975755927,19553.953664543526,39136.0,11259.40127059024,10088.280729721486,0.0,14.046335456477745,1223,False
1643605,16,Nuble,29642.234394265008,MVP_coverage_mid,44463.35159139751,44463.35159139751,22231.67579569876,7410.558598566248,119,32.0,1.0,4.0,64.0,0.01,True,,0.4660011133617912,19330.57085658948,40320.0,11394.749436411637,10311.663537675531,0.0,1.567531008816076,1260,False
1643605,16,Nuble,29642.234394265008,MVP_coverage_mid,44463.35159139751,44463.35159139751,22231.67579569876,7410.558598566248,120,32.0,2.0,1.0,8.0,0.0,True,,0.4035514775090818,19381.321615859633,44463.35159139751,9392.188690196868,10260.912778405376,2850.3541798391243,0.0,1390,False
1643605,16,Nuble,29642.234394265008,MVP_coverage_mid,44463.35159139751,44463.35159139751,22231.67579569876,7410.558598566248,121,32.0,2.0,1.0,8.0,0.01,True,,0.41423332141057506,19241.498380926907,44463.35159139751,9504.42584529449,10400.736013338104,2876.6648570532857,0.0,1390,False
1643605,16,Nuble,29642.234394265008,MVP_coverage_mid,44463.35159139751,44463.35159139751,22231.67579569876,7410.558598566248,122,32.0,2.0,1.0,16.0,0.0,True,,0.18975547670443127,22136.52546512035,44463.35159139751,8151.713485367137,7505.708929144657,95.15033057840618,0.0,1390,False
1643605,16,Nuble,29642.234394265008,MVP_coverage_mid,44463.35159139751,44463.35159139751,22231.67579569876,7410.558598566248,123,32.0,2.0,1.0,16.0,0.01,True,,0.20702433330422224,21873.34459112209,44463.35159139751,8261.20716226815,7768.889803142918,95.92109194094587,0.0,1390,False
1643605,16,Nuble,29642.234394265008,MVP_coverage_mid,44463.35159139751,44463.35159139751,22231.67579569876,7410.558598566248,124,32.0,2.0,1.0,32.0,0.0,True,,0.19833537141077573,22231.67579569876,44463.35159139751,8818.655352047726,7410.558598566251,0.0,0.0,1390,False
1643605,16,Nuble,29642.234394265008,MVP_coverage_mid,44463.35159139751,44463.35159139751,22231.67579569876,7410.558598566248,125,32.0,2.0,1.0,32.0,0.01,True,,0.22679132269290353,21803.183447995634,44463.35159139751,9012.67144951484,7839.050946269375,0.0,0.0,1390,False
1643605,16,Nuble,29642.234394265008,MVP_coverage_mid,44463.35159139751,44463.35159139751,22231.67579569876,7410.558598566248,126,32.0,2.0,1.0,64.0,0.0,True,,0.21843962179423976,22231.675795698757,44463.35159139751,9712.557705329169,7410.55859856625,0.0,0.0,1390,False
1643605,16,Nuble,29642.234394265008,MVP_coverage_mid,44463.35159139751,44463.35159139751,22231.67579569876,7410.558598566248,127,32.0,2.0,1.0,64.0,0.01,True,,0.2638438855157528,21549.301884838555,44463.35159139751,10025.448669776833,8092.93250942645,0.0,0.0,1390,False
1643605,16,Nuble,29642.234394265008,MVP_coverage_mid,44463.35159139751,44463.35159139751,22231.67579569876,7410.558598566248,128,32.0,2.0,2.0,8.0,0.0,True,,0.4035514775090818,19381.321615859633,44463.35159139751,9392.188690196868,10260.912778405376,2850.3541798391243,0.0,1390,False
1643605,16,Nuble,29642.234394265008,MVP_coverage_mid,44463.35159139751,44463.35159139751,22231.67579569876,7410.558598566248,129,32.0,2.0,2.0,8.0,0.01,True,,0.41423332141057506,19241.498380926907,44463.35159139751,9504.42584529449,10400.736013338104,2876.6648570532857,0.0,1390,False
1643605,16,Nuble,29642.234394265008,MVP_coverage_mid,44463.35159139751,44463.35159139751,22231.67579569876,7410.558598566248,130,32.0,2.0,2.0,16.0,0.0,True,,0.18975547670443127,22136.52546512035,44463.35159139751,8151.713485367137,7505.708929144657,95.15033057840618,0.0,1390,False
1643605,16,Nuble,29642.234394265008,MVP_coverage_mid,44463.35159139751,44463.35159139751,22231.67579569876,7410.558598566248,131,32.0,2.0,2.0,16.0,0.01,True,,0.20702433330422224,21873.34459112209,44463.35159139751,8261.20716226815,7768.889803142918,95.92109194094587,0.0,1390,False
1643605,16,Nuble,29642.234394265008,MVP_coverage_mid,44463.35159139751,44463.35159139751,22231.67579569876,7410.558598566248,132,32.0,2.0,2.0,32.0,0.0,True,,0.19833537141077573,22231.67579569876,44463.35159139751,8818.655352047726,7410.558598566251,0.0,0.0,1390,False
1643605,16,Nuble,29642.234394265008,MVP_coverage_mid,44463.35159139751,44463.35159139751,22231.67579569876,7410.558598566248,133,32.0,2.0,2.0,32.0,0.01,True,,0.22679132269290353,21803.183447995634,44463.35159139751,9012.67144951484,7839.050946269375,0.0,0.0,1390,False
1643605,16,Nuble,29642.234394265008,MVP_coverage_mid,44463.35159139751,44463.35159139751,22231.67579569876,7410.558598566248,134,32.0,2.0,2.0,64.0,0.0,True,,0.21843962179423976,22231.675795698757,44463.35159139751,9712.557705329169,7410.55859856625,0.0,0.0,1390,False
1643605,16,Nuble,29642.234394265008,MVP_coverage_mid,44463.35159139751,44463.35159139751,22231.67579569876,7410.558598566248,135,32.0,2.0,2.0,64.0,0.01,True,,0.2638438855157528,21549.301884838555,44463.35159139751,10025.448669776833,8092.93250942645,0.0,0.0,1390,False
1643605,16,Nuble,29642.234394265008,MVP_coverage_mid,44463.35159139751,44463.35159139751,22231.67579569876,7410.558598566248,136,32.0,2.0,4.0,8.0,0.0,True,,0.7047449510792547,16229.229986314,38656.0,11876.147216095484,13413.004407951006,3095.6122523355643,3.157761350435713,1208,False
1643605,16,Nuble,29642.234394265008,MVP_coverage_mid,44463.35159139751,44463.35159139751,22231.67579569876,7410.558598566248,137,32.0,2.0,4.0,8.0,0.01,True,,0.7021499270249056,16203.632921876717,39104.0,11892.33217956617,13438.60147238829,3155.5283506912733,0.11948003361468232,1222,False
1643605,16,Nuble,29642.234394265008,MVP_coverage_mid,44463.35159139751,44463.35159139751,22231.67579569876,7410.558598566248,138,32.0,2.0,4.0,16.0,0.0,True,,0.5598900546591701,18234.174793445396,36672.0,10954.247448227972,11408.059600819613,93.26189146511916,8.563315089486018,1146,False
1643605,16,Nuble,29642.234394265008,MVP_coverage_mid,44463.35159139751,44463.35159139751,22231.67579569876,7410.558598566248,139,32.0,2.0,4.0,16.0,0.01,True,,0.5585094205909764,18155.7327030502,37248.0,10991.271817264636,11486.501691214811,88.30845806919126,0.4823224497987875,1164,False
1643605,16,Nuble,29642.234394265008,MVP_coverage_mid,44463.35159139751,44463.35159139751,22231.67579569876,7410.558598566248,140,32.0,2.0,4.0,32.0,0.0,True,,0.5074768306414434,18841.52070029451,37696.0,10701.817561236463,10800.713693970496,0.0,6.47929970548892,1178,False
1643605,16,Nuble,29642.234394265008,MVP_coverage_mid,44463.35159139751,44463.35159139751,22231.67579569876,7410.558598566248,141,32.0,2.0,4.0,32.0,0.01,True,,0.5008975828120782,18774.95056197556,38656.0,10725.799413949668,10867.28383228945,0.0,0.5940837963083989,1208,False
1643605,16,Nuble,29642.234394265008,MVP_coverage_mid,44463.35159139751,44463.35159139751,22231.67579569876,7410.558598566248,142,32.0,2.0,4.0,64.0,0.0,True,,0.44459211263490117,19553.953664543526,39136.0,10403.05112753273,10088.280729721486,0.0,14.046335456477753,1223,False
1643605,16,Nuble,29642.234394265008,MVP_coverage_mid,44463.35159139751,44463.35159139751,22231.67579569876,7410.558598566248,143,32.0,2.0,4.0,64.0,0.01,True,,0.44095966989592106,19408.823733670404,40320.0,10476.93791971076,10233.410660594607,0.0,1.6019394570226166,1260,False
