codigo_region,region,fit_records,holdout_records,target_source,target_fuel_energy_kwh,target_wood_volume_stere,trial,event_fuel_energy_kwh,event_duration_hours,min_event_interval_hours,storage_capacity_kwh,storage_loss_rate_per_hour,valid,error,score,assigned_useful_energy_kwh,assigned_fuel_energy_kwh,fuel_error_kwh,profile_error_kwh,unmet_heating_energy_kwh,unallocated_fuel_energy_kwh,storage_spill_energy_kwh,stored_energy_end_kwh,event_count
1,Tarapaca,5,5,MVP_coverage_mid,6981.301756430104,,0,8.0,1.0,1.0,8.0,0.0,True,,0.33325594547134496,3490.650878215052,6981.301756430104,0.0,1744.7851710907,1163.5502927383511,0.0,0.0,0.0,873
1,Tarapaca,5,5,MVP_coverage_mid,6981.301756430104,,1,8.0,1.0,1.0,8.0,0.01,True,,0.41533873443721075,3299.454731404552,6981.301756430104,0.0,1839.8395228445304,1354.7464395488512,0.0,0.0,0.0,873
1,Tarapaca,5,5,MVP_coverage_mid,6981.301756430104,,2,8.0,1.0,1.0,16.0,0.0,True,,0.33332828168336504,3490.650878215052,6981.301756430104,0.0,1745.2901720147293,1163.5502927383511,0.0,0.0,0.0,873
1,Tarapaca,5,5,MVP_coverage_mid,6981.301756430104,,3,8.0,1.0,1.0,16.0,0.01,True,,0.4598384019585485,3196.0614653806315,6981.301756430104,0.0,1892.0219648119992,1458.139705572772,0.0,0.0,0.0,873
1,Tarapaca,5,5,MVP_coverage_mid,6981.301756430104,,4,8.0,1.0,1.0,32.0,0.0,True,,0.33332828168336504,3490.650878215052,6981.301756430104,0.0,1745.2901720147293,1163.5502927383511,0.0,0.0,0.0,873
1,Tarapaca,5,5,MVP_coverage_mid,6981.301756430104,,5,8.0,1.0,1.0,32.0,0.01,True,,0.5434613878265959,3001.6555882643916,6981.301756430104,0.0,1989.8045701399287,1652.5455826890118,0.0,0.0,0.0,873
1,Tarapaca,5,5,MVP_coverage_mid,6981.301756430104,,6,8.0,1.0,1.0,64.0,0.0,True,,0.33332828168336504,3490.650878215052,6981.301756430104,0.0,1745.2901720147293,1163.550292738351,0.0,0.0,0.0,873
1,Tarapaca,5,5,MVP_coverage_mid,6981.301756430104,,7,8.0,1.0,1.0,64.0,0.01,True,,0.6880411928478205,2665.185796588275,6981.301756430104,0.0,2157.985337688635,1989.0153743651283,0.0,0.0,0.0,873
1,Tarapaca,5,5,MVP_coverage_mid,6981.301756430104,,8,8.0,1.0,2.0,8.0,0.0,True,,0.33285057033717874,3490.650878215052,6981.301756430104,0.0,1741.9551249545323,1163.5502927383511,0.0,0.0,0.0,873
1,Tarapaca,5,5,MVP_coverage_mid,6981.301756430104,,9,8.0,1.0,2.0,8.0,0.01,True,,0.4154581834245994,3298.9034113488124,6981.301756430104,0.0,1839.2951321306407,1355.2977596045914,0.0,0.0,0.0,873
1,Tarapaca,5,5,MVP_coverage_mid,6981.301756430104,,10,8.0,1.0,2.0,16.0,0.0,True,,0.33332828168336504,3490.650878215052,6981.301756430104,0.0,1745.2901720147293,1163.5502927383511,0.0,0.0,0.0,873
1,Tarapaca,5,5,MVP_coverage_mid,6981.301756430104,,11,8.0,1.0,2.0,16.0,0.01,True,,0.4595674984770786,3196.8407247301648,6981.301756430104,0.0,1892.0788542348241,1457.3604462232383,0.0,0.0,0.0,873
1,Tarapaca,5,5,MVP_coverage_mid,6981.301756430104,,12,8.0,1.0,2.0,32.0,0.0,True,,0.33332828168336504,3490.650878215052,6981.301756430104,0.0,1745.2901720147293,1163.5502927383511,0.0,0.0,0.0,873
1,Tarapaca,5,5,MVP_coverage_mid,6981.301756430104,,13,8.0,1.0,2.0,32.0,0.01,True,,0.5432390429979985,3002.110808029769,6981.301756430104,0.0,1989.390363210952,1652.090362923634,0.0,0.0,0.0,873
1,Tarapaca,5,5,MVP_coverage_mid,6981.301756430104,,14,8.0,1.0,2.0,64.0,0.0,True,,0.33332828168336504,3490.650878215052,6981.301756430104,0.0,1745.2901720147293,1163.550292738351,0.0,0.0,0.0,873
1,Tarapaca,5,5,MVP_coverage_mid,6981.301756430104,,15,8.0,1.0,2.0,64.0,0.01,True,,0.6879658346504337,2665.363783624128,6981.301756430104,0.0,2157.904206962489,1988.8373873292753,0.0,0.0,0.0,873
1,Tarapaca,5,5,MVP_coverage_mid,6981.301756430104,,16,8.0,1.0,4.0,8.0,0.0,True,,0.3240084576400052,3490.650878215052,6981.301756430104,0.0,1680.2256680512016,1163.5502927383511,0.0,0.0,0.0,873
1,Tarapaca,5,5,MVP_coverage_mid,6981.301756430104,,17,8.0,1.0,4.0,8.0,0.01,True,,0.40373634599452596,3303.1088199835176,6981.301756430104,0.0,1767.9749694782445,1351.0923509698857,0.0,0.0,0.0,873
1,Tarapaca,5,5,MVP_coverage_mid,6981.301756430104,,18,8.0,1.0,4.0,16.0,0.0,True,,0.3293223334347961,3490.650878215052,6981.301756430104,0.0,1717.3234384708269,1163.5502927383511,0.0,0.0,0.0,873
1,Tarapaca,5,5,MVP_coverage_mid,6981.301756430104,,19,8.0,1.0,4.0,16.0,0.01,True,,0.4406374489992447,3229.9464333184596,6981.301756430104,0.0,1842.6867380366502,1424.2547376349435,0.0,0.0,0.0,873
1,Tarapaca,5,5,MVP_coverage_mid,6981.301756430104,,20,8.0,1.0,4.0,32.0,0.0,True,,0.3323642023449619,3490.650878215052,6981.301756430104,0.0,1738.5596432361974,1163.5502927383511,0.0,0.0,0.0,873
1,Tarapaca,5,5,MVP_coverage_mid,6981.301756430104,,21,8.0,1.0,4.0,32.0,0.01,True,,0.512161643593485,3070.9544434395866,6981.301756430104,0.0,1944.5387486874865,1583.246727513817,0.0,0.0,0.0,873
1,Tarapaca,5,5,MVP_coverage_mid,6981.301756430104,,22,8.0,1.0,4.0,64.0,0.0,True,,0.33322847952560164,3490.6508782150527,6981.301756430104,0.0,1744.5934230354394,1163.5502927383511,0.0,0.0,0.0,873
1,Tarapaca,5,5,MVP_coverage_mid,6981.301756430104,,23,8.0,1.0,4.0,64.0,0.01,True,,0.6382792388094217,2780.096638591751,6981.301756430104,0.0,2097.859225565657,1874.1045323616527,0.0,0.0,0.0,873
1,Tarapaca,5,5,MVP_coverage_mid,6981.301756430104,,24,8.0,2.0,1.0,8.0,0.0,True,,0.3326993427391615,3490.650878215052,6981.301756430104,0.0,1740.899359458874,1163.5502927383511,0.0,0.0,0.0,873
1,Tarapaca,5,5,MVP_coverage_mid,6981.301756430104,,25,8.0,2.0,1.0,8.0,0.01,True,,0.40809608486840815,3315.4892462594444,6981.301756430104,0.0,1829.362687825872,1338.711924693959,0.0,0.0,0.0,873
1,Tarapaca,5,5,MVP_coverage_mid,6981.301756430104,,26,8.0,2.0,1.0,16.0,0.0,True,,0.33332828168336504,3490.650878215052,6981.301756430104,0.0,1745.2901720147293,1163.5502927383511,0.0,0.0,0.0,873
1,Tarapaca,5,5,MVP_coverage_mid,6981.301756430104,,27,8.0,2.0,1.0,16.0,0.01,True,,0.4530960338301749,3211.935600616483,6981.301756430104,0.0,1884.636796444515,1442.2655703369203,0.0,0.0,0.0,873
1,Tarapaca,5,5,MVP_coverage_mid,6981.301756430104,,28,8.0,2.0,1.0,32.0,0.0,True,,0.33332828168336504,3490.650878215052,6981.301756430104,0.0,1745.2901720147293,1163.5502927383511,0.0,0.0,0.0,873
1,Tarapaca,5,5,MVP_coverage_mid,6981.301756430104,,29,8.0,2.0,1.0,32.0,0.01,True,,0.5359074124955828,3018.9505409963863,6981.301756430104,0.0,1980.3053707234844,1635.2506299570168,0.0,0.0,0.0,873
1,Tarapaca,5,5,MVP_coverage_mid,6981.301756430104,,30,8.0,2.0,1.0,64.0,0.0,True,,0.33332828168336504,3490.650878215052,6981.301756430104,0.0,1745.2901720147293,1163.550292738351,0.0,0.0,0.0,873
1,Tarapaca,5,5,MVP_coverage_mid,6981.301756430104,,31,8.0,2.0,1.0,64.0,0.01,True,,0.6822287288418255,2678.7002387834996,6981.301756430104,0.0,2151.192878002457,1975.5009321699038,0.0,0.0,0.0,873
1,Tarapaca,5,5,MVP_coverage_mid,6981.301756430104,,32,8.0,2.0,2.0,8.0,0.0,True,,0.3326993427391615,3490.650878215052,6981.301756430104,0.0,1740.899359458874,1163.5502927383511,0.0,0.0,0.0,873
1,Tarapaca,5,5,MVP_coverage_mid,6981.301756430104,,33,8.0,2.0,2.0,8.0,0.01,True,,0.40809608486840815,3315.4892462594444,6981.301756430104,0.0,1829.362687825872,1338.711924693959,0.0,0.0,0.0,873
1,Tarapaca,5,5,MVP_coverage_mid,6981.301756430104,,34,8.0,2.0,2.0,16.0,0.0,True,,0.33332828168336504,3490.650878215052,6981.301756430104,0.0,1745.2901720147293,1163.5502927383511,0.0,0.0,0.0,873
1,Tarapaca,5,5,MVP_coverage_mid,6981.301756430104,,35,8.0,2.0,2.0,16.0,0.01,True,,0.4530960338301749,3211.935600616483,6981.301756430104,0.0,1884.636796444515,1442.2655703369203,0.0,0.0,0.0,873
1,Tarapaca,5,5,MVP_coverage_mid,6981.301756430104,,36,8.0,2.0,2.0,32.0,0.0,True,,0.33332828168336504,3490.650878215052,6981.301756430104,0.0,1745.2901720147293,1163.5502927383511,0.0,0.0,0.0,873
1,Tarapaca,5,5,MVP_coverage_mid,6981.301756430104,,37,8.0,2.0,2.0,32.0,0.01,True,,0.5359074124955828,3018.9505409963863,6981.301756430104,0.0,1980.3053707234844,1635.2506299570168,0.0,0.0,0.0,873
1,Tarapaca,5,5,MVP_coverage_mid,6981.301756430104,,38,8.0,2.0,2.0,64.0,0.0,True,,0.33332828168336504,3490.650878215052,6981.301756430104,0.0,1745.2901720147293,1163.550292738351,0.0,0.0,0.0,873
1,Tarapaca,5,5,MVP_coverage_mid,6981.301756430104,,39,8.0,2.0,2.0,64.0,0.01,True,,0.6822287288418255,2678.7002387834996,6981.301756430104,0.0,2151.192878002457,1975.5009321699038,0.0,0.0,0.0,873
1,Tarapaca,5,5,MVP_coverage_mid,6981.301756430104,,40,8.0,2.0,4.0,8.0,0.0,True,,0.323254560838814,3490.650878215052,6981.301756430104,0.0,1674.9624869888787,1163.5502927383511,0.0,0.0,0.0,873
1,Tarapaca,5,5,MVP_coverage_mid,6981.301756430104,,41,8.0,2.0,4.0,8.0,0.01,True,,0.39660824488997803,3317.4856118562493,6981.301756430104,0.0,1754.1535243988812,1336.7155590971543,0.0,0.0,0.0,873
1,Tarapaca,5,5,MVP_coverage_mid,6981.301756430104,,42,8.0,2.0,4.0,16.0,0.0,True,,0.3289397291329571,3490.650878215052,6981.301756430104,0.0,1714.6523623863807,1163.5502927383511,0.0,0.0,0.0,873
1,Tarapaca,5,5,MVP_coverage_mid,6981.301756430104,,43,8.0,2.0,4.0,16.0,0.01,True,,0.43342868260631107,3245.3294789948877,6981.301756430104,0.0,1830.8177787470388,1408.8716919585158,0.0,0.0,0.0,873
1,Tarapaca,5,5,MVP_coverage_mid,6981.301756430104,,44,8.0,2.0,4.0,32.0,0.0,True,,0.3319370502783751,3490.650878215052,6981.301756430104,0.0,1735.5775657634724,1163.5502927383511,0.0,0.0,0.0,873
1,Tarapaca,5,5,MVP_coverage_mid,6981.301756430104,,45,8.0,2.0,4.0,32.0,0.01,True,,0.5057802438750767,3083.9670079827965,6981.301756430104,0.0,1932.5196829829047,1570.2341629706068,0.0,0.0,0.0,873
1,Tarapaca,5,5,MVP_coverage_mid,6981.301756430104,,46,8.0,2.0,4.0,64.0,0.0,True,,0.33311194574289743,3490.6508782150527,6981.301756430104,0.0,1743.779865533563,1163.5502927383511,0.0,0.0,0.0,873
1,Tarapaca,5,5,MVP_coverage_mid,6981.301756430104,,47,8.0,2.0,4.0,64.0,0.01,True,,0.6331612476446464,2791.5410691120223,6981.301756430104,0.0,2090.7400611582966,1862.6601018413814,0.0,0.0,0.0,873
1,Tarapaca,5,5,MVP_coverage_mid,6981.301756430104,,48,16.0,1.0,1.0,8.0,0.0,True,,0.6868054142149562,2873.5782443002618,6981.301756430104,0.0,2053.2664795136375,1780.6229266531413,0.0,617.0726339147901,0.0,437
1,Tarapaca,5,5,MVP_coverage_mid,6981.301756430104,,49,16.0,1.0,1.0,8.0,0.01,True,,0.784354041297769,2649.312545292977,6981.301756430104,0.0,2165.2253988779767,2004.8886256604264,0.0,625.4658686228254,0.0,437
1,Tarapaca,5,5,MVP_coverage_mid,6981.301756430104,,50,16.0,1.0,1.0,16.0,0.0,True,,0.33332828168336504,3490.650878215052,6981.301756430104,0.0,1745.2901720147293,1163.5502927383511,0.0,0.0,0.0,437
1,Tarapaca,5,5,MVP_coverage_mid,6981.301756430104,,51,16.0,1.0,1.0,16.0,0.01,True,,0.5015453247962642,3099.138258077806,6981.301756430104,0.0,1940.8825602171755,1555.0629128755975,0.0,0.0,0.0,437
1,Tarapaca,5,5,MVP_coverage_mid,6981.301756430104,,52,16.0,1.0,1.0,32.0,0.0,True,,0.33332828168336504,3490.650878215052,6981.301756430104,0.0,1745.2901720147293,1163.5502927383511,0.0,0.0,0.0,437
1,Tarapaca,5,5,MVP_coverage_mid,6981.301756430104,,53,16.0,1.0,1.0,32.0,0.01,True,,0.5816145767913586,2912.8511962601533,6981.301756430104,0.0,2034.152515262441,1741.3499746932498,0.0,0.0,0.0,437
1,Tarapaca,5,5,MVP_coverage_mid,6981.301756430104,,54,16.0,1.0,1.0,64.0,0.0,True,,0.33332828168336504,3490.650878215052,6981.301756430104,0.0,1745.2901720147293,1163.5502927383511,0.0,0.0,0.0,437
1,Tarapaca,5,5,MVP_coverage_mid,6981.301756430104,,55,16.0,1.0,1.0,64.0,0.01,True,,0.7209355659019235,2588.6263695623584,6981.301756430104,0.0,2196.23231450312,2065.5748013910447,0.0,0.0,0.0,437
1,Tarapaca,5,5,MVP_coverage_mid,6981.301756430104,,56,16.0,1.0,2.0,8.0,0.0,True,,0.6868054142149562,2873.5782443002618,6981.301756430104,0.0,2053.2664795136375,1780.6229266531413,0.0,617.0726339147901,0.0,437
1,Tarapaca,5,5,MVP_coverage_mid,6981.301756430104,,57,16.0,1.0,2.0,8.0,0.01,True,,0.784354041297769,2649.312545292977,6981.301756430104,0.0,2165.2253988779767,2004.8886256604264,0.0,625.4658686228254,0.0,437
1,Tarapaca,5,5,MVP_coverage_mid,6981.301756430104,,58,16.0,1.0,2.0,16.0,0.0,True,,0.33332828168336504,3490.650878215052,6981.301756430104,0.0,1745.2901720147293,1163.5502927383511,0.0,0.0,0.0,437
1,Tarapaca,5,5,MVP_coverage_mid,6981.301756430104,,59,16.0,1.0,2.0,16.0,0.01,True,,0.5015453247962642,3099.138258077806,6981.301756430104,0.0,1940.8825602171755,1555.0629128755975,0.0,0.0,0.0,437
1,Tarapaca,5,5,MVP_coverage_mid,6981.301756430104,,60,16.0,1.0,2.0,32.0,0.0,True,,0.33332828168336504,3490.650878215052,6981.301756430104,0.0,1745.2901720147293,1163.5502927383511,0.0,0.0,0.0,437
1,Tarapaca,5,5,MVP_coverage_mid,6981.301756430104,,61,16.0,1.0,2.0,32.0,0.01,True,,0.5816145767913586,2912.8511962601533,6981.301756430104,0.0,2034.152515262441,1741.3499746932498,0.0,0.0,0.0,437
1,Tarapaca,5,5,MVP_coverage_mid,6981.301756430104,,62,16.0,1.0,2.0,64.0,0.0,True,,0.33332828168336504,3490.650878215052,6981.301756430104,0.0,1745.2901720147293,1163.5502927383511,0.0,0.0,0.0,437
1,Tarapaca,5,5,MVP_coverage_mid,6981.301756430104,,63,16.0,1.0,2.0,64.0,0.01,True,,0.7209355659019235,2588.6263695623584,6981.301756430104,0.0,2196.23231450312,2065.5748013910447,0.0,0.0,0.0,437
1,Tarapaca,5,5,MVP_coverage_mid,6981.301756430104,,64,16.0,1.0,4.0,8.0,0.0,True,,0.674118983088295,2895.336839980524,6981.301756430104,0.0,2040.8537604871658,1758.864330972879,0.0,595.3140382345279,0.0,437
1,Tarapaca,5,5,MVP_coverage_mid,6981.301756430104,,65,16.0,1.0,4.0,8.0,0.01,True,,0.7727572142307014,2666.69906638753,6981.301756430104,0.0,2150.8089324619723,1987.5021045658734,0.0,602.3876886028764,0.0,437
1,Tarapaca,5,5,MVP_coverage_mid,6981.301756430104,,66,16.0,1.0,4.0,16.0,0.0,True,,0.33332828168336504,3490.650878215052,6981.301756430104,0.0,1745.2901720147293,1163.5502927383511,0.0,0.0,0.0,437
1,Tarapaca,5,5,MVP_coverage_mid,6981.301756430104,,67,16.0,1.0,4.0,16.0,0.01,True,,0.5013829106296315,3099.462218736887,6981.301756430104,0.0,1940.5585995580948,1554.7389522165167,0.0,0.0,0.0,437
1,Tarapaca,5,5,MVP_coverage_mid,6981.301756430104,,68,16.0,1.0,4.0,32.0,0.0,True,,0.33332828168336504,3490.650878215052,6981.301756430104,0.0,1745.2901720147293,1163.5502927383511,0.0,0.0,0.0,437
1,Tarapaca,5,5,MVP_coverage_mid,6981.301756430104,,69,16.0,1.0,4.0,32.0,0.01,True,,0.5814377803135059,2913.248601287578,6981.301756430104,0.0,2033.9117582696383,1740.9525696658254,0.0,0.0,0.0,437
1,Tarapaca,5,5,MVP_coverage_mid,6981.301756430104,,70,16.0,1.0,4.0,64.0,0.0,True,,0.33332828168336504,3490.650878215052,6981.301756430104,0.0,1745.2901720147293,1163.5502927383511,0.0,0.0,0.0,437
1,Tarapaca,5,5,MVP_coverage_mid,6981.301756430104,,71,16.0,1.0,4.0,64.0,0.01,True,,0.720813290395163,2588.915589839421,6981.301756430104,0.0,2196.1017229856607,2065.2855811139825,0.0,0.0,0.0,437
1,Tarapaca,5,5,MVP_coverage_mid,6981.301756430104,,72,16.0,2.0,1.0,8.0,0.0,True,,0.4502473413352228,3286.4922524301246,6981.301756430104,0.0,1846.9822182751545,1367.7089185232785,0.0,204.15862578492718,0.0,437
1,Tarapaca,5,5,MVP_coverage_mid,6981.301756430104,,73,16.0,2.0,1.0,8.0,0.01,True,,0.5615209212456321,3030.5127544837615,6981.301756430104,0.0,1974.9012142823888,1623.6884164696419,0.0,213.12532378459088,0.0,437
1,Tarapaca,5,5,MVP_coverage_mid,6981.301756430104,,74,16.0,2.0,1.0,16.0,0.0,True,,0.33332828168336504,3490.650878215052,6981.301756430104,0.0,1745.2901720147293,1163.5502927383511,0.0,0.0,0.0,437
1,Tarapaca,5,5,MVP_coverage_mid,6981.301756430104,,75,16.0,2.0,1.0,16.0,0.01,True,,0.49374531505995395,3117.2300059737677,6981.301756430104,0.0,1931.657708284805,1536.9711649796354,0.0,0.0,0.0,437
1,Tarapaca,5,5,MVP_coverage_mid,6981.301756430104,,76,16.0,2.0,1.0,32.0,0.0,True,,0.33332828168336504,3490.650878215052,6981.301756430104,0.0,1745.2901720147293,1163.5502927383511,0.0,0.0,0.0,437
1,Tarapaca,5,5,MVP_coverage_mid,6981.301756430104,,77,16.0,2.0,1.0,32.0,0.01,True,,0.5755857698109859,2926.8901525772258,6981.301756430104,0.0,2027.160985293868,1727.3110183761773,0.0,0.0,0.0,437
1,Tarapaca,5,5,MVP_coverage_mid,6981.301756430104,,78,16.0,2.0,1.0,64.0,0.0,True,,0.33332828168336504,3490.650878215052,6981.301756430104,0.0,1745.2901720147293,1163.5502927383511,0.0,0.0,0.0,437
1,Tarapaca,5,5,MVP_coverage_mid,6981.301756430104,,79,16.0,2.0,1.0,64.0,0.01,True,,0.7127491589218653,2607.704844647448,6981.301756430104,0.0,2186.7767247871125,2046.4963263059553,0.0,0.0,0.0,437
1,Tarapaca,5,5,MVP_coverage_mid,6981.301756430104,,80,16.0,2.0,2.0,8.0,0.0,True,,0.4502473413352228,3286.4922524301246,6981.301756430104,0.0,1846.9822182751545,1367.7089185232785,0.0,204.15862578492718,0.0,437
1,Tarapaca,5,5,MVP_coverage_mid,6981.301756430104,,81,16.0,2.0,2.0,8.0,0.01,True,,0.5615209212456321,3030.5127544837615,6981.301756430104,0.0,1974.9012142823888,1623.6884164696419,0.0,213.12532378459088,0.0,437
1,Tarapaca,5,5,MVP_coverage_mid,6981.301756430104,,82,16.0,2.0,2.0,16.0,0.0,True,,0.33332828168336504,3490.650878215052,6981.301756430104,0.0,1745.2901720147293,1163.5502927383511,0.0,0.0,0.0,437
1,Tarapaca,5,5,MVP_coverage_mid,6981.301756430104,,83,16.0,2.0,2.0,16.0,0.01,True,,0.49374531505995395,3117.2300059737677,6981.301756430104,0.0,1931.657708284805,1536.9711649796354,0.0,0.0,0.0,437
1,Tarapaca,5,5,MVP_coverage_mid,6981.301756430104,,84,16.0,2.0,2.0,32.0,0.0,True,,0.33332828168336504,3490.650878215052,6981.301756430104,0.0,1745.2901720147293,1163.5502927383511,0.0,0.0,0.0,437
1,Tarapaca,5,5,MVP_coverage_mid,6981.301756430104,,85,16.0,2.0,2.0,32.0,0.01,True,,0.5755857698109859,2926.8901525772258,6981.301756430104,0.0,2027.160985293868,1727.3110183761773,0.0,0.0,0.0,437
1,Tarapaca,5,5,MVP_coverage_mid,6981.301756430104,,86,16.0,2.0,2.0,64.0,0.0,True,,0.33332828168336504,3490.650878215052,6981.301756430104,0.0,1745.2901720147293,1163.5502927383511,0.0,0.0,0.0,437
1,Tarapaca,5,5,MVP_coverage_mid,6981.301756430104,,87,16.0,2.0,2.0,64.0,0.01,True,,0.7127491589218653,2607.704844647448,6981.301756430104,0.0,2186.7767247871125,2046.4963263059553,0.0,0.0,0.0,437
1,Tarapaca,5,5,MVP_coverage_mid,6981.301756430104,,88,16.0,2.0,4.0,8.0,0.0,True,,0.4469557222647766,3291.8336343707383,6981.301756430104,0.0,1842.697269069297,1362.3675365826648,0.0,198.81724384431365,0.0,437
1,Tarapaca,5,5,MVP_coverage_mid,6981.301756430104,,89,16.0,2.0,4.0,8.0,0.01,True,,0.5614442886251916,3030.37540448012,6981.301756430104,0.0,1973.9304021263572,1623.8257664732835,0.0,213.21776548383684,0.0,437
1,Tarapaca,5,5,MVP_coverage_mid,6981.301756430104,,90,16.0,2.0,4.0,16.0,0.0,True,,0.33332828168336504,3490.650878215052,6981.301756430104,0.0,1745.2901720147293,1163.5502927383511,0.0,0.0,0.0,437
1,Tarapaca,5,5,MVP_coverage_mid,6981.301756430104,,91,16.0,2.0,4.0,16.0,0.01,True,,0.4937216666399564,3117.2771764755007,6981.301756430104,0.0,1931.6105377830718,1536.9239944779024,0.0,0.0,0.0,437
1,Tarapaca,5,5,MVP_coverage_mid,6981.301756430104,,92,16.0,2.0,4.0,32.0,0.0,True,,0.33332828168336504,3490.650878215052,6981.301756430104,0.0,1745.2901720147293,1163.5502927383511,0.0,0.0,0.0,437
1,Tarapaca,5,5,MVP_coverage_mid,6981.301756430104,,93,16.0,2.0,4.0,32.0,0.01,True,,0.5755350504075987,2926.9913204229265,6981.301756430104,0.0,2027.0598174481675,1727.2098505304766,0.0,0.0,0.0,437
1,Tarapaca,5,5,MVP_coverage_mid,6981.301756430104,,94,16.0,2.0,4.0,64.0,0.0,True,,0.33332828168336504,3490.650878215052,6981.301756430104,0.0,1745.2901720147293,1163.5502927383511,0.0,0.0,0.0,437
1,Tarapaca,5,5,MVP_coverage_mid,6981.301756430104,,95,16.0,2.0,4.0,64.0,0.01,True,,0.7125937568677335,2608.0544786163173,6981.301756430104,0.0,2186.565901075822,2046.1466923370858,0.0,0.0,0.0,437
1,Tarapaca,5,5,MVP_coverage_mid,6981.301756430104,,96,32.0,1.0,1.0,8.0,0.0,True,,1.5193898493625368,1420.5263658367753,6981.301756430104,0.0,2780.1080843636064,3233.6748051166282,0.0,2070.124512378277,0.0,219
1,Tarapaca,5,5,MVP_coverage_mid,6981.301756430104,,97,32.0,1.0,1.0,8.0,0.01,True,,1.5730888450391403,1295.3355030350217,6981.301756430104,0.0,2842.843905548768,3358.865667918382,0.0,2069.300427024335,0.0,219
1,Tarapaca,5,5,MVP_coverage_mid,6981.301756430104,,98,32.0,1.0,1.0,16.0,0.0,True,,0.7539716495921024,2756.3636005598146,6981.301756430104,0.0,2111.922983433341,1897.8375703935885,0.0,734.2872776552373,0.0,219
1,Tarapaca,5,5,MVP_coverage_mid,6981.301756430104,,99,32.0,1.0,1.0,16.0,0.01,True,,0.9358355759726906,2335.2255503523506,6981.301756430104,0.0,2323.0253026566343,2318.975620601053,0.0,739.9867815853597,0.0,219
1,Tarapaca,5,5,MVP_coverage_mid,6981.301756430104,,100,32.0,1.0,1.0,32.0,0.0,True,,0.33332828168336504,3490.650878215052,6981.301756430104,0.0,1745.2901720147293,1163.5502927383511,0.0,0.0,0.0,219
1,Tarapaca,5,5,MVP_coverage_mid,6981.301756430104,,101,32.0,1.0,1.0,32.0,0.01,True,,0.6531015298910806,2746.4648407029263,6981.301756430104,0.0,2117.258617606299,1907.7363302504773,0.0,0.0,0.0,219
1,Tarapaca,5,5,MVP_coverage_mid,6981.301756430104,,102,32.0,1.0,1.0,64.0,0.0,True,,0.33332828168336504,3490.650878215052,6981.301756430104,0.0,1745.2901720147293,1163.5502927383511,0.0,0.0,0.0,219
1,Tarapaca,5,5,MVP_coverage_mid,6981.301756430104,,103,32.0,1.0,1.0,64.0,0.01,True,,0.7787883231066446,2453.9966709608043,6981.301756430104,0.0,2263.545623486878,2200.204499992599,0.0,0.0,0.0,219
1,Tarapaca,5,5,MVP_coverage_mid,6981.301756430104,,104,32.0,1.0,2.0,8.0,0.0,True,,1.5193898493625368,1420.5263658367753,6981.301756430104,0.0,2780.1080843636064,3233.6748051166282,0.0,2070.124512378277,0.0,219
1,Tarapaca,5,5,MVP_coverage_mid,6981.301756430104,,105,32.0,1.0,2.0,8.0,0.01,True,,1.5730888450391403,1295.3355030350217,6981.301756430104,0.0,2842.843905548768,3358.865667918382,0.0,2069.300427024335,0.0,219
1,Tarapaca,5,5,MVP_coverage_mid,6981.301756430104,,106,32.0,1.0,2.0,16.0,0.0,True,,0.7539716495921024,2756.3636005598146,6981.301756430104,0.0,2111.922983433341,1897.8375703935885,0.0,734.2872776552373,0.0,219
1,Tarapaca,5,5,MVP_coverage_mid,6981.301756430104,,107,32.0,1.0,2.0,16.0,0.01,True,,0.9358355759726906,2335.2255503523506,6981.301756430104,0.0,2323.0253026566343,2318.975620601053,0.0,739.9867815853597,0.0,219
1,Tarapaca,5,5,MVP_coverage_mid,6981.301756430104,,108,32.0,1.0,2.0,32.0,0.0,True,,0.33332828168336504,3490.650878215052,6981.301756430104,0.0,1745.2901720147293,1163.5502927383511,0.0,0.0,0.0,219
1,Tarapaca,5,5,MVP_coverage_mid,6981.301756430104,,109,32.0,1.0,2.0,32.0,0.01,True,,0.6531015298910806,2746.4648407029263,6981.301756430104,0.0,2117.258617606299,1907.7363302504773,0.0,0.0,0.0,219
1,Tarapaca,5,5,MVP_coverage_mid,6981.301756430104,,110,32.0,1.0,2.0,64.0,0.0,True,,0.33332828168336504,3490.650878215052,6981.301756430104,0.0,1745.2901720147293,1163.5502927383511,0.0,0.0,0.0,219
1,Tarapaca,5,5,MVP_coverage_mid,6981.301756430104,,111,32.0,1.0,2.0,64.0,0.01,True,,0.7787883231066446,2453.9966709608043,6981.301756430104,0.0,2263.545623486878,2200.204499992599,0.0,0.0,0.0,219
1,Tarapaca,5,5,MVP_coverage_mid,6981.301756430104,,112,32.0,1.0,4.0,8.0,0.0,True,,1.5193898493625368,1420.5263658367753,6981.301756430104,0.0,2780.1080843636064,3233.6748051166282,0.0,2070.124512378277,0.0,219
1,Tarapaca,5,5,MVP_coverage_mid,6981.301756430104,,113,32.0,1.0,4.0,8.0,0.01,True,,1.5730888450391403,1295.3355030350217,6981.301756430104,0.0,2842.843905548768,3358.865667918382,0.0,2069.300427024335,0.0,219
1,Tarapaca,5,5,MVP_coverage_mid,6981.301756430104,,114,32.0,1.0,4.0,16.0,0.0,True,,0.7539716495921024,2756.3636005598146,6981.301756430104,0.0,2111.922983433341,1897.8375703935885,0.0,734.2872776552373,0.0,219
1,Tarapaca,5,5,MVP_coverage_mid,6981.301756430104,,115,32.0,1.0,4.0,16.0,0.01,True,,0.9358355759726906,2335.2255503523506,6981.301756430104,0.0,2323.0253026566343,2318.975620601053,0.0,739.9867815853597,0.0,219
1,Tarapaca,5,5,MVP_coverage_mid,6981.301756430104,,116,32.0,1.0,4.0,32.0,0.0,True,,0.33332828168336504,3490.650878215052,6981.301756430104,0.0,1745.2901720147293,1163.5502927383511,0.0,0.0,0.0,219
1,Tarapaca,5,5,MVP_coverage_mid,6981.301756430104,,117,32.0,1.0,4.0,32.0,0.01,True,,0.6531015298910806,2746.4648407029263,6981.301756430104,0.0,2117.258617606299,1907.7363302504773,0.0,0.0,0.0,219
1,Tarapaca,5,5,MVP_coverage_mid,6981.301756430104,,118,32.0,1.0,4.0,64.0,0.0,True,,0.33332828168336504,3490.650878215052,6981.301756430104,0.0,1745.2901720147293,1163.5502927383511,0.0,0.0,0.0,219
1,Tarapaca,5,5,MVP_coverage_mid,6981.301756430104,,119,32.0,1.0,4.0,64.0,0.01,True,,0.7787883231066446,2453.9966709608043,6981.301756430104,0.0,2263.545623486878,2200.204499992599,0.0,0.0,0.0,219
1,Tarapaca,5,5,MVP_coverage_mid,6981.301756430104,,120,32.0,2.0,1.0,8.0,0.0,True,,1.391110227716586,1644.4697246985584,6981.301756430104,0.0,2668.3510924687816,3009.7314462548447,0.0,1846.1811535164936,0.0,219
1,Tarapaca,5,5,MVP_coverage_mid,6981.301756430104,,121,32.0,2.0,1.0,8.0,0.01,True,,1.462420321869431,1481.401594173823,6981.301756430104,0.0,2749.8431876611266,3172.7995767795805,0.0,1854.8560175727612,0.0,219
1,Tarapaca,5,5,MVP_coverage_mid,6981.301756430104,,122,32.0,2.0,1.0,16.0,0.0,True,,0.6053333891421621,3015.799012703496,6981.301756430104,0.0,1982.2583771843417,1638.4021582499074,0.0,474.8518655115562,0.0,219
1,Tarapaca,5,5,MVP_coverage_mid,6981.301756430104,,123,32.0,2.0,1.0,16.0,0.01,True,,0.823580107542508,2519.0462190411868,6981.301756430104,0.0,2230.6990221116434,2135.1549519122163,0.0,508.17543493192187,0.0,219
1,Tarapaca,5,5,MVP_coverage_mid,6981.301756430104,,124,32.0,2.0,1.0,32.0,0.0,True,,0.33332828168336504,3490.650878215052,6981.301756430104,0.0,1745.2901720147293,1163.5502927383511,0.0,0.0,0.0,219
1,Tarapaca,5,5,MVP_coverage_mid,6981.301756430104,,125,32.0,2.0,1.0,32.0,0.01,True,,0.6506545880413562,2752.0907267296616,6981.301756430104,0.0,2114.240493239774,1902.1104442237415,0.0,0.0,0.0,219
1,Tarapaca,5,5,MVP_coverage_mid,6981.301756430104,,126,32.0,2.0,1.0,64.0,0.0,True,,0.33332828168336504,3490.650878215052,6981.301756430104,0.0,1745.2901720147293,1163.5502927383511,0.0,0.0,0.0,219
1,Tarapaca,5,5,MVP_coverage_mid,6981.301756430104,,127,32.0,2.0,1.0,64.0,0.01,True,,0.7772936395744844,2457.451894474907,6981.301756430104,0.0,2261.7488455037574,2196.749276478496,0.0,0.0,0.0,219
1,Tarapaca,5,5,MVP_coverage_mid,6981.301756430104,,128,32.0,2.0,2.0,8.0,0.0,True,,1.391110227716586,1644.4697246985584,6981.301756430104,0.0,2668.3510924687816,3009.7314462548447,0.0,1846.1811535164936,0.0,219
1,Tarapaca,5,5,MVP_coverage_mid,6981.301756430104,,129,32.0,2.0,2.0,8.0,0.01,True,,1.462420321869431,1481.401594173823,6981.301756430104,0.0,2749.8431876611266,3172.7995767795805,0.0,1854.8560175727612,0.0,219
1,Tarapaca,5,5,MVP_coverage_mid,6981.301756430104,,130,32.0,2.0,2.0,16.0,0.0,True,,0.6053333891421621,3015.799012703496,6981.301756430104,0.0,1982.2583771843417,1638.4021582499074,0.0,474.8518655115562,0.0,219
1,Tarapaca,5,5,MVP_coverage_mid,6981.301756430104,,131,32.0,2.0,2.0,16.0,0.01,True,,0.823580107542508,2519.0462190411868,6981.301756430104,0.0,2230.6990221116434,2135.1549519122163,0.0,508.17543493192187,0.0,219
1,Tarapaca,5,5,MVP_coverage_mid,6981.301756430104,,132,32.0,2.0,2.0,32.0,0.0,True,,0.33332828168336504,3490.650878215052,6981.301756430104,0.0,1745.2901720147293,1163.5502927383511,0.0,0.0,0.0,219
1,Tarapaca,5,5,MVP_coverage_mid,6981.301756430104,,133,32.0,2.0,2.0,32.0,0.01,True,,0.6506545880413562,2752.0907267296616,6981.301756430104,0.0,2114.240493239774,1902.1104442237415,0.0,0.0,0.0,219
1,Tarapaca,5,5,MVP_coverage_mid,6981.301756430104,,134,32.0,2.0,2.0,64.0,0.0,True,,0.33332828168336504,3490.650878215052,6981.301756430104,0.0,1745.2901720147293,1163.5502927383511,0.0,0.0,0.0,219
1,Tarapaca,5,5,MVP_coverage_mid,6981.301756430104,,135,32.0,2.0,2.0,64.0,0.01,True,,0.7772936395744844,2457.451894474907,6981.301756430104,0.0,2261.7488455037574,2196.749276478496,0.0,0.0,0.0,219
1,Tarapaca,5,5,MVP_coverage_mid,6981.301756430104,,136,32.0,2.0,4.0,8.0,0.0,True,,1.391110227716586,1644.4697246985584,6981.301756430104,0.0,2668.3510924687816,3009.7314462548447,0.0,1846.1811535164936,0.0,219
1,Tarapaca,5,5,MVP_coverage_mid,6981.301756430104,,137,32.0,2.0,4.0,8.0,0.01,True,,1.462420321869431,1481.401594173823,6981.301756430104,0.0,2749.8431876611266,3172.7995767795805,0.0,1854.8560175727612,0.0,219
1,Tarapaca,5,5,MVP_coverage_mid,6981.301756430104,,138,32.0,2.0,4.0,16.0,0.0,True,,0.6053333891421621,3015.799012703496,6981.301756430104,0.0,1982.2583771843417,1638.4021582499074,0.0,474.8518655115562,0.0,219
1,Tarapaca,5,5,MVP_coverage_mid,6981.301756430104,,139,32.0,2.0,4.0,16.0,0.01,True,,0.823580107542508,2519.0462190411868,6981.301756430104,0.0,2230.6990221116434,2135.1549519122163,0.0,508.17543493192187,0.0,219
1,Tarapaca,5,5,MVP_coverage_mid,6981.301756430104,,140,32.0,2.0,4.0,32.0,0.0,True,,0.33332828168336504,3490.650878215052,6981.301756430104,0.0,1745.2901720147293,1163.5502927383511,0.0,0.0,0.0,219
1,Tarapaca,5,5,MVP_coverage_mid,6981.301756430104,,141,32.0,2.0,4.0,32.0,0.01,True,,0.6506545880413562,2752.0907267296616,6981.301756430104,0.0,2114.240493239774,1902.1104442237415,0.0,0.0,0.0,219
1,Tarapaca,5,5,MVP_coverage_mid,6981.301756430104,,142,32.0,2.0,4.0,64.0,0.0,True,,0.33332828168336504,3490.650878215052,6981.301756430104,0.0,1745.2901720147293,1163.5502927383511,0.0,0.0,0.0,219
1,Tarapaca,5,5,MVP_coverage_mid,6981.301756430104,,143,32.0,2.0,4.0,64.0,0.01,True,,0.7772936395744844,2457.451894474907,6981.301756430104,0.0,2261.7488455037574,2196.749276478496,0.0,0.0,0.0,219
2,Antofagasta,5,5,MVP_coverage_mid,10051.18239806476,,0,8.0,1.0,1.0,8.0,0.0,True,,0.32903733862372886,5025.59119903238,10051.18239806476,0.0,2469.615773108833,1675.197066344126,0.0,0.0,0.0,1257
2,Antofagasta,5,5,MVP_coverage_mid,10051.18239806476,,1,8.0,1.0,1.0,8.0,0.01,True,,0.3825711773976457,4851.648705251142,10051.18239806476,0.0,2572.8379166409673,1849.1395601253637,0.0,0.0,0.0,1257
2,Antofagasta,5,5,MVP_coverage_mid,10051.18239806476,,2,8.0,1.0,1.0,16.0,0.0,True,,0.33328707590220485,5025.59119903238,10051.18239806476,0.0,2512.330657638651,1675.197066344126,0.0,0.0,0.0,1257
2,Antofagasta,5,5,MVP_coverage_mid,10051.18239806476,,3,8.0,1.0,1.0,16.0,0.01,True,,0.4170346693538384,4744.9561974694225,10051.18239806476,0.0,2652.5054909125993,1955.832067907083,0.0,0.0,0.0,1257
2,Antofagasta,5,5,MVP_coverage_mid,10051.18239806476,,4,8.0,1.0,1.0,32.0,0.0,True,,0.33328707590220485,5025.59119903238,10051.18239806476,0.0,2512.330657638651,1675.197066344126,0.0,0.0,0.0,1257
2,Antofagasta,5,5,MVP_coverage_mid,10051.18239806476,,5,8.0,1.0,1.0,32.0,0.01,True,,0.4769306477277952,4544.407221518735,10051.18239806476,0.0,2753.158454583063,2156.3810438577702,0.0,0.0,0.0,1257
2,Antofagasta,5,5,MVP_coverage_mid,10051.18239806476,,6,8.0,1.0,1.0,64.0,0.0,True,,0.33328707590220485,5025.59119903238,10051.18239806476,0.0,2512.330657638651,1675.1970663441257,0.0,0.0,0.0,1257
2,Antofagasta,5,5,MVP_coverage_mid,10051.18239806476,,7,8.0,1.0,1.0,64.0,0.01,True,,0.5890372522104971,4168.592944178028,10051.18239806476,0.0,2940.4266909146363,2532.195321198478,0.0,0.0,0.0,1257
2,Antofagasta,5,5,MVP_coverage_mid,10051.18239806476,,8,8.0,1.0,2.0,8.0,0.0,True,,0.3220865382086354,5025.59119903238,10051.18239806476,0.0,2399.752010324184,1675.197066344126,0.0,0.0,0.0,1257
2,Antofagasta,5,5,MVP_coverage_mid,10051.18239806476,,9,8.0,1.0,2.0,8.0,0.01,True,,0.3743279698501963,4849.951078650794,10051.18239806476,0.0,2485.7398675355803,1850.8371867257115,0.0,0.0,0.0,1257
2,Antofagasta,5,5,MVP_coverage_mid,10051.18239806476,,10,8.0,1.0,2.0,16.0,0.0,True,,0.32995797715506164,5025.59119903238,10051.18239806476,0.0,2478.869278909945,1675.197066344126,0.0,0.0,0.0,1257
2,Antofagasta,5,5,MVP_coverage_mid,10051.18239806476,,11,8.0,1.0,2.0,16.0,0.01,True,,0.41083912206050177,4751.9438201536395,10051.18239806476,0.0,2607.701971721978,1948.8444452228664,0.0,0.0,0.0,1257
2,Antofagasta,5,5,MVP_coverage_mid,10051.18239806476,,12,8.0,1.0,2.0,32.0,0.0,True,,0.3324635646444283,5025.59119903238,10051.18239806476,0.0,2504.053395779878,1675.197066344126,0.0,0.0,0.0,1257
2,Antofagasta,5,5,MVP_coverage_mid,10051.18239806476,,13,8.0,1.0,2.0,32.0,0.01,True,,0.47176333643776036,4558.767783157575,10051.18239806476,0.0,2737.1222703964418,2142.0204822189316,0.0,0.0,0.0,1257
2,Antofagasta,5,5,MVP_coverage_mid,10051.18239806476,,14,8.0,1.0,2.0,64.0,0.0,True,,0.33287738118027443,5025.59119903238,10051.18239806476,0.0,2508.212741261003,1675.1970663441257,0.0,0.0,0.0,1257
2,Antofagasta,5,5,MVP_coverage_mid,10051.18239806476,,15,8.0,1.0,2.0,64.0,0.01,True,,0.5832280156551086,4187.755092467494,10051.18239806476,0.0,2929.9423654265865,2513.0331729090112,0.0,0.0,0.0,1257
2,Antofagasta,5,5,MVP_coverage_mid,10051.18239806476,,16,8.0,1.0,4.0,8.0,0.0,True,,0.30923525634324744,5025.59119903238,10051.18239806476,0.0,2270.581432246228,1675.197066344126,0.0,0.0,0.0,1257
2,Antofagasta,5,5,MVP_coverage_mid,10051.18239806476,,17,8.0,1.0,4.0,8.0,0.01,True,,0.3681664656560383,4830.476734753999,10051.18239806476,0.0,2375.1236052916684,1870.3115306225077,0.0,0.0,0.0,1257
2,Antofagasta,5,5,MVP_coverage_mid,10051.18239806476,,18,8.0,1.0,4.0,16.0,0.0,True,,0.3175627416774691,5025.59119903238,10051.18239806476,0.0,2354.282506257699,1675.197066344126,0.0,0.0,0.0,1257
2,Antofagasta,5,5,MVP_coverage_mid,10051.18239806476,,19,8.0,1.0,4.0,16.0,0.01,True,,0.3902204149223179,4780.5355915559585,10051.18239806476,0.0,2471.93901396961,1920.2526738205477,0.0,0.0,0.0,1257
2,Antofagasta,5,5,MVP_coverage_mid,10051.18239806476,,20,8.0,1.0,4.0,32.0,0.0,True,,0.3214832172272848,5025.59119903238,10051.18239806476,0.0,2393.6879210960496,1675.197066344126,0.0,0.0,0.0,1257
2,Antofagasta,5,5,MVP_coverage_mid,10051.18239806476,,21,8.0,1.0,4.0,32.0,0.01,True,,0.42047064584737326,4692.8982973498105,10051.18239806476,0.0,2556.896367065551,2007.889968026696,0.0,0.0,0.0,1257
2,Antofagasta,5,5,MVP_coverage_mid,10051.18239806476,,22,8.0,1.0,4.0,64.0,0.0,True,,0.3222096324912006,5025.59119903238,10051.18239806476,0.0,2400.989253410406,1675.197066344126,0.0,0.0,0.0,1257
2,Antofagasta,5,5,MVP_coverage_mid,10051.18239806476,,23,8.0,1.0,4.0,64.0,0.01,True,,0.4560457330692502,4574.7631783468205,10051.18239806476,0.0,2619.1302600522235,2126.025087029686,0.0,0.0,0.0,1257
2,Antofagasta,5,5,MVP_coverage_mid,10051.18239806476,,24,8.0,2.0,1.0,8.0,0.0,True,,0.30873265230575375,5025.59119903238,10051.18239806476,0.0,2265.529667391375,1675.1970663441261,0.0,0.0,0.0,1257
2,Antofagasta,5,5,MVP_coverage_mid,10051.18239806476,,25,8.0,2.0,1.0,8.0,0.01,True,,0.35395927908034164,4872.22294657038,10051.18239806476,0.0,2336.6901111969573,1828.5653188061258,0.0,0.0,0.0,1257
2,Antofagasta,5,5,MVP_coverage_mid,10051.18239806476,,26,8.0,2.0,1.0,16.0,0.0,True,,0.32477323536038516,5025.59119903238,10051.18239806476,0.0,2426.756493444782,1675.197066344126,0.0,0.0,0.0,1257
2,Antofagasta,5,5,MVP_coverage_mid,10051.18239806476,,27,8.0,2.0,1.0,16.0,0.01,True,,0.39948408227789883,4774.792672722398,10051.18239806476,0.0,2550.69252715165,1925.9955926541083,0.0,0.0,0.0,1257
2,Antofagasta,5,5,MVP_coverage_mid,10051.18239806476,,28,8.0,2.0,1.0,32.0,0.0,True,,0.3312361853126518,5025.59119903238,10051.18239806476,0.0,2491.716782244578,1675.197066344126,0.0,0.0,0.0,1257
2,Antofagasta,5,5,MVP_coverage_mid,10051.18239806476,,29,8.0,2.0,1.0,32.0,0.01,True,,0.4633623838111091,4582.185847130653,10051.18239806476,0.0,2711.2279231611656,2118.6024182458527,0.0,0.0,0.0,1257
2,Antofagasta,5,5,MVP_coverage_mid,10051.18239806476,,30,8.0,2.0,1.0,64.0,0.0,True,,0.332743751543774,5025.59119903238,10051.18239806476,0.0,2506.86960541075,1675.1970663441257,0.0,0.0,0.0,1257
2,Antofagasta,5,5,MVP_coverage_mid,10051.18239806476,,31,8.0,2.0,1.0,64.0,0.01,True,,0.5766347857020171,4208.414168928306,10051.18239806476,0.0,2915.3202997277085,2492.3740964481995,0.0,0.0,0.0,1257
2,Antofagasta,5,5,MVP_coverage_mid,10051.18239806476,,32,8.0,2.0,2.0,8.0,0.0,True,,0.30873265230575375,5025.59119903238,10051.18239806476,0.0,2265.529667391375,1675.1970663441261,0.0,0.0,0.0,1257
2,Antofagasta,5,5,MVP_coverage_mid,10051.18239806476,,33,8.0,2.0,2.0,8.0,0.01,True,,0.35395927908034164,4872.22294657038,10051.18239806476,0.0,2336.6901111969573,1828.5653188061258,0.0,0.0,0.0,1257
2,Antofagasta,5,5,MVP_coverage_mid,10051.18239806476,,34,8.0,2.0,2.0,16.0,0.0,True,,0.32477323536038516,5025.59119903238,10051.18239806476,0.0,2426.756493444782,1675.197066344126,0.0,0.0,0.0,1257
2,Antofagasta,5,5,MVP_coverage_mid,10051.18239806476,,35,8.0,2.0,2.0,16.0,0.01,True,,0.39948408227789883,4774.792672722398,10051.18239806476,0.0,2550.69252715165,1925.9955926541083,0.0,0.0,0.0,1257
2,Antofagasta,5,5,MVP_coverage_mid,10051.18239806476,,36,8.0,2.0,2.0,32.0,0.0,True,,0.3312361853126518,5025.59119903238,10051.18239806476,0.0,2491.716782244578,1675.197066344126,0.0,0.0,0.0,1257
2,Antofagasta,5,5,MVP_coverage_mid,10051.18239806476,,37,8.0,2.0,2.0,32.0,0.01,True,,0.4633623838111091,4582.185847130653,10051.18239806476,0.0,2711.2279231611656,2118.6024182458527,0.0,0.0,0.0,1257
2,Antofagasta,5,5,MVP_coverage_mid,10051.18239806476,,38,8.0,2.0,2.0,64.0,0.0,True,,0.332743751543774,5025.59119903238,10051.18239806476,0.0,2506.86960541075,1675.1970663441257,0.0,0.0,0.0,1257
2,Antofagasta,5,5,MVP_coverage_mid,10051.18239806476,,39,8.0,2.0,2.0,64.0,0.01,True,,0.5766347857020171,4208.414168928306,10051.18239806476,0.0,2915.3202997277085,2492.3740964481995,0.0,0.0,0.0,1257
2,Antofagasta,5,5,MVP_coverage_mid,10051.18239806476,,40,8.0,2.0,4.0,8.0,0.0,True,,0.29824815604065713,5025.59119903238,10051.18239806476,0.0,2160.14808307906,1675.197066344126,0.0,0.0,0.0,1257
2,Antofagasta,5,5,MVP_coverage_mid,10051.18239806476,,41,8.0,2.0,4.0,8.0,0.01,True,,0.3507470343556691,4852.546079636124,10051.18239806476,0.0,2255.2110862264117,1848.242185740382,0.0,0.0,0.0,1257
2,Antofagasta,5,5,MVP_coverage_mid,10051.18239806476,,42,8.0,2.0,4.0,16.0,0.0,True,,0.3075053711619773,5025.59119903238,10051.18239806476,0.0,2253.1940407615725,1675.197066344126,0.0,0.0,0.0,1257
2,Antofagasta,5,5,MVP_coverage_mid,10051.18239806476,,43,8.0,2.0,4.0,16.0,0.01,True,,0.3735117738075718,4801.381709858011,10051.18239806476,0.0,2356.1127102566243,1899.4065555184952,0.0,0.0,0.0,1257
2,Antofagasta,5,5,MVP_coverage_mid,10051.18239806476,,44,8.0,2.0,4.0,32.0,0.0,True,,0.3110049530765983,5025.59119903238,10051.18239806476,0.0,2288.3689769023968,1675.197066344126,0.0,0.0,0.0,1257
2,Antofagasta,5,5,MVP_coverage_mid,10051.18239806476,,45,8.0,2.0,4.0,32.0,0.01,True,,0.4047834550844679,4709.98769740788,10051.18239806476,0.0,2441.945051539525,1990.8005679686266,0.0,0.0,0.0,1257
2,Antofagasta,5,5,MVP_coverage_mid,10051.18239806476,,46,8.0,2.0,4.0,64.0,0.0,True,,0.3122503519882508,5025.59119903238,10051.18239806476,0.0,2300.886708521767,1675.197066344126,0.0,0.0,0.0,1257
2,Antofagasta,5,5,MVP_coverage_mid,10051.18239806476,,47,8.0,2.0,4.0,64.0,0.01,True,,0.4412457870515789,4588.647999395053,10051.18239806476,0.0,2505.0853557676796,2112.140265981453,0.0,0.0,0.0,1257
2,Antofagasta,5,5,MVP_coverage_mid,10051.18239806476,,48,16.0,1.0,1.0,8.0,0.0,True,,0.6296732769008602,4278.237179080311,10051.18239806476,0.0,2875.6233543133767,2422.551086296195,0.0,747.3540199520689,0.0,629
2,Antofagasta,5,5,MVP_coverage_mid,10051.18239806476,,49,16.0,1.0,1.0,8.0,0.01,True,,0.6991100109861379,4049.9958048699555,10051.18239806476,0.0,2988.4919176457543,2650.792460506551,0.0,761.8033005108502,0.0,629
2,Antofagasta,5,5,MVP_coverage_mid,10051.18239806476,,50,16.0,1.0,1.0,16.0,0.0,True,,0.33328707590220485,5025.59119903238,10051.18239806476,0.0,2512.330657638651,1675.197066344126,0.0,0.0,0.0,629
2,Antofagasta,5,5,MVP_coverage_mid,10051.18239806476,,51,16.0,1.0,1.0,16.0,0.01,True,,0.4476515017756507,4642.55288499119,10051.18239806476,0.0,2704.2325768396354,2058.2353803853157,0.0,0.0,0.0,629
2,Antofagasta,5,5,MVP_coverage_mid,10051.18239806476,,52,16.0,1.0,1.0,32.0,0.0,True,,0.33328707590220485,5025.59119903238,10051.18239806476,0.0,2512.330657638651,1675.197066344126,0.0,0.0,0.0,629
2,Antofagasta,5,5,MVP_coverage_mid,10051.18239806476,,53,16.0,1.0,1.0,32.0,0.01,True,,0.5056187280370583,4448.068406601924,10051.18239806476,0.0,2800.660545129768,2252.719858774582,0.0,0.0,0.0,629
2,Antofagasta,5,5,MVP_coverage_mid,10051.18239806476,,54,16.0,1.0,1.0,64.0,0.0,True,,0.33328707590220485,5025.59119903238,10051.18239806476,0.0,2512.330657638651,1675.1970663441257,0.0,0.0,0.0,629
2,Antofagasta,5,5,MVP_coverage_mid,10051.18239806476,,55,16.0,1.0,1.0,64.0,0.01,True,,0.6141926678087913,4084.467454434708,10051.18239806476,0.0,2982.9546370339144,2616.320810941798,0.0,0.0,0.0,629
2,Antofagasta,5,5,MVP_coverage_mid,10051.18239806476,,56,16.0,1.0,2.0,8.0,0.0,True,,0.6296732769008602,4278.237179080311,10051.18239806476,0.0,2875.6233543133767,2422.551086296195,0.0,747.3540199520689,0.0,629
2,Antofagasta,5,5,MVP_coverage_mid,10051.18239806476,,57,16.0,1.0,2.0,8.0,0.01,True,,0.6991100109861379,4049.9958048699555,10051.18239806476,0.0,2988.4919176457543,2650.792460506551,0.0,761.8033005108502,0.0,629
2,Antofagasta,5,5,MVP_coverage_mid,10051.18239806476,,58,16.0,1.0,2.0,16.0,0.0,True,,0.33328707590220485,5025.59119903238,10051.18239806476,0.0,2512.330657638651,1675.197066344126,0.0,0.0,0.0,629
2,Antofagasta,5,5,MVP_coverage_mid,10051.18239806476,,59,16.0,1.0,2.0,16.0,0.01,True,,0.4476515017756507,4642.55288499119,10051.18239806476,0.0,2704.2325768396354,2058.2353803853157,0.0,0.0,0.0,629
2,Antofagasta,5,5,MVP_coverage_mid,10051.18239806476,,60,16.0,1.0,2.0,32.0,0.0,True,,0.33328707590220485,5025.59119903238,10051.18239806476,0.0,2512.330657638651,1675.197066344126,0.0,0.0,0.0,629
2,Antofagasta,5,5,MVP_coverage_mid,10051.18239806476,,61,16.0,1.0,2.0,32.0,0.01,True,,0.5056187280370583,4448.068406601924,10051.18239806476,0.0,2800.660545129768,2252.719858774582,0.0,0.0,0.0,629
2,Antofagasta,5,5,MVP_coverage_mid,10051.18239806476,,62,16.0,1.0,2.0,64.0,0.0,True,,0.33328707590220485,5025.59119903238,10051.18239806476,0.0,2512.330657638651,1675.1970663441257,0.0,0.0,0.0,629
2,Antofagasta,5,5,MVP_coverage_mid,10051.18239806476,,63,16.0,1.0,2.0,64.0,0.01,True,,0.6141926678087913,4084.467454434708,10051.18239806476,0.0,2982.9546370339144,2616.320810941798,0.0,0.0,0.0,629
2,Antofagasta,5,5,MVP_coverage_mid,10051.18239806476,,64,16.0,1.0,4.0,8.0,0.0,True,,0.5559492658629597,4447.616899359379,10051.18239806476,0.0,2727.4388932312377,2253.171366017127,0.0,577.9742996730014,0.0,629
2,Antofagasta,5,5,MVP_coverage_mid,10051.18239806476,,65,16.0,1.0,4.0,8.0,0.01,True,,0.636480532458501,4191.6165847883585,10051.18239806476,0.0,2869.4507492222647,2509.1716805881474,0.0,605.3961065533892,0.0,629
2,Antofagasta,5,5,MVP_coverage_mid,10051.18239806476,,66,16.0,1.0,4.0,16.0,0.0,True,,0.3312709918724477,5025.59119903238,10051.18239806476,0.0,2492.066629325736,1675.197066344126,0.0,0.0,0.0,629
2,Antofagasta,5,5,MVP_coverage_mid,10051.18239806476,,67,16.0,1.0,4.0,16.0,0.01,True,,0.4441879471047403,4646.261903361074,10051.18239806476,0.0,2678.6923030213547,2054.526362015433,0.0,0.0,0.0,629
2,Antofagasta,5,5,MVP_coverage_mid,10051.18239806476,,68,16.0,1.0,4.0,32.0,0.0,True,,0.33289800708702943,5025.59119903238,10051.18239806476,0.0,2508.420056011923,1675.197066344126,0.0,0.0,0.0,629
2,Antofagasta,5,5,MVP_coverage_mid,10051.18239806476,,69,16.0,1.0,4.0,32.0,0.01,True,,0.4998865794451762,4466.104519520738,10051.18239806476,0.0,2788.1359563969863,2234.683745855768,0.0,0.0,0.0,629
2,Antofagasta,5,5,MVP_coverage_mid,10051.18239806476,,70,16.0,1.0,4.0,64.0,0.0,True,,0.33307156660913717,5025.59119903238,10051.18239806476,0.0,2510.1645344255494,1675.1970663441257,0.0,0.0,0.0,629
2,Antofagasta,5,5,MVP_coverage_mid,10051.18239806476,,71,16.0,1.0,4.0,64.0,0.01,True,,0.6074584277359465,4106.222368723368,10051.18239806476,0.0,2969.654847471045,2594.5658966531378,0.0,0.0,0.0,629
2,Antofagasta,5,5,MVP_coverage_mid,10051.18239806476,,72,16.0,2.0,1.0,8.0,0.0,True,,0.39458443077341104,4866.738247604791,10051.18239806476,0.0,2572.4562219714835,1834.0500177717156,0.0,158.85295142758957,0.0,629
2,Antofagasta,5,5,MVP_coverage_mid,10051.18239806476,,73,16.0,2.0,1.0,8.0,0.01,True,,0.46430049375133736,4632.655255260081,10051.18239806476,0.0,2691.6932736228,2068.133010116426,0.0,155.13728398060516,0.0,629
2,Antofagasta,5,5,MVP_coverage_mid,10051.18239806476,,74,16.0,2.0,1.0,16.0,0.0,True,,0.33328707590220485,5025.59119903238,10051.18239806476,0.0,2512.330657638651,1675.197066344126,0.0,0.0,0.0,629
2,Antofagasta,5,5,MVP_coverage_mid,10051.18239806476,,75,16.0,2.0,1.0,16.0,0.01,True,,0.4395081141062679,4669.809726651713,10051.18239806476,0.0,2690.5240061878267,2030.9785387247923,0.0,0.0,0.0,629
2,Antofagasta,5,5,MVP_coverage_mid,10051.18239806476,,76,16.0,2.0,1.0,32.0,0.0,True,,0.33328707590220485,5025.59119903238,10051.18239806476,0.0,2512.330657638651,1675.197066344126,0.0,0.0,0.0,629
2,Antofagasta,5,5,MVP_coverage_mid,10051.18239806476,,77,16.0,2.0,1.0,32.0,0.01,True,,0.49743430369708597,4475.614783403003,10051.18239806476,0.0,2787.2633452682417,2225.1734819735034,0.0,0.0,0.0,629
2,Antofagasta,5,5,MVP_coverage_mid,10051.18239806476,,78,16.0,2.0,1.0,64.0,0.0,True,,0.33328707590220485,5025.59119903238,10051.18239806476,0.0,2512.330657638651,1675.1970663441257,0.0,0.0,0.0,629
2,Antofagasta,5,5,MVP_coverage_mid,10051.18239806476,,79,16.0,2.0,1.0,64.0,0.01,True,,0.6070636958692209,4108.365163520906,10051.18239806476,0.0,2971.044312474103,2592.4231018555997,0.0,0.0,0.0,629
2,Antofagasta,5,5,MVP_coverage_mid,10051.18239806476,,80,16.0,2.0,2.0,8.0,0.0,True,,0.39458443077341104,4866.738247604791,10051.18239806476,0.0,2572.4562219714835,1834.0500177717156,0.0,158.85295142758957,0.0,629
2,Antofagasta,5,5,MVP_coverage_mid,10051.18239806476,,81,16.0,2.0,2.0,8.0,0.01,True,,0.46430049375133736,4632.655255260081,10051.18239806476,0.0,2691.6932736228,2068.133010116426,0.0,155.13728398060516,0.0,629
2,Antofagasta,5,5,MVP_coverage_mid,10051.18239806476,,82,16.0,2.0,2.0,16.0,0.0,True,,0.33328707590220485,5025.59119903238,10051.18239806476,0.0,2512.330657638651,1675.197066344126,0.0,0.0,0.0,629
2,Antofagasta,5,5,MVP_coverage_mid,10051.18239806476,,83,16.0,2.0,2.0,16.0,0.01,True,,0.4395081141062679,4669.809726651713,10051.18239806476,0.0,2690.5240061878267,2030.9785387247923,0.0,0.0,0.0,629
2,Antofagasta,5,5,MVP_coverage_mid,10051.18239806476,,84,16.0,2.0,2.0,32.0,0.0,True,,0.33328707590220485,5025.59119903238,10051.18239806476,0.0,2512.330657638651,1675.197066344126,0.0,0.0,0.0,629
2,Antofagasta,5,5,MVP_coverage_mid,10051.18239806476,,85,16.0,2.0,2.0,32.0,0.01,True,,0.49743430369708597,4475.614783403003,10051.18239806476,0.0,2787.2633452682417,2225.1734819735034,0.0,0.0,0.0,629
2,Antofagasta,5,5,MVP_coverage_mid,10051.18239806476,,86,16.0,2.0,2.0,64.0,0.0,True,,0.33328707590220485,5025.59119903238,10051.18239806476,0.0,2512.330657638651,1675.1970663441257,0.0,0.0,0.0,629
2,Antofagasta,5,5,MVP_coverage_mid,10051.18239806476,,87,16.0,2.0,2.0,64.0,0.01,True,,0.6070636958692209,4108.365163520906,10051.18239806476,0.0,2971.044312474103,2592.4231018555997,0.0,0.0,0.0,629
2,Antofagasta,5,5,MVP_coverage_mid,10051.18239806476,,88,16.0,2.0,4.0,8.0,0.0,True,,0.3843803580630135,4884.756122440905,10051.18239806476,0.0,2532.9557878825617,1816.0321429356015,0.0,140.83507659147583,0.0,629
2,Antofagasta,5,5,MVP_coverage_mid,10051.18239806476,,89,16.0,2.0,4.0,8.0,0.01,True,,0.45893062878009266,4637.029218081332,10051.18239806476,0.0,2654.2484629789387,2063.759047295174,0.0,149.54350939863704,0.0,629
2,Antofagasta,5,5,MVP_coverage_mid,10051.18239806476,,90,16.0,2.0,4.0,16.0,0.0,True,,0.3312709918724477,5025.59119903238,10051.18239806476,0.0,2492.066629325736,1675.197066344126,0.0,0.0,0.0,629
2,Antofagasta,5,5,MVP_coverage_mid,10051.18239806476,,91,16.0,2.0,4.0,16.0,0.01,True,,0.43733043381157055,4671.393450116319,10051.18239806476,0.0,2672.5950530026666,2029.3948152601863,0.0,0.0,0.0,629
2,Antofagasta,5,5,MVP_coverage_mid,10051.18239806476,,92,16.0,2.0,4.0,32.0,0.0,True,,0.33289800708702943,5025.59119903238,10051.18239806476,0.0,2508.420056011923,1675.197066344126,0.0,0.0,0.0,629
2,Antofagasta,5,5,MVP_coverage_mid,10051.18239806476,,93,16.0,2.0,4.0,32.0,0.01,True,,0.49377944393605266,4486.000185037408,10051.18239806476,0.0,2776.4911872567636,2214.788080339097,0.0,0.0,0.0,629
2,Antofagasta,5,5,MVP_coverage_mid,10051.18239806476,,94,16.0,2.0,4.0,64.0,0.0,True,,0.33307156660913717,5025.59119903238,10051.18239806476,0.0,2510.1645344255494,1675.1970663441257,0.0,0.0,0.0,629
2,Antofagasta,5,5,MVP_coverage_mid,10051.18239806476,,95,16.0,2.0,4.0,64.0,0.01,True,,0.6000066988054419,4131.273124564846,10051.18239806476,0.0,2957.3830504133,2569.5151408116603,0.0,0.0,0.0,629
2,Antofagasta,5,5,MVP_coverage_mid,10051.18239806476,,96,32.0,1.0,1.0,8.0,0.0,True,,1.4963441144329463,2102.765239642132,10051.18239806476,0.0,3972.5382333983,4598.023025734374,0.0,2922.8259593902476,0.0,315
2,Antofagasta,5,5,MVP_coverage_mid,10051.18239806476,,97,32.0,1.0,1.0,8.0,0.01,True,,1.5373834915173383,1965.1316282531707,10051.18239806476,0.0,4040.362653567532,4735.656637123336,0.0,2923.4117753267938,0.0,315
2,Antofagasta,5,5,MVP_coverage_mid,10051.18239806476,,98,32.0,1.0,1.0,16.0,0.0,True,,0.7269662953164276,4036.352956570639,10051.18239806476,0.0,3006.9384496826674,2664.4353088058665,0.0,989.238242461741,0.0,315
2,Antofagasta,5,5,MVP_coverage_mid,10051.18239806476,,99,32.0,1.0,1.0,16.0,0.01,True,,0.8639967831778206,3586.863249656182,10051.18239806476,0.0,3231.1998919950006,3113.9250157203246,0.0,1018.5709604539234,0.0,315
2,Antofagasta,5,5,MVP_coverage_mid,10051.18239806476,,100,32.0,1.0,1.0,32.0,0.0,True,,0.33328707590220485,5025.59119903238,10051.18239806476,0.0,2512.330657638651,1675.1970663441257,0.0,0.0,0.0,315
2,Antofagasta,5,5,MVP_coverage_mid,10051.18239806476,,101,32.0,1.0,1.0,32.0,0.01,True,,0.5591059832780823,4269.140795687833,10051.18239806476,0.0,2890.9516762439184,2431.647469688673,0.0,0.0,0.0,315
2,Antofagasta,5,5,MVP_coverage_mid,10051.18239806476,,102,32.0,1.0,1.0,64.0,0.0,True,,0.33328707590220485,5025.59119903238,10051.18239806476,0.0,2512.3306576386503,1675.1970663441257,0.0,0.0,0.0,315
2,Antofagasta,5,5,MVP_coverage_mid,10051.18239806476,,103,32.0,1.0,1.0,64.0,0.01,True,,0.6578784478206414,3938.1282679096325,10051.18239806476,0.0,3056.2004138220627,2762.6599974668734,0.0,0.0,0.0,315
2,Antofagasta,5,5,MVP_coverage_mid,10051.18239806476,,104,32.0,1.0,2.0,8.0,0.0,True,,1.4963441144329463,2102.765239642132,10051.18239806476,0.0,3972.5382333983,4598.023025734374,0.0,2922.8259593902476,0.0,315
2,Antofagasta,5,5,MVP_coverage_mid,10051.18239806476,,105,32.0,1.0,2.0,8.0,0.01,True,,1.5373834915173383,1965.1316282531707,10051.18239806476,0.0,4040.362653567532,4735.656637123336,0.0,2923.4117753267938,0.0,315
2,Antofagasta,5,5,MVP_coverage_mid,10051.18239806476,,106,32.0,1.0,2.0,16.0,0.0,True,,0.7269662953164276,4036.352956570639,10051.18239806476,0.0,3006.9384496826674,2664.4353088058665,0.0,989.238242461741,0.0,315
2,Antofagasta,5,5,MVP_coverage_mid,10051.18239806476,,107,32.0,1.0,2.0,16.0,0.01,True,,0.8639967831778206,3586.863249656182,10051.18239806476,0.0,3231.1998919950006,3113.9250157203246,0.0,1018.5709604539234,0.0,315
2,Antofagasta,5,5,MVP_coverage_mid,10051.18239806476,,108,32.0,1.0,2.0,32.0,0.0,True,,0.33328707590220485,5025.59119903238,10051.18239806476,0.0,2512.330657638651,1675.1970663441257,0.0,0.0,0.0,315
2,Antofagasta,5,5,MVP_coverage_mid,10051.18239806476,,109,32.0,1.0,2.0,32.0,0.01,True,,0.5591059832780823,4269.140795687833,10051.18239806476,0.0,2890.9516762439184,2431.647469688673,0.0,0.0,0.0,315
2,Antofagasta,5,5,MVP_coverage_mid,10051.18239806476,,110,32.0,1.0,2.0,64.0,0.0,True,,0.33328707590220485,5025.59119903238,10051.18239806476,0.0,2512.3306576386503,1675.1970663441257,0.0,0.0,0.0,315
2,Antofagasta,5,5,MVP_coverage_mid,10051.18239806476,,111,32.0,1.0,2.0,64.0,0.01,True,,0.6578784478206279,3938.128267909671,10051.18239806476,0.0,3056.2004138220236,2762.6599974668347,0.0,0.0,0.0,315
2,Antofagasta,5,5,MVP_coverage_mid,10051.18239806476,,112,32.0,1.0,4.0,8.0,0.0,True,,1.483558391972555,2133.187467439976,10051.18239806476,0.0,3950.5044021503263,4567.60079793653,0.0,2892.4037315924043,0.0,315
2,Antofagasta,5,5,MVP_coverage_mid,10051.18239806476,,113,32.0,1.0,4.0,8.0,0.01,True,,1.529529452115424,1982.7077310656814,10051.18239806476,0.0,4026.800913109038,4718.080534310825,0.0,2901.971390226333,0.0,315
2,Antofagasta,5,5,MVP_coverage_mid,10051.18239806476,,114,32.0,1.0,4.0,16.0,0.0,True,,0.7269662953164276,4036.352956570639,10051.18239806476,0.0,3006.9384496826674,2664.4353088058665,0.0,989.238242461741,0.0,315
2,Antofagasta,5,5,MVP_coverage_mid,10051.18239806476,,115,32.0,1.0,4.0,16.0,0.01,True,,0.8639967831778206,3586.863249656182,10051.18239806476,0.0,3231.1998919950006,3113.9250157203246,0.0,1018.5709604539234,0.0,315
2,Antofagasta,5,5,MVP_coverage_mid,10051.18239806476,,116,32.0,1.0,4.0,32.0,0.0,True,,0.33328707590220485,5025.59119903238,10051.18239806476,0.0,2512.330657638651,1675.1970663441257,0.0,0.0,0.0,315
2,Antofagasta,5,5,MVP_coverage_mid,10051.18239806476,,117,32.0,1.0,4.0,32.0,0.01,True,,0.5591059832780823,4269.140795687833,10051.18239806476,0.0,2890.9516762439184,2431.647469688673,0.0,0.0,0.0,315
2,Antofagasta,5,5,MVP_coverage_mid,10051.18239806476,,118,32.0,1.0,4.0,64.0,0.0,True,,0.33328707590220485,5025.59119903238,10051.18239806476,0.0,2512.3306576386503,1675.1970663441257,0.0,0.0,0.0,315
2,Antofagasta,5,5,MVP_coverage_mid,10051.18239806476,,119,32.0,1.0,4.0,64.0,0.01,True,,0.6578784478206279,3938.128267909671,10051.18239806476,0.0,3056.2004138220236,2762.6599974668347,0.0,0.0,0.0,315
2,Antofagasta,5,5,MVP_coverage_mid,10051.18239806476,,120,32.0,2.0,1.0,8.0,0.0,True,,1.3224698462589808,2539.255340288977,10051.18239806476,0.0,3752.611601915701,4161.532925087529,0.0,2486.335858743403,0.0,315
2,Antofagasta,5,5,MVP_coverage_mid,10051.18239806476,,121,32.0,2.0,1.0,8.0,0.01,True,,1.3692764324319766,2378.3273519478776,10051.18239806476,0.0,3832.956614257871,4322.460913428629,0.0,2474.132410604002,0.0,315
2,Antofagasta,5,5,MVP_coverage_mid,10051.18239806476,,122,32.0,2.0,1.0,16.0,0.0,True,,0.5313480532097452,4527.91593890699,10051.18239806476,0.0,2761.2142560568386,2172.8723264695154,0.0,497.6752601253895,0.0,315
2,Antofagasta,5,5,MVP_coverage_mid,10051.18239806476,,123,32.0,2.0,1.0,16.0,0.01,True,,0.6815746227533767,4033.572181476195,10051.18239806476,0.0,3008.6127155700124,2667.216083900311,0.0,524.3720585538292,0.0,315
2,Antofagasta,5,5,MVP_coverage_mid,10051.18239806476,,124,32.0,2.0,1.0,32.0,0.0,True,,0.33328707590220485,5025.59119903238,10051.18239806476,0.0,2512.330657638651,1675.1970663441257,0.0,0.0,0.0,315
2,Antofagasta,5,5,MVP_coverage_mid,10051.18239806476,,125,32.0,2.0,1.0,32.0,0.01,True,,0.5512111976858234,4295.597320391887,10051.18239806476,0.0,2877.7410580226447,2405.1909449846194,0.0,0.0,0.0,315
2,Antofagasta,5,5,MVP_coverage_mid,10051.18239806476,,126,32.0,2.0,1.0,64.0,0.0,True,,0.33328707590220485,5025.59119903238,10051.18239806476,0.0,2512.3306576386503,1675.1970663441257,0.0,0.0,0.0,315
2,Antofagasta,5,5,MVP_coverage_mid,10051.18239806476,,127,32.0,2.0,1.0,64.0,0.01,True,,0.6535945456781627,3952.4909761554964,10051.18239806476,0.0,3049.048902627208,2748.2972892210096,0.0,0.0,0.0,315
2,Antofagasta,5,5,MVP_coverage_mid,10051.18239806476,,128,32.0,2.0,2.0,8.0,0.0,True,,1.3224698462589808,2539.255340288977,10051.18239806476,0.0,3752.611601915701,4161.532925087529,0.0,2486.335858743403,0.0,315
2,Antofagasta,5,5,MVP_coverage_mid,10051.18239806476,,129,32.0,2.0,2.0,8.0,0.01,True,,1.3692764324319766,2378.3273519478776,10051.18239806476,0.0,3832.956614257871,4322.460913428629,0.0,2474.132410604002,0.0,315
2,Antofagasta,5,5,MVP_coverage_mid,10051.18239806476,,130,32.0,2.0,2.0,16.0,0.0,True,,0.5313480532097452,4527.91593890699,10051.18239806476,0.0,2761.2142560568386,2172.8723264695154,0.0,497.6752601253895,0.0,315
2,Antofagasta,5,5,MVP_coverage_mid,10051.18239806476,,131,32.0,2.0,2.0,16.0,0.01,True,,0.6815746227533767,4033.572181476195,10051.18239806476,0.0,3008.6127155700124,2667.216083900311,0.0,524.3720585538292,0.0,315
2,Antofagasta,5,5,MVP_coverage_mid,10051.18239806476,,132,32.0,2.0,2.0,32.0,0.0,True,,0.33328707590220485,5025.59119903238,10051.18239806476,0.0,2512.330657638651,1675.1970663441257,0.0,0.0,0.0,315
2,Antofagasta,5,5,MVP_coverage_mid,10051.18239806476,,133,32.0,2.0,2.0,32.0,0.01,True,,0.5512111976858234,4295.597320391887,10051.18239806476,0.0,2877.7410580226447,2405.1909449846194,0.0,0.0,0.0,315
2,Antofagasta,5,5,MVP_coverage_mid,10051.18239806476,,134,32.0,2.0,2.0,64.0,0.0,True,,0.33328707590220485,5025.59119903238,10051.18239806476,0.0,2512.3306576386503,1675.1970663441257,0.0,0.0,0.0,315
2,Antofagasta,5,5,MVP_coverage_mid,10051.18239806476,,135,32.0,2.0,2.0,64.0,0.01,True,,0.6535945456781627,3952.4909761554964,10051.18239806476,0.0,3049.048902627208,2748.2972892210096,0.0,0.0,0.0,315
2,Antofagasta,5,5,MVP_coverage_mid,10051.18239806476,,136,32.0,2.0,4.0,8.0,0.0,True,,1.3224698462589808,2539.255340288977,10051.18239806476,0.0,3752.611601915701,4161.532925087529,0.0,2486.335858743403,0.0,315
2,Antofagasta,5,5,MVP_coverage_mid,10051.18239806476,,137,32.0,2.0,4.0,8.0,0.01,True,,1.3692878697131665,2378.207541631643,10051.18239806476,0.0,3832.8368039416364,4322.5807237448635,0.0,2474.067653329026,0.0,315
2,Antofagasta,5,5,MVP_coverage_mid,10051.18239806476,,138,32.0,2.0,4.0,16.0,0.0,True,,0.5313480532097452,4527.91593890699,10051.18239806476,0.0,2761.2142560568386,2172.8723264695154,0.0,497.6752601253895,0.0,315
2,Antofagasta,5,5,MVP_coverage_mid,10051.18239806476,,139,32.0,2.0,4.0,16.0,0.01,True,,0.6815746227533767,4033.572181476195,10051.18239806476,0.0,3008.6127155700124,2667.216083900311,0.0,524.3720585538292,0.0,315
2,Antofagasta,5,5,MVP_coverage_mid,10051.18239806476,,140,32.0,2.0,4.0,32.0,0.0,True,,0.33328707590220485,5025.59119903238,10051.18239806476,0.0,2512.330657638651,1675.1970663441257,0.0,0.0,0.0,315
2,Antofagasta,5,5,MVP_coverage_mid,10051.18239806476,,141,32.0,2.0,4.0,32.0,0.01,True,,0.5512111976858234,4295.597320391887,10051.18239806476,0.0,2877.7410580226447,2405.1909449846194,0.0,0.0,0.0,315
2,Antofagasta,5,5,MVP_coverage_mid,10051.18239806476,,142,32.0,2.0,4.0,64.0,0.0,True,,0.33328707590220485,5025.59119903238,10051.18239806476,0.0,2512.3306576386503,1675.1970663441257,0.0,0.0,0.0,315
2,Antofagasta,5,5,MVP_coverage_mid,10051.18239806476,,143,32.0,2.0,4.0,64.0,0.01,True,,0.6535945456781627,3952.4909761554964,10051.18239806476,0.0,3049.048902627208,2748.2972892210096,0.0,0.0,0.0,315
3,Atacama,5,5,MVP_coverage_mid,12641.752446862962,,0,8.0,1.0,1.0,8.0,0.0,True,,0.3234426995444222,6320.87622343148,12641.752446862962,0.0,3035.4031678137476,2106.9587411438265,0.0,0.0,0.0,1581
3,Atacama,5,5,MVP_coverage_mid,12641.752446862962,,1,8.0,1.0,1.0,8.0,0.01,True,,0.36396370841369086,6151.108238737304,12641.752446862962,0.0,3123.239769100742,2276.7267258380016,0.0,0.0,0.0,1581
3,Atacama,5,5,MVP_coverage_mid,12641.752446862962,,2,8.0,1.0,1.0,16.0,0.0,True,,0.3332684094696584,6320.876223431481,12641.752446862962,0.0,3159.617360303267,2106.9587411438265,0.0,0.0,0.0,1581
3,Atacama,5,5,MVP_coverage_mid,12641.752446862962,,3,8.0,1.0,1.0,16.0,0.01,True,,0.39957357433017426,6040.885091094668,12641.752446862962,0.0,3297.8530095763153,2386.9498734806393,0.0,0.0,0.0,1581
3,Atacama,5,5,MVP_coverage_mid,12641.752446862962,,4,8.0,1.0,1.0,32.0,0.0,True,,0.3332684094696584,6320.876223431481,12641.752446862962,0.0,3159.617360303267,2106.9587411438265,0.0,0.0,0.0,1581
3,Atacama,5,5,MVP_coverage_mid,12641.752446862962,,5,8.0,1.0,1.0,32.0,0.01,True,,0.4510532770970729,5824.5153025236295,12641.752446862962,0.0,3407.722196565939,2603.319662051678,0.0,0.0,0.0,1581
3,Atacama,5,5,MVP_coverage_mid,12641.752446862962,,6,8.0,1.0,1.0,64.0,0.0,True,,0.3332684094696586,6320.876223431482,12641.752446862962,0.0,3159.617360303267,2106.9587411438265,0.0,0.0,0.0,1581
3,Atacama,5,5,MVP_coverage_mid,12641.752446862962,,7,8.0,1.0,1.0,64.0,0.01,True,,0.5459938617238864,5424.535147121404,12641.752446862962,0.0,3607.9871760729948,3003.2998174539034,0.0,0.0,0.0,1581
3,Atacama,5,5,MVP_coverage_mid,12641.752446862962,,8,8.0,1.0,2.0,8.0,0.0,True,,0.3101419296500063,6320.876223431481,12641.752446862962,0.0,2867.258127455853,2106.9587411438265,0.0,0.0,0.0,1581
3,Atacama,5,5,MVP_coverage_mid,12641.752446862962,,9,8.0,1.0,2.0,8.0,0.01,True,,0.35298999849897017,6140.5081766032845,12641.752446862962,0.0,2958.0126896001066,2287.3267879720233,0.0,0.0,0.0,1581
3,Atacama,5,5,MVP_coverage_mid,12641.752446862962,,10,8.0,1.0,2.0,16.0,0.0,True,,0.3202932171084183,6320.876223431481,12641.752446862962,0.0,2995.5881905220417,2106.9587411438265,0.0,0.0,0.0,1581
3,Atacama,5,5,MVP_coverage_mid,12641.752446862962,,11,8.0,1.0,2.0,16.0,0.01,True,,0.3841478717357948,6050.221760417227,12641.752446862962,0.0,3126.1867693656372,2377.61320415808,0.0,0.0,0.0,1581
3,Atacama,5,5,MVP_coverage_mid,12641.752446862962,,12,8.0,1.0,2.0,32.0,0.0,True,,0.32942615190502295,6320.876223431482,12641.752446862962,0.0,3111.044491334057,2106.958741143826,0.0,0.0,0.0,1581
3,Atacama,5,5,MVP_coverage_mid,12641.752446862962,,13,8.0,1.0,2.0,32.0,0.01,True,,0.4363206569016677,5869.181680539705,12641.752446862962,0.0,3333.1420042021605,2558.653284035603,0.0,0.0,0.0,1581
3,Atacama,5,5,MVP_coverage_mid,12641.752446862962,,14,8.0,1.0,2.0,64.0,0.0,True,,0.3326951342372432,6320.876223431481,12641.752446862962,0.0,3152.3701567311555,2106.9587411438265,0.0,0.0,0.0,1581
3,Atacama,5,5,MVP_coverage_mid,12641.752446862962,,15,8.0,1.0,2.0,64.0,0.01,True,,0.5295662979099938,5492.092568064249,12641.752446862962,0.0,3569.2075333898306,2935.742396511059,0.0,0.0,0.0,1581
3,Atacama,5,5,MVP_coverage_mid,12641.752446862962,,16,8.0,1.0,4.0,8.0,0.0,True,,0.7621936329310767,5496.116778436725,11000.0,1641.7524468629617,3234.6387365234486,2931.718186138582,1641.7524468629617,0.0,3.883221563275072,1375
3,Atacama,5,5,MVP_coverage_mid,12641.752446862962,,17,8.0,1.0,4.0,8.0,0.01,True,,0.7216443721091428,5458.448012268861,11312.0,1329.7524468629617,3251.88967439205,2969.386952306446,1329.7524468629617,0.0,3.810080558415459,1414
3,Atacama,5,5,MVP_coverage_mid,12641.752446862962,,18,8.0,1.0,4.0,16.0,0.0,True,,0.4814169819645431,6010.116598179332,12032.0,609.7524468629617,3033.129281373104,2417.7183663959754,609.7524468629617,0.0,5.883401820667921,1504
3,Atacama,5,5,MVP_coverage_mid,12641.752446862962,,19,8.0,1.0,4.0,16.0,0.01,True,,0.42891694474528547,5940.5837812108175,12464.0,177.75244686296173,3060.218669979402,2487.2511833644894,177.75244686296173,0.0,4.655591811606233,1558
3,Atacama,5,5,MVP_coverage_mid,12641.752446862962,,20,8.0,1.0,4.0,32.0,0.0,True,,0.3166679346331336,6320.876223431481,12641.752446862962,0.0,2949.758266919542,2106.9587411438265,0.0,0.0,0.0,1581
3,Atacama,5,5,MVP_coverage_mid,12641.752446862962,,21,8.0,1.0,4.0,32.0,0.01,True,,0.4110964714217849,5918.818226576435,12641.752446862962,0.0,3138.3554607835536,2509.0167379988725,0.0,0.0,0.0,1581
3,Atacama,5,5,MVP_coverage_mid,12641.752446862962,,22,8.0,1.0,4.0,64.0,0.0,True,,0.31784428004016996,6320.876223431481,12641.752446862962,0.0,2964.6293343473,2106.9587411438265,0.0,0.0,0.0,1581
3,Atacama,5,5,MVP_coverage_mid,12641.752446862962,,23,8.0,1.0,4.0,64.0,0.01,True,,0.4410824907934885,5792.466170560758,12641.752446862962,0.0,3201.551154508274,2635.3687940145496,0.0,0.0,0.0,1581
3,Atacama,5,5,MVP_coverage_mid,12641.752446862962,,24,8.0,2.0,1.0,8.0,0.0,True,,0.26455129149037904,6320.876223431482,12641.752446862962,0.0,2290.912565947339,2106.9587411438265,0.0,0.0,0.0,1581
3,Atacama,5,5,MVP_coverage_mid,12641.752446862962,,25,8.0,2.0,1.0,8.0,0.01,True,,0.3028104055466077,6164.79162625115,12641.752446862962,0.0,2384.363321731654,2263.043338324158,0.0,0.0,0.0,1581
3,Atacama,5,5,MVP_coverage_mid,12641.752446862962,,26,8.0,2.0,1.0,16.0,0.0,True,,0.29423318647743646,6320.876223431482,12641.752446862962,0.0,2666.1437345275012,2106.9587411438265,0.0,0.0,0.0,1581
3,Atacama,5,5,MVP_coverage_mid,12641.752446862962,,27,8.0,2.0,1.0,16.0,0.01,True,,0.3510829873407915,6077.138174561262,12641.752446862962,0.0,2775.47972151995,2350.6967900140457,0.0,0.0,0.0,1581
3,Atacama,5,5,MVP_coverage_mid,12641.752446862962,,28,8.0,2.0,1.0,32.0,0.0,True,,0.3208247487467047,6320.876223431482,12641.752446862962,0.0,3002.3076819109324,2106.958741143826,0.0,0.0,0.0,1581
3,Atacama,5,5,MVP_coverage_mid,12641.752446862962,,29,8.0,2.0,1.0,32.0,0.01,True,,0.4209713025263352,5898.162471228113,12641.752446862962,0.0,3211.551242691054,2529.6724933471946,0.0,0.0,0.0,1581
3,Atacama,5,5,MVP_coverage_mid,12641.752446862962,,30,8.0,2.0,1.0,64.0,0.0,True,,0.33127905305876976,6320.876223431482,12641.752446862962,0.0,3134.468409028231,2106.9587411438265,0.0,0.0,0.0,1581
3,Atacama,5,5,MVP_coverage_mid,12641.752446862962,,31,8.0,2.0,1.0,64.0,0.01,True,,0.5218720691500331,5519.072010046639,12641.752446862962,0.0,3539.387603092852,2908.762954528669,0.0,0.0,0.0,1581
3,Atacama,5,5,MVP_coverage_mid,12641.752446862962,,32,8.0,2.0,2.0,8.0,0.0,True,,0.26455129149037904,6320.876223431482,12641.752446862962,0.0,2290.912565947339,2106.9587411438265,0.0,0.0,0.0,1581
3,Atacama,5,5,MVP_coverage_mid,12641.752446862962,,33,8.0,2.0,2.0,8.0,0.01,True,,0.3028104055466077,6164.79162625115,12641.752446862962,0.0,2384.363321731654,2263.043338324158,0.0,0.0,0.0,1581
3,Atacama,5,5,MVP_coverage_mid,12641.752446862962,,34,8.0,2.0,2.0,16.0,0.0,True,,0.29423318647743646,6320.876223431482,12641.752446862962,0.0,2666.1437345275012,2106.9587411438265,0.0,0.0,0.0,1581
3,Atacama,5,5,MVP_coverage_mid,12641.752446862962,,35,8.0,2.0,2.0,16.0,0.01,True,,0.3510829873407915,6077.138174561262,12641.752446862962,0.0,2775.47972151995,2350.6967900140457,0.0,0.0,0.0,1581
3,Atacama,5,5,MVP_coverage_mid,12641.752446862962,,36,8.0,2.0,2.0,32.0,0.0,True,,0.3208247487467047,6320.876223431482,12641.752446862962,0.0,3002.3076819109324,2106.958741143826,0.0,0.0,0.0,1581
3,Atacama,5,5,MVP_coverage_mid,12641.752446862962,,37,8.0,2.0,2.0,32.0,0.01,True,,0.4209713025263352,5898.162471228113,12641.752446862962,0.0,3211.551242691054,2529.6724933471946,0.0,0.0,0.0,1581
3,Atacama,5,5,MVP_coverage_mid,12641.752446862962,,38,8.0,2.0,2.0,64.0,0.0,True,,0.33127905305876976,6320.876223431482,12641.752446862962,0.0,3134.468409028231,2106.9587411438265,0.0,0.0,0.0,1581
3,Atacama,5,5,MVP_coverage_mid,12641.752446862962,,39,8.0,2.0,2.0,64.0,0.01,True,,0.5218720691500331,5519.072010046639,12641.752446862962,0.0,3539.387603092852,2908.762954528669,0.0,0.0,0.0,1581
3,Atacama,5,5,MVP_coverage_mid,12641.752446862962,,40,8.0,2.0,4.0,8.0,0.0,True,,0.7342243741229363,5496.116598179332,11000.0,1641.7524468629617,2881.0577497765134,2931.718366395975,1641.7524468629617,0.0,3.8834018206679217,1375
3,Atacama,5,5,MVP_coverage_mid,12641.752446862962,,41,8.0,2.0,4.0,8.0,0.01,True,,0.6992697798771534,5462.927089598187,11272.0,1369.7524468629617,2900.758725071304,2964.90787497712,1369.7524468629617,0.0,2.759253653911678,1409
3,Atacama,5,5,MVP_coverage_mid,12641.752446862962,,42,8.0,2.0,4.0,16.0,0.0,True,,0.4568570490255706,6004.632610970948,12024.0,617.7524468629617,2692.196727421905,2423.2023536043603,617.7524468629617,0.0,7.367389029052433,1503
3,Atacama,5,5,MVP_coverage_mid,12641.752446862962,,43,8.0,2.0,4.0,16.0,0.01,True,,0.4011270850820386,5955.736346530561,12440.0,201.75244686296173,2698.746182535645,2472.098618044747,201.75244686296173,0.0,4.738340506175032,1555
3,Atacama,5,5,MVP_coverage_mid,12641.752446862962,,44,8.0,2.0,4.0,32.0,0.0,True,,0.29317478301077615,6320.876223431481,12641.752446862962,0.0,2652.7636599130824,2106.9587411438265,0.0,0.0,0.0,1581
3,Atacama,5,5,MVP_coverage_mid,12641.752446862962,,45,8.0,2.0,4.0,32.0,0.01,True,,0.37960529883229716,5942.491860620589,12641.752446862962,0.0,2799.435937756198,2485.3431039547177,0.0,0.0,0.0,1581
3,Atacama,5,5,MVP_coverage_mid,12641.752446862962,,46,8.0,2.0,4.0,64.0,0.0,True,,0.29391712917225277,6320.876223431481,12641.752446862962,0.0,2662.1482163163487,2106.9587411438265,0.0,0.0,0.0,1581
3,Atacama,5,5,MVP_coverage_mid,12641.752446862962,,47,8.0,2.0,4.0,64.0,0.01,True,,0.40985357124084515,5816.014110532302,12641.752446862962,0.0,2865.6327342696186,2611.820854043005,0.0,0.0,0.0,1581
3,Atacama,5,5,MVP_coverage_mid,12641.752446862962,,48,16.0,1.0,1.0,8.0,0.0,True,,0.5892893854496942,5494.340679173885,12641.752446862962,0.0,3503.2967549455475,2933.494285401422,0.0,826.5355442575955,0.0,791
3,Atacama,5,5,MVP_coverage_mid,12641.752446862962,,49,16.0,1.0,1.0,8.0,0.01,True,,0.6519112920896859,5241.904210887699,12641.752446862962,0.0,3638.6905479837897,3185.930753687608,0.0,851.7012219972268,0.0,791
3,Atacama,5,5,MVP_coverage_mid,12641.752446862962,,50,16.0,1.0,1.0,16.0,0.0,True,,0.3332684094696583,6320.87622343148,12641.752446862962,0.0,3159.617360303267,2106.9587411438265,0.0,0.0,0.0,791
3,Atacama,5,5,MVP_coverage_mid,12641.752446862962,,51,16.0,1.0,1.0,16.0,0.01,True,,0.4238984648197298,5938.923461970968,12641.752446862962,0.0,3350.458180633079,2488.911502604339,0.0,0.0,0.0,791
3,Atacama,5,5,MVP_coverage_mid,12641.752446862962,,52,16.0,1.0,1.0,32.0,0.0,True,,0.3332684094696584,6320.876223431481,12641.752446862962,0.0,3159.617360303267,2106.9587411438265,0.0,0.0,0.0,791
3,Atacama,5,5,MVP_coverage_mid,12641.752446862962,,53,16.0,1.0,1.0,32.0,0.01,True,,0.4747581987406058,5724.915226544879,12641.752446862962,0.0,3458.3937578088908,2702.9197380304286,0.0,0.0,0.0,791
3,Atacama,5,5,MVP_coverage_mid,12641.752446862962,,54,16.0,1.0,1.0,64.0,0.0,True,,0.3332684094696586,6320.876223431482,12641.752446862962,0.0,3159.617360303267,2106.9587411438265,0.0,0.0,0.0,791
3,Atacama,5,5,MVP_coverage_mid,12641.752446862962,,55,16.0,1.0,1.0,64.0,0.01,True,,0.5663837261757375,5338.656330848159,12641.752446862962,0.0,3651.053754215276,3089.1786337271483,0.0,0.0,0.0,791
3,Atacama,5,5,MVP_coverage_mid,12641.752446862962,,56,16.0,1.0,2.0,8.0,0.0,True,,0.5892893854496942,5494.340679173885,12641.752446862962,0.0,3503.2967549455475,2933.494285401422,0.0,826.5355442575955,0.0,791
3,Atacama,5,5,MVP_coverage_mid,12641.752446862962,,57,16.0,1.0,2.0,8.0,0.01,True,,0.6519112920896859,5241.904210887699,12641.752446862962,0.0,3638.6905479837897,3185.930753687608,0.0,851.7012219972268,0.0,791
3,Atacama,5,5,MVP_coverage_mid,12641.752446862962,,58,16.0,1.0,2.0,16.0,0.0,True,,0.3332684094696583,6320.87622343148,12641.752446862962,0.0,3159.617360303267,2106.9587411438265,0.0,0.0,0.0,791
3,Atacama,5,5,MVP_coverage_mid,12641.752446862962,,59,16.0,1.0,2.0,16.0,0.01,True,,0.4238984648197298,5938.923461970968,12641.752446862962,0.0,3350.458180633079,2488.911502604339,0.0,0.0,0.0,791
3,Atacama,5,5,MVP_coverage_mid,12641.752446862962,,60,16.0,1.0,2.0,32.0,0.0,True,,0.3332684094696584,6320.876223431481,12641.752446862962,0.0,3159.617360303267,2106.9587411438265,0.0,0.0,0.0,791
3,Atacama,5,5,MVP_coverage_mid,12641.752446862962,,61,16.0,1.0,2.0,32.0,0.01,True,,0.4747581905317485,5724.915295727775,12641.752446862962,0.0,3458.393826991787,2702.919668847532,0.0,0.0,0.0,791
3,Atacama,5,5,MVP_coverage_mid,12641.752446862962,,62,16.0,1.0,2.0,64.0,0.0,True,,0.3332684094696586,6320.876223431482,12641.752446862962,0.0,3159.617360303267,2106.9587411438265,0.0,0.0,0.0,791
3,Atacama,5,5,MVP_coverage_mid,12641.752446862962,,63,16.0,1.0,2.0,64.0,0.01,True,,0.566382870097959,5338.663545730394,12641.752446862962,0.0,3651.0609690975107,3089.1714188449137,0.0,0.0,0.0,791
3,Atacama,5,5,MVP_coverage_mid,12641.752446862962,,64,16.0,1.0,4.0,8.0,0.0,True,,0.4960449676889876,5760.533000073312,12641.752446862962,0.0,3256.1970317108166,2667.301964501995,0.0,560.343223358168,0.0,791
3,Atacama,5,5,MVP_coverage_mid,12641.752446862962,,65,16.0,1.0,4.0,8.0,0.01,True,,0.556778456151068,5508.348560378088,12641.752446862962,0.0,3386.6497835619994,2919.4864041972196,0.0,567.2070986409533,0.0,791
3,Atacama,5,5,MVP_coverage_mid,12641.752446862962,,66,16.0,1.0,4.0,16.0,0.0,True,,0.3250367669975205,6320.876223431481,12641.752446862962,0.0,3055.5549739394155,2106.9587411438265,0.0,0.0,0.0,791
3,Atacama,5,5,MVP_coverage_mid,12641.752446862962,,67,16.0,1.0,4.0,16.0,0.01,True,,0.4120965409945109,5951.316966727589,12641.752446862962,0.0,3232.244943129479,2476.5179978477186,0.0,0.0,0.0,791
3,Atacama,5,5,MVP_coverage_mid,12641.752446862962,,68,16.0,1.0,4.0,32.0,0.0,True,,0.3303613992868427,6320.876223431481,12641.752446862962,0.0,3122.867657211601,2106.9587411438265,0.0,0.0,0.0,791
3,Atacama,5,5,MVP_coverage_mid,12641.752446862962,,69,16.0,1.0,4.0,32.0,0.01,True,,0.46154708504431663,5768.1879174558235,12641.752446862962,0.0,3399.5638561904025,2659.6470471194843,0.0,0.0,0.0,791
3,Atacama,5,5,MVP_coverage_mid,12641.752446862962,,70,16.0,1.0,4.0,64.0,0.0,True,,0.3328269829207936,6320.876223431481,12641.752446862962,0.0,3154.036955149045,2106.9587411438265,0.0,0.0,0.0,791
3,Atacama,5,5,MVP_coverage_mid,12641.752446862962,,71,16.0,1.0,4.0,64.0,0.01,True,,0.5504384538154304,5403.865294233898,12641.752446862962,0.0,3612.4999768028138,3023.9696703414093,0.0,0.0,0.0,791
3,Atacama,5,5,MVP_coverage_mid,12641.752446862962,,72,16.0,2.0,1.0,8.0,0.0,True,,0.38367093323478807,6143.454980886292,12641.752446862962,0.0,3175.819239531005,2284.3799836890153,0.0,177.42124254518893,0.0,791
3,Atacama,5,5,MVP_coverage_mid,12641.752446862962,,73,16.0,2.0,1.0,8.0,0.01,True,,0.43821064469667004,5918.372823012397,12641.752446862962,0.0,3306.219616152003,2509.4621415629103,0.0,173.79300206390127,0.0,791
3,Atacama,5,5,MVP_coverage_mid,12641.752446862962,,74,16.0,2.0,1.0,16.0,0.0,True,,0.3332684094696583,6320.87622343148,12641.752446862962,0.0,3159.617360303267,2106.9587411438265,0.0,0.0,0.0,791
3,Atacama,5,5,MVP_coverage_mid,12641.752446862962,,75,16.0,2.0,1.0,16.0,0.01,True,,0.41880796313223,5960.576674338889,12641.752446862962,0.0,3340.2383493891693,2467.2582902364184,0.0,0.0,0.0,791
3,Atacama,5,5,MVP_coverage_mid,12641.752446862962,,76,16.0,2.0,1.0,32.0,0.0,True,,0.3332684094696584,6320.876223431481,12641.752446862962,0.0,3159.617360303267,2106.9587411438265,0.0,0.0,0.0,791
3,Atacama,5,5,MVP_coverage_mid,12641.752446862962,,77,16.0,2.0,1.0,32.0,0.01,True,,0.46982896631308874,5745.64718617777,12641.752446862962,0.0,3447.909520789397,2682.187778397537,0.0,0.0,0.0,791
3,Atacama,5,5,MVP_coverage_mid,12641.752446862962,,78,16.0,2.0,1.0,64.0,0.0,True,,0.3332684094696586,6320.876223431482,12641.752446862962,0.0,3159.617360303267,2106.9587411438265,0.0,0.0,0.0,791
3,Atacama,5,5,MVP_coverage_mid,12641.752446862962,,79,16.0,2.0,1.0,64.0,0.01,True,,0.5610288378599424,5360.974591755496,12641.752446862962,0.0,3639.154234014737,3066.860372819812,0.0,0.0,0.0,791
3,Atacama,5,5,MVP_coverage_mid,12641.752446862962,,80,16.0,2.0,2.0,8.0,0.0,True,,0.38367093323478807,6143.454980886292,12641.752446862962,0.0,3175.819239531005,2284.3799836890153,0.0,177.42124254518893,0.0,791
3,Atacama,5,5,MVP_coverage_mid,12641.752446862962,,81,16.0,2.0,2.0,8.0,0.01,True,,0.43821064469667004,5918.372823012397,12641.752446862962,0.0,3306.219616152003,2509.4621415629103,0.0,173.79300206390127,0.0,791
3,Atacama,5,5,MVP_coverage_mid,12641.752446862962,,82,16.0,2.0,2.0,16.0,0.0,True,,0.3332684094696583,6320.87622343148,12641.752446862962,0.0,3159.617360303267,2106.9587411438265,0.0,0.0,0.0,791
3,Atacama,5,5,MVP_coverage_mid,12641.752446862962,,83,16.0,2.0,2.0,16.0,0.01,True,,0.41880796313223,5960.576674338889,12641.752446862962,0.0,3340.2383493891693,2467.2582902364184,0.0,0.0,0.0,791
3,Atacama,5,5,MVP_coverage_mid,12641.752446862962,,84,16.0,2.0,2.0,32.0,0.0,True,,0.3332684094696584,6320.876223431481,12641.752446862962,0.0,3159.617360303267,2106.9587411438265,0.0,0.0,0.0,791
3,Atacama,5,5,MVP_coverage_mid,12641.752446862962,,85,16.0,2.0,2.0,32.0,0.01,True,,0.46982896631308874,5745.64718617777,12641.752446862962,0.0,3447.909520789397,2682.187778397537,0.0,0.0,0.0,791
3,Atacama,5,5,MVP_coverage_mid,12641.752446862962,,86,16.0,2.0,2.0,64.0,0.0,True,,0.3332684094696586,6320.876223431482,12641.752446862962,0.0,3159.617360303267,2106.9587411438265,0.0,0.0,0.0,791
3,Atacama,5,5,MVP_coverage_mid,12641.752446862962,,87,16.0,2.0,2.0,64.0,0.01,True,,0.5610288378599424,5360.974591755496,12641.752446862962,0.0,3639.154234014737,3066.860372819812,0.0,0.0,0.0,791
3,Atacama,5,5,MVP_coverage_mid,12641.752446862962,,88,16.0,2.0,4.0,8.0,0.0,True,,0.3628588170390575,6185.189853870863,12641.752446862962,0.0,3058.789674135231,2242.6451107044436,0.0,135.68636956061712,0.0,791
3,Atacama,5,5,MVP_coverage_mid,12641.752446862962,,89,16.0,2.0,4.0,8.0,0.01,True,,0.4279122582912783,5922.438329530565,12641.752446862962,0.0,3197.35066982753,2505.396635044742,0.0,162.6360631446927,0.0,791
3,Atacama,5,5,MVP_coverage_mid,12641.752446862962,,90,16.0,2.0,4.0,16.0,0.0,True,,0.3250367669975205,6320.876223431481,12641.752446862962,0.0,3055.5549739394155,2106.9587411438265,0.0,0.0,0.0,791
3,Atacama,5,5,MVP_coverage_mid,12641.752446862962,,91,16.0,2.0,4.0,16.0,0.01,True,,0.40787975416637684,5972.397427613303,12641.752446862962,0.0,3231.638520141302,2455.437536962004,0.0,0.0,0.0,791
3,Atacama,5,5,MVP_coverage_mid,12641.752446862962,,92,16.0,2.0,4.0,32.0,0.0,True,,0.3303613992868427,6320.876223431481,12641.752446862962,0.0,3122.867657211601,2106.9587411438265,0.0,0.0,0.0,791
3,Atacama,5,5,MVP_coverage_mid,12641.752446862962,,93,16.0,2.0,4.0,32.0,0.01,True,,0.45581111343952146,5792.6022102493625,12641.752446862962,0.0,3388.086855104195,2635.2327543259444,0.0,0.0,0.0,791
3,Atacama,5,5,MVP_coverage_mid,12641.752446862962,,94,16.0,2.0,4.0,64.0,0.0,True,,0.3327629438141644,6320.876223431481,12641.752446862962,0.0,3153.2273886161197,2106.9587411438265,0.0,0.0,0.0,791
3,Atacama,5,5,MVP_coverage_mid,12641.752446862962,,95,16.0,2.0,4.0,64.0,0.01,True,,0.5451307617433835,5426.839564556447,12641.752446862962,0.0,3602.837123370192,3000.99540001886,0.0,0.0,0.0,791
3,Atacama,5,5,MVP_coverage_mid,12641.752446862962,,96,32.0,1.0,1.0,8.0,0.0,True,,1.4734523542895424,2711.779213175545,12641.752446862962,0.0,4941.700998708126,5716.055751399762,0.0,3609.097010255936,0.0,396
3,Atacama,5,5,MVP_coverage_mid,12641.752446862962,,97,32.0,1.0,1.0,8.0,0.01,True,,1.5189008167560138,2529.9844789380795,12641.752446862962,0.0,5038.928643417415,5897.850485637227,0.0,3631.930741544659,0.0,396
3,Atacama,5,5,MVP_coverage_mid,12641.752446862962,,98,32.0,1.0,1.0,16.0,0.0,True,,0.7043696145499293,5147.962797439185,12641.752446862962,0.0,3745.7899366875426,3279.8721671361222,0.0,1172.9134259922957,0.0,396
3,Atacama,5,5,MVP_coverage_mid,12641.752446862962,,99,32.0,1.0,1.0,16.0,0.01,True,,0.8157887173101904,4681.531914495131,12641.752446862962,0.0,3979.4862658577376,3746.3030500801765,0.0,1181.6726044087718,0.0,396
3,Atacama,5,5,MVP_coverage_mid,12641.752446862962,,100,32.0,1.0,1.0,32.0,0.0,True,,0.3332684094696584,6320.876223431481,12641.752446862962,0.0,3159.617360303267,2106.9587411438265,0.0,0.0,0.0,396
3,Atacama,5,5,MVP_coverage_mid,12641.752446862962,,101,32.0,1.0,1.0,32.0,0.01,True,,0.5229463049026468,5521.755493966164,12641.752446862962,0.0,3559.6765353457768,2906.0794706091438,0.0,0.0,0.0,396
3,Atacama,5,5,MVP_coverage_mid,12641.752446862962,,102,32.0,1.0,1.0,64.0,0.0,True,,0.3332684094696586,6320.876223431482,12641.752446862962,0.0,3159.617360303267,2106.9587411438265,0.0,0.0,0.0,396
3,Atacama,5,5,MVP_coverage_mid,12641.752446862962,,103,32.0,1.0,1.0,64.0,0.01,True,,0.6109809827361271,5150.863535358153,12641.752446862962,0.0,3745.3592427359417,3276.971429217154,0.0,0.0,0.0,396
3,Atacama,5,5,MVP_coverage_mid,12641.752446862962,,104,32.0,1.0,2.0,8.0,0.0,True,,1.4734523542895424,2711.779213175545,12641.752446862962,0.0,4941.700998708126,5716.055751399762,0.0,3609.097010255936,0.0,396
3,Atacama,5,5,MVP_coverage_mid,12641.752446862962,,105,32.0,1.0,2.0,8.0,0.01,True,,1.5189008167560138,2529.9844789380795,12641.752446862962,0.0,5038.928643417415,5897.850485637227,0.0,3631.930741544659,0.0,396
3,Atacama,5,5,MVP_coverage_mid,12641.752446862962,,106,32.0,1.0,2.0,16.0,0.0,True,,0.7043696145499293,5147.962797439185,12641.752446862962,0.0,3745.7899366875426,3279.8721671361222,0.0,1172.9134259922957,0.0,396
3,Atacama,5,5,MVP_coverage_mid,12641.752446862962,,107,32.0,1.0,2.0,16.0,0.01,True,,0.8157887173101904,4681.531914495131,12641.752446862962,0.0,3979.4862658577376,3746.3030500801765,0.0,1181.6726044087718,0.0,396
3,Atacama,5,5,MVP_coverage_mid,12641.752446862962,,108,32.0,1.0,2.0,32.0,0.0,True,,0.3332684094696584,6320.876223431481,12641.752446862962,0.0,3159.617360303267,2106.9587411438265,0.0,0.0,0.0,396
3,Atacama,5,5,MVP_coverage_mid,12641.752446862962,,109,32.0,1.0,2.0,32.0,0.01,True,,0.5229463049026468,5521.755493966164,12641.752446862962,0.0,3559.6765353457768,2906.0794706091438,0.0,0.0,0.0,396
3,Atacama,5,5,MVP_coverage_mid,12641.752446862962,,110,32.0,1.0,2.0,64.0,0.0,True,,0.3332684094696586,6320.876223431482,12641.752446862962,0.0,3159.617360303267,2106.9587411438265,0.0,0.0,0.0,396
3,Atacama,5,5,MVP_coverage_mid,12641.752446862962,,111,32.0,1.0,2.0,64.0,0.01,True,,0.6109809827361271,5150.863535358153,12641.752446862962,0.0,3745.3592427359417,3276.971429217154,0.0,0.0,0.0,396
3,Atacama,5,5,MVP_coverage_mid,12641.752446862962,,112,32.0,1.0,4.0,8.0,0.0,True,,1.4428860411296893,2799.203732467156,12641.752446862962,0.0,4861.275052048613,5628.631232108151,0.0,3521.6724909643244,0.0,396
3,Atacama,5,5,MVP_coverage_mid,12641.752446862962,,113,32.0,1.0,4.0,8.0,0.01,True,,1.4866077186326785,2621.7731534336353,12641.752446862962,0.0,4957.567595851085,5806.061811141672,0.0,3534.522123132419,0.0,396
3,Atacama,5,5,MVP_coverage_mid,12641.752446862962,,114,32.0,1.0,4.0,16.0,0.0,True,,0.7000258189106102,5161.400518922152,12641.752446862962,0.0,3737.908772725891,3266.4344456531558,0.0,1159.4757045093293,0.0,396
3,Atacama,5,5,MVP_coverage_mid,12641.752446862962,,115,32.0,1.0,4.0,16.0,0.01,True,,0.8123254215413989,4692.112317624915,12641.752446862962,0.0,3972.7397498504997,3735.722646950392,0.0,1171.0880004811402,0.0,396
3,Atacama,5,5,MVP_coverage_mid,12641.752446862962,,116,32.0,1.0,4.0,32.0,0.0,True,,0.3332684094696584,6320.876223431481,12641.752446862962,0.0,3159.617360303267,2106.9587411438265,0.0,0.0,0.0,396
3,Atacama,5,5,MVP_coverage_mid,12641.752446862962,,117,32.0,1.0,4.0,32.0,0.01,True,,0.5229463049026468,5521.755493966164,12641.752446862962,0.0,3559.6765353457768,2906.0794706091438,0.0,0.0,0.0,396
3,Atacama,5,5,MVP_coverage_mid,12641.752446862962,,118,32.0,1.0,4.0,64.0,0.0,True,,0.3332684094696586,6320.876223431482,12641.752446862962,0.0,3159.617360303267,2106.9587411438265,0.0,0.0,0.0,396
3,Atacama,5,5,MVP_coverage_mid,12641.752446862962,,119,32.0,1.0,4.0,64.0,0.01,True,,0.6109528862346478,5150.965017934246,12641.752446862962,0.0,3745.2577601598496,3276.8699466410617,0.0,0.0,0.0,396
3,Atacama,5,5,MVP_coverage_mid,12641.752446862962,,120,32.0,2.0,1.0,8.0,0.0,True,,1.252613034448513,3409.6591861024035,12641.752446862962,0.0,4592.484891988243,5018.175778472903,0.0,2911.217037329078,0.0,396
3,Atacama,5,5,MVP_coverage_mid,12641.752446862962,,121,32.0,2.0,1.0,8.0,0.01,True,,1.3111247669750705,3177.6236781349094,12641.752446862962,0.0,4710.967261117623,5250.211286440398,0.0,2952.336736118765,0.0,396
3,Atacama,5,5,MVP_coverage_mid,12641.752446862962,,122,32.0,2.0,1.0,16.0,0.0,True,,0.4827729647977189,5848.318411110678,12641.752446862962,0.0,3395.664595316129,2579.5165534646294,0.0,472.55781232080267,0.0,396
3,Atacama,5,5,MVP_coverage_mid,12641.752446862962,,123,32.0,2.0,1.0,16.0,0.01,True,,0.6180839994476642,5294.037581123978,12641.752446862962,0.0,3673.8130012418405,3133.7973834513296,0.0,519.2759348018452,0.0,396
3,Atacama,5,5,MVP_coverage_mid,12641.752446862962,,124,32.0,2.0,1.0,32.0,0.0,True,,0.3332684094696584,6320.876223431481,12641.752446862962,0.0,3159.617360303267,2106.9587411438265,0.0,0.0,0.0,396
3,Atacama,5,5,MVP_coverage_mid,12641.752446862962,,125,32.0,2.0,1.0,32.0,0.01,True,,0.5190206753878333,5538.143229039272,12641.752446862962,0.0,3551.0190365041753,2889.691735536035,0.0,0.0,0.0,396
3,Atacama,5,5,MVP_coverage_mid,12641.752446862962,,126,32.0,2.0,1.0,64.0,0.0,True,,0.3332684094696586,6320.876223431482,12641.752446862962,0.0,3159.617360303267,2106.9587411438265,0.0,0.0,0.0,396
3,Atacama,5,5,MVP_coverage_mid,12641.752446862962,,127,32.0,2.0,1.0,64.0,0.01,True,,0.6061586154266146,5171.158082995025,12641.752446862962,0.0,3735.132438093421,3256.6768815802816,0.0,0.0,0.0,396
3,Atacama,5,5,MVP_coverage_mid,12641.752446862962,,128,32.0,2.0,2.0,8.0,0.0,True,,1.252613034448513,3409.6591861024035,12641.752446862962,0.0,4592.484891988243,5018.175778472903,0.0,2911.217037329078,0.0,396
3,Atacama,5,5,MVP_coverage_mid,12641.752446862962,,129,32.0,2.0,2.0,8.0,0.01,True,,1.3111247669750705,3177.6236781349094,12641.752446862962,0.0,4710.967261117623,5250.211286440398,0.0,2952.336736118765,0.0,396
3,Atacama,5,5,MVP_coverage_mid,12641.752446862962,,130,32.0,2.0,2.0,16.0,0.0,True,,0.4827729647977189,5848.318411110678,12641.752446862962,0.0,3395.664595316129,2579.5165534646294,0.0,472.55781232080267,0.0,396
3,Atacama,5,5,MVP_coverage_mid,12641.752446862962,,131,32.0,2.0,2.0,16.0,0.01,True,,0.6180839994476642,5294.037581123978,12641.752446862962,0.0,3673.8130012418405,3133.7973834513296,0.0,519.2759348018452,0.0,396
3,Atacama,5,5,MVP_coverage_mid,12641.752446862962,,132,32.0,2.0,2.0,32.0,0.0,True,,0.3332684094696584,6320.876223431481,12641.752446862962,0.0,3159.617360303267,2106.9587411438265,0.0,0.0,0.0,396
3,Atacama,5,5,MVP_coverage_mid,12641.752446862962,,133,32.0,2.0,2.0,32.0,0.01,True,,0.5190206753878333,5538.143229039272,12641.752446862962,0.0,3551.0190365041753,2889.691735536035,0.0,0.0,0.0,396
3,Atacama,5,5,MVP_coverage_mid,12641.752446862962,,134,32.0,2.0,2.0,64.0,0.0,True,,0.3332684094696586,6320.876223431482,12641.752446862962,0.0,3159.617360303267,2106.9587411438265,0.0,0.0,0.0,396
3,Atacama,5,5,MVP_coverage_mid,12641.752446862962,,135,32.0,2.0,2.0,64.0,0.01,True,,0.6061586154266146,5171.158082995025,12641.752446862962,0.0,3735.132438093421,3256.6768815802816,0.0,0.0,0.0,396
3,Atacama,5,5,MVP_coverage_mid,12641.752446862962,,136,32.0,2.0,4.0,8.0,0.0,True,,1.2428581287363252,3436.483749878698,12641.752446862962,0.0,4563.051762049308,4991.3512146966095,0.0,2884.3924735527826,0.0,396
3,Atacama,5,5,MVP_coverage_mid,12641.752446862962,,137,32.0,2.0,4.0,8.0,0.01,True,,1.2993800676686538,3210.5514558370173,12641.752446862962,0.0,4678.588126229714,5217.28350873829,0.0,2918.5617340673816,0.0,396
3,Atacama,5,5,MVP_coverage_mid,12641.752446862962,,138,32.0,2.0,4.0,16.0,0.0,True,,0.48236892140552473,5849.406217332,12641.752446862962,0.0,3394.3641005488453,2578.428747243307,0.0,471.4700060994807,0.0,396
3,Atacama,5,5,MVP_coverage_mid,12641.752446862962,,139,32.0,2.0,4.0,16.0,0.01,True,,0.6180839994476642,5294.037581123978,12641.752446862962,0.0,3673.8130012418405,3133.7973834513296,0.0,519.2759348018452,0.0,396
3,Atacama,5,5,MVP_coverage_mid,12641.752446862962,,140,32.0,2.0,4.0,32.0,0.0,True,,0.3332684094696584,6320.876223431481,12641.752446862962,0.0,3159.617360303267,2106.9587411438265,0.0,0.0,0.0,396
3,Atacama,5,5,MVP_coverage_mid,12641.752446862962,,141,32.0,2.0,4.0,32.0,0.01,True,,0.5190206753878333,5538.143229039272,12641.752446862962,0.0,3551.0190365041753,2889.691735536035,0.0,0.0,0.0,396
3,Atacama,5,5,MVP_coverage_mid,12641.752446862962,,142,32.0,2.0,4.0,64.0,0.0,True,,0.3332684094696586,6320.876223431482,12641.752446862962,0.0,3159.617360303267,2106.9587411438265,0.0,0.0,0.0,396
3,Atacama,5,5,MVP_coverage_mid,12641.752446862962,,143,32.0,2.0,4.0,64.0,0.01,True,,0.6061586154266146,5171.158082995025,12641.752446862962,0.0,3735.132438093421,3256.6768815802816,0.0,0.0,0.0,396
4,Coquimbo,8,7,MVP_coverage_mid,11365.016439353796,,0,8.0,1.0,1.0,8.0,0.0,True,,0.32768384628105846,5682.508219676898,11365.016439353796,0.0,2777.047596615428,1894.169406558967,0.0,0.0,0.0,1421
4,Coquimbo,8,7,MVP_coverage_mid,11365.016439353796,,1,8.0,1.0,1.0,8.0,0.01,True,,0.37347542155649255,5510.943738615921,11365.016439353796,0.0,2868.5583997522,2065.733887619944,0.0,0.0,0.0,1421
4,Coquimbo,8,7,MVP_coverage_mid,11365.016439353796,,2,8.0,1.0,1.0,16.0,0.0,True,,0.3333017615529424,5682.508219676898,11365.016439353796,0.0,2840.895296035286,1894.1694065589668,0.0,0.0,0.0,1421
4,Coquimbo,8,7,MVP_coverage_mid,11365.016439353796,,3,8.0,1.0,1.0,16.0,0.01,True,,0.40582709341611534,5407.737882264255,11365.016439353796,0.0,2978.2210413982284,2168.93974397161,0.0,0.0,0.0,1421
4,Coquimbo,8,7,MVP_coverage_mid,11365.016439353796,,4,8.0,1.0,1.0,32.0,0.0,True,,0.3333017615529424,5682.508219676898,11365.016439353796,0.0,2840.895296035286,1894.169406558967,0.0,0.0,0.0,1421
4,Coquimbo,8,7,MVP_coverage_mid,11365.016439353796,,5,8.0,1.0,1.0,32.0,0.01,True,,0.46273957056176324,5192.206749725938,11365.016439353796,0.0,3086.20444841707,2384.470876509928,0.0,0.0,0.0,1421
4,Coquimbo,8,7,MVP_coverage_mid,11365.016439353796,,6,8.0,1.0,1.0,64.0,0.0,True,,0.3333017615529424,5682.508219676898,11365.016439353796,0.0,2840.895296035286,1894.169406558967,0.0,0.0,0.0,1421
4,Coquimbo,8,7,MVP_coverage_mid,11365.016439353796,,7,8.0,1.0,1.0,64.0,0.01,True,,0.5652845477526777,4803.531731431941,11365.016439353796,0.0,3279.9422542299817,2773.145894803924,0.0,0.0,0.0,1421
4,Coquimbo,8,7,MVP_coverage_mid,11365.016439353796,,8,8.0,1.0,2.0,8.0,0.0,True,,0.31536513318713383,5682.508219676898,11365.016439353796,0.0,2637.045219791292,1894.1694065589668,0.0,0.0,0.0,1421
4,Coquimbo,8,7,MVP_coverage_mid,11365.016439353796,,9,8.0,1.0,2.0,8.0,0.01,True,,0.35962417009685504,5511.879681639011,11365.016439353796,0.0,2713.4785567655235,2064.797944596853,0.0,0.0,0.0,1421
4,Coquimbo,8,7,MVP_coverage_mid,11365.016439353796,,10,8.0,1.0,2.0,16.0,0.0,True,,0.32408355782645004,5682.508219676898,11365.016439353796,0.0,2736.130259142388,1894.169406558967,0.0,0.0,0.0,1421
4,Coquimbo,8,7,MVP_coverage_mid,11365.016439353796,,11,8.0,1.0,2.0,16.0,0.01,True,,0.3930979501182918,5422.541684975396,11365.016439353796,0.0,2870.563625337425,2154.1359412604697,0.0,0.0,0.0,1421
4,Coquimbo,8,7,MVP_coverage_mid,11365.016439353796,,12,8.0,1.0,2.0,32.0,0.0,True,,0.3300954849055161,5682.508219676898,11365.016439353796,0.0,2804.45590922817,1894.169406558967,0.0,0.0,0.0,1421
4,Coquimbo,8,7,MVP_coverage_mid,11365.016439353796,,13,8.0,1.0,2.0,32.0,0.01,True,,0.45096606660217153,5224.706959634551,11365.016439353796,0.0,3033.6489071390474,2351.970666601314,0.0,0.0,0.0,1421
4,Coquimbo,8,7,MVP_coverage_mid,11365.016439353796,,14,8.0,1.0,2.0,64.0,0.0,True,,0.3326139499126677,5682.508219676898,11365.016439353796,0.0,2833.078305436385,1894.169406558967,0.0,0.0,0.0,1421
4,Coquimbo,8,7,MVP_coverage_mid,11365.016439353796,,15,8.0,1.0,2.0,64.0,0.01,True,,0.5476033568474894,4867.830365125107,11365.016439353796,0.0,3239.7418131580794,2708.8472611107577,0.0,0.0,0.0,1421
4,Coquimbo,8,7,MVP_coverage_mid,11365.016439353796,,16,8.0,1.0,4.0,8.0,0.0,True,,0.5435794834358949,5301.496966203102,10608.0,757.0164393537962,2762.892532774373,2275.180660032764,757.0164393537962,0.0,2.5030337968986176,1326
4,Coquimbo,8,7,MVP_coverage_mid,11365.016439353796,,17,8.0,1.0,4.0,8.0,0.01,True,,0.4872726131303213,5264.795344618079,10984.0,381.01643935379616,2782.9864042114245,2311.8822816177862,381.01643935379616,0.0,2.9501696548719596,1373
4,Coquimbo,8,7,MVP_coverage_mid,11365.016439353796,,18,8.0,1.0,4.0,16.0,0.0,True,,0.4036688537844082,5529.719218764106,11072.0,293.01643935379616,2669.4726844278994,2046.9584074717595,293.01643935379616,0.0,6.28078123589432,1384
4,Coquimbo,8,7,MVP_coverage_mid,11365.016439353796,,19,8.0,1.0,4.0,16.0,0.01,True,,0.3930480517725738,5373.873154663587,11365.016439353796,0.0,2748.325204038522,2202.8044715722785,0.0,0.0,0.0,1421
4,Coquimbo,8,7,MVP_coverage_mid,11365.016439353796,,20,8.0,1.0,4.0,32.0,0.0,True,,0.3186249207778094,5668.27708161784,11360.0,5.016439353796159,2622.620576301804,1908.400544618025,5.016439353796159,0.0,11.722918382159671,1420
4,Coquimbo,8,7,MVP_coverage_mid,11365.016439353796,,21,8.0,1.0,4.0,32.0,0.01,True,,0.4278197233270863,5246.209147729132,11365.016439353796,0.0,2824.345805543231,2330.4684785067325,0.0,0.0,0.0,1421
4,Coquimbo,8,7,MVP_coverage_mid,11365.016439353796,,22,8.0,1.0,4.0,64.0,0.0,True,,0.31422926033671755,5682.508219676899,11365.016439353796,0.0,2624.1360061732935,1894.169406558967,0.0,0.0,0.0,1421
4,Coquimbo,8,7,MVP_coverage_mid,11365.016439353796,,23,8.0,1.0,4.0,64.0,0.01,True,,0.4789427209695333,5052.607455956933,11365.016439353796,0.0,2921.3552847481883,2524.0701702789315,0.0,0.0,0.0,1421
4,Coquimbo,8,7,MVP_coverage_mid,11365.016439353796,,24,8.0,2.0,1.0,8.0,0.0,True,,0.2907943683632972,5682.508219676898,11365.016439353796,0.0,2357.7980736408927,1894.1694065589672,0.0,0.0,0.0,1421
4,Coquimbo,8,7,MVP_coverage_mid,11365.016439353796,,25,8.0,2.0,1.0,8.0,0.01,True,,0.32826477403335785,5536.893985886331,11365.016439353796,0.0,2419.6142655939707,2039.7836403495335,0.0,0.0,0.0,1421
4,Coquimbo,8,7,MVP_coverage_mid,11365.016439353796,,26,8.0,2.0,1.0,16.0,0.0,True,,0.30954431243744895,5682.508219676898,11365.016439353796,0.0,2570.8914962805916,1894.169406558967,0.0,0.0,0.0,1421
4,Coquimbo,8,7,MVP_coverage_mid,11365.016439353796,,27,8.0,2.0,1.0,16.0,0.01,True,,0.3721060626221846,5447.814452007011,11365.016439353796,0.0,2695.172396430139,2128.8631742288544,0.0,0.0,0.0,1421
4,Coquimbo,8,7,MVP_coverage_mid,11365.016439353796,,28,8.0,2.0,1.0,32.0,0.0,True,,0.3249114948614435,5682.508219676898,11365.016439353796,0.0,2745.5397771558382,1894.169406558967,0.0,0.0,0.0,1421
4,Coquimbo,8,7,MVP_coverage_mid,11365.016439353796,,29,8.0,2.0,1.0,32.0,0.01,True,,0.43874877543954216,5253.007375960928,11365.016439353796,0.0,2965.5502330473346,2323.670250274937,0.0,0.0,0.0,1421
4,Coquimbo,8,7,MVP_coverage_mid,11365.016439353796,,30,8.0,2.0,1.0,64.0,0.0,True,,0.3312725953358586,5682.508219676898,11365.016439353796,0.0,2817.8337886199474,1894.169406558967,0.0,0.0,0.0,1421
4,Coquimbo,8,7,MVP_coverage_mid,11365.016439353796,,31,8.0,2.0,1.0,64.0,0.01,True,,0.5394166470581978,4890.71270418335,11365.016439353796,0.0,3203.905569464169,2685.9649220525157,0.0,0.0,0.0,1421
4,Coquimbo,8,7,MVP_coverage_mid,11365.016439353796,,32,8.0,2.0,2.0,8.0,0.0,True,,0.2907943683632972,5682.508219676898,11365.016439353796,0.0,2357.7980736408927,1894.1694065589672,0.0,0.0,0.0,1421
4,Coquimbo,8,7,MVP_coverage_mid,11365.016439353796,,33,8.0,2.0,2.0,8.0,0.01,True,,0.32826477403335785,5536.893985886331,11365.016439353796,0.0,2419.6142655939707,2039.7836403495335,0.0,0.0,0.0,1421
4,Coquimbo,8,7,MVP_coverage_mid,11365.016439353796,,34,8.0,2.0,2.0,16.0,0.0,True,,0.30954431243744895,5682.508219676898,11365.016439353796,0.0,2570.8914962805916,1894.169406558967,0.0,0.0,0.0,1421
4,Coquimbo,8,7,MVP_coverage_mid,11365.016439353796,,35,8.0,2.0,2.0,16.0,0.01,True,,0.3721060626221846,5447.814452007011,11365.016439353796,0.0,2695.172396430139,2128.8631742288544,0.0,0.0,0.0,1421
4,Coquimbo,8,7,MVP_coverage_mid,11365.016439353796,,36,8.0,2.0,2.0,32.0,0.0,True,,0.3249114948614435,5682.508219676898,11365.016439353796,0.0,2745.5397771558382,1894.169406558967,0.0,0.0,0.0,1421
4,Coquimbo,8,7,MVP_coverage_mid,11365.016439353796,,37,8.0,2.0,2.0,32.0,0.01,True,,0.43874877543954216,5253.007375960928,11365.016439353796,0.0,2965.5502330473346,2323.670250274937,0.0,0.0,0.0,1421
4,Coquimbo,8,7,MVP_coverage_mid,11365.016439353796,,38,8.0,2.0,2.0,64.0,0.0,True,,0.3312725953358586,5682.508219676898,11365.016439353796,0.0,2817.8337886199474,1894.169406558967,0.0,0.0,0.0,1421
4,Coquimbo,8,7,MVP_coverage_mid,11365.016439353796,,39,8.0,2.0,2.0,64.0,0.01,True,,0.5394166470581978,4890.71270418335,11365.016439353796,0.0,3203.905569464169,2685.9649220525157,0.0,0.0,0.0,1421
4,Coquimbo,8,7,MVP_coverage_mid,11365.016439353796,,40,8.0,2.0,4.0,8.0,0.0,True,,0.5296282176409016,5301.496966203102,10608.0,757.0164393537962,2604.3361676644804,2275.180660032764,757.0164393537962,0.0,2.5030337968986176,1326
4,Coquimbo,8,7,MVP_coverage_mid,11365.016439353796,,41,8.0,2.0,4.0,8.0,0.01,True,,0.47729020067795597,5270.106737438396,10952.0,413.01643935379616,2618.2365167759785,2306.57088879747,413.01643935379616,0.0,4.106345376261885,1369
4,Coquimbo,8,7,MVP_coverage_mid,11365.016439353796,,42,8.0,2.0,4.0,16.0,0.0,True,,0.3890968157187738,5529.719218764106,11072.0,293.01643935379616,2503.8612322570752,2046.9584074717595,293.01643935379616,0.0,6.28078123589432,1384
4,Coquimbo,8,7,MVP_coverage_mid,11365.016439353796,,43,8.0,2.0,4.0,16.0,0.01,True,,0.372389340848472,5398.393582584913,11365.016439353796,0.0,2574.839684573562,2178.2840436509523,0.0,0.0,0.0,1421
4,Coquimbo,8,7,MVP_coverage_mid,11365.016439353796,,44,8.0,2.0,4.0,32.0,0.0,True,,0.3046182710082787,5668.27708161784,11360.0,5.016439353796159,2463.4347714108167,1908.400544618025,5.016439353796159,0.0,11.722918382159667,1420
4,Coquimbo,8,7,MVP_coverage_mid,11365.016439353796,,45,8.0,2.0,4.0,32.0,0.01,True,,0.407302600332208,5270.2865078867235,11365.016439353796,0.0,2651.3617658121725,2306.3911183491423,0.0,0.0,0.0,1421
4,Coquimbo,8,7,MVP_coverage_mid,11365.016439353796,,46,8.0,2.0,4.0,64.0,0.0,True,,0.30040975731311004,5682.508219676899,11365.016439353796,0.0,2467.0771271262943,1894.169406558967,0.0,0.0,0.0,1421
4,Coquimbo,8,7,MVP_coverage_mid,11365.016439353796,,47,8.0,2.0,4.0,64.0,0.01,True,,0.4602934516814365,5076.0220395132055,11365.016439353796,0.0,2767.942491597713,2500.655586722659,0.0,0.0,0.0,1421
4,Coquimbo,8,7,MVP_coverage_mid,11365.016439353796,,48,16.0,1.0,1.0,8.0,0.0,True,,0.6226523125257932,4854.02375491736,11365.016439353796,0.0,3229.673437919429,2722.6538713185055,0.0,828.4844647595387,0.0,711
4,Coquimbo,8,7,MVP_coverage_mid,11365.016439353796,,49,16.0,1.0,1.0,8.0,0.01,True,,0.6858191167156968,4620.291779167792,11365.016439353796,0.0,3346.968171899782,2956.3858470680734,0.0,844.7515594449635,0.0,711
4,Coquimbo,8,7,MVP_coverage_mid,11365.016439353796,,50,16.0,1.0,1.0,16.0,0.0,True,,0.3333017615529424,5682.508219676898,11365.016439353796,0.0,2840.895296035286,1894.1694065589668,0.0,0.0,0.0,711
4,Coquimbo,8,7,MVP_coverage_mid,11365.016439353796,,51,16.0,1.0,1.0,16.0,0.01,True,,0.4355306902716862,5295.329459559985,11365.016439353796,0.0,3034.7818512090525,2281.3481666758807,0.0,0.0,0.0,711
4,Coquimbo,8,7,MVP_coverage_mid,11365.016439353796,,52,16.0,1.0,1.0,32.0,0.0,True,,0.3333017615529424,5682.508219676898,11365.016439353796,0.0,2840.895296035286,1894.169406558967,0.0,0.0,0.0,711
4,Coquimbo,8,7,MVP_coverage_mid,11365.016439353796,,53,16.0,1.0,1.0,32.0,0.01,True,,0.4891908341975837,5091.978748772725,11365.016439353796,0.0,3136.25349209682,2484.6988774631395,0.0,0.0,0.0,711
4,Coquimbo,8,7,MVP_coverage_mid,11365.016439353796,,54,16.0,1.0,1.0,64.0,0.0,True,,0.3333017615529424,5682.508219676898,11365.016439353796,0.0,2840.895296035286,1894.169406558967,0.0,0.0,0.0,711
4,Coquimbo,8,7,MVP_coverage_mid,11365.016439353796,,55,16.0,1.0,1.0,64.0,0.01,True,,0.5899984474863957,4709.990114398605,11365.016439353796,0.0,3326.962088400889,2866.6875118372595,0.0,0.0,0.0,711
4,Coquimbo,8,7,MVP_coverage_mid,11365.016439353796,,56,16.0,1.0,2.0,8.0,0.0,True,,0.6226523125257932,4854.02375491736,11365.016439353796,0.0,3229.673437919429,2722.6538713185055,0.0,828.4844647595387,0.0,711
4,Coquimbo,8,7,MVP_coverage_mid,11365.016439353796,,57,16.0,1.0,2.0,8.0,0.01,True,,0.6858191167156968,4620.291779167792,11365.016439353796,0.0,3346.968171899782,2956.3858470680734,0.0,844.7515594449635,0.0,711
4,Coquimbo,8,7,MVP_coverage_mid,11365.016439353796,,58,16.0,1.0,2.0,16.0,0.0,True,,0.3333017615529424,5682.508219676898,11365.016439353796,0.0,2840.895296035286,1894.1694065589668,0.0,0.0,0.0,711
4,Coquimbo,8,7,MVP_coverage_mid,11365.016439353796,,59,16.0,1.0,2.0,16.0,0.01,True,,0.4355306902716862,5295.329459559985,11365.016439353796,0.0,3034.7818512090525,2281.3481666758807,0.0,0.0,0.0,711
4,Coquimbo,8,7,MVP_coverage_mid,11365.016439353796,,60,16.0,1.0,2.0,32.0,0.0,True,,0.3333017615529424,5682.508219676898,11365.016439353796,0.0,2840.895296035286,1894.169406558967,0.0,0.0,0.0,711
4,Coquimbo,8,7,MVP_coverage_mid,11365.016439353796,,61,16.0,1.0,2.0,32.0,0.01,True,,0.4891908341975837,5091.978748772725,11365.016439353796,0.0,3136.25349209682,2484.6988774631395,0.0,0.0,0.0,711
4,Coquimbo,8,7,MVP_coverage_mid,11365.016439353796,,62,16.0,1.0,2.0,64.0,0.0,True,,0.3333017615529424,5682.508219676898,11365.016439353796,0.0,2840.895296035286,1894.169406558967,0.0,0.0,0.0,711
4,Coquimbo,8,7,MVP_coverage_mid,11365.016439353796,,63,16.0,1.0,2.0,64.0,0.01,True,,0.5899984474863957,4709.990114398605,11365.016439353796,0.0,3326.962088400889,2866.6875118372595,0.0,0.0,0.0,711
4,Coquimbo,8,7,MVP_coverage_mid,11365.016439353796,,64,16.0,1.0,4.0,8.0,0.0,True,,0.5315769541373168,5089.007862735953,11365.016439353796,0.0,3017.044869979432,2487.6697634999123,0.0,593.5003569409456,0.0,711
4,Coquimbo,8,7,MVP_coverage_mid,11365.016439353796,,65,16.0,1.0,4.0,8.0,0.01,True,,0.589025835380014,4869.497469413833,11365.016439353796,0.0,3125.296777546501,2707.180156822033,0.0,589.3799458143128,0.0,711
4,Coquimbo,8,7,MVP_coverage_mid,11365.016439353796,,66,16.0,1.0,4.0,16.0,0.0,True,,0.327819812408527,5682.508219676898,11365.016439353796,0.0,2778.592853889303,1894.169406558967,0.0,0.0,0.0,711
4,Coquimbo,8,7,MVP_coverage_mid,11365.016439353796,,67,16.0,1.0,4.0,16.0,0.01,True,,0.42498225345271823,5312.518600828516,11365.016439353796,0.0,2957.8715465233263,2264.15902540735,0.0,0.0,0.0,711
4,Coquimbo,8,7,MVP_coverage_mid,11365.016439353796,,68,16.0,1.0,4.0,32.0,0.0,True,,0.3310061810204971,5682.508219676898,11365.016439353796,0.0,2814.8059855461847,1894.169406558967,0.0,0.0,0.0,711
4,Coquimbo,8,7,MVP_coverage_mid,11365.016439353796,,69,16.0,1.0,4.0,32.0,0.01,True,,0.47742738315641786,5129.130376936283,11365.016439353796,0.0,3095.4407480393315,2447.5472492995823,0.0,0.0,0.0,711
4,Coquimbo,8,7,MVP_coverage_mid,11365.016439353796,,70,16.0,1.0,4.0,64.0,0.0,True,,0.3328735248401615,5682.508219676898,11365.016439353796,0.0,2836.0283787545964,1894.1694065589668,0.0,0.0,0.0,711
4,Coquimbo,8,7,MVP_coverage_mid,11365.016439353796,,71,16.0,1.0,4.0,64.0,0.01,True,,0.5726111492776124,4772.829000873295,11365.016439353796,0.0,3286.452374608843,2803.8486253625697,0.0,0.0,0.0,711
4,Coquimbo,8,7,MVP_coverage_mid,11365.016439353796,,72,16.0,2.0,1.0,8.0,0.0,True,,0.3997827817817981,5486.12487177525,11365.016439353796,0.0,2909.111466185475,2090.552754460615,0.0,196.38334790164768,0.0,711
4,Coquimbo,8,7,MVP_coverage_mid,11365.016439353796,,73,16.0,2.0,1.0,8.0,0.01,True,,0.46392348580071346,5245.9342535490305,11365.016439353796,0.0,3033.208075814056,2330.7433726868353,0.0,200.77034831421685,0.0,711
4,Coquimbo,8,7,MVP_coverage_mid,11365.016439353796,,74,16.0,2.0,1.0,16.0,0.0,True,,0.3333017615529424,5682.508219676898,11365.016439353796,0.0,2840.895296035286,1894.1694065589668,0.0,0.0,0.0,711
4,Coquimbo,8,7,MVP_coverage_mid,11365.016439353796,,75,16.0,2.0,1.0,16.0,0.01,True,,0.42716156260811716,5326.749094660795,11365.016439353796,0.0,3018.2156654815653,2249.9285315750703,0.0,0.0,0.0,711
4,Coquimbo,8,7,MVP_coverage_mid,11365.016439353796,,76,16.0,2.0,1.0,32.0,0.0,True,,0.3333017615529424,5682.508219676898,11365.016439353796,0.0,2840.895296035286,1894.169406558967,0.0,0.0,0.0,711
4,Coquimbo,8,7,MVP_coverage_mid,11365.016439353796,,77,16.0,2.0,1.0,32.0,0.01,True,,0.4807776799250952,5123.770364923375,11365.016439353796,0.0,3120.1168958597946,2452.9072613124895,0.0,0.0,0.0,711
4,Coquimbo,8,7,MVP_coverage_mid,11365.016439353796,,78,16.0,2.0,1.0,64.0,0.0,True,,0.3333017615529424,5682.508219676898,11365.016439353796,0.0,2840.895296035286,1894.169406558967,0.0,0.0,0.0,711
4,Coquimbo,8,7,MVP_coverage_mid,11365.016439353796,,79,16.0,2.0,1.0,64.0,0.01,True,,0.5838837577023266,4733.321603996646,11365.016439353796,0.0,3315.797262478498,2843.356022239219,0.0,0.0,0.0,711
4,Coquimbo,8,7,MVP_coverage_mid,11365.016439353796,,80,16.0,2.0,2.0,8.0,0.0,True,,0.3997827817817981,5486.12487177525,11365.016439353796,0.0,2909.111466185475,2090.552754460615,0.0,196.38334790164768,0.0,711
4,Coquimbo,8,7,MVP_coverage_mid,11365.016439353796,,81,16.0,2.0,2.0,8.0,0.01,True,,0.46392348580071346,5245.9342535490305,11365.016439353796,0.0,3033.208075814056,2330.7433726868353,0.0,200.77034831421685,0.0,711
4,Coquimbo,8,7,MVP_coverage_mid,11365.016439353796,,82,16.0,2.0,2.0,16.0,0.0,True,,0.3333017615529424,5682.508219676898,11365.016439353796,0.0,2840.895296035286,1894.1694065589668,0.0,0.0,0.0,711
4,Coquimbo,8,7,MVP_coverage_mid,11365.016439353796,,83,16.0,2.0,2.0,16.0,0.01,True,,0.42716156260811716,5326.749094660795,11365.016439353796,0.0,3018.2156654815653,2249.9285315750703,0.0,0.0,0.0,711
4,Coquimbo,8,7,MVP_coverage_mid,11365.016439353796,,84,16.0,2.0,2.0,32.0,0.0,True,,0.3333017615529424,5682.508219676898,11365.016439353796,0.0,2840.895296035286,1894.169406558967,0.0,0.0,0.0,711
4,Coquimbo,8,7,MVP_coverage_mid,11365.016439353796,,85,16.0,2.0,2.0,32.0,0.01,True,,0.4807776799250952,5123.770364923375,11365.016439353796,0.0,3120.1168958597946,2452.9072613124895,0.0,0.0,0.0,711
4,Coquimbo,8,7,MVP_coverage_mid,11365.016439353796,,86,16.0,2.0,2.0,64.0,0.0,True,,0.3333017615529424,5682.508219676898,11365.016439353796,0.0,2840.895296035286,1894.169406558967,0.0,0.0,0.0,711
4,Coquimbo,8,7,MVP_coverage_mid,11365.016439353796,,87,16.0,2.0,2.0,64.0,0.01,True,,0.5838837577023266,4733.321603996646,11365.016439353796,0.0,3315.797262478498,2843.356022239219,0.0,0.0,0.0,711
4,Coquimbo,8,7,MVP_coverage_mid,11365.016439353796,,88,16.0,2.0,4.0,8.0,0.0,True,,0.3925661154259699,5488.820452645155,11365.016439353796,0.0,2836.5284674588215,2087.8571735907108,0.0,193.68776703174404,0.0,711
4,Coquimbo,8,7,MVP_coverage_mid,11365.016439353796,,89,16.0,2.0,4.0,8.0,0.01,True,,0.4553790193333141,5251.706969928744,11365.016439353796,0.0,2955.8134484450206,2324.970656307121,0.0,195.48876476503557,0.0,711
4,Coquimbo,8,7,MVP_coverage_mid,11365.016439353796,,90,16.0,2.0,4.0,16.0,0.0,True,,0.3278198124085269,5682.508219676898,11365.016439353796,0.0,2778.5928538893027,1894.169406558967,0.0,0.0,0.0,711
4,Coquimbo,8,7,MVP_coverage_mid,11365.016439353796,,91,16.0,2.0,4.0,16.0,0.01,True,,0.41793120563137964,5340.181838834021,11365.016439353796,0.0,2946.894367132904,2236.4957874018446,0.0,0.0,0.0,711
4,Coquimbo,8,7,MVP_coverage_mid,11365.016439353796,,92,16.0,2.0,4.0,32.0,0.0,True,,0.3310061810204971,5682.508219676898,11365.016439353796,0.0,2814.8059855461847,1894.169406558967,0.0,0.0,0.0,711
4,Coquimbo,8,7,MVP_coverage_mid,11365.016439353796,,93,16.0,2.0,4.0,32.0,0.01,True,,0.47104666865969524,5153.8550884165015,11365.016439353796,0.0,3084.7356015898026,2422.8225378193633,0.0,0.0,0.0,711
4,Coquimbo,8,7,MVP_coverage_mid,11365.016439353796,,94,16.0,2.0,4.0,64.0,0.0,True,,0.3328735248401615,5682.508219676898,11365.016439353796,0.0,2836.028378754597,1894.169406558967,0.0,0.0,0.0,711
4,Coquimbo,8,7,MVP_coverage_mid,11365.016439353796,,95,16.0,2.0,4.0,64.0,0.01,True,,0.5670311750869305,4794.481053137902,11365.016439353796,0.0,3277.1660068620913,2782.196573097963,0.0,0.0,0.0,711
4,Coquimbo,8,7,MVP_coverage_mid,11365.016439353796,,96,32.0,1.0,1.0,8.0,0.0,True,,1.4918620207818392,2388.7755066881464,11365.016439353796,0.0,4479.8871926930615,5187.902119547718,0.0,3293.732712988752,0.0,356
4,Coquimbo,8,7,MVP_coverage_mid,11365.016439353796,,97,32.0,1.0,1.0,8.0,0.01,True,,1.5346627794971066,2226.85617164119,11365.016439353796,0.0,4559.5251310907715,5349.821454594675,0.0,3295.7277633894823,0.0,356
4,Coquimbo,8,7,MVP_coverage_mid,11365.016439353796,,98,32.0,1.0,1.0,16.0,0.0,True,,0.7272241956138825,4563.290867386226,11365.016439353796,0.0,3400.569501950779,3013.386758849639,0.0,1119.2173522906721,0.0,356
4,Coquimbo,8,7,MVP_coverage_mid,11365.016439353796,,99,32.0,1.0,1.0,16.0,0.01,True,,0.8421605087489785,4127.1961815959385,11365.016439353796,0.0,3618.1891706407855,3449.4814446399255,0.0,1117.614057384031,0.0,356
4,Coquimbo,8,7,MVP_coverage_mid,11365.016439353796,,100,32.0,1.0,1.0,32.0,0.0,True,,0.3333017615529424,5682.508219676898,11365.016439353796,0.0,2840.895296035286,1894.1694065589668,0.0,0.0,0.0,356
4,Coquimbo,8,7,MVP_coverage_mid,11365.016439353796,,101,32.0,1.0,1.0,32.0,0.01,True,,0.5393859019486451,4901.839170847202,11365.016439353796,0.0,3231.372317448301,2674.8384553886635,0.0,0.0,0.0,356
4,Coquimbo,8,7,MVP_coverage_mid,11365.016439353796,,102,32.0,1.0,1.0,64.0,0.0,True,,0.3333017615529424,5682.508219676898,11365.016439353796,0.0,2840.895296035286,1894.169406558967,0.0,0.0,0.0,356
4,Coquimbo,8,7,MVP_coverage_mid,11365.016439353796,,103,32.0,1.0,1.0,64.0,0.01,True,,0.6368305138817822,4532.655232074213,11365.016439353796,0.0,3415.8720870623843,3044.022394161652,0.0,0.0,0.0,356
4,Coquimbo,8,7,MVP_coverage_mid,11365.016439353796,,104,32.0,1.0,2.0,8.0,0.0,True,,1.4918620207818392,2388.7755066881464,11365.016439353796,0.0,4479.8871926930615,5187.902119547718,0.0,3293.732712988752,0.0,356
4,Coquimbo,8,7,MVP_coverage_mid,11365.016439353796,,105,32.0,1.0,2.0,8.0,0.01,True,,1.5346627794971066,2226.85617164119,11365.016439353796,0.0,4559.5251310907715,5349.821454594675,0.0,3295.7277633894823,0.0,356
4,Coquimbo,8,7,MVP_coverage_mid,11365.016439353796,,106,32.0,1.0,2.0,16.0,0.0,True,,0.7272241956138825,4563.290867386226,11365.016439353796,0.0,3400.569501950779,3013.386758849639,0.0,1119.2173522906721,0.0,356
4,Coquimbo,8,7,MVP_coverage_mid,11365.016439353796,,107,32.0,1.0,2.0,16.0,0.01,True,,0.8421605087489785,4127.1961815959385,11365.016439353796,0.0,3618.1891706407855,3449.4814446399255,0.0,1117.614057384031,0.0,356
4,Coquimbo,8,7,MVP_coverage_mid,11365.016439353796,,108,32.0,1.0,2.0,32.0,0.0,True,,0.3333017615529424,5682.508219676898,11365.016439353796,0.0,2840.895296035286,1894.1694065589668,0.0,0.0,0.0,356
4,Coquimbo,8,7,MVP_coverage_mid,11365.016439353796,,109,32.0,1.0,2.0,32.0,0.01,True,,0.5393859019486451,4901.839170847202,11365.016439353796,0.0,3231.372317448301,2674.8384553886635,0.0,0.0,0.0,356
4,Coquimbo,8,7,MVP_coverage_mid,11365.016439353796,,110,32.0,1.0,2.0,64.0,0.0,True,,0.3333017615529424,5682.508219676898,11365.016439353796,0.0,2840.895296035286,1894.169406558967,0.0,0.0,0.0,356
4,Coquimbo,8,7,MVP_coverage_mid,11365.016439353796,,111,32.0,1.0,2.0,64.0,0.01,True,,0.6368305138817822,4532.655232074213,11365.016439353796,0.0,3415.8720870623843,3044.022394161652,0.0,0.0,0.0,356
4,Coquimbo,8,7,MVP_coverage_mid,11365.016439353796,,112,32.0,1.0,4.0,8.0,0.0,True,,1.4608851515418069,2468.8842249883014,11365.016439353796,0.0,4408.215078590922,5107.793401247563,0.0,3213.6239946885976,0.0,356
4,Coquimbo,8,7,MVP_coverage_mid,11365.016439353796,,113,32.0,1.0,4.0,8.0,0.01,True,,1.5032656292787867,2307.670331795548,11365.016439353796,0.0,4489.12574110908,5269.007294440316,0.0,3211.3334253770017,0.0,356
4,Coquimbo,8,7,MVP_coverage_mid,11365.016439353796,,114,32.0,1.0,4.0,16.0,0.0,True,,0.7272241956138825,4563.290867386226,11365.016439353796,0.0,3400.569501950779,3013.386758849639,0.0,1119.2173522906721,0.0,356
4,Coquimbo,8,7,MVP_coverage_mid,11365.016439353796,,115,32.0,1.0,4.0,16.0,0.01,True,,0.8421605087489785,4127.1961815959385,11365.016439353796,0.0,3618.1891706407855,3449.4814446399255,0.0,1117.614057384031,0.0,356
4,Coquimbo,8,7,MVP_coverage_mid,11365.016439353796,,116,32.0,1.0,4.0,32.0,0.0,True,,0.3333017615529424,5682.508219676898,11365.016439353796,0.0,2840.895296035286,1894.1694065589668,0.0,0.0,0.0,356
4,Coquimbo,8,7,MVP_coverage_mid,11365.016439353796,,117,32.0,1.0,4.0,32.0,0.01,True,,0.5393859019486451,4901.839170847202,11365.016439353796,0.0,3231.372317448301,2674.8384553886635,0.0,0.0,0.0,356
4,Coquimbo,8,7,MVP_coverage_mid,11365.016439353796,,118,32.0,1.0,4.0,64.0,0.0,True,,0.3333017615529424,5682.508219676898,11365.016439353796,0.0,2840.895296035286,1894.169406558967,0.0,0.0,0.0,356
4,Coquimbo,8,7,MVP_coverage_mid,11365.016439353796,,119,32.0,1.0,4.0,64.0,0.01,True,,0.6368305138817822,4532.655232074213,11365.016439353796,0.0,3415.8720870623843,3044.022394161652,0.0,0.0,0.0,356
4,Coquimbo,8,7,MVP_coverage_mid,11365.016439353796,,120,32.0,2.0,1.0,8.0,0.0,True,,1.305990429088598,2916.416993567479,11365.016439353796,0.0,4214.198701568185,4660.260632668385,0.0,2766.0912261094195,0.0,356
4,Coquimbo,8,7,MVP_coverage_mid,11365.016439353796,,121,32.0,2.0,1.0,8.0,0.01,True,,1.3615954919298177,2710.6978911447763,11365.016439353796,0.0,4321.944741905725,4865.9797350910885,0.0,2775.9998830168843,0.0,356
4,Coquimbo,8,7,MVP_coverage_mid,11365.016439353796,,122,32.0,2.0,1.0,16.0,0.0,True,,0.518758814774684,5155.543810792006,11365.016439353796,0.0,3104.24232359737,2421.1338154438586,0.0,526.964408884892,0.0,356
4,Coquimbo,8,7,MVP_coverage_mid,11365.016439353796,,123,32.0,2.0,1.0,16.0,0.01,True,,0.6495258065835119,4666.436232546666,11365.016439353796,0.0,3349.062930144849,2910.241393689199,0.0,545.5438683562351,0.0,356
4,Coquimbo,8,7,MVP_coverage_mid,11365.016439353796,,124,32.0,2.0,1.0,32.0,0.0,True,,0.3333017615529424,5682.508219676898,11365.016439353796,0.0,2840.895296035286,1894.169406558967,0.0,0.0,0.0,356
4,Coquimbo,8,7,MVP_coverage_mid,11365.016439353796,,125,32.0,2.0,1.0,32.0,0.01,True,,0.5306880517176578,4934.613001267372,11365.016439353796,0.0,3214.455682636519,2642.064624968493,0.0,0.0,0.0,356
4,Coquimbo,8,7,MVP_coverage_mid,11365.016439353796,,126,32.0,2.0,1.0,64.0,0.0,True,,0.3333017615529424,5682.508219676898,11365.016439353796,0.0,2840.895296035286,1894.169406558967,0.0,0.0,0.0,356
4,Coquimbo,8,7,MVP_coverage_mid,11365.016439353796,,127,32.0,2.0,1.0,64.0,0.01,True,,0.6293315493819817,4561.127629621462,11365.016439353796,0.0,3401.8272261121424,3015.5499966144034,0.0,0.0,0.0,356
4,Coquimbo,8,7,MVP_coverage_mid,11365.016439353796,,128,32.0,2.0,2.0,8.0,0.0,True,,1.305990429088598,2916.416993567479,11365.016439353796,0.0,4214.198701568185,4660.260632668385,0.0,2766.0912261094195,0.0,356
4,Coquimbo,8,7,MVP_coverage_mid,11365.016439353796,,129,32.0,2.0,2.0,8.0,0.01,True,,1.3615954919298177,2710.6978911447763,11365.016439353796,0.0,4321.944741905725,4865.9797350910885,0.0,2775.9998830168843,0.0,356
4,Coquimbo,8,7,MVP_coverage_mid,11365.016439353796,,130,32.0,2.0,2.0,16.0,0.0,True,,0.518758814774684,5155.543810792006,11365.016439353796,0.0,3104.24232359737,2421.1338154438586,0.0,526.964408884892,0.0,356
4,Coquimbo,8,7,MVP_coverage_mid,11365.016439353796,,131,32.0,2.0,2.0,16.0,0.01,True,,0.6495258065835119,4666.436232546666,11365.016439353796,0.0,3349.062930144849,2910.241393689199,0.0,545.5438683562351,0.0,356
4,Coquimbo,8,7,MVP_coverage_mid,11365.016439353796,,132,32.0,2.0,2.0,32.0,0.0,True,,0.3333017615529424,5682.508219676898,11365.016439353796,0.0,2840.895296035286,1894.169406558967,0.0,0.0,0.0,356
4,Coquimbo,8,7,MVP_coverage_mid,11365.016439353796,,133,32.0,2.0,2.0,32.0,0.01,True,,0.5306880517176578,4934.613001267372,11365.016439353796,0.0,3214.455682636519,2642.064624968493,0.0,0.0,0.0,356
4,Coquimbo,8,7,MVP_coverage_mid,11365.016439353796,,134,32.0,2.0,2.0,64.0,0.0,True,,0.3333017615529424,5682.508219676898,11365.016439353796,0.0,2840.895296035286,1894.169406558967,0.0,0.0,0.0,356
4,Coquimbo,8,7,MVP_coverage_mid,11365.016439353796,,135,32.0,2.0,2.0,64.0,0.01,True,,0.6293315493819817,4561.127629621462,11365.016439353796,0.0,3401.8272261121424,3015.5499966144034,0.0,0.0,0.0,356
4,Coquimbo,8,7,MVP_coverage_mid,11365.016439353796,,136,32.0,2.0,4.0,8.0,0.0,True,,1.3012440582346039,2928.1875036473043,11365.016439353796,0.0,4201.452904064659,4648.490122588561,0.0,2754.320716029594,0.0,356
4,Coquimbo,8,7,MVP_coverage_mid,11365.016439353796,,137,32.0,2.0,4.0,8.0,0.01,True,,1.3576364629627289,2720.3925285579776,11365.016439353796,0.0,4311.043205964587,4856.285097677887,0.0,2766.1435831961835,0.0,356
4,Coquimbo,8,7,MVP_coverage_mid,11365.016439353796,,138,32.0,2.0,4.0,16.0,0.0,True,,0.518758814774684,5155.543810792006,11365.016439353796,0.0,3104.24232359737,2421.1338154438586,0.0,526.964408884892,0.0,356
4,Coquimbo,8,7,MVP_coverage_mid,11365.016439353796,,139,32.0,2.0,4.0,16.0,0.01,True,,0.6495258065835119,4666.436232546666,11365.016439353796,0.0,3349.062930144849,2910.241393689199,0.0,545.5438683562351,0.0,356
4,Coquimbo,8,7,MVP_coverage_mid,11365.016439353796,,140,32.0,2.0,4.0,32.0,0.0,True,,0.3333017615529424,5682.508219676898,11365.016439353796,0.0,2840.895296035286,1894.169406558967,0.0,0.0,0.0,356
4,Coquimbo,8,7,MVP_coverage_mid,11365.016439353796,,141,32.0,2.0,4.0,32.0,0.01,True,,0.5306880517176578,4934.613001267372,11365.016439353796,0.0,3214.455682636519,2642.064624968493,0.0,0.0,0.0,356
4,Coquimbo,8,7,MVP_coverage_mid,11365.016439353796,,142,32.0,2.0,4.0,64.0,0.0,True,,0.3333017615529424,5682.508219676898,11365.016439353796,0.0,2840.895296035286,1894.169406558967,0.0,0.0,0.0,356
4,Coquimbo,8,7,MVP_coverage_mid,11365.016439353796,,143,32.0,2.0,4.0,64.0,0.01,True,,0.6293315493819817,4561.127629621462,11365.016439353796,0.0,3401.8272261121424,3015.5499966144034,0.0,0.0,0.0,356
5,Valparaiso,19,18,MVP_coverage_mid,9702.904295599574,,0,8.0,1.0,1.0,8.0,0.0,True,,0.3280794349157558,4851.452147799787,9702.904295599574,0.0,2374.7480003753353,1617.1507159332616,0.0,0.0,0.0,1213
5,Valparaiso,19,18,MVP_coverage_mid,9702.904295599574,,1,8.0,1.0,1.0,8.0,0.01,True,,0.38108208627637774,4678.684839368414,9702.904295599574,0.0,2457.1093828620524,1789.918024364634,0.0,0.0,0.0,1213
5,Valparaiso,19,18,MVP_coverage_mid,9702.904295599574,,2,8.0,1.0,1.0,16.0,0.0,True,,0.3332934239995583,4851.452147799787,9702.904295599574,0.0,2425.3388374537717,1617.1507159332616,0.0,0.0,0.0,1213
5,Valparaiso,19,18,MVP_coverage_mid,9702.904295599574,,3,8.0,1.0,1.0,16.0,0.01,True,,0.4203222871346515,4570.078923387351,9702.904295599574,0.0,2566.3385063773285,1898.5239403456974,0.0,0.0,0.0,1213
5,Valparaiso,19,18,MVP_coverage_mid,9702.904295599574,,4,8.0,1.0,1.0,32.0,0.0,True,,0.3332934239995583,4851.452147799787,9702.904295599574,0.0,2425.3388374537717,1617.1507159332616,0.0,0.0,0.0,1213
5,Valparaiso,19,18,MVP_coverage_mid,9702.904295599574,,5,8.0,1.0,1.0,32.0,0.01,True,,0.48524381752266793,4359.845281354629,9702.904295599574,0.0,2670.6817973743073,2108.7575823784196,0.0,0.0,0.0,1213
5,Valparaiso,19,18,MVP_coverage_mid,9702.904295599574,,6,8.0,1.0,1.0,64.0,0.0,True,,0.3332934239995585,4851.452147799788,9702.904295599574,0.0,2425.3388374537717,1617.1507159332616,0.0,0.0,0.0,1213
5,Valparaiso,19,18,MVP_coverage_mid,9702.904295599574,,7,8.0,1.0,1.0,64.0,0.01,True,,0.6023430703250585,3981.2135055056815,9702.904295599574,0.0,2860.305200779754,2487.389358227367,0.0,0.0,0.0,1213
5,Valparaiso,19,18,MVP_coverage_mid,9702.904295599574,,8,8.0,1.0,2.0,8.0,0.0,True,,0.31599830602068635,4851.452147799787,9702.904295599574,0.0,2257.5259629236734,1617.1507159332618,0.0,0.0,0.0,1213
5,Valparaiso,19,18,MVP_coverage_mid,9702.904295599574,,9,8.0,1.0,2.0,8.0,0.01,True,,0.36878049308573047,4679.144085706788,9702.904295599574,0.0,2338.8963172957374,1789.4587780262602,0.0,0.0,0.0,1213
5,Valparaiso,19,18,MVP_coverage_mid,9702.904295599574,,10,8.0,1.0,2.0,16.0,0.0,True,,0.3250108719974374,4851.452147799787,9702.904295599574,0.0,2344.9740280538654,1617.1507159332618,0.0,0.0,0.0,1213
5,Valparaiso,19,18,MVP_coverage_mid,9702.904295599574,,11,8.0,1.0,2.0,16.0,0.01,True,,0.40851951799329744,4580.276585281515,9702.904295599574,0.0,2477.3115217111235,1888.3262784515339,0.0,0.0,0.0,1213
5,Valparaiso,19,18,MVP_coverage_mid,9702.904295599574,,12,8.0,1.0,2.0,32.0,0.0,True,,0.33073868341000884,4851.452147799787,9702.904295599574,0.0,2400.5504340132893,1617.1507159332616,0.0,0.0,0.0,1213
5,Valparaiso,19,18,MVP_coverage_mid,9702.904295599574,,13,8.0,1.0,2.0,32.0,0.01,True,,0.47608035881994265,4381.822617531154,9702.904295599574,0.0,2636.712975006397,2086.7802462018935,0.0,0.0,0.0,1213
5,Valparaiso,19,18,MVP_coverage_mid,9702.904295599574,,14,8.0,1.0,2.0,64.0,0.0,True,,0.3332934239995585,4851.452147799788,9702.904295599574,0.0,2425.3388374537717,1617.1507159332616,0.0,0.0,0.0,1213
5,Valparaiso,19,18,MVP_coverage_mid,9702.904295599574,,15,8.0,1.0,2.0,64.0,0.01,True,,0.5917014645251222,4014.4023426989634,9702.904295599574,0.0,2840.0228111346787,2454.2005210340853,0.0,0.0,0.0,1213
5,Valparaiso,19,18,MVP_coverage_mid,9702.904295599574,,16,8.0,1.0,4.0,8.0,0.0,True,,0.5771334822786138,4477.474292521729,8960.0,742.9042955995737,2369.279503235446,1991.12857121132,742.9042955995737,0.0,2.525707478271133,1120
5,Valparaiso,19,18,MVP_coverage_mid,9702.904295599574,,17,8.0,1.0,4.0,8.0,0.01,True,,0.5033112240614339,4443.460624534844,9368.0,334.90429559957374,2382.9260265950998,2025.1422391982044,334.90429559957374,0.0,4.583708091866379,1171
5,Valparaiso,19,18,MVP_coverage_mid,9702.904295599574,,18,8.0,1.0,4.0,16.0,0.0,True,,0.3629062158575699,4776.758690985016,9568.0,134.90429559957374,2252.5060350340054,1691.8441727480326,134.90429559957374,0.0,7.241309014983941,1196
5,Valparaiso,19,18,MVP_coverage_mid,9702.904295599574,,19,8.0,1.0,4.0,16.0,0.01,True,,0.4071238987740837,4539.807816166254,9702.904295599574,0.0,2362.5980392058427,1928.7950475667947,0.0,0.0,0.0,1213
5,Valparaiso,19,18,MVP_coverage_mid,9702.904295599574,,20,8.0,1.0,4.0,32.0,0.0,True,,0.3165870986303492,4851.452147799788,9702.904295599574,0.0,2263.238961265186,1617.1507159332618,0.0,0.0,0.0,1213
5,Valparaiso,19,18,MVP_coverage_mid,9702.904295599574,,21,8.0,1.0,4.0,32.0,0.01,True,,0.44306611982611666,4436.4399957787555,9702.904295599574,0.0,2452.922419276255,2032.162867954294,0.0,0.0,0.0,1213
5,Valparaiso,19,18,MVP_coverage_mid,9702.904295599574,,22,8.0,1.0,4.0,64.0,0.0,True,,0.3176793332733354,4851.452147799787,9702.904295599574,0.0,2273.836809474422,1617.1507159332616,0.0,0.0,0.0,1213
5,Valparaiso,19,18,MVP_coverage_mid,9702.904295599574,,23,8.0,1.0,4.0,64.0,0.01,True,,0.5090577926048636,4226.150340486847,9702.904295599574,0.0,2567.5091663251906,2242.452523246201,0.0,0.0,0.0,1213
5,Valparaiso,19,18,MVP_coverage_mid,9702.904295599574,,24,8.0,2.0,1.0,8.0,0.0,True,,0.29251600366200275,4851.452147799787,9702.904295599574,0.0,2029.6794304970342,1617.1507159332618,0.0,0.0,0.0,1213
5,Valparaiso,19,18,MVP_coverage_mid,9702.904295599574,,25,8.0,2.0,1.0,8.0,0.01,True,,0.3394342716995049,4697.075210693571,9702.904295599574,0.0,2098.980552214669,1771.5276530394788,0.0,0.0,0.0,1213
5,Valparaiso,19,18,MVP_coverage_mid,9702.904295599574,,26,8.0,2.0,1.0,16.0,0.0,True,,0.3111892644409662,4851.452147799787,9702.904295599574,0.0,2210.86429272209,1617.1507159332616,0.0,0.0,0.0,1213
5,Valparaiso,19,18,MVP_coverage_mid,9702.904295599574,,27,8.0,2.0,1.0,16.0,0.01,True,,0.3885316909230839,4600.998910312141,9702.904295599574,0.0,2335.1773611484123,1867.603953420908,0.0,0.0,0.0,1213
5,Valparaiso,19,18,MVP_coverage_mid,9702.904295599574,,28,8.0,2.0,1.0,32.0,0.0,True,,0.3278285525287765,4851.452147799787,9702.904295599574,0.0,2372.3137125850235,1617.1507159332618,0.0,0.0,0.0,1213
5,Valparaiso,19,18,MVP_coverage_mid,9702.904295599574,,29,8.0,2.0,1.0,32.0,0.01,True,,0.4664646696289974,4404.192371150324,9702.904295599574,0.0,2599.3372470983486,2064.410492582725,0.0,0.0,0.0,1213
5,Valparaiso,19,18,MVP_coverage_mid,9702.904295599574,,30,8.0,2.0,1.0,64.0,0.0,True,,0.3332934239995585,4851.452147799788,9702.904295599574,0.0,2425.3388374537717,1617.1507159332616,0.0,0.0,0.0,1213
5,Valparaiso,19,18,MVP_coverage_mid,9702.904295599574,,31,8.0,2.0,1.0,64.0,0.01,True,,0.585876096807597,4033.075138131682,9702.904295599574,0.0,2830.1818142666525,2435.5277256013665,0.0,0.0,0.0,1213
5,Valparaiso,19,18,MVP_coverage_mid,9702.904295599574,,32,8.0,2.0,2.0,8.0,0.0,True,,0.29251600366200275,4851.452147799787,9702.904295599574,0.0,2029.6794304970342,1617.1507159332618,0.0,0.0,0.0,1213
5,Valparaiso,19,18,MVP_coverage_mid,9702.904295599574,,33,8.0,2.0,2.0,8.0,0.01,True,,0.3394342716995049,4697.075210693571,9702.904295599574,0.0,2098.980552214669,1771.5276530394788,0.0,0.0,0.0,1213
5,Valparaiso,19,18,MVP_coverage_mid,9702.904295599574,,34,8.0,2.0,2.0,16.0,0.0,True,,0.3111892644409662,4851.452147799787,9702.904295599574,0.0,2210.86429272209,1617.1507159332616,0.0,0.0,0.0,1213
5,Valparaiso,19,18,MVP_coverage_mid,9702.904295599574,,35,8.0,2.0,2.0,16.0,0.01,True,,0.3885316909230839,4600.998910312141,9702.904295599574,0.0,2335.1773611484123,1867.603953420908,0.0,0.0,0.0,1213
5,Valparaiso,19,18,MVP_coverage_mid,9702.904295599574,,36,8.0,2.0,2.0,32.0,0.0,True,,0.3278285525287765,4851.452147799787,9702.904295599574,0.0,2372.3137125850235,1617.1507159332618,0.0,0.0,0.0,1213
5,Valparaiso,19,18,MVP_coverage_mid,9702.904295599574,,37,8.0,2.0,2.0,32.0,0.01,True,,0.4664646696289974,4404.192371150324,9702.904295599574,0.0,2599.3372470983486,2064.410492582725,0.0,0.0,0.0,1213
5,Valparaiso,19,18,MVP_coverage_mid,9702.904295599574,,38,8.0,2.0,2.0,64.0,0.0,True,,0.3332934239995585,4851.452147799788,9702.904295599574,0.0,2425.3388374537717,1617.1507159332616,0.0,0.0,0.0,1213
5,Valparaiso,19,18,MVP_coverage_mid,9702.904295599574,,39,8.0,2.0,2.0,64.0,0.01,True,,0.585876096807597,4033.075138131682,9702.904295599574,0.0,2830.1818142666525,2435.5277256013665,0.0,0.0,0.0,1213
5,Valparaiso,19,18,MVP_coverage_mid,9702.904295599574,,40,8.0,2.0,4.0,8.0,0.0,True,,0.5621476175966907,4477.474292521729,8960.0,742.9042955995737,2223.8730924399397,1991.12857121132,742.9042955995737,0.0,2.525707478271135,1120
5,Valparaiso,19,18,MVP_coverage_mid,9702.904295599574,,41,8.0,2.0,4.0,8.0,0.01,True,,0.48839141580036655,4453.313541146144,9352.0,350.90429559957374,2230.706256373711,2015.2893225869034,350.90429559957374,0.0,4.756888259481714,1169
5,Valparaiso,19,18,MVP_coverage_mid,9702.904295599574,,42,8.0,2.0,4.0,16.0,0.0,True,,0.3477358126197394,4776.758690985016,9568.0,134.90429559957374,2105.3090642916827,1691.8441727480326,134.90429559957374,0.0,7.241309014983943,1196
5,Valparaiso,19,18,MVP_coverage_mid,9702.904295599574,,43,8.0,2.0,4.0,16.0,0.01,True,,0.3866531917826335,4560.626239865879,9702.904295599574,0.0,2216.018787653602,1907.9766238671696,0.0,0.0,0.0,1213
5,Valparaiso,19,18,MVP_coverage_mid,9702.904295599574,,44,8.0,2.0,4.0,32.0,0.0,True,,0.3035345930051742,4851.452147799788,9702.904295599574,0.0,2136.591748366339,1617.1507159332616,0.0,0.0,0.0,1213
5,Valparaiso,19,18,MVP_coverage_mid,9702.904295599574,,45,8.0,2.0,4.0,32.0,0.01,True,,0.42393299973870313,4456.195630805072,9702.904295599574,0.0,2316.6646737576593,2012.4072329279766,0.0,0.0,0.0,1213
5,Valparaiso,19,18,MVP_coverage_mid,9702.904295599574,,46,8.0,2.0,4.0,64.0,0.0,True,,0.3034452076483952,4851.452147799787,9702.904295599574,0.0,2135.724450804086,1617.1507159332616,0.0,0.0,0.0,1213
5,Valparaiso,19,18,MVP_coverage_mid,9702.904295599574,,47,8.0,2.0,4.0,64.0,0.01,True,,0.4912483299076881,4245.106323502869,9702.904295599574,0.0,2442.0956117584983,2223.4965402301796,0.0,0.0,0.0,1213
5,Valparaiso,19,18,MVP_coverage_mid,9702.904295599574,,48,16.0,1.0,1.0,8.0,0.0,True,,0.6072875905585098,4180.181506180486,9702.904295599574,0.0,2734.4307674603006,2288.421357552562,0.0,671.2706416193002,0.0,607
5,Valparaiso,19,18,MVP_coverage_mid,9702.904295599574,,49,16.0,1.0,1.0,8.0,0.01,True,,0.6917751109973707,3921.261757526721,9702.904295599574,0.0,2867.1555655031825,2547.341106206328,0.0,711.0207969327831,0.0,607
5,Valparaiso,19,18,MVP_coverage_mid,9702.904295599574,,50,16.0,1.0,1.0,16.0,0.0,True,,0.3332934239995583,4851.452147799787,9702.904295599574,0.0,2425.3388374537717,1617.1507159332616,0.0,0.0,0.0,607
5,Valparaiso,19,18,MVP_coverage_mid,9702.904295599574,,51,16.0,1.0,1.0,16.0,0.01,True,,0.4530182723186865,4464.160622832118,9702.904295599574,0.0,2618.7887700802794,2004.442240900931,0.0,0.0,0.0,607
5,Valparaiso,19,18,MVP_coverage_mid,9702.904295599574,,52,16.0,1.0,1.0,32.0,0.0,True,,0.3332934239995583,4851.452147799787,9702.904295599574,0.0,2425.3388374537717,1617.1507159332616,0.0,0.0,0.0,607
5,Valparaiso,19,18,MVP_coverage_mid,9702.904295599574,,53,16.0,1.0,1.0,32.0,0.01,True,,0.5138753903348093,4267.358881538008,9702.904295599574,0.0,2717.2752086614537,2201.2439821950397,0.0,0.0,0.0,607
5,Valparaiso,19,18,MVP_coverage_mid,9702.904295599574,,54,16.0,1.0,1.0,64.0,0.0,True,,0.3332934239995585,4851.452147799788,9702.904295599574,0.0,2425.3388374537717,1617.1507159332616,0.0,0.0,0.0,607
5,Valparaiso,19,18,MVP_coverage_mid,9702.904295599574,,55,16.0,1.0,1.0,64.0,0.01,True,,0.6293557362103339,3893.9561166780286,9702.904295599574,0.0,2904.263040564457,2574.64674705502,0.0,0.0,0.0,607
5,Valparaiso,19,18,MVP_coverage_mid,9702.904295599574,,56,16.0,1.0,2.0,8.0,0.0,True,,0.6072875905585098,4180.181506180486,9702.904295599574,0.0,2734.4307674603006,2288.421357552562,0.0,671.2706416193002,0.0,607
5,Valparaiso,19,18,MVP_coverage_mid,9702.904295599574,,57,16.0,1.0,2.0,8.0,0.01,True,,0.6917751109973707,3921.261757526721,9702.904295599574,0.0,2867.1555655031825,2547.341106206328,0.0,711.0207969327831,0.0,607
5,Valparaiso,19,18,MVP_coverage_mid,9702.904295599574,,58,16.0,1.0,2.0,16.0,0.0,True,,0.3332934239995583,4851.452147799787,9702.904295599574,0.0,2425.3388374537717,1617.1507159332616,0.0,0.0,0.0,607
5,Valparaiso,19,18,MVP_coverage_mid,9702.904295599574,,59,16.0,1.0,2.0,16.0,0.01,True,,0.4530182723186865,4464.160622832118,9702.904295599574,0.0,2618.7887700802794,2004.442240900931,0.0,0.0,0.0,607
5,Valparaiso,19,18,MVP_coverage_mid,9702.904295599574,,60,16.0,1.0,2.0,32.0,0.0,True,,0.3332934239995583,4851.452147799787,9702.904295599574,0.0,2425.3388374537717,1617.1507159332616,0.0,0.0,0.0,607
5,Valparaiso,19,18,MVP_coverage_mid,9702.904295599574,,61,16.0,1.0,2.0,32.0,0.01,True,,0.5138753903348093,4267.358881538008,9702.904295599574,0.0,2717.2752086614537,2201.2439821950397,0.0,0.0,0.0,607
5,Valparaiso,19,18,MVP_coverage_mid,9702.904295599574,,62,16.0,1.0,2.0,64.0,0.0,True,,0.3332934239995585,4851.452147799788,9702.904295599574,0.0,2425.3388374537717,1617.1507159332616,0.0,0.0,0.0,607
5,Valparaiso,19,18,MVP_coverage_mid,9702.904295599574,,63,16.0,1.0,2.0,64.0,0.01,True,,0.6293557362103339,3893.9561166780286,9702.904295599574,0.0,2904.263040564457,2574.64674705502,0.0,0.0,0.0,607
5,Valparaiso,19,18,MVP_coverage_mid,9702.904295599574,,64,16.0,1.0,4.0,8.0,0.0,True,,0.5248794093152284,4361.672952688728,9702.904295599574,0.0,2570.0521344611616,2106.9299110443203,0.0,489.7791951110587,0.0,607
5,Valparaiso,19,18,MVP_coverage_mid,9702.904295599574,,65,16.0,1.0,4.0,8.0,0.01,True,,0.6098032299410536,4099.890148337307,9702.904295599574,0.0,2705.655619595698,2368.7127153957404,0.0,523.7264030470193,0.0,607
5,Valparaiso,19,18,MVP_coverage_mid,9702.904295599574,,66,16.0,1.0,4.0,16.0,0.0,True,,0.32898894098188997,4851.452147799788,9702.904295599574,0.0,2383.5728506913,1617.1507159332616,0.0,0.0,0.0,607
5,Valparaiso,19,18,MVP_coverage_mid,9702.904295599574,,67,16.0,1.0,4.0,16.0,0.01,True,,0.44417958478079567,4476.837303779705,9702.904295599574,0.0,2564.7195331703824,1991.765559953344,0.0,0.0,0.0,607
5,Valparaiso,19,18,MVP_coverage_mid,9702.904295599574,,68,16.0,1.0,4.0,32.0,0.0,True,,0.33224969428838147,4851.452147799786,9702.904295599574,0.0,2415.2116279557504,1617.1507159332618,0.0,0.0,0.0,607
5,Valparaiso,19,18,MVP_coverage_mid,9702.904295599574,,69,16.0,1.0,4.0,32.0,0.01,True,,0.5069269397940346,4285.649164657687,9702.904295599574,0.0,2695.5807658608055,2182.9536990753613,0.0,0.0,0.0,607
5,Valparaiso,19,18,MVP_coverage_mid,9702.904295599574,,70,16.0,1.0,4.0,64.0,0.0,True,,0.3332934239995583,4851.452147799787,9702.904295599574,0.0,2425.3388374537717,1617.1507159332616,0.0,0.0,0.0,607
5,Valparaiso,19,18,MVP_coverage_mid,9702.904295599574,,71,16.0,1.0,4.0,64.0,0.01,True,,0.6183559589652283,3928.754171175792,9702.904295599574,0.0,2884.528390926691,2539.8486925572565,0.0,0.0,0.0,607
5,Valparaiso,19,18,MVP_coverage_mid,9702.904295599574,,72,16.0,2.0,1.0,8.0,0.0,True,,0.3930764465058559,4698.577250933004,9702.904295599574,0.0,2470.3456443003142,1770.0256128000456,0.0,152.87489686678387,0.0,607
5,Valparaiso,19,18,MVP_coverage_mid,9702.904295599574,,73,16.0,2.0,1.0,8.0,0.01,True,,0.4772687234728085,4437.864935820587,9702.904295599574,0.0,2607.7730953303353,2030.7379279124623,0.0,180.5762638946743,0.0,607
5,Valparaiso,19,18,MVP_coverage_mid,9702.904295599574,,74,16.0,2.0,1.0,16.0,0.0,True,,0.3332934239995583,4851.452147799787,9702.904295599574,0.0,2425.3388374537717,1617.1507159332616,0.0,0.0,0.0,607
5,Valparaiso,19,18,MVP_coverage_mid,9702.904295599574,,75,16.0,2.0,1.0,16.0,0.01,True,,0.44555354272373926,4488.344402233015,9702.904295599574,0.0,2606.818661730219,1980.2584615000337,0.0,0.0,0.0,607
5,Valparaiso,19,18,MVP_coverage_mid,9702.904295599574,,76,16.0,2.0,1.0,32.0,0.0,True,,0.3332934239995583,4851.452147799787,9702.904295599574,0.0,2425.3388374537717,1617.1507159332616,0.0,0.0,0.0,607
5,Valparaiso,19,18,MVP_coverage_mid,9702.904295599574,,77,16.0,2.0,1.0,32.0,0.01,True,,0.5075445281547722,4287.819535240726,9702.904295599574,0.0,2706.999093076717,2180.7833284923227,0.0,0.0,0.0,607
5,Valparaiso,19,18,MVP_coverage_mid,9702.904295599574,,78,16.0,2.0,1.0,64.0,0.0,True,,0.3332934239995585,4851.452147799788,9702.904295599574,0.0,2425.3388374537717,1617.1507159332616,0.0,0.0,0.0,607
5,Valparaiso,19,18,MVP_coverage_mid,9702.904295599574,,79,16.0,2.0,1.0,64.0,0.01,True,,0.6234526418625319,3912.9857197785113,9702.904295599574,0.0,2894.5598888110453,2555.617143954538,0.0,0.0,0.0,607
5,Valparaiso,19,18,MVP_coverage_mid,9702.904295599574,,80,16.0,2.0,2.0,8.0,0.0,True,,0.3930764465058559,4698.577250933004,9702.904295599574,0.0,2470.3456443003142,1770.0256128000456,0.0,152.87489686678387,0.0,607
5,Valparaiso,19,18,MVP_coverage_mid,9702.904295599574,,81,16.0,2.0,2.0,8.0,0.01,True,,0.4772687234728085,4437.864935820587,9702.904295599574,0.0,2607.7730953303353,2030.7379279124623,0.0,180.5762638946743,0.0,607
5,Valparaiso,19,18,MVP_coverage_mid,9702.904295599574,,82,16.0,2.0,2.0,16.0,0.0,True,,0.3332934239995583,4851.452147799787,9702.904295599574,0.0,2425.3388374537717,1617.1507159332616,0.0,0.0,0.0,607
5,Valparaiso,19,18,MVP_coverage_mid,9702.904295599574,,83,16.0,2.0,2.0,16.0,0.01,True,,0.44555354272373926,4488.344402233015,9702.904295599574,0.0,2606.818661730219,1980.2584615000337,0.0,0.0,0.0,607
5,Valparaiso,19,18,MVP_coverage_mid,9702.904295599574,,84,16.0,2.0,2.0,32.0,0.0,True,,0.3332934239995583,4851.452147799787,9702.904295599574,0.0,2425.3388374537717,1617.1507159332616,0.0,0.0,0.0,607
5,Valparaiso,19,18,MVP_coverage_mid,9702.904295599574,,85,16.0,2.0,2.0,32.0,0.01,True,,0.5075445281547722,4287.819535240726,9702.904295599574,0.0,2706.999093076717,2180.7833284923227,0.0,0.0,0.0,607
5,Valparaiso,19,18,MVP_coverage_mid,9702.904295599574,,86,16.0,2.0,2.0,64.0,0.0,True,,0.3332934239995585,4851.452147799788,9702.904295599574,0.0,2425.3388374537717,1617.1507159332616,0.0,0.0,0.0,607
5,Valparaiso,19,18,MVP_coverage_mid,9702.904295599574,,87,16.0,2.0,2.0,64.0,0.01,True,,0.6234526418625319,3912.9857197785113,9702.904295599574,0.0,2894.5598888110453,2555.617143954538,0.0,0.0,0.0,607
5,Valparaiso,19,18,MVP_coverage_mid,9702.904295599574,,88,16.0,2.0,4.0,8.0,0.0,True,,0.38343101852256656,4709.641613311231,9702.904295599574,0.0,2415.4822480121557,1758.9612504218176,0.0,141.81053448855593,0.0,607
5,Valparaiso,19,18,MVP_coverage_mid,9702.904295599574,,89,16.0,2.0,4.0,8.0,0.01,True,,0.4587169897437097,4470.022607779443,9702.904295599574,0.0,2539.8358984210126,1998.5802559536053,0.0,148.9019438102461,0.0,607
5,Valparaiso,19,18,MVP_coverage_mid,9702.904295599574,,90,16.0,2.0,4.0,16.0,0.0,True,,0.32898894098188997,4851.452147799788,9702.904295599574,0.0,2383.5728506913,1617.1507159332618,0.0,0.0,0.0,607
5,Valparaiso,19,18,MVP_coverage_mid,9702.904295599574,,91,16.0,2.0,4.0,16.0,0.01,True,,0.4370645261905498,4500.280155362008,9702.904295599574,0.0,2554.2899295674033,1968.3227083710403,0.0,0.0,0.0,607
5,Valparaiso,19,18,MVP_coverage_mid,9702.904295599574,,92,16.0,2.0,4.0,32.0,0.0,True,,0.33224969428838147,4851.452147799786,9702.904295599574,0.0,2415.2116279557504,1617.1507159332618,0.0,0.0,0.0,607
5,Valparaiso,19,18,MVP_coverage_mid,9702.904295599574,,93,16.0,2.0,4.0,32.0,0.01,True,,0.5001438453484491,4306.648223132338,9702.904295599574,0.0,2682.2626958139044,2161.9546406007103,0.0,0.0,0.0,607
5,Valparaiso,19,18,MVP_coverage_mid,9702.904295599574,,94,16.0,2.0,4.0,64.0,0.0,True,,0.3332934239995585,4851.452147799788,9702.904295599574,0.0,2425.3388374537717,1617.1507159332616,0.0,0.0,0.0,607
5,Valparaiso,19,18,MVP_coverage_mid,9702.904295599574,,95,16.0,2.0,4.0,64.0,0.01,True,,0.6122861356963711,3948.565040425976,9702.904295599574,0.0,2875.1606497832263,2520.037823307073,0.0,0.0,0.0,607
5,Valparaiso,19,18,MVP_coverage_mid,9702.904295599574,,96,32.0,1.0,1.0,8.0,0.0,True,,1.4814408805949884,2064.449004448694,9702.904295599574,0.0,3811.192724306473,4404.153859284355,0.0,2787.003143351093,0.0,304
5,Valparaiso,19,18,MVP_coverage_mid,9702.904295599574,,97,32.0,1.0,1.0,8.0,0.01,True,,1.5379446479875503,1886.0563959810843,9702.904295599574,0.0,3898.1567015223736,4582.546467751965,0.0,2802.308292317016,0.0,304
5,Valparaiso,19,18,MVP_coverage_mid,9702.904295599574,,98,32.0,1.0,1.0,16.0,0.0,True,,0.7225127485791667,3907.341372083573,9702.904295599574,0.0,2897.5089788408723,2561.261491649476,0.0,944.1107757162142,0.0,304
5,Valparaiso,19,18,MVP_coverage_mid,9702.904295599574,,99,32.0,1.0,1.0,16.0,0.01,True,,0.8648935107453735,3453.3009445751004,9702.904295599574,0.0,3124.538170048787,3015.3019191579483,0.0,963.4874245703479,0.0,304
5,Valparaiso,19,18,MVP_coverage_mid,9702.904295599574,,100,32.0,1.0,1.0,32.0,0.0,True,,0.3332934239995585,4851.452147799788,9702.904295599574,0.0,2425.3388374537717,1617.1507159332616,0.0,0.0,0.0,304
5,Valparaiso,19,18,MVP_coverage_mid,9702.904295599574,,101,32.0,1.0,1.0,32.0,0.01,True,,0.5691313666010703,4088.6152183071436,9702.904295599574,0.0,2806.5595000557432,2379.987645425905,0.0,0.0,0.0,304
5,Valparaiso,19,18,MVP_coverage_mid,9702.904295599574,,102,32.0,1.0,1.0,64.0,0.0,True,,0.3332934239995585,4851.452147799788,9702.904295599574,0.0,2425.3388374537717,1617.1507159332616,0.0,0.0,0.0,304
5,Valparaiso,19,18,MVP_coverage_mid,9702.904295599574,,103,32.0,1.0,1.0,64.0,0.01,True,,0.6784409580920322,3735.220183544217,9702.904295599574,0.0,2983.6924179763164,2733.3826801888317,0.0,0.0,0.0,304
5,Valparaiso,19,18,MVP_coverage_mid,9702.904295599574,,104,32.0,1.0,2.0,8.0,0.0,True,,1.4814408805949884,2064.449004448694,9702.904295599574,0.0,3811.192724306473,4404.153859284355,0.0,2787.003143351093,0.0,304
5,Valparaiso,19,18,MVP_coverage_mid,9702.904295599574,,105,32.0,1.0,2.0,8.0,0.01,True,,1.5379446479875503,1886.0563959810843,9702.904295599574,0.0,3898.1567015223736,4582.546467751965,0.0,2802.308292317016,0.0,304
5,Valparaiso,19,18,MVP_coverage_mid,9702.904295599574,,106,32.0,1.0,2.0,16.0,0.0,True,,0.7225127485791667,3907.341372083573,9702.904295599574,0.0,2897.5089788408723,2561.261491649476,0.0,944.1107757162142,0.0,304
5,Valparaiso,19,18,MVP_coverage_mid,9702.904295599574,,107,32.0,1.0,2.0,16.0,0.01,True,,0.8648935107453735,3453.3009445751004,9702.904295599574,0.0,3124.538170048787,3015.3019191579483,0.0,963.4874245703479,0.0,304
5,Valparaiso,19,18,MVP_coverage_mid,9702.904295599574,,108,32.0,1.0,2.0,32.0,0.0,True,,0.3332934239995585,4851.452147799788,9702.904295599574,0.0,2425.3388374537717,1617.1507159332616,0.0,0.0,0.0,304
5,Valparaiso,19,18,MVP_coverage_mid,9702.904295599574,,109,32.0,1.0,2.0,32.0,0.01,True,,0.5691313666010703,4088.6152183071436,9702.904295599574,0.0,2806.5595000557432,2379.987645425905,0.0,0.0,0.0,304
5,Valparaiso,19,18,MVP_coverage_mid,9702.904295599574,,110,32.0,1.0,2.0,64.0,0.0,True,,0.3332934239995585,4851.452147799788,9702.904295599574,0.0,2425.3388374537717,1617.1507159332616,0.0,0.0,0.0,304
5,Valparaiso,19,18,MVP_coverage_mid,9702.904295599574,,111,32.0,1.0,2.0,64.0,0.01,True,,0.6784409580920322,3735.220183544217,9702.904295599574,0.0,2983.6924179763164,2733.3826801888317,0.0,0.0,0.0,304
5,Valparaiso,19,18,MVP_coverage_mid,9702.904295599574,,112,32.0,1.0,4.0,8.0,0.0,True,,1.454968898601337,2123.379866563969,9702.904295599574,0.0,3760.5956339106997,4345.22299716908,0.0,2728.0722812358185,0.0,304
5,Valparaiso,19,18,MVP_coverage_mid,9702.904295599574,,113,32.0,1.0,4.0,8.0,0.01,True,,1.5152286598878288,1935.0346505618018,9702.904295599574,0.0,3853.587879500753,4533.568213171247,0.0,2748.9116922788544,0.0,304
5,Valparaiso,19,18,MVP_coverage_mid,9702.904295599574,,114,32.0,1.0,4.0,16.0,0.0,True,,0.7225127485791667,3907.341372083573,9702.904295599574,0.0,2897.5089788408723,2561.261491649476,0.0,944.1107757162142,0.0,304
5,Valparaiso,19,18,MVP_coverage_mid,9702.904295599574,,115,32.0,1.0,4.0,16.0,0.01,True,,0.8648935107453735,3453.3009445751004,9702.904295599574,0.0,3124.538170048787,3015.3019191579483,0.0,963.4874245703479,0.0,304
5,Valparaiso,19,18,MVP_coverage_mid,9702.904295599574,,116,32.0,1.0,4.0,32.0,0.0,True,,0.3332934239995585,4851.452147799788,9702.904295599574,0.0,2425.3388374537717,1617.1507159332616,0.0,0.0,0.0,304
5,Valparaiso,19,18,MVP_coverage_mid,9702.904295599574,,117,32.0,1.0,4.0,32.0,0.01,True,,0.5691313666010703,4088.6152183071436,9702.904295599574,0.0,2806.5595000557432,2379.987645425905,0.0,0.0,0.0,304
5,Valparaiso,19,18,MVP_coverage_mid,9702.904295599574,,118,32.0,1.0,4.0,64.0,0.0,True,,0.3332934239995585,4851.452147799788,9702.904295599574,0.0,2425.3388374537717,1617.1507159332616,0.0,0.0,0.0,304
5,Valparaiso,19,18,MVP_coverage_mid,9702.904295599574,,119,32.0,1.0,4.0,64.0,0.01,True,,0.6784409580920322,3735.220183544217,9702.904295599574,0.0,2983.6924179763164,2733.3826801888317,0.0,0.0,0.0,304
5,Valparaiso,19,18,MVP_coverage_mid,9702.904295599574,,120,32.0,2.0,1.0,8.0,0.0,True,,1.2960592639698045,2514.5807664048352,9702.904295599574,0.0,3587.9138068752764,3954.0220973282135,0.0,2336.871381394952,0.0,304
5,Valparaiso,19,18,MVP_coverage_mid,9702.904295599574,,121,32.0,2.0,1.0,8.0,0.01,True,,1.3570359970781334,2318.5884545848535,9702.904295599574,0.0,3685.0258900472845,4150.014409148195,0.0,2341.4299242814254,0.0,304
5,Valparaiso,19,18,MVP_coverage_mid,9702.904295599574,,122,32.0,2.0,1.0,16.0,0.0,True,,0.5150117272538315,4410.731878000364,9702.904295599574,0.0,2646.0131983907495,2057.870985732684,0.0,440.72026979942245,0.0,304
5,Valparaiso,19,18,MVP_coverage_mid,9702.904295599574,,123,32.0,2.0,1.0,16.0,0.01,True,,0.6702000303606511,3913.8634796974366,9702.904295599574,0.0,2894.186627996559,2554.739384035612,0.0,456.1530972782628,0.0,304
5,Valparaiso,19,18,MVP_coverage_mid,9702.904295599574,,124,32.0,2.0,1.0,32.0,0.0,True,,0.3332934239995583,4851.452147799787,9702.904295599574,0.0,2425.3388374537717,1617.1507159332616,0.0,0.0,0.0,304
5,Valparaiso,19,18,MVP_coverage_mid,9702.904295599574,,125,32.0,2.0,1.0,32.0,0.01,True,,0.5603332328385031,4117.214808445989,9702.904295599574,0.0,2792.691025524783,2351.38805528706,0.0,0.0,0.0,304
5,Valparaiso,19,18,MVP_coverage_mid,9702.904295599574,,126,32.0,2.0,1.0,64.0,0.0,True,,0.3332934239995585,4851.452147799788,9702.904295599574,0.0,2425.3388374537717,1617.1507159332616,0.0,0.0,0.0,304
5,Valparaiso,19,18,MVP_coverage_mid,9702.904295599574,,127,32.0,2.0,1.0,64.0,0.01,True,,0.6748374722174392,3746.7492478653576,9702.904295599574,0.0,2977.5508002074466,2721.853615867691,0.0,0.0,0.0,304
5,Valparaiso,19,18,MVP_coverage_mid,9702.904295599574,,128,32.0,2.0,2.0,8.0,0.0,True,,1.2960592639698045,2514.5807664048352,9702.904295599574,0.0,3587.9138068752764,3954.0220973282135,0.0,2336.871381394952,0.0,304
5,Valparaiso,19,18,MVP_coverage_mid,9702.904295599574,,129,32.0,2.0,2.0,8.0,0.01,True,,1.3570359970781334,2318.5884545848535,9702.904295599574,0.0,3685.0258900472845,4150.014409148195,0.0,2341.4299242814254,0.0,304
5,Valparaiso,19,18,MVP_coverage_mid,9702.904295599574,,130,32.0,2.0,2.0,16.0,0.0,True,,0.5150117272538315,4410.731878000364,9702.904295599574,0.0,2646.0131983907495,2057.870985732684,0.0,440.72026979942245,0.0,304
5,Valparaiso,19,18,MVP_coverage_mid,9702.904295599574,,131,32.0,2.0,2.0,16.0,0.01,True,,0.6702000303606511,3913.8634796974366,9702.904295599574,0.0,2894.186627996559,2554.739384035612,0.0,456.1530972782628,0.0,304
5,Valparaiso,19,18,MVP_coverage_mid,9702.904295599574,,132,32.0,2.0,2.0,32.0,0.0,True,,0.3332934239995583,4851.452147799787,9702.904295599574,0.0,2425.3388374537717,1617.1507159332616,0.0,0.0,0.0,304
5,Valparaiso,19,18,MVP_coverage_mid,9702.904295599574,,133,32.0,2.0,2.0,32.0,0.01,True,,0.5603332328385031,4117.214808445989,9702.904295599574,0.0,2792.691025524783,2351.38805528706,0.0,0.0,0.0,304
5,Valparaiso,19,18,MVP_coverage_mid,9702.904295599574,,134,32.0,2.0,2.0,64.0,0.0,True,,0.3332934239995585,4851.452147799788,9702.904295599574,0.0,2425.3388374537717,1617.1507159332616,0.0,0.0,0.0,304
5,Valparaiso,19,18,MVP_coverage_mid,9702.904295599574,,135,32.0,2.0,2.0,64.0,0.01,True,,0.6748374722174392,3746.7492478653576,9702.904295599574,0.0,2977.5508002074466,2721.853615867691,0.0,0.0,0.0,304
5,Valparaiso,19,18,MVP_coverage_mid,9702.904295599574,,136,32.0,2.0,4.0,8.0,0.0,True,,1.2972435837778753,2511.042570514631,9702.904295599574,0.0,3587.0214630126557,3957.560293218418,0.0,2340.4095772851565,0.0,304
5,Valparaiso,19,18,MVP_coverage_mid,9702.904295599574,,137,32.0,2.0,4.0,8.0,0.01,True,,1.3555027778083464,2321.294771233681,9702.904295599574,0.0,3679.8551909416046,4147.308092499368,0.0,2338.48973517026,0.0,304
5,Valparaiso,19,18,MVP_coverage_mid,9702.904295599574,,138,32.0,2.0,4.0,16.0,0.0,True,,0.5150117272538315,4410.731878000364,9702.904295599574,0.0,2646.0131983907495,2057.870985732684,0.0,440.72026979942245,0.0,304
5,Valparaiso,19,18,MVP_coverage_mid,9702.904295599574,,139,32.0,2.0,4.0,16.0,0.01,True,,0.6702000303606511,3913.8634796974366,9702.904295599574,0.0,2894.186627996559,2554.739384035612,0.0,456.1530972782628,0.0,304
5,Valparaiso,19,18,MVP_coverage_mid,9702.904295599574,,140,32.0,2.0,4.0,32.0,0.0,True,,0.3332934239995583,4851.452147799787,9702.904295599574,0.0,2425.3388374537717,1617.1507159332616,0.0,0.0,0.0,304
5,Valparaiso,19,18,MVP_coverage_mid,9702.904295599574,,141,32.0,2.0,4.0,32.0,0.01,True,,0.5603332328385031,4117.214808445989,9702.904295599574,0.0,2792.691025524783,2351.38805528706,0.0,0.0,0.0,304
5,Valparaiso,19,18,MVP_coverage_mid,9702.904295599574,,142,32.0,2.0,4.0,64.0,0.0,True,,0.3332934239995585,4851.452147799788,9702.904295599574,0.0,2425.3388374537717,1617.1507159332616,0.0,0.0,0.0,304
5,Valparaiso,19,18,MVP_coverage_mid,9702.904295599574,,143,32.0,2.0,4.0,64.0,0.01,True,,0.6748374722174392,3746.7492478653576,9702.904295599574,0.0,2977.5508002074466,2721.853615867691,0.0,0.0,0.0,304
6,O'Higgins,18,17,REDPE_mid,7040.0,3.77,0,8.0,1.0,1.0,8.0,0.0,True,,0.45297237941718194,3519.9999999999995,7040.0,0.0,2312.6434929442935,1752.5641163053328,0.0,0.0,0.0,880
6,O'Higgins,18,17,REDPE_mid,7040.0,3.77,1,8.0,1.0,1.0,8.0,0.01,True,,0.5161082162811317,3360.2865434236555,7040.0,0.0,2357.836143025639,1912.2775728816773,0.0,0.0,0.0,880
6,O'Higgins,18,17,REDPE_mid,7040.0,3.77,2,8.0,1.0,1.0,16.0,0.0,True,,0.45678154228486484,3520.0,7040.0,0.0,2339.459999532782,1752.5641163053328,0.0,0.0,0.0,880
6,O'Higgins,18,17,REDPE_mid,7040.0,3.77,3,8.0,1.0,1.0,16.0,0.01,True,,0.5602703267049227,3263.2009411343715,7040.0,0.0,2426.0233946859184,2009.3631751709615,0.0,0.0,0.0,880
6,O'Higgins,18,17,REDPE_mid,7040.0,3.77,4,8.0,1.0,1.0,32.0,0.0,True,,0.45678154228486484,3520.0,7040.0,0.0,2339.459999532782,1752.5641163053328,0.0,0.0,0.0,880
6,O'Higgins,18,17,REDPE_mid,7040.0,3.77,5,8.0,1.0,1.0,32.0,0.01,True,,0.632729585698236,3083.073350349052,7040.0,0.0,2485.8176010355446,2189.4907659562814,0.0,0.0,0.0,880
6,O'Higgins,18,17,REDPE_mid,7040.0,3.77,6,8.0,1.0,1.0,64.0,0.0,True,,0.45678154228486484,3520.0,7040.0,0.0,2339.459999532782,1752.5641163053326,0.0,0.0,0.0,880
6,O'Higgins,18,17,REDPE_mid,7040.0,3.77,7,8.0,1.0,1.0,64.0,0.01,True,,0.7672942795499825,2748.9266102742604,7040.0,0.0,2597.786195564862,2523.6375060310725,0.0,0.0,0.0,880
6,O'Higgins,18,17,REDPE_mid,7040.0,3.77,8,8.0,1.0,2.0,8.0,0.0,True,,0.4389028964721205,3520.0,7040.0,0.0,2213.5943330110617,1752.5641163053328,0.0,0.0,0.0,880
6,O'Higgins,18,17,REDPE_mid,7040.0,3.77,9,8.0,1.0,2.0,8.0,0.01,True,,0.502602506199113,3361.633655972685,7040.0,0.0,2266.1237254208017,1910.9304603326475,0.0,0.0,0.0,880
6,O'Higgins,18,17,REDPE_mid,7040.0,3.77,10,8.0,1.0,2.0,16.0,0.0,True,,0.448273926491594,3520.0,7040.0,0.0,2279.566384348155,1752.5641163053326,0.0,0.0,0.0,880
6,O'Higgins,18,17,REDPE_mid,7040.0,3.77,11,8.0,1.0,2.0,16.0,0.01,True,,0.5502310440655089,3267.3430121940937,7040.0,0.0,2365.7020225537503,2005.2211041112391,0.0,0.0,0.0,880
6,O'Higgins,18,17,REDPE_mid,7040.0,3.77,12,8.0,1.0,2.0,32.0,0.0,True,,0.45459148503361674,3520.0,7040.0,0.0,2324.0419964839953,1752.5641163053328,0.0,0.0,0.0,880
6,O'Higgins,18,17,REDPE_mid,7040.0,3.77,13,8.0,1.0,2.0,32.0,0.01,True,,0.6243311964459184,3096.4875015201355,7040.0,0.0,2460.2283186269374,2176.0766147851973,0.0,0.0,0.0,880
6,O'Higgins,18,17,REDPE_mid,7040.0,3.77,14,8.0,1.0,2.0,64.0,0.0,True,,0.45678154228486484,3520.0,7040.0,0.0,2339.459999532782,1752.5641163053326,0.0,0.0,0.0,880
6,O'Higgins,18,17,REDPE_mid,7040.0,3.77,15,8.0,1.0,2.0,64.0,0.01,True,,0.7576212007067042,2772.3391506754233,7040.0,0.0,2588.2190715110896,2500.22496562991,0.0,0.0,0.0,880
6,O'Higgins,18,17,REDPE_mid,7040.0,3.77,16,8.0,1.0,4.0,8.0,0.0,True,,0.42531320625457075,3520.0,7040.0,0.0,2117.9229138795117,1752.5641163053328,0.0,0.0,0.0,880
6,O'Higgins,18,17,REDPE_mid,7040.0,3.77,17,8.0,1.0,4.0,8.0,0.01,True,,0.4926358435138995,3350.550430471202,7040.0,0.0,2168.2503563631913,1922.0136858341307,0.0,0.0,0.0,880
6,O'Higgins,18,17,REDPE_mid,7040.0,3.77,18,8.0,1.0,4.0,16.0,0.0,True,,0.4287283679806829,3520.0,7040.0,0.0,2141.9656524313414,1752.5641163053328,0.0,0.0,0.0,880
6,O'Higgins,18,17,REDPE_mid,7040.0,3.77,19,8.0,1.0,4.0,16.0,0.01,True,,0.5264207264123412,3281.736291070016,7040.0,0.0,2234.060583465255,1990.8278252353164,0.0,0.0,0.0,880
6,O'Higgins,18,17,REDPE_mid,7040.0,3.77,20,8.0,1.0,4.0,32.0,0.0,True,,0.43411024014558414,3520.0,7040.0,0.0,2179.8540324722458,1752.564116305333,0.0,0.0,0.0,880
6,O'Higgins,18,17,REDPE_mid,7040.0,3.77,21,8.0,1.0,4.0,32.0,0.01,True,,0.5776552407772159,3163.1708733075548,7040.0,0.0,2298.33802018782,2109.393242997778,0.0,0.0,0.0,880
6,O'Higgins,18,17,REDPE_mid,7040.0,3.77,22,8.0,1.0,4.0,64.0,0.0,True,,0.43538397253344213,3520.0,7040.0,0.0,2188.8211084827662,1752.5641163053326,0.0,0.0,0.0,880
6,O'Higgins,18,17,REDPE_mid,7040.0,3.77,23,8.0,1.0,4.0,64.0,0.01,True,,0.6654953901822754,2949.722539892531,7040.0,0.0,2383.1118384618803,2322.8415764128017,0.0,0.0,0.0,880
6,O'Higgins,18,17,REDPE_mid,7040.0,3.77,24,8.0,2.0,1.0,8.0,0.0,True,,0.4165516719618994,3520.0,7040.0,0.0,2056.241712459105,1752.5641163053328,0.0,0.0,0.0,880
6,O'Higgins,18,17,REDPE_mid,7040.0,3.77,25,8.0,2.0,1.0,8.0,0.01,True,,0.47859795376993514,3376.90499610845,7040.0,0.0,2135.310026658802,1895.6591201968827,0.0,0.0,0.0,880
6,O'Higgins,18,17,REDPE_mid,7040.0,3.77,26,8.0,2.0,1.0,16.0,0.0,True,,0.4349633088545102,3520.0,7040.0,0.0,2185.859636183085,1752.5641163053328,0.0,0.0,0.0,880
6,O'Higgins,18,17,REDPE_mid,7040.0,3.77,27,8.0,2.0,1.0,16.0,0.01,True,,0.5311499743895147,3284.264743208912,7040.0,0.0,2273.675619571797,1988.2993730964206,0.0,0.0,0.0,880
6,O'Higgins,18,17,REDPE_mid,7040.0,3.77,28,8.0,2.0,1.0,32.0,0.0,True,,0.45186418899769953,3520.0,7040.0,0.0,2304.8418323911383,1752.5641163053328,0.0,0.0,0.0,880
6,O'Higgins,18,17,REDPE_mid,7040.0,3.77,29,8.0,2.0,1.0,32.0,0.01,True,,0.6151823168738074,3111.6983155491876,7040.0,0.0,2433.8472415119068,2160.865800756146,0.0,0.0,0.0,880
6,O'Higgins,18,17,REDPE_mid,7040.0,3.77,30,8.0,2.0,1.0,64.0,0.0,True,,0.45678154228486484,3520.0,7040.0,0.0,2339.459999532782,1752.5641163053326,0.0,0.0,0.0,880
6,O'Higgins,18,17,REDPE_mid,7040.0,3.77,31,8.0,2.0,1.0,64.0,0.01,True,,0.7517920534304181,2785.716225466926,7040.0,0.0,2580.624561664792,2486.847890838407,0.0,0.0,0.0,880
6,O'Higgins,18,17,REDPE_mid,7040.0,3.77,32,8.0,2.0,2.0,8.0,0.0,True,,0.4165516719618994,3520.0,7040.0,0.0,2056.241712459105,1752.5641163053328,0.0,0.0,0.0,880
6,O'Higgins,18,17,REDPE_mid,7040.0,3.77,33,8.0,2.0,2.0,8.0,0.01,True,,0.47859795376993514,3376.90499610845,7040.0,0.0,2135.310026658802,1895.6591201968827,0.0,0.0,0.0,880
6,O'Higgins,18,17,REDPE_mid,7040.0,3.77,34,8.0,2.0,2.0,16.0,0.0,True,,0.4349633088545102,3520.0,7040.0,0.0,2185.859636183085,1752.5641163053328,0.0,0.0,0.0,880
6,O'Higgins,18,17,REDPE_mid,7040.0,3.77,35,8.0,2.0,2.0,16.0,0.01,True,,0.5311499743895147,3284.264743208912,7040.0,0.0,2273.675619571797,1988.2993730964206,0.0,0.0,0.0,880
6,O'Higgins,18,17,REDPE_mid,7040.0,3.77,36,8.0,2.0,2.0,32.0,0.0,True,,0.45186418899769953,3520.0,7040.0,0.0,2304.8418323911383,1752.5641163053328,0.0,0.0,0.0,880
6,O'Higgins,18,17,REDPE_mid,7040.0,3.77,37,8.0,2.0,2.0,32.0,0.01,True,,0.6151823168738074,3111.6983155491876,7040.0,0.0,2433.8472415119068,2160.865800756146,0.0,0.0,0.0,880
6,O'Higgins,18,17,REDPE_mid,7040.0,3.77,38,8.0,2.0,2.0,64.0,0.0,True,,0.45678154228486484,3520.0,7040.0,0.0,2339.459999532782,1752.5641163053326,0.0,0.0,0.0,880
6,O'Higgins,18,17,REDPE_mid,7040.0,3.77,39,8.0,2.0,2.0,64.0,0.01,True,,0.7517920534304181,2785.716225466926,7040.0,0.0,2580.624561664792,2486.847890838407,0.0,0.0,0.0,880
6,O'Higgins,18,17,REDPE_mid,7040.0,3.77,40,8.0,2.0,4.0,8.0,0.0,True,,0.41173150354009785,3520.0,7040.0,0.0,2022.3077267696226,1752.5641163053328,0.0,0.0,0.0,880
6,O'Higgins,18,17,REDPE_mid,7040.0,3.77,41,8.0,2.0,4.0,8.0,0.01,True,,0.47422115902100986,3363.76270647045,7040.0,0.0,2071.6416675313685,1908.8014098348826,0.0,0.0,0.0,880
6,O'Higgins,18,17,REDPE_mid,7040.0,3.77,42,8.0,2.0,4.0,16.0,0.0,True,,0.41589945131041134,3520.0,7040.0,0.0,2051.6500790726295,1752.5641163053328,0.0,0.0,0.0,880
6,O'Higgins,18,17,REDPE_mid,7040.0,3.77,43,8.0,2.0,4.0,16.0,0.01,True,,0.5074101627309213,3297.4202884308734,7040.0,0.0,2139.4362085502025,1975.1438278744592,0.0,0.0,0.0,880
6,O'Higgins,18,17,REDPE_mid,7040.0,3.77,44,8.0,2.0,4.0,32.0,0.0,True,,0.4224639423591633,3520.0,7040.0,0.0,2097.864096055843,1752.564116305333,0.0,0.0,0.0,880
6,O'Higgins,18,17,REDPE_mid,7040.0,3.77,45,8.0,2.0,4.0,32.0,0.01,True,,0.5595271610797666,3176.886898181939,7040.0,0.0,2205.0064013037386,2095.6772181233937,0.0,0.0,0.0,880
6,O'Higgins,18,17,REDPE_mid,7040.0,3.77,46,8.0,2.0,4.0,64.0,0.0,True,,0.4228049794798681,3520.0,7040.0,0.0,2100.264997385605,1752.564116305333,0.0,0.0,0.0,880
6,O'Higgins,18,17,REDPE_mid,7040.0,3.77,47,8.0,2.0,4.0,64.0,0.01,True,,0.6475743127001341,2963.71733248652,7040.0,0.0,2291.9344344725773,2308.846783818813,0.0,0.0,0.0,880
6,O'Higgins,18,17,REDPE_mid,7040.0,3.77,48,16.0,1.0,1.0,8.0,0.0,True,,0.7331046774106946,3007.6585466996503,7040.0,0.0,2491.5797842674,2264.9055696056826,0.0,512.3414533003497,0.0,440
6,O'Higgins,18,17,REDPE_mid,7040.0,3.77,49,16.0,1.0,1.0,8.0,0.01,True,,0.8252292235027117,2787.2554406394675,7040.0,0.0,2569.4026926057463,2485.3086756658663,0.0,532.0675842993446,0.0,440
6,O'Higgins,18,17,REDPE_mid,7040.0,3.77,50,16.0,1.0,1.0,16.0,0.0,True,,0.45678154228486484,3520.0,7040.0,0.0,2339.459999532782,1752.5641163053328,0.0,0.0,0.0,440
6,O'Higgins,18,17,REDPE_mid,7040.0,3.77,51,16.0,1.0,1.0,16.0,0.01,True,,0.5941256814323606,3179.1267856535324,7040.0,0.0,2454.1797032649824,2093.4373306518005,0.0,0.0,0.0,440
6,O'Higgins,18,17,REDPE_mid,7040.0,3.77,52,16.0,1.0,1.0,32.0,0.0,True,,0.45678154228486484,3520.0,7040.0,0.0,2339.459999532782,1752.5641163053328,0.0,0.0,0.0,440
6,O'Higgins,18,17,REDPE_mid,7040.0,3.77,53,16.0,1.0,1.0,32.0,0.01,True,,0.6668332851957789,2998.3441796229436,7040.0,0.0,2514.084718682976,2274.2199366823897,0.0,0.0,0.0,440
6,O'Higgins,18,17,REDPE_mid,7040.0,3.77,54,16.0,1.0,1.0,64.0,0.0,True,,0.45678154228486484,3520.0,7040.0,0.0,2339.459999532782,1752.5641163053328,0.0,0.0,0.0,440
6,O'Higgins,18,17,REDPE_mid,7040.0,3.77,55,16.0,1.0,1.0,64.0,0.01,True,,0.8018270044157254,2663.1837533179623,7040.0,0.0,2626.5394362289458,2609.380362987371,0.0,0.0,0.0,440
6,O'Higgins,18,17,REDPE_mid,7040.0,3.77,56,16.0,1.0,2.0,8.0,0.0,True,,0.7331046774106946,3007.6585466996503,7040.0,0.0,2491.5797842674,2264.9055696056826,0.0,512.3414533003497,0.0,440
6,O'Higgins,18,17,REDPE_mid,7040.0,3.77,57,16.0,1.0,2.0,8.0,0.01,True,,0.8252292235027117,2787.2554406394675,7040.0,0.0,2569.4026926057463,2485.3086756658663,0.0,532.0675842993446,0.0,440
6,O'Higgins,18,17,REDPE_mid,7040.0,3.77,58,16.0,1.0,2.0,16.0,0.0,True,,0.45678154228486484,3520.0,7040.0,0.0,2339.459999532782,1752.5641163053328,0.0,0.0,0.0,440
6,O'Higgins,18,17,REDPE_mid,7040.0,3.77,59,16.0,1.0,2.0,16.0,0.01,True,,0.5941256814323606,3179.1267856535324,7040.0,0.0,2454.1797032649824,2093.4373306518005,0.0,0.0,0.0,440
6,O'Higgins,18,17,REDPE_mid,7040.0,3.77,60,16.0,1.0,2.0,32.0,0.0,True,,0.45678154228486484,3520.0,7040.0,0.0,2339.459999532782,1752.5641163053328,0.0,0.0,0.0,440
6,O'Higgins,18,17,REDPE_mid,7040.0,3.77,61,16.0,1.0,2.0,32.0,0.01,True,,0.6668332851957789,2998.3441796229436,7040.0,0.0,2514.084718682976,2274.2199366823897,0.0,0.0,0.0,440
6,O'Higgins,18,17,REDPE_mid,7040.0,3.77,62,16.0,1.0,2.0,64.0,0.0,True,,0.45678154228486484,3520.0,7040.0,0.0,2339.459999532782,1752.5641163053328,0.0,0.0,0.0,440
6,O'Higgins,18,17,REDPE_mid,7040.0,3.77,63,16.0,1.0,2.0,64.0,0.01,True,,0.8018270044157254,2663.1837533179623,7040.0,0.0,2626.5394362289458,2609.380362987371,0.0,0.0,0.0,440
6,O'Higgins,18,17,REDPE_mid,7040.0,3.77,64,16.0,1.0,4.0,8.0,0.0,True,,0.6591675008380276,3129.127264370742,7040.0,0.0,2396.202573044645,2143.436851934591,0.0,390.8727356292578,0.0,440
6,O'Higgins,18,17,REDPE_mid,7040.0,3.77,65,16.0,1.0,4.0,8.0,0.01,True,,0.7581157420551732,2894.1592650234093,7040.0,0.0,2477.6963308118916,2378.4048512819236,0.0,418.5545976623843,0.0,440
6,O'Higgins,18,17,REDPE_mid,7040.0,3.77,66,16.0,1.0,4.0,16.0,0.0,True,,0.4525681139758027,3520.0,7040.0,0.0,2309.7974642369845,1752.5641163053328,0.0,0.0,0.0,440
6,O'Higgins,18,17,REDPE_mid,7040.0,3.77,67,16.0,1.0,4.0,16.0,0.01,True,,0.5876304360094549,3183.1410961781503,7040.0,0.0,2418.4889517992706,2089.423020127183,0.0,0.0,0.0,440
6,O'Higgins,18,17,REDPE_mid,7040.0,3.77,68,16.0,1.0,4.0,32.0,0.0,True,,0.45526188417878405,3520.0000000000005,7040.0,0.0,2328.7616064659724,1752.5641163053328,0.0,0.0,0.0,440
6,O'Higgins,18,17,REDPE_mid,7040.0,3.77,69,16.0,1.0,4.0,32.0,0.01,True,,0.6591652691476285,3013.5575651841145,7040.0,0.0,2498.135349606925,2259.0065511212183,0.0,0.0,0.0,440
6,O'Higgins,18,17,REDPE_mid,7040.0,3.77,70,16.0,1.0,4.0,64.0,0.0,True,,0.45678154228486484,3520.0,7040.0,0.0,2339.459999532782,1752.5641163053328,0.0,0.0,0.0,440
6,O'Higgins,18,17,REDPE_mid,7040.0,3.77,71,16.0,1.0,4.0,64.0,0.01,True,,0.7936938925766394,2683.174437904355,7040.0,0.0,2619.2590403477616,2589.389678400978,0.0,0.0,0.0,440
6,O'Higgins,18,17,REDPE_mid,7040.0,3.77,72,16.0,2.0,1.0,8.0,0.0,True,,0.5124105167398482,3413.85493062136,7040.0,0.0,2359.5802368706245,1858.709185683973,0.0,106.14506937864007,0.0,440
6,O'Higgins,18,17,REDPE_mid,7040.0,3.77,73,16.0,2.0,1.0,8.0,0.01,True,,0.6103993791264725,3180.4244384909225,7040.0,0.0,2439.280496075365,2092.139677814411,0.0,132.71017104964136,0.0,440
6,O'Higgins,18,17,REDPE_mid,7040.0,3.77,74,16.0,2.0,1.0,16.0,0.0,True,,0.45678154228486484,3520.0,7040.0,0.0,2339.459999532782,1752.5641163053328,0.0,0.0,0.0,440
6,O'Higgins,18,17,REDPE_mid,7040.0,3.77,75,16.0,2.0,1.0,16.0,0.01,True,,0.5884862537508617,3193.1446025247515,7040.0,0.0,2449.5226745652785,2079.419513780582,0.0,0.0,0.0,440
6,O'Higgins,18,17,REDPE_mid,7040.0,3.77,76,16.0,2.0,1.0,32.0,0.0,True,,0.45678154228486484,3520.0,7040.0,0.0,2339.459999532782,1752.5641163053328,0.0,0.0,0.0,440
6,O'Higgins,18,17,REDPE_mid,7040.0,3.77,77,16.0,2.0,1.0,32.0,0.01,True,,0.6598412643281863,3015.984628168948,7040.0,0.0,2508.9620131401352,2256.5794881363854,0.0,0.0,0.0,440
6,O'Higgins,18,17,REDPE_mid,7040.0,3.77,78,16.0,2.0,1.0,64.0,0.0,True,,0.45678154228486484,3520.0,7040.0,0.0,2339.459999532782,1752.5641163053328,0.0,0.0,0.0,440
6,O'Higgins,18,17,REDPE_mid,7040.0,3.77,79,16.0,2.0,1.0,64.0,0.01,True,,0.7964090507004966,2676.804532542619,7040.0,0.0,2622.4489901353772,2595.7595837627136,0.0,0.0,0.0,440
6,O'Higgins,18,17,REDPE_mid,7040.0,3.77,80,16.0,2.0,2.0,8.0,0.0,True,,0.5124105167398482,3413.85493062136,7040.0,0.0,2359.5802368706245,1858.709185683973,0.0,106.14506937864007,0.0,440
6,O'Higgins,18,17,REDPE_mid,7040.0,3.77,81,16.0,2.0,2.0,8.0,0.01,True,,0.6103993791264725,3180.4244384909225,7040.0,0.0,2439.280496075365,2092.139677814411,0.0,132.71017104964136,0.0,440
6,O'Higgins,18,17,REDPE_mid,7040.0,3.77,82,16.0,2.0,2.0,16.0,0.0,True,,0.45678154228486484,3520.0,7040.0,0.0,2339.459999532782,1752.5641163053328,0.0,0.0,0.0,440
6,O'Higgins,18,17,REDPE_mid,7040.0,3.77,83,16.0,2.0,2.0,16.0,0.01,True,,0.5884862537508617,3193.1446025247515,7040.0,0.0,2449.5226745652785,2079.419513780582,0.0,0.0,0.0,440
6,O'Higgins,18,17,REDPE_mid,7040.0,3.77,84,16.0,2.0,2.0,32.0,0.0,True,,0.45678154228486484,3520.0,7040.0,0.0,2339.459999532782,1752.5641163053328,0.0,0.0,0.0,440
6,O'Higgins,18,17,REDPE_mid,7040.0,3.77,85,16.0,2.0,2.0,32.0,0.01,True,,0.6598412643281863,3015.984628168948,7040.0,0.0,2508.9620131401352,2256.5794881363854,0.0,0.0,0.0,440
6,O'Higgins,18,17,REDPE_mid,7040.0,3.77,86,16.0,2.0,2.0,64.0,0.0,True,,0.45678154228486484,3520.0,7040.0,0.0,2339.459999532782,1752.5641163053328,0.0,0.0,0.0,440
6,O'Higgins,18,17,REDPE_mid,7040.0,3.77,87,16.0,2.0,2.0,64.0,0.01,True,,0.7964090507004966,2676.804532542619,7040.0,0.0,2622.4489901353772,2595.7595837627136,0.0,0.0,0.0,440
6,O'Higgins,18,17,REDPE_mid,7040.0,3.77,88,16.0,2.0,4.0,8.0,0.0,True,,0.5060031961893705,3414.3373691430693,7040.0,0.0,2316.1612350212436,1858.2267471622636,0.0,105.66263085693089,0.0,440
6,O'Higgins,18,17,REDPE_mid,7040.0,3.77,89,16.0,2.0,4.0,8.0,0.01,True,,0.6033822566441939,3180.3877411880676,7040.0,0.0,2391.9797615139632,2092.176375117266,0.0,130.51862007866427,0.0,440
6,O'Higgins,18,17,REDPE_mid,7040.0,3.77,90,16.0,2.0,4.0,16.0,0.0,True,,0.4525681139758027,3520.0,7040.0,0.0,2309.7974642369845,1752.5641163053328,0.0,0.0,0.0,440
6,O'Higgins,18,17,REDPE_mid,7040.0,3.77,91,16.0,2.0,4.0,16.0,0.01,True,,0.5819514115307494,3197.064653418168,7040.0,0.0,2413.3175125692287,2075.499462887165,0.0,0.0,0.0,440
6,O'Higgins,18,17,REDPE_mid,7040.0,3.77,92,16.0,2.0,4.0,32.0,0.0,True,,0.45526188417878405,3520.0000000000005,7040.0,0.0,2328.7616064659724,1752.5641163053328,0.0,0.0,0.0,440
6,O'Higgins,18,17,REDPE_mid,7040.0,3.77,93,16.0,2.0,4.0,32.0,0.01,True,,0.6536316667955894,3027.2437632091005,7040.0,0.0,2493.394284111034,2245.3203530962323,0.0,0.0,0.0,440
6,O'Higgins,18,17,REDPE_mid,7040.0,3.77,94,16.0,2.0,4.0,64.0,0.0,True,,0.45678154228486484,3520.0,7040.0,0.0,2339.459999532782,1752.5641163053328,0.0,0.0,0.0,440
6,O'Higgins,18,17,REDPE_mid,7040.0,3.77,95,16.0,2.0,4.0,64.0,0.01,True,,0.7880237115906419,2697.1374583610573,7040.0,0.0,2614.248517348096,2575.4266579442756,0.0,0.0,0.0,440
6,O'Higgins,18,17,REDPE_mid,7040.0,3.77,96,32.0,1.0,1.0,8.0,0.0,True,,1.557817116325419,1496.9749269339047,7040.0,0.0,3010.16268504695,3775.589189371428,0.0,2023.025073066095,0.0,220
6,O'Higgins,18,17,REDPE_mid,7040.0,3.77,97,32.0,1.0,1.0,8.0,0.01,True,,1.6259536557615333,1331.597095237256,7040.0,0.0,3066.1394260425823,3940.9670210680765,0.0,2033.2849904590867,0.0,220
6,O'Higgins,18,17,REDPE_mid,7040.0,3.77,98,32.0,1.0,1.0,16.0,0.0,True,,0.8375241187835333,2821.2503231415235,7040.0,0.0,2574.2638690787403,2451.3137931638094,0.0,698.7496768584765,0.0,220
6,O'Higgins,18,17,REDPE_mid,7040.0,3.77,99,32.0,1.0,1.0,16.0,0.01,True,,1.0032846997481568,2413.4245594710865,7040.0,0.0,2710.4336918490917,2859.139556834246,0.0,709.9699349029831,0.0,220
6,O'Higgins,18,17,REDPE_mid,7040.0,3.77,100,32.0,1.0,1.0,32.0,0.0,True,,0.45678154228486484,3520.0,7040.0,0.0,2339.459999532782,1752.5641163053328,0.0,0.0,0.0,220
6,O'Higgins,18,17,REDPE_mid,7040.0,3.77,101,32.0,1.0,1.0,32.0,0.01,True,,0.7288773052956913,2844.2584810929748,7040.0,0.0,2565.6603738614376,2428.305635212358,0.0,0.0,0.0,220
6,O'Higgins,18,17,REDPE_mid,7040.0,3.77,102,32.0,1.0,1.0,64.0,0.0,True,,0.45678154228486484,3520.0,7040.0,0.0,2339.459999532782,1752.5641163053326,0.0,0.0,0.0,220
6,O'Higgins,18,17,REDPE_mid,7040.0,3.77,103,32.0,1.0,1.0,64.0,0.01,True,,0.8597979887085903,2519.3836436345337,7040.0,0.0,2675.1548914421433,2753.180472670799,0.0,0.0,0.0,220
6,O'Higgins,18,17,REDPE_mid,7040.0,3.77,104,32.0,1.0,2.0,8.0,0.0,True,,1.557817116325419,1496.9749269339047,7040.0,0.0,3010.16268504695,3775.589189371428,0.0,2023.025073066095,0.0,220
6,O'Higgins,18,17,REDPE_mid,7040.0,3.77,105,32.0,1.0,2.0,8.0,0.01,True,,1.6259536557615333,1331.597095237256,7040.0,0.0,3066.1394260425823,3940.9670210680765,0.0,2033.2849904590867,0.0,220
6,O'Higgins,18,17,REDPE_mid,7040.0,3.77,106,32.0,1.0,2.0,16.0,0.0,True,,0.8375241187835333,2821.2503231415235,7040.0,0.0,2574.2638690787403,2451.3137931638094,0.0,698.7496768584765,0.0,220
6,O'Higgins,18,17,REDPE_mid,7040.0,3.77,107,32.0,1.0,2.0,16.0,0.01,True,,1.0032846997481568,2413.4245594710865,7040.0,0.0,2710.4336918490917,2859.139556834246,0.0,709.9699349029831,0.0,220
6,O'Higgins,18,17,REDPE_mid,7040.0,3.77,108,32.0,1.0,2.0,32.0,0.0,True,,0.45678154228486484,3520.0,7040.0,0.0,2339.459999532782,1752.5641163053328,0.0,0.0,0.0,220
6,O'Higgins,18,17,REDPE_mid,7040.0,3.77,109,32.0,1.0,2.0,32.0,0.01,True,,0.7288773052956913,2844.2584810929748,7040.0,0.0,2565.6603738614376,2428.305635212358,0.0,0.0,0.0,220
6,O'Higgins,18,17,REDPE_mid,7040.0,3.77,110,32.0,1.0,2.0,64.0,0.0,True,,0.45678154228486484,3520.0,7040.0,0.0,2339.459999532782,1752.5641163053326,0.0,0.0,0.0,220
6,O'Higgins,18,17,REDPE_mid,7040.0,3.77,111,32.0,1.0,2.0,64.0,0.01,True,,0.8597979887085903,2519.3836436345337,7040.0,0.0,2675.1548914421433,2753.180472670799,0.0,0.0,0.0,220
6,O'Higgins,18,17,REDPE_mid,7040.0,3.77,112,32.0,1.0,4.0,8.0,0.0,True,,1.5336574120031063,1537.1284255022608,7040.0,0.0,2980.6156116071156,3735.435690803072,0.0,1982.8715744977394,0.0,220
6,O'Higgins,18,17,REDPE_mid,7040.0,3.77,113,32.0,1.0,4.0,8.0,0.01,True,,1.6035039434126035,1367.5979835297692,7040.0,0.0,3037.72912548938,3904.9661327755634,0.0,1993.651536807106,0.0,220
6,O'Higgins,18,17,REDPE_mid,7040.0,3.77,114,32.0,1.0,4.0,16.0,0.0,True,,0.8375241187835333,2821.2503231415235,7040.0,0.0,2574.2638690787403,2451.3137931638094,0.0,698.7496768584765,0.0,220
6,O'Higgins,18,17,REDPE_mid,7040.0,3.77,115,32.0,1.0,4.0,16.0,0.01,True,,1.0032846997481568,2413.4245594710865,7040.0,0.0,2710.4336918490917,2859.139556834246,0.0,709.9699349029831,0.0,220
6,O'Higgins,18,17,REDPE_mid,7040.0,3.77,116,32.0,1.0,4.0,32.0,0.0,True,,0.45678154228486484,3520.0,7040.0,0.0,2339.459999532782,1752.5641163053328,0.0,0.0,0.0,220
6,O'Higgins,18,17,REDPE_mid,7040.0,3.77,117,32.0,1.0,4.0,32.0,0.01,True,,0.7288773052956913,2844.2584810929748,7040.0,0.0,2565.6603738614376,2428.305635212358,0.0,0.0,0.0,220
6,O'Higgins,18,17,REDPE_mid,7040.0,3.77,118,32.0,1.0,4.0,64.0,0.0,True,,0.45678154228486484,3520.0,7040.0,0.0,2339.459999532782,1752.5641163053326,0.0,0.0,0.0,220
6,O'Higgins,18,17,REDPE_mid,7040.0,3.77,119,32.0,1.0,4.0,64.0,0.01,True,,0.8597979887085903,2519.3836436345337,7040.0,0.0,2675.1548914421433,2753.180472670799,0.0,0.0,0.0,220
6,O'Higgins,18,17,REDPE_mid,7040.0,3.77,120,32.0,2.0,1.0,8.0,0.0,True,,1.3833842933781892,1817.3776393559888,7040.0,0.0,2903.5651049757457,3455.1864769493436,0.0,1702.6223606440115,0.0,220
6,O'Higgins,18,17,REDPE_mid,7040.0,3.77,121,32.0,2.0,1.0,8.0,0.01,True,,1.458106186206968,1634.3181980175018,7040.0,0.0,2964.5515586392985,3638.2459182878306,0.0,1710.029429148844,0.0,220
6,O'Higgins,18,17,REDPE_mid,7040.0,3.77,122,32.0,2.0,1.0,16.0,0.0,True,,0.6406669259288453,3182.4433278771776,7040.0,0.0,2452.564747956527,2090.120788428155,0.0,337.5566721228219,0.0,220
6,O'Higgins,18,17,REDPE_mid,7040.0,3.77,123,32.0,2.0,1.0,16.0,0.01,True,,0.8236981020431091,2737.5768176560473,7040.0,0.0,2601.8542169761363,2534.9872986492855,0.0,364.6404073948033,0.0,220
6,O'Higgins,18,17,REDPE_mid,7040.0,3.77,124,32.0,2.0,1.0,32.0,0.0,True,,0.45678154228486484,3520.0,7040.0,0.0,2339.459999532782,1752.5641163053328,0.0,0.0,0.0,220
6,O'Higgins,18,17,REDPE_mid,7040.0,3.77,125,32.0,2.0,1.0,32.0,0.01,True,,0.7220569521920537,2861.4794330049526,7040.0,0.0,2560.697467791773,2411.0846833003807,0.0,0.0,0.0,220
6,O'Higgins,18,17,REDPE_mid,7040.0,3.77,126,32.0,2.0,1.0,64.0,0.0,True,,0.45678154228486484,3520.0,7040.0,0.0,2339.459999532782,1752.5641163053326,0.0,0.0,0.0,220
6,O'Higgins,18,17,REDPE_mid,7040.0,3.77,127,32.0,2.0,1.0,64.0,0.01,True,,0.8545994921863677,2532.0539206435346,7040.0,0.0,2670.2331684481987,2740.510195661798,0.0,0.0,0.0,220
6,O'Higgins,18,17,REDPE_mid,7040.0,3.77,128,32.0,2.0,2.0,8.0,0.0,True,,1.3833842933781892,1817.3776393559888,7040.0,0.0,2903.5651049757457,3455.1864769493436,0.0,1702.6223606440115,0.0,220
6,O'Higgins,18,17,REDPE_mid,7040.0,3.77,129,32.0,2.0,2.0,8.0,0.01,True,,1.458106186206968,1634.3181980175018,7040.0,0.0,2964.5515586392985,3638.2459182878306,0.0,1710.029429148844,0.0,220
6,O'Higgins,18,17,REDPE_mid,7040.0,3.77,130,32.0,2.0,2.0,16.0,0.0,True,,0.6406669259288453,3182.4433278771776,7040.0,0.0,2452.564747956527,2090.120788428155,0.0,337.5566721228219,0.0,220
6,O'Higgins,18,17,REDPE_mid,7040.0,3.77,131,32.0,2.0,2.0,16.0,0.01,True,,0.8236981020431091,2737.5768176560473,7040.0,0.0,2601.8542169761363,2534.9872986492855,0.0,364.6404073948033,0.0,220
6,O'Higgins,18,17,REDPE_mid,7040.0,3.77,132,32.0,2.0,2.0,32.0,0.0,True,,0.45678154228486484,3520.0,7040.0,0.0,2339.459999532782,1752.5641163053328,0.0,0.0,0.0,220
6,O'Higgins,18,17,REDPE_mid,7040.0,3.77,133,32.0,2.0,2.0,32.0,0.01,True,,0.7220569521920537,2861.4794330049526,7040.0,0.0,2560.697467791773,2411.0846833003807,0.0,0.0,0.0,220
6,O'Higgins,18,17,REDPE_mid,7040.0,3.77,134,32.0,2.0,2.0,64.0,0.0,True,,0.45678154228486484,3520.0,7040.0,0.0,2339.459999532782,1752.5641163053326,0.0,0.0,0.0,220
6,O'Higgins,18,17,REDPE_mid,7040.0,3.77,135,32.0,2.0,2.0,64.0,0.01,True,,0.8545994921863677,2532.0539206435346,7040.0,0.0,2670.2331684481987,2740.510195661798,0.0,0.0,0.0,220
6,O'Higgins,18,17,REDPE_mid,7040.0,3.77,136,32.0,2.0,4.0,8.0,0.0,True,,1.3833842933781892,1817.3776393559888,7040.0,0.0,2903.5651049757457,3455.1864769493436,0.0,1702.6223606440115,0.0,220
6,O'Higgins,18,17,REDPE_mid,7040.0,3.77,137,32.0,2.0,4.0,8.0,0.01,True,,1.4585369011630847,1633.4719234004056,7040.0,0.0,2964.6389835829395,3639.092192904927,0.0,1710.8585509535246,0.0,220
6,O'Higgins,18,17,REDPE_mid,7040.0,3.77,138,32.0,2.0,4.0,16.0,0.0,True,,0.6406669259288453,3182.4433278771776,7040.0,0.0,2452.564747956527,2090.120788428155,0.0,337.5566721228219,0.0,220
6,O'Higgins,18,17,REDPE_mid,7040.0,3.77,139,32.0,2.0,4.0,16.0,0.01,True,,0.8236981020431091,2737.5768176560473,7040.0,0.0,2601.8542169761363,2534.9872986492855,0.0,364.6404073948033,0.0,220
6,O'Higgins,18,17,REDPE_mid,7040.0,3.77,140,32.0,2.0,4.0,32.0,0.0,True,,0.45678154228486484,3520.0,7040.0,0.0,2339.459999532782,1752.5641163053328,0.0,0.0,0.0,220
6,O'Higgins,18,17,REDPE_mid,7040.0,3.77,141,32.0,2.0,4.0,32.0,0.01,True,,0.7220569521920537,2861.4794330049526,7040.0,0.0,2560.697467791773,2411.0846833003807,0.0,0.0,0.0,220
6,O'Higgins,18,17,REDPE_mid,7040.0,3.77,142,32.0,2.0,4.0,64.0,0.0,True,,0.45678154228486484,3520.0,7040.0,0.0,2339.459999532782,1752.5641163053326,0.0,0.0,0.0,220
6,O'Higgins,18,17,REDPE_mid,7040.0,3.77,143,32.0,2.0,4.0,64.0,0.01,True,,0.8545994921863677,2532.0539206435346,7040.0,0.0,2670.2331684481987,2740.510195661798,0.0,0.0,0.0,220
7,Maule,29,28,REDPE_mid,9980.0,5.345000000000001,0,8.0,1.0,1.0,8.0,0.0,True,,0.41068340999011527,4990.0,9980.0,0.0,2994.271441380163,2208.697980642375,0.0,0.0,0.0,1248
7,Maule,29,28,REDPE_mid,9980.0,5.345000000000001,1,8.0,1.0,1.0,8.0,0.01,True,,0.4571099780489022,4829.83789544213,9980.0,0.0,3057.203329212181,2368.8600852002446,0.0,0.0,0.0,1248
7,Maule,29,28,REDPE_mid,9980.0,5.345000000000001,2,8.0,1.0,1.0,16.0,0.0,True,,0.4174508580738536,4990.0,9980.0,0.0,3061.810573255872,2208.697980642375,0.0,0.0,0.0,1248
7,Maule,29,28,REDPE_mid,9980.0,5.345000000000001,3,8.0,1.0,1.0,16.0,0.01,True,,0.4936425725652776,4726.315402561447,9980.0,0.0,3162.9923902838996,2472.3825780809284,0.0,0.0,0.0,1248
7,Maule,29,28,REDPE_mid,9980.0,5.345000000000001,4,8.0,1.0,1.0,32.0,0.0,True,,0.4174508580738536,4990.0,9980.0,0.0,3061.810573255872,2208.697980642375,0.0,0.0,0.0,1248
7,Maule,29,28,REDPE_mid,9980.0,5.345000000000001,5,8.0,1.0,1.0,32.0,0.01,True,,0.5507873281325076,4529.037771610547,9980.0,0.0,3240.102973467606,2669.6602090318283,0.0,0.0,0.0,1248
7,Maule,29,28,REDPE_mid,9980.0,5.345000000000001,6,8.0,1.0,1.0,64.0,0.0,True,,0.4174508580738536,4990.0,9980.0,0.0,3061.810573255872,2208.697980642375,0.0,0.0,0.0,1248
7,Maule,29,28,REDPE_mid,9980.0,5.345000000000001,7,8.0,1.0,1.0,64.0,0.01,True,,0.6562304275501698,4164.358505036159,9980.0,0.0,3380.7269392199055,3034.339475606216,0.0,0.0,0.0,1248
7,Maule,29,28,REDPE_mid,9980.0,5.345000000000001,8,8.0,1.0,2.0,8.0,0.0,True,,0.3949779687462463,4990.0,9980.0,0.0,2837.5311377663506,2208.697980642375,0.0,0.0,0.0,1248
7,Maule,29,28,REDPE_mid,9980.0,5.345000000000001,9,8.0,1.0,2.0,8.0,0.01,True,,0.44080169744221076,4832.842750992893,9980.0,0.0,2901.9588276343097,2365.8552296494813,0.0,0.0,0.0,1248
7,Maule,29,28,REDPE_mid,9980.0,5.345000000000001,10,8.0,1.0,2.0,16.0,0.0,True,,0.40578637406294776,4990.0,9980.0,0.0,2945.3990228270313,2208.6979806423747,0.0,0.0,0.0,1248
7,Maule,29,28,REDPE_mid,9980.0,5.345000000000001,11,8.0,1.0,2.0,16.0,0.01,True,,0.479569367255816,4735.410551310357,9980.0,0.0,3045.279673167748,2463.287429332018,0.0,0.0,0.0,1248
7,Maule,29,28,REDPE_mid,9980.0,5.345000000000001,12,8.0,1.0,2.0,32.0,0.0,True,,0.4135264310947373,4990.0,9980.0,0.0,3022.644792004291,2208.6979806423747,0.0,0.0,0.0,1248
7,Maule,29,28,REDPE_mid,9980.0,5.345000000000001,13,8.0,1.0,2.0,32.0,0.01,True,,0.5379353223524126,4558.640677557352,9980.0,0.0,3185.847220649272,2640.0573030850223,0.0,0.0,0.0,1248
7,Maule,29,28,REDPE_mid,9980.0,5.345000000000001,14,8.0,1.0,2.0,64.0,0.0,True,,0.4169455194054009,4990.0,9980.0,0.0,3056.767293344714,2208.697980642375,0.0,0.0,0.0,1248
7,Maule,29,28,REDPE_mid,9980.0,5.345000000000001,15,8.0,1.0,2.0,64.0,0.01,True,,0.6381480990649036,4223.054382936801,9980.0,0.0,3347.004995688552,2975.643597705575,0.0,0.0,0.0,1248
7,Maule,29,28,REDPE_mid,9980.0,5.345000000000001,16,8.0,1.0,4.0,8.0,0.0,True,,0.523329221946371,4789.593844880524,9584.0,396.0,2824.258179345166,2409.104135761852,396.0,0.0,2.4061551194768684,1198
7,Maule,29,28,REDPE_mid,9980.0,5.345000000000001,17,8.0,1.0,4.0,8.0,0.01,True,,0.4555815208193252,4760.042140964334,9968.0,12.0,2840.911134988201,2438.6558396780415,12.0,0.0,5.0976097566230205,1246
7,Maule,29,28,REDPE_mid,9980.0,5.345000000000001,18,8.0,1.0,4.0,16.0,0.0,True,,0.3887212042174527,4990.0,9980.0,0.0,2775.08862776899,2208.6979806423756,0.0,0.0,0.0,1248
7,Maule,29,28,REDPE_mid,9980.0,5.345000000000001,19,8.0,1.0,4.0,16.0,0.01,True,,0.4643271807188706,4724.714963352279,9980.0,0.0,2866.4236816338375,2473.983017290096,0.0,0.0,0.0,1248
7,Maule,29,28,REDPE_mid,9980.0,5.345000000000001,20,8.0,1.0,4.0,32.0,0.0,True,,0.3920946904194874,4990.0,9980.0,0.0,2808.756020065297,2208.6979806423747,0.0,0.0,0.0,1248
7,Maule,29,28,REDPE_mid,9980.0,5.345000000000001,21,8.0,1.0,4.0,32.0,0.01,True,,0.4986174741081632,4617.935592396942,9980.0,0.0,2941.6923822706376,2580.7623882454327,0.0,0.0,0.0,1248
7,Maule,29,28,REDPE_mid,9980.0,5.345000000000001,22,8.0,1.0,4.0,64.0,0.0,True,,0.3923760622678333,4990.0,9980.0,0.0,2811.564111111789,2208.697980642375,0.0,0.0,0.0,1248
7,Maule,29,28,REDPE_mid,9980.0,5.345000000000001,23,8.0,1.0,4.0,64.0,0.01,True,,0.5522835550889665,4431.162826633008,9980.0,0.0,3010.3479560492196,2767.535154009367,0.0,0.0,0.0,1248
7,Maule,29,28,REDPE_mid,9980.0,5.345000000000001,24,8.0,2.0,1.0,8.0,0.0,True,,0.36462622094567365,4990.0,9980.0,0.0,2534.6206947166356,2208.697980642375,0.0,0.0,0.0,1248
7,Maule,29,28,REDPE_mid,9980.0,5.345000000000001,25,8.0,2.0,1.0,8.0,0.01,True,,0.4062988579382265,4853.563155878455,9980.0,0.0,2609.421501598452,2345.134824763919,0.0,0.0,0.0,1248
7,Maule,29,28,REDPE_mid,9980.0,5.345000000000001,26,8.0,2.0,1.0,16.0,0.0,True,,0.38528288517447795,4990.0,9980.0,0.0,2740.774203720103,2208.697980642375,0.0,0.0,0.0,1248
7,Maule,29,28,REDPE_mid,9980.0,5.345000000000001,27,8.0,2.0,1.0,16.0,0.01,True,,0.4540257685374995,4759.427000246671,9980.0,0.0,2850.395680299735,2439.2709803957036,0.0,0.0,0.0,1248
7,Maule,29,28,REDPE_mid,9980.0,5.345000000000001,28,8.0,2.0,1.0,32.0,0.0,True,,0.4076674596731647,4990.0,9980.0,0.0,2964.1722572169965,2208.6979806423747,0.0,0.0,0.0,1248
7,Maule,29,28,REDPE_mid,9980.0,5.345000000000001,29,8.0,2.0,1.0,32.0,0.01,True,,0.5261644493222861,4579.555457855936,9980.0,0.0,3120.6608585550684,2619.142522786439,0.0,0.0,0.0,1248
7,Maule,29,28,REDPE_mid,9980.0,5.345000000000001,30,8.0,2.0,1.0,64.0,0.0,True,,0.4159844400453929,4990.0,9980.0,0.0,3047.175721331834,2208.697980642375,0.0,0.0,0.0,1248
7,Maule,29,28,REDPE_mid,9980.0,5.345000000000001,31,8.0,2.0,1.0,64.0,0.01,True,,0.6298031238614186,4246.399123195279,9980.0,0.0,3322.0839938039658,2952.298857447097,0.0,0.0,0.0,1248
7,Maule,29,28,REDPE_mid,9980.0,5.345000000000001,32,8.0,2.0,2.0,8.0,0.0,True,,0.36462622094567365,4990.0,9980.0,0.0,2534.6206947166356,2208.697980642375,0.0,0.0,0.0,1248
7,Maule,29,28,REDPE_mid,9980.0,5.345000000000001,33,8.0,2.0,2.0,8.0,0.01,True,,0.4062988579382265,4853.563155878455,9980.0,0.0,2609.421501598452,2345.134824763919,0.0,0.0,0.0,1248
7,Maule,29,28,REDPE_mid,9980.0,5.345000000000001,34,8.0,2.0,2.0,16.0,0.0,True,,0.38528288517447795,4990.0,9980.0,0.0,2740.774203720103,2208.697980642375,0.0,0.0,0.0,1248
7,Maule,29,28,REDPE_mid,9980.0,5.345000000000001,35,8.0,2.0,2.0,16.0,0.01,True,,0.4540257685374995,4759.427000246671,9980.0,0.0,2850.395680299735,2439.2709803957036,0.0,0.0,0.0,1248
7,Maule,29,28,REDPE_mid,9980.0,5.345000000000001,36,8.0,2.0,2.0,32.0,0.0,True,,0.4076674596731647,4990.0,9980.0,0.0,2964.1722572169965,2208.6979806423747,0.0,0.0,0.0,1248
7,Maule,29,28,REDPE_mid,9980.0,5.345000000000001,37,8.0,2.0,2.0,32.0,0.01,True,,0.5261644493222861,4579.555457855936,9980.0,0.0,3120.6608585550684,2619.142522786439,0.0,0.0,0.0,1248
7,Maule,29,28,REDPE_mid,9980.0,5.345000000000001,38,8.0,2.0,2.0,64.0,0.0,True,,0.4159844400453929,4990.0,9980.0,0.0,3047.175721331834,2208.697980642375,0.0,0.0,0.0,1248
7,Maule,29,28,REDPE_mid,9980.0,5.345000000000001,39,8.0,2.0,2.0,64.0,0.01,True,,0.6298031238614186,4246.399123195279,9980.0,0.0,3322.0839938039658,2952.298857447097,0.0,0.0,0.0,1248
7,Maule,29,28,REDPE_mid,9980.0,5.345000000000001,40,8.0,2.0,4.0,8.0,0.0,True,,0.5057482549395906,4789.593844880524,9584.0,396.0,2648.800128617498,2409.1041357618515,396.0,0.0,2.4061551194768684,1198
7,Maule,29,28,REDPE_mid,9980.0,5.345000000000001,41,8.0,2.0,4.0,8.0,0.01,True,,0.43343923093687003,4779.80081027426,9960.0,20.0,2655.025658898197,2418.8971703681154,20.0,0.0,1.7018024324556493,1245
7,Maule,29,28,REDPE_mid,9980.0,5.345000000000001,42,8.0,2.0,4.0,16.0,0.0,True,,0.37087921408871394,4990.0,9980.0,0.0,2597.025566284178,2208.697980642375,0.0,0.0,0.0,1248
7,Maule,29,28,REDPE_mid,9980.0,5.345000000000001,43,8.0,2.0,4.0,16.0,0.01,True,,0.4405665940937995,4744.994754463631,9980.0,0.0,2679.9925048940086,2453.703226178744,0.0,0.0,0.0,1248
7,Maule,29,28,REDPE_mid,9980.0,5.345000000000001,44,8.0,2.0,4.0,32.0,0.0,True,,0.37337141855364164,4990.0,9980.0,0.0,2621.897766844156,2208.6979806423747,0.0,0.0,0.0,1248
7,Maule,29,28,REDPE_mid,9980.0,5.345000000000001,45,8.0,2.0,4.0,32.0,0.01,True,,0.4738387213795289,4639.867847451645,9980.0,0.0,2749.231067675623,2558.83013319073,0.0,0.0,0.0,1248
7,Maule,29,28,REDPE_mid,9980.0,5.345000000000001,46,8.0,2.0,4.0,64.0,0.0,True,,0.3743385611091676,4990.0,9980.0,0.0,2631.5498495483052,2208.6979806423747,0.0,0.0,0.0,1248
7,Maule,29,28,REDPE_mid,9980.0,5.345000000000001,47,8.0,2.0,4.0,64.0,0.01,True,,0.5302931299022586,4450.553248718133,9980.0,0.0,2839.3595678986853,2748.144731924242,0.0,0.0,0.0,1248
7,Maule,29,28,REDPE_mid,9980.0,5.345000000000001,48,16.0,1.0,1.0,8.0,0.0,True,,0.6756232043994816,4318.702165844959,9980.0,0.0,3288.828170042996,2879.9958147974157,0.0,671.2978341550405,0.0,624
7,Maule,29,28,REDPE_mid,9980.0,5.345000000000001,49,16.0,1.0,1.0,8.0,0.01,True,,0.745073804183607,4087.5017800551987,9980.0,0.0,3376.5620503941955,3111.1962005871765,0.0,698.6799751750127,0.0,624
7,Maule,29,28,REDPE_mid,9980.0,5.345000000000001,50,16.0,1.0,1.0,16.0,0.0,True,,0.4174508580738536,4990.0,9980.0,0.0,3061.810573255872,2208.697980642375,0.0,0.0,0.0,624
7,Maule,29,28,REDPE_mid,9980.0,5.345000000000001,51,16.0,1.0,1.0,16.0,0.01,True,,0.5213126575286949,4630.9201801284935,9980.0,0.0,3200.651782136422,2567.7778005138816,0.0,0.0,0.0,624
7,Maule,29,28,REDPE_mid,9980.0,5.345000000000001,52,16.0,1.0,1.0,32.0,0.0,True,,0.4174508580738536,4990.0,9980.0,0.0,3061.810573255872,2208.697980642375,0.0,0.0,0.0,624
7,Maule,29,28,REDPE_mid,9980.0,5.345000000000001,53,16.0,1.0,1.0,32.0,0.01,True,,0.577749074061885,4435.593163231761,9980.0,0.0,3275.569676895827,2763.1048174106145,0.0,0.0,0.0,624
7,Maule,29,28,REDPE_mid,9980.0,5.345000000000001,54,16.0,1.0,1.0,64.0,0.0,True,,0.4174508580738536,4990.0,9980.0,0.0,3061.810573255872,2208.697980642375,0.0,0.0,0.0,624
7,Maule,29,28,REDPE_mid,9980.0,5.345000000000001,55,16.0,1.0,1.0,64.0,0.01,True,,0.6817908330105681,4075.970310635673,9980.0,0.0,3414.849299713464,3122.7276700067023,0.0,0.0,0.0,624
7,Maule,29,28,REDPE_mid,9980.0,5.345000000000001,56,16.0,1.0,2.0,8.0,0.0,True,,0.6756232043994816,4318.702165844959,9980.0,0.0,3288.828170042996,2879.9958147974157,0.0,671.2978341550405,0.0,624
7,Maule,29,28,REDPE_mid,9980.0,5.345000000000001,57,16.0,1.0,2.0,8.0,0.01,True,,0.745073804183607,4087.5017800551987,9980.0,0.0,3376.5620503941955,3111.1962005871765,0.0,698.6799751750127,0.0,624
7,Maule,29,28,REDPE_mid,9980.0,5.345000000000001,58,16.0,1.0,2.0,16.0,0.0,True,,0.4174508580738536,4990.0,9980.0,0.0,3061.810573255872,2208.697980642375,0.0,0.0,0.0,624
7,Maule,29,28,REDPE_mid,9980.0,5.345000000000001,59,16.0,1.0,2.0,16.0,0.01,True,,0.5213126575286949,4630.9201801284935,9980.0,0.0,3200.651782136422,2567.7778005138816,0.0,0.0,0.0,624
7,Maule,29,28,REDPE_mid,9980.0,5.345000000000001,60,16.0,1.0,2.0,32.0,0.0,True,,0.4174508580738536,4990.0,9980.0,0.0,3061.810573255872,2208.697980642375,0.0,0.0,0.0,624
7,Maule,29,28,REDPE_mid,9980.0,5.345000000000001,61,16.0,1.0,2.0,32.0,0.01,True,,0.577749074061885,4435.593163231761,9980.0,0.0,3275.569676895827,2763.1048174106145,0.0,0.0,0.0,624
7,Maule,29,28,REDPE_mid,9980.0,5.345000000000001,62,16.0,1.0,2.0,64.0,0.0,True,,0.4174508580738536,4990.0,9980.0,0.0,3061.810573255872,2208.6979806423747,0.0,0.0,0.0,624
7,Maule,29,28,REDPE_mid,9980.0,5.345000000000001,63,16.0,1.0,2.0,64.0,0.01,True,,0.6817908330105681,4075.970310635673,9980.0,0.0,3414.849299713464,3122.7276700067023,0.0,0.0,0.0,624
7,Maule,29,28,REDPE_mid,9980.0,5.345000000000001,64,16.0,1.0,4.0,8.0,0.0,True,,0.6010205738832863,4487.000573543197,9980.0,0.0,3133.338344435199,2711.697407099178,0.0,502.9994264568029,0.0,624
7,Maule,29,28,REDPE_mid,9980.0,5.345000000000001,65,16.0,1.0,4.0,8.0,0.01,True,,0.6643715552296248,4272.11349268126,9980.0,0.0,3224.5033490541064,2926.584487961115,0.0,506.8595135195121,0.0,624
7,Maule,29,28,REDPE_mid,9980.0,5.345000000000001,66,16.0,1.0,4.0,16.0,0.0,True,,0.41088540623998954,4990.0,9980.0,0.0,2996.2873639539075,2208.6979806423756,0.0,0.0,0.0,624
7,Maule,29,28,REDPE_mid,9980.0,5.345000000000001,67,16.0,1.0,4.0,16.0,0.01,True,,0.5121027014805423,4640.382605301511,9980.0,0.0,3132.3924837084014,2558.3153753408637,0.0,0.0,0.0,624
7,Maule,29,28,REDPE_mid,9980.0,5.345000000000001,68,16.0,1.0,4.0,32.0,0.0,True,,0.41476455413915475,4990.0,9980.0,0.0,3035.0012599875768,2208.697980642375,0.0,0.0,0.0,624
7,Maule,29,28,REDPE_mid,9980.0,5.345000000000001,69,16.0,1.0,4.0,32.0,0.01,True,,0.5676099368024895,4463.379633461949,9980.0,0.0,3243.8472626225307,2735.3183471804255,0.0,0.0,0.0,624
7,Maule,29,28,REDPE_mid,9980.0,5.345000000000001,70,16.0,1.0,4.0,64.0,0.0,True,,0.41705626718363403,4990.0,9980.0,0.0,3057.8725561714805,2208.697980642375,0.0,0.0,0.0,624
7,Maule,29,28,REDPE_mid,9980.0,5.345000000000001,71,16.0,1.0,4.0,64.0,0.01,True,,0.6629381353100616,4137.14808345955,9980.0,0.0,3379.6438087221036,3061.549897182825,0.0,0.0,0.0,624
7,Maule,29,28,REDPE_mid,9980.0,5.345000000000001,72,16.0,2.0,1.0,8.0,0.0,True,,0.46255552621463797,4864.864752739393,9980.0,0.0,3073.981795888776,2333.8332279029814,0.0,125.1352472606065,0.0,624
7,Maule,29,28,REDPE_mid,9980.0,5.345000000000001,73,16.0,2.0,1.0,8.0,0.01,True,,0.5309452628417355,4635.344654805636,9980.0,0.0,3167.608675959147,2563.353325836738,0.0,140.23769389427565,0.0,624
7,Maule,29,28,REDPE_mid,9980.0,5.345000000000001,74,16.0,2.0,1.0,16.0,0.0,True,,0.4174508580738536,4990.0,9980.0,0.0,3061.810573255872,2208.697980642375,0.0,0.0,0.0,624
7,Maule,29,28,REDPE_mid,9980.0,5.345000000000001,75,16.0,2.0,1.0,16.0,0.01,True,,0.5150695132141352,4652.545959358019,9980.0,0.0,3192.4096499509283,2546.1520212843566,0.0,0.0,0.0,624
7,Maule,29,28,REDPE_mid,9980.0,5.345000000000001,76,16.0,2.0,1.0,32.0,0.0,True,,0.4174508580738536,4990.0,9980.0,0.0,3061.810573255872,2208.697980642375,0.0,0.0,0.0,624
7,Maule,29,28,REDPE_mid,9980.0,5.345000000000001,77,16.0,2.0,1.0,32.0,0.01,True,,0.5697759359721937,4463.1714535669535,9980.0,0.0,3264.9434845986884,2735.5265270754217,0.0,0.0,0.0,624
7,Maule,29,28,REDPE_mid,9980.0,5.345000000000001,78,16.0,2.0,1.0,64.0,0.0,True,,0.4174508580738536,4990.0,9980.0,0.0,3061.810573255872,2208.697980642375,0.0,0.0,0.0,624
7,Maule,29,28,REDPE_mid,9980.0,5.345000000000001,79,16.0,2.0,1.0,64.0,0.01,True,,0.6744632536202819,4101.216749029306,9980.0,0.0,3404.8361533824905,3097.4812316130697,0.0,0.0,0.0,624
7,Maule,29,28,REDPE_mid,9980.0,5.345000000000001,80,16.0,2.0,2.0,8.0,0.0,True,,0.46255552621463797,4864.864752739393,9980.0,0.0,3073.981795888776,2333.8332279029814,0.0,125.1352472606065,0.0,624
7,Maule,29,28,REDPE_mid,9980.0,5.345000000000001,81,16.0,2.0,2.0,8.0,0.01,True,,0.5309452628417355,4635.344654805636,9980.0,0.0,3167.608675959147,2563.353325836738,0.0,140.23769389427565,0.0,624
7,Maule,29,28,REDPE_mid,9980.0,5.345000000000001,82,16.0,2.0,2.0,16.0,0.0,True,,0.4174508580738536,4990.0,9980.0,0.0,3061.810573255872,2208.697980642375,0.0,0.0,0.0,624
7,Maule,29,28,REDPE_mid,9980.0,5.345000000000001,83,16.0,2.0,2.0,16.0,0.01,True,,0.5150695132141352,4652.545959358019,9980.0,0.0,3192.4096499509283,2546.1520212843566,0.0,0.0,0.0,624
7,Maule,29,28,REDPE_mid,9980.0,5.345000000000001,84,16.0,2.0,2.0,32.0,0.0,True,,0.4174508580738536,4990.0,9980.0,0.0,3061.810573255872,2208.697980642375,0.0,0.0,0.0,624
7,Maule,29,28,REDPE_mid,9980.0,5.345000000000001,85,16.0,2.0,2.0,32.0,0.01,True,,0.5697759359721937,4463.1714535669535,9980.0,0.0,3264.9434845986884,2735.5265270754217,0.0,0.0,0.0,624
7,Maule,29,28,REDPE_mid,9980.0,5.345000000000001,86,16.0,2.0,2.0,64.0,0.0,True,,0.4174508580738536,4990.0,9980.0,0.0,3061.810573255872,2208.697980642375,0.0,0.0,0.0,624
7,Maule,29,28,REDPE_mid,9980.0,5.345000000000001,87,16.0,2.0,2.0,64.0,0.01,True,,0.6744632536202819,4101.216749029306,9980.0,0.0,3404.8361533824905,3097.4812316130697,0.0,0.0,0.0,624
7,Maule,29,28,REDPE_mid,9980.0,5.345000000000001,88,16.0,2.0,4.0,8.0,0.0,True,,0.45684015219990576,4863.917532247322,9980.0,0.0,3013.6270914994984,2334.7804483950536,0.0,126.08246775267858,0.0,624
7,Maule,29,28,REDPE_mid,9980.0,5.345000000000001,89,16.0,2.0,4.0,8.0,0.01,True,,0.5242633161343855,4635.677162815292,9980.0,0.0,3103.547613022347,2563.0208178270836,0.0,138.44419871586206,0.0,624
7,Maule,29,28,REDPE_mid,9980.0,5.345000000000001,90,16.0,2.0,4.0,16.0,0.0,True,,0.4108854062399895,4990.0,9980.0,0.0,2996.2873639539075,2208.697980642375,0.0,0.0,0.0,624
7,Maule,29,28,REDPE_mid,9980.0,5.345000000000001,91,16.0,2.0,4.0,16.0,0.01,True,,0.5058314963691035,4660.900321835633,9980.0,0.0,3121.100148031548,2537.7976588067427,0.0,0.0,0.0,624
7,Maule,29,28,REDPE_mid,9980.0,5.345000000000001,92,16.0,2.0,4.0,32.0,0.0,True,,0.41476455413915475,4990.0,9980.0,0.0,3035.0012599875768,2208.697980642375,0.0,0.0,0.0,624
7,Maule,29,28,REDPE_mid,9980.0,5.345000000000001,93,16.0,2.0,4.0,32.0,0.01,True,,0.5594729155954006,4490.830049892284,9980.0,0.0,3231.2658320516193,2707.8679307500915,0.0,0.0,0.0,624
7,Maule,29,28,REDPE_mid,9980.0,5.345000000000001,94,16.0,2.0,4.0,64.0,0.0,True,,0.41705626718363403,4990.0,9980.0,0.0,3057.8725561714805,2208.697980642375,0.0,0.0,0.0,624
7,Maule,29,28,REDPE_mid,9980.0,5.345000000000001,95,16.0,2.0,4.0,64.0,0.01,True,,0.6563368169988573,4160.689007676595,9980.0,0.0,3372.6149625188946,3038.0089729657807,0.0,0.0,0.0,624
7,Maule,29,28,REDPE_mid,9980.0,5.345000000000001,96,32.0,1.0,1.0,8.0,0.0,True,,1.527889701583651,2135.0820108295025,9980.0,0.0,4151.777269386908,5063.615969812873,0.0,2854.917989170497,0.0,312
7,Maule,29,28,REDPE_mid,9980.0,5.345000000000001,97,32.0,1.0,1.0,8.0,0.01,True,,1.5800787164094332,1960.932736908902,9980.0,0.0,4217.76987489064,5237.765243733474,0.0,2874.398566826569,0.0,312
7,Maule,29,28,REDPE_mid,9980.0,5.345000000000001,98,32.0,1.0,1.0,16.0,0.0,True,,0.7979694785002652,4012.7870665401542,9980.0,0.0,3439.141138001999,3185.9109141022213,0.0,977.212933459846,0.0,312
7,Maule,29,28,REDPE_mid,9980.0,5.345000000000001,99,32.0,1.0,1.0,16.0,0.01,True,,0.9201261223813801,3592.880180780847,9980.0,0.0,3601.841016274067,3605.817799861529,0.0,983.8691467230365,0.0,312
7,Maule,29,28,REDPE_mid,9980.0,5.345000000000001,100,32.0,1.0,1.0,32.0,0.0,True,,0.4174508580738536,4990.0,9980.0,0.0,3061.810573255872,2208.697980642375,0.0,0.0,0.0,312
7,Maule,29,28,REDPE_mid,9980.0,5.345000000000001,101,32.0,1.0,1.0,32.0,0.01,True,,0.6252138777993971,4271.668536825267,9980.0,0.0,3339.4568521799633,2927.029443817108,0.0,0.0,0.0,312
7,Maule,29,28,REDPE_mid,9980.0,5.345000000000001,102,32.0,1.0,1.0,64.0,0.0,True,,0.4174508580738536,4990.0,9980.0,0.0,3061.810573255872,2208.697980642375,0.0,0.0,0.0,312
7,Maule,29,28,REDPE_mid,9980.0,5.345000000000001,103,32.0,1.0,1.0,64.0,0.01,True,,0.7278405815931708,3916.8316282173064,9980.0,0.0,3476.5790845219212,3281.866352425069,0.0,0.0,0.0,312
7,Maule,29,28,REDPE_mid,9980.0,5.345000000000001,104,32.0,1.0,2.0,8.0,0.0,True,,1.527889701583651,2135.0820108295025,9980.0,0.0,4151.777269386908,5063.615969812873,0.0,2854.917989170497,0.0,312
7,Maule,29,28,REDPE_mid,9980.0,5.345000000000001,105,32.0,1.0,2.0,8.0,0.01,True,,1.5800787164094332,1960.932736908902,9980.0,0.0,4217.76987489064,5237.765243733474,0.0,2874.398566826569,0.0,312
7,Maule,29,28,REDPE_mid,9980.0,5.345000000000001,106,32.0,1.0,2.0,16.0,0.0,True,,0.7979694785002652,4012.7870665401542,9980.0,0.0,3439.141138001999,3185.9109141022213,0.0,977.212933459846,0.0,312
7,Maule,29,28,REDPE_mid,9980.0,5.345000000000001,107,32.0,1.0,2.0,16.0,0.01,True,,0.9201261223813801,3592.880180780847,9980.0,0.0,3601.841016274067,3605.817799861529,0.0,983.8691467230365,0.0,312
7,Maule,29,28,REDPE_mid,9980.0,5.345000000000001,108,32.0,1.0,2.0,32.0,0.0,True,,0.4174508580738536,4990.0,9980.0,0.0,3061.810573255872,2208.697980642375,0.0,0.0,0.0,312
7,Maule,29,28,REDPE_mid,9980.0,5.345000000000001,109,32.0,1.0,2.0,32.0,0.01,True,,0.6252138777993971,4271.668536825267,9980.0,0.0,3339.4568521799633,2927.029443817108,0.0,0.0,0.0,312
7,Maule,29,28,REDPE_mid,9980.0,5.345000000000001,110,32.0,1.0,2.0,64.0,0.0,True,,0.4174508580738536,4990.0,9980.0,0.0,3061.810573255872,2208.697980642375,0.0,0.0,0.0,312
7,Maule,29,28,REDPE_mid,9980.0,5.345000000000001,111,32.0,1.0,2.0,64.0,0.01,True,,0.7278405815931708,3916.8316282173064,9980.0,0.0,3476.5790845219212,3281.866352425069,0.0,0.0,0.0,312
7,Maule,29,28,REDPE_mid,9980.0,5.345000000000001,112,32.0,1.0,4.0,8.0,0.0,True,,1.5008152351070743,2196.0434598533943,9980.0,0.0,4094.9391655342947,5002.654520788981,0.0,2793.956540146605,0.0,312
7,Maule,29,28,REDPE_mid,9980.0,5.345000000000001,113,32.0,1.0,4.0,8.0,0.01,True,,1.5434881884588367,2046.6207405438317,9980.0,0.0,4155.782139782703,5152.077240098544,0.0,2785.432842074881,0.0,312
7,Maule,29,28,REDPE_mid,9980.0,5.345000000000001,114,32.0,1.0,4.0,16.0,0.0,True,,0.7979694785002652,4012.7870665401542,9980.0,0.0,3439.141138001999,3185.9109141022213,0.0,977.212933459846,0.0,312
7,Maule,29,28,REDPE_mid,9980.0,5.345000000000001,115,32.0,1.0,4.0,16.0,0.01,True,,0.9201261223813801,3592.880180780847,9980.0,0.0,3601.841016274067,3605.817799861529,0.0,983.8691467230365,0.0,312
7,Maule,29,28,REDPE_mid,9980.0,5.345000000000001,116,32.0,1.0,4.0,32.0,0.0,True,,0.4174508580738536,4990.0,9980.0,0.0,3061.810573255872,2208.697980642375,0.0,0.0,0.0,312
7,Maule,29,28,REDPE_mid,9980.0,5.345000000000001,117,32.0,1.0,4.0,32.0,0.01,True,,0.6252138777993971,4271.668536825267,9980.0,0.0,3339.4568521799633,2927.029443817108,0.0,0.0,0.0,312
7,Maule,29,28,REDPE_mid,9980.0,5.345000000000001,118,32.0,1.0,4.0,64.0,0.0,True,,0.4174508580738536,4990.0,9980.0,0.0,3061.810573255872,2208.697980642375,0.0,0.0,0.0,312
7,Maule,29,28,REDPE_mid,9980.0,5.345000000000001,119,32.0,1.0,4.0,64.0,0.01,True,,0.7278405815931708,3916.8316282173064,9980.0,0.0,3476.5790845219212,3281.866352425069,0.0,0.0,0.0,312
7,Maule,29,28,REDPE_mid,9980.0,5.345000000000001,120,32.0,2.0,1.0,8.0,0.0,True,,1.3429673153354102,2610.738029571698,9980.0,0.0,3971.0479202271467,4587.9599510706785,0.0,2379.261970428302,0.0,312
7,Maule,29,28,REDPE_mid,9980.0,5.345000000000001,121,32.0,2.0,1.0,8.0,0.01,True,,1.403442707008772,2409.4463419305694,9980.0,0.0,4051.7708023735927,4789.251638711807,0.0,2398.8542780791877,0.0,312
7,Maule,29,28,REDPE_mid,9980.0,5.345000000000001,122,32.0,2.0,1.0,16.0,0.0,True,,0.5891618250231151,4549.069020261834,9980.0,0.0,3232.2275943259215,2649.628960380541,0.0,440.93097973816555,0.0,312
7,Maule,29,28,REDPE_mid,9980.0,5.345000000000001,123,32.0,2.0,1.0,16.0,0.01,True,,0.7192584796276265,4100.325619844327,9980.0,0.0,3405.7272825674695,3098.3723607980487,0.0,443.9374034058719,0.0,312
7,Maule,29,28,REDPE_mid,9980.0,5.345000000000001,124,32.0,2.0,1.0,32.0,0.0,True,,0.4174508580738536,4990.0,9980.0,0.0,3061.810573255872,2208.697980642375,0.0,0.0,0.0,312
7,Maule,29,28,REDPE_mid,9980.0,5.345000000000001,125,32.0,2.0,1.0,32.0,0.01,True,,0.6207584108072219,4286.918196854324,9980.0,0.0,3333.1154416706986,2911.779783788051,0.0,0.0,0.0,312
7,Maule,29,28,REDPE_mid,9980.0,5.345000000000001,126,32.0,2.0,1.0,64.0,0.0,True,,0.4174508580738536,4990.0,9980.0,0.0,3061.810573255872,2208.697980642375,0.0,0.0,0.0,312
7,Maule,29,28,REDPE_mid,9980.0,5.345000000000001,127,32.0,2.0,1.0,64.0,0.01,True,,0.7217944587936884,3937.628435753859,9980.0,0.0,3468.23079782447,3261.0695448885167,0.0,0.0,0.0,312
7,Maule,29,28,REDPE_mid,9980.0,5.345000000000001,128,32.0,2.0,2.0,8.0,0.0,True,,1.3429673153354102,2610.738029571698,9980.0,0.0,3971.0479202271467,4587.9599510706785,0.0,2379.261970428302,0.0,312
7,Maule,29,28,REDPE_mid,9980.0,5.345000000000001,129,32.0,2.0,2.0,8.0,0.01,True,,1.403442707008772,2409.4463419305694,9980.0,0.0,4051.7708023735927,4789.251638711807,0.0,2398.8542780791877,0.0,312
7,Maule,29,28,REDPE_mid,9980.0,5.345000000000001,130,32.0,2.0,2.0,16.0,0.0,True,,0.5891618250231151,4549.069020261834,9980.0,0.0,3232.2275943259215,2649.628960380541,0.0,440.93097973816555,0.0,312
7,Maule,29,28,REDPE_mid,9980.0,5.345000000000001,131,32.0,2.0,2.0,16.0,0.01,True,,0.7192584796276265,4100.325619844327,9980.0,0.0,3405.7272825674695,3098.3723607980487,0.0,443.9374034058719,0.0,312
7,Maule,29,28,REDPE_mid,9980.0,5.345000000000001,132,32.0,2.0,2.0,32.0,0.0,True,,0.4174508580738536,4990.0,9980.0,0.0,3061.810573255872,2208.697980642375,0.0,0.0,0.0,312
7,Maule,29,28,REDPE_mid,9980.0,5.345000000000001,133,32.0,2.0,2.0,32.0,0.01,True,,0.6207584108072219,4286.918196854324,9980.0,0.0,3333.1154416706986,2911.779783788051,0.0,0.0,0.0,312
7,Maule,29,28,REDPE_mid,9980.0,5.345000000000001,134,32.0,2.0,2.0,64.0,0.0,True,,0.4174508580738536,4990.0,9980.0,0.0,3061.810573255872,2208.697980642375,0.0,0.0,0.0,312
7,Maule,29,28,REDPE_mid,9980.0,5.345000000000001,135,32.0,2.0,2.0,64.0,0.01,True,,0.7217944587936884,3937.628435753859,9980.0,0.0,3468.23079782447,3261.0695448885167,0.0,0.0,0.0,312
7,Maule,29,28,REDPE_mid,9980.0,5.345000000000001,136,32.0,2.0,4.0,8.0,0.0,True,,1.3370040139795052,2624.2811110284874,9980.0,0.0,3958.93495779398,4574.416869613889,0.0,2365.718888971513,0.0,312
7,Maule,29,28,REDPE_mid,9980.0,5.345000000000001,137,32.0,2.0,4.0,8.0,0.01,True,,1.40074108717636,2413.5929946410806,9980.0,0.0,4039.5517353249875,4785.104986001295,0.0,2394.4778109765975,0.0,312
7,Maule,29,28,REDPE_mid,9980.0,5.345000000000001,138,32.0,2.0,4.0,16.0,0.0,True,,0.5891618250231151,4549.069020261834,9980.0,0.0,3232.2275943259215,2649.628960380541,0.0,440.93097973816555,0.0,312
7,Maule,29,28,REDPE_mid,9980.0,5.345000000000001,139,32.0,2.0,4.0,16.0,0.01,True,,0.7192584796276265,4100.325619844327,9980.0,0.0,3405.7272825674695,3098.3723607980487,0.0,443.9374034058719,0.0,312
7,Maule,29,28,REDPE_mid,9980.0,5.345000000000001,140,32.0,2.0,4.0,32.0,0.0,True,,0.4174508580738536,4990.0,9980.0,0.0,3061.810573255872,2208.697980642375,0.0,0.0,0.0,312
7,Maule,29,28,REDPE_mid,9980.0,5.345000000000001,141,32.0,2.0,4.0,32.0,0.01,True,,0.6207584108072219,4286.918196854324,9980.0,0.0,3333.1154416706986,2911.779783788051,0.0,0.0,0.0,312
7,Maule,29,28,REDPE_mid,9980.0,5.345000000000001,142,32.0,2.0,4.0,64.0,0.0,True,,0.4174508580738536,4990.0,9980.0,0.0,3061.810573255872,2208.697980642375,0.0,0.0,0.0,312
7,Maule,29,28,REDPE_mid,9980.0,5.345000000000001,143,32.0,2.0,4.0,64.0,0.01,True,,0.7217944587936884,3937.628435753859,9980.0,0.0,3468.23079782447,3261.0695448885167,0.0,0.0,0.0,312
8,Biobio,44,44,REDPE_mid,13334.999999999998,7.145,0,8.0,1.0,1.0,8.0,0.0,True,,0.06917292741612546,6445.174600119799,12896.0,438.9999999999982,12.288082043981095,12.288082043981095,438.9999999999982,0.0,2.8253998802005307,1612
8,Biobio,44,44,REDPE_mid,13334.999999999998,7.145,1,8.0,1.0,1.0,8.0,0.01,True,,0.012432191857383437,6410.09603118715,13334.999999999998,0.0,47.366650976630986,47.366650976630986,0.0,0.0,0.0,1667
8,Biobio,44,44,REDPE_mid,13334.999999999998,7.145,2,8.0,1.0,1.0,16.0,0.0,True,,0.06128748848279762,6457.462682163781,12928.0,406.9999999999982,0.0,0.0,406.9999999999982,0.0,6.53731783621952,1616
8,Biobio,44,44,REDPE_mid,13334.999999999998,7.145,3,8.0,1.0,1.0,16.0,0.01,True,,0.048014166973242754,6274.528705995726,13334.999999999998,0.0,182.93397616805484,182.93397616805484,0.0,0.0,0.0,1667
8,Biobio,44,44,REDPE_mid,13334.999999999998,7.145,4,8.0,1.0,1.0,32.0,0.0,True,,0.060237619716393416,6457.462682163781,12936.0,398.9999999999982,0.0,0.0,398.9999999999982,0.0,10.537317836219486,1617
8,Biobio,44,44,REDPE_mid,13334.999999999998,7.145,5,8.0,1.0,1.0,32.0,0.01,True,,0.11335661423020285,6025.573981946708,13334.999999999998,0.0,431.88870021707237,431.88870021707237,0.0,0.0,0.0,1667
8,Biobio,44,44,REDPE_mid,13334.999999999998,7.145,6,8.0,1.0,1.0,64.0,0.0,True,,0.058137882183585,6457.462682163781,12952.0,382.9999999999982,0.0,0.0,382.9999999999982,0.0,18.53731783621916,1619
8,Biobio,44,44,REDPE_mid,13334.999999999998,7.145,7,8.0,1.0,1.0,64.0,0.01,True,,0.22923099657586318,5584.0925852097425,13334.999999999998,0.0,873.3700969540384,873.3700969540384,0.0,0.0,0.0,1667
8,Biobio,44,44,REDPE_mid,13334.999999999998,7.145,8,8.0,1.0,2.0,8.0,0.0,True,,0.15268483315270065,6296.266784370491,12600.0,734.9999999999982,161.19589779328822,161.19589779328822,734.9999999999982,0.0,3.733215629507699,1575
8,Biobio,44,44,REDPE_mid,13334.999999999998,7.145,9,8.0,1.0,2.0,8.0,0.01,True,,0.07247767212856503,6295.573583406904,13136.0,198.99999999999818,161.88909875687702,161.88909875687702,198.99999999999818,0.0,3.7558243706951835,1642
8,Biobio,44,44,REDPE_mid,13334.999999999998,7.145,10,8.0,1.0,2.0,16.0,0.0,True,,0.09042111778395713,6405.83844548104,12824.0,510.9999999999982,51.624236682740126,51.624236682740126,510.9999999999982,0.0,6.161554518959635,1603
8,Biobio,44,44,REDPE_mid,13334.999999999998,7.145,11,8.0,1.0,2.0,16.0,0.01,True,,0.04797486206139313,6274.678457709873,13334.999999999998,0.0,182.78422445390765,182.78422445390765,0.0,0.0,0.0,1667
8,Biobio,44,44,REDPE_mid,13334.999999999998,7.145,12,8.0,1.0,2.0,32.0,0.0,True,,0.06038692284194979,6456.964942868957,12936.0,398.9999999999982,0.49773929482311274,0.49773929482311274,398.9999999999982,0.0,11.035057131042635,1617
8,Biobio,44,44,REDPE_mid,13334.999999999998,7.145,13,8.0,1.0,2.0,32.0,0.01,True,,0.10854000064813601,6043.925279694383,13334.999999999998,0.0,413.5374024693979,413.5374024693979,0.0,0.0,0.0,1667
8,Biobio,44,44,REDPE_mid,13334.999999999998,7.145,14,8.0,1.0,2.0,64.0,0.0,True,,0.058137882183585,6457.462682163781,12952.0,382.9999999999982,0.0,0.0,382.9999999999982,0.0,18.537317836219145,1619
8,Biobio,44,44,REDPE_mid,13334.999999999998,7.145,15,8.0,1.0,2.0,64.0,0.01,True,,0.22376899983680767,5604.902792785544,13334.999999999998,0.0,852.5598893782369,852.5598893782369,0.0,0.0,0.0,1667
8,Biobio,44,44,REDPE_mid,13334.999999999998,7.145,16,8.0,1.0,4.0,8.0,0.0,True,,1.0297175149277733,4737.459081502844,9480.0,3854.999999999998,1720.003600660937,1720.003600660937,3854.999999999998,0.0,2.5409184971565044,1185
8,Biobio,44,44,REDPE_mid,13334.999999999998,7.145,17,8.0,1.0,4.0,8.0,0.01,True,,0.9735172136812311,4714.041523874938,9896.0,3438.999999999998,1743.4211582888418,1743.4211582888418,3438.999999999998,0.0,3.7559808565406936,1237
8,Biobio,44,44,REDPE_mid,13334.999999999998,7.145,18,8.0,1.0,4.0,16.0,0.0,True,,0.880468850161133,5000.516817668631,10016.0,3318.999999999998,1456.94586449515,1456.94586449515,3318.999999999998,0.0,7.483182331369397,1252
8,Biobio,44,44,REDPE_mid,13334.999999999998,7.145,19,8.0,1.0,4.0,16.0,0.01,True,,0.8070496352051337,4950.5573657234345,10592.0,2742.999999999998,1506.905316440346,1506.905316440346,2742.999999999998,0.0,3.6765558384962946,1324
8,Biobio,44,44,REDPE_mid,13334.999999999998,7.145,20,8.0,1.0,4.0,32.0,0.0,True,,0.7841791994135214,5171.022440848481,10360.0,2974.999999999998,1286.4402413153,1286.4402413153,2974.999999999998,0.0,8.977559151519632,1295
8,Biobio,44,44,REDPE_mid,13334.999999999998,7.145,21,8.0,1.0,4.0,32.0,0.01,True,,0.6656405725235267,5087.742223981723,11296.0,2038.9999999999982,1369.7204581820574,1369.7204581820574,2038.9999999999982,0.0,8.590861928059025,1412
8,Biobio,44,44,REDPE_mid,13334.999999999998,7.145,22,8.0,1.0,4.0,64.0,0.0,True,,0.7603442400871323,5208.48223650283,10456.0,2878.999999999998,1248.98044566095,1248.98044566095,2878.999999999998,0.0,19.517763497169202,1307
8,Biobio,44,44,REDPE_mid,13334.999999999998,7.145,23,8.0,1.0,4.0,64.0,0.01,True,,0.5440916097418569,5103.986622692204,12080.0,1254.9999999999982,1353.476059471577,1353.476059471577,1254.9999999999982,0.0,16.59081551429161,1510
8,Biobio,44,44,REDPE_mid,13334.999999999998,7.145,24,8.0,2.0,1.0,8.0,0.0,True,,0.15328475816207418,6294.266784370493,12600.0,734.9999999999982,163.1958977932882,163.1958977932882,734.9999999999982,0.0,5.7332156295076935,1575
8,Biobio,44,44,REDPE_mid,13334.999999999998,7.145,25,8.0,2.0,1.0,8.0,0.01,True,,0.07814720529911262,6301.408646525295,13088.0,246.99999999999818,156.0540356384857,156.0540356384857,246.99999999999818,0.0,3.807715857937986,1636
8,Biobio,44,44,REDPE_mid,13334.999999999998,7.145,26,8.0,2.0,1.0,16.0,0.0,True,,0.09049152444527482,6405.603727273872,12824.0,510.9999999999982,51.858954889907736,51.858954889907736,510.9999999999982,0.0,6.396272726127243,1603
8,Biobio,44,44,REDPE_mid,13334.999999999998,7.145,27,8.0,2.0,1.0,16.0,0.01,True,,0.04098662929405175,6301.303624553444,13334.999999999998,0.0,156.15905761033707,156.15905761033707,0.0,0.0,0.0,1667
8,Biobio,44,44,REDPE_mid,13334.999999999998,7.145,28,8.0,2.0,1.0,32.0,0.0,True,,0.060432003258036895,6456.814656031827,12936.0,398.9999999999982,0.6480261319540044,0.6480261319540044,398.9999999999982,0.0,11.185343968173534,1617
8,Biobio,44,44,REDPE_mid,13334.999999999998,7.145,29,8.0,2.0,1.0,32.0,0.01,True,,0.10332863283570756,6063.780591059735,13334.999999999998,0.0,393.6820911040455,393.6820911040455,0.0,0.0,0.0,1667
8,Biobio,44,44,REDPE_mid,13334.999999999998,7.145,30,8.0,2.0,1.0,64.0,0.0,True,,0.058137882183585,6457.462682163781,12952.0,382.9999999999982,0.0,0.0,382.9999999999982,0.0,18.53731783621921,1619
8,Biobio,44,44,REDPE_mid,13334.999999999998,7.145,31,8.0,2.0,1.0,64.0,0.01,True,,0.2163173125049624,5633.293721519874,13334.999999999998,0.0,824.1689606439063,824.1689606439063,0.0,0.0,0.0,1667
8,Biobio,44,44,REDPE_mid,13334.999999999998,7.145,32,8.0,2.0,2.0,8.0,0.0,True,,0.15328475816207418,6294.266784370493,12600.0,734.9999999999982,163.1958977932882,163.1958977932882,734.9999999999982,0.0,5.7332156295076935,1575
8,Biobio,44,44,REDPE_mid,13334.999999999998,7.145,33,8.0,2.0,2.0,8.0,0.01,True,,0.07814720529911262,6301.408646525295,13088.0,246.99999999999818,156.0540356384857,156.0540356384857,246.99999999999818,0.0,3.807715857937986,1636
8,Biobio,44,44,REDPE_mid,13334.999999999998,7.145,34,8.0,2.0,2.0,16.0,0.0,True,,0.09049152444527482,6405.603727273872,12824.0,510.9999999999982,51.858954889907736,51.858954889907736,510.9999999999982,0.0,6.396272726127243,1603
8,Biobio,44,44,REDPE_mid,13334.999999999998,7.145,35,8.0,2.0,2.0,16.0,0.01,True,,0.04098662929405175,6301.303624553444,13334.999999999998,0.0,156.15905761033707,156.15905761033707,0.0,0.0,0.0,1667
8,Biobio,44,44,REDPE_mid,13334.999999999998,7.145,36,8.0,2.0,2.0,32.0,0.0,True,,0.060432003258036895,6456.814656031827,12936.0,398.9999999999982,0.6480261319540044,0.6480261319540044,398.9999999999982,0.0,11.185343968173534,1617
8,Biobio,44,44,REDPE_mid,13334.999999999998,7.145,37,8.0,2.0,2.0,32.0,0.01,True,,0.10332863283570756,6063.780591059735,13334.999999999998,0.0,393.6820911040455,393.6820911040455,0.0,0.0,0.0,1667
8,Biobio,44,44,REDPE_mid,13334.999999999998,7.145,38,8.0,2.0,2.0,64.0,0.0,True,,0.058137882183585,6457.462682163781,12952.0,382.9999999999982,0.0,0.0,382.9999999999982,0.0,18.53731783621921,1619
8,Biobio,44,44,REDPE_mid,13334.999999999998,7.145,39,8.0,2.0,2.0,64.0,0.01,True,,0.2163173125049624,5633.293721519874,13334.999999999998,0.0,824.1689606439063,824.1689606439063,0.0,0.0,0.0,1667
8,Biobio,44,44,REDPE_mid,13334.999999999998,7.145,40,8.0,2.0,4.0,8.0,0.0,True,,1.0297175149277733,4737.459081502844,9480.0,3854.999999999998,1720.003600660937,1720.003600660937,3854.999999999998,0.0,2.540918497156506,1185
8,Biobio,44,44,REDPE_mid,13334.999999999998,7.145,41,8.0,2.0,4.0,8.0,0.01,True,,0.9762570638722037,4721.885114277147,9864.0,3470.999999999998,1735.577567886633,1735.577567886633,3470.999999999998,0.0,3.7329182652392747,1233
8,Biobio,44,44,REDPE_mid,13334.999999999998,7.145,42,8.0,2.0,4.0,16.0,0.0,True,,0.880468850161133,5000.516817668631,10016.0,3318.999999999998,1456.9458644951499,1456.9458644951499,3318.999999999998,0.0,7.483182331369395,1252
8,Biobio,44,44,REDPE_mid,13334.999999999998,7.145,43,8.0,2.0,4.0,16.0,0.01,True,,0.8058648534981521,4964.518855182183,10576.0,2758.999999999998,1492.943826981597,1492.943826981597,2758.999999999998,0.0,5.808853924535581,1322
8,Biobio,44,44,REDPE_mid,13334.999999999998,7.145,44,8.0,2.0,4.0,32.0,0.0,True,,0.7841791994135214,5171.022440848481,10360.0,2974.999999999998,1286.4402413153002,1286.4402413153002,2974.999999999998,0.0,8.977559151519642,1295
8,Biobio,44,44,REDPE_mid,13334.999999999998,7.145,45,8.0,2.0,4.0,32.0,0.01,True,,0.6635500450373488,5104.728578468905,11280.0,2054.999999999998,1352.7341036948762,1352.7341036948762,2054.999999999998,0.0,7.740975281967889,1410
8,Biobio,44,44,REDPE_mid,13334.999999999998,7.145,46,8.0,2.0,4.0,64.0,0.0,True,,0.7603442400871323,5208.48223650283,10456.0,2878.999999999998,1248.98044566095,1248.98044566095,2878.999999999998,0.0,19.517763497169202,1307
8,Biobio,44,44,REDPE_mid,13334.999999999998,7.145,47,8.0,2.0,4.0,64.0,0.01,True,,0.5427621513826494,5118.225390828604,12064.0,1270.9999999999982,1339.237291335176,1339.237291335176,1270.9999999999982,0.0,16.80553802902573,1508
8,Biobio,44,44,REDPE_mid,13334.999999999998,7.145,48,16.0,1.0,1.0,8.0,0.0,True,,0.2777112934317718,5681.186508813456,13334.999999999998,0.0,776.2761733503236,776.2761733503236,0.0,986.3134911865421,0.0,834
8,Biobio,44,44,REDPE_mid,13334.999999999998,7.145,49,16.0,1.0,1.0,8.0,0.01,True,,0.3591007753338455,5381.270700219235,13334.999999999998,0.0,1076.1919819445461,1076.1919819445461,0.0,1021.9369022709168,0.0,834
8,Biobio,44,44,REDPE_mid,13334.999999999998,7.145,50,16.0,1.0,1.0,16.0,0.0,True,,0.061287488482797615,6457.462682163781,12928.0,406.9999999999982,0.0,0.0,406.9999999999982,0.0,6.537317836219467,808
8,Biobio,44,44,REDPE_mid,13334.999999999998,7.145,51,16.0,1.0,1.0,16.0,0.01,True,,0.07990907700968475,6153.009098756882,13334.999999999998,0.0,304.45358340689825,304.45358340689825,0.0,0.0,0.0,834
8,Biobio,44,44,REDPE_mid,13334.999999999998,7.145,52,16.0,1.0,1.0,32.0,0.0,True,,0.05918775094998922,6457.462682163781,12944.0,390.9999999999982,0.0,0.0,390.9999999999982,0.0,14.537317836219508,809
8,Biobio,44,44,REDPE_mid,13334.999999999998,7.145,53,16.0,1.0,1.0,32.0,0.01,True,,0.14192921286307225,5916.712381155476,13334.999999999998,0.0,540.7503010083049,540.7503010083049,0.0,0.0,0.0,834
8,Biobio,44,44,REDPE_mid,13334.999999999998,7.145,54,16.0,1.0,1.0,64.0,0.0,True,,0.057088013417180804,6457.462682163781,12960.0,374.9999999999982,0.0,0.0,374.9999999999982,0.0,22.53731783621913,810
8,Biobio,44,44,REDPE_mid,13334.999999999998,7.145,55,16.0,1.0,1.0,64.0,0.01,True,,0.2580577359102916,5474.26270834557,13334.999999999998,0.0,983.1999738182105,983.1999738182105,0.0,0.0,0.0,834
8,Biobio,44,44,REDPE_mid,13334.999999999998,7.145,56,16.0,1.0,2.0,8.0,0.0,True,,0.2777112934317718,5681.186508813456,13334.999999999998,0.0,776.2761733503236,776.2761733503236,0.0,986.3134911865421,0.0,834
8,Biobio,44,44,REDPE_mid,13334.999999999998,7.145,57,16.0,1.0,2.0,8.0,0.01,True,,0.3591007753338455,5381.270700219235,13334.999999999998,0.0,1076.1919819445461,1076.1919819445461,0.0,1021.9369022709168,0.0,834
8,Biobio,44,44,REDPE_mid,13334.999999999998,7.145,58,16.0,1.0,2.0,16.0,0.0,True,,0.061287488482797615,6457.462682163781,12928.0,406.9999999999982,0.0,0.0,406.9999999999982,0.0,6.537317836219467,808
8,Biobio,44,44,REDPE_mid,13334.999999999998,7.145,59,16.0,1.0,2.0,16.0,0.01,True,,0.07990907700968475,6153.009098756882,13334.999999999998,0.0,304.45358340689825,304.45358340689825,0.0,0.0,0.0,834
8,Biobio,44,44,REDPE_mid,13334.999999999998,7.145,60,16.0,1.0,2.0,32.0,0.0,True,,0.05918775094998922,6457.462682163781,12944.0,390.9999999999982,0.0,0.0,390.9999999999982,0.0,14.537317836219511,809
8,Biobio,44,44,REDPE_mid,13334.999999999998,7.145,61,16.0,1.0,2.0,32.0,0.01,True,,0.14192921286307225,5916.712381155476,13334.999999999998,0.0,540.7503010083049,540.7503010083049,0.0,0.0,0.0,834
8,Biobio,44,44,REDPE_mid,13334.999999999998,7.145,62,16.0,1.0,2.0,64.0,0.0,True,,0.057088013417180804,6457.462682163781,12960.0,374.9999999999982,0.0,0.0,374.9999999999982,0.0,22.537317836219138,810
8,Biobio,44,44,REDPE_mid,13334.999999999998,7.145,63,16.0,1.0,2.0,64.0,0.01,True,,0.2580577359102916,5474.26270834557,13334.999999999998,0.0,983.1999738182105,983.1999738182105,0.0,0.0,0.0,834
8,Biobio,44,44,REDPE_mid,13334.999999999998,7.145,64,16.0,1.0,4.0,8.0,0.0,True,,0.2132299636505073,5872.266182731937,13334.999999999998,0.0,585.1964994318431,585.1964994318431,0.0,795.2338172680616,0.0,834
8,Biobio,44,44,REDPE_mid,13334.999999999998,7.145,65,16.0,1.0,4.0,8.0,0.01,True,,0.2920744389570941,5577.1257923282865,13334.999999999998,0.0,880.3368898354933,880.3368898354933,0.0,813.6335290686204,0.0,834
8,Biobio,44,44,REDPE_mid,13334.999999999998,7.145,66,16.0,1.0,4.0,16.0,0.0,True,,0.08349406724755726,6418.431500206763,12848.0,486.9999999999982,39.03118195701697,39.03118195701697,486.9999999999982,0.0,5.5684997932364375,803
8,Biobio,44,44,REDPE_mid,13334.999999999998,7.145,67,16.0,1.0,4.0,16.0,0.01,True,,0.07767117003762385,6161.535524320434,13334.999999999998,0.0,295.9271578433462,295.9271578433462,0.0,0.0,0.0,834
8,Biobio,44,44,REDPE_mid,13334.999999999998,7.145,68,16.0,1.0,4.0,32.0,0.0,True,,0.05918775094998922,6457.462682163781,12944.0,390.9999999999982,0.0,0.0,390.9999999999982,0.0,14.537317836219515,809
8,Biobio,44,44,REDPE_mid,13334.999999999998,7.145,69,16.0,1.0,4.0,32.0,0.01,True,,0.13788310512750826,5932.128051627975,13334.999999999998,0.0,525.3346305358064,525.3346305358064,0.0,0.0,0.0,834
8,Biobio,44,44,REDPE_mid,13334.999999999998,7.145,70,16.0,1.0,4.0,64.0,0.0,True,,0.057088013417180804,6457.462682163781,12960.0,374.9999999999982,0.0,0.0,374.9999999999982,0.0,22.537317836219103,810
8,Biobio,44,44,REDPE_mid,13334.999999999998,7.145,71,16.0,1.0,4.0,64.0,0.01,True,,0.25174857960180747,5498.300593880895,13334.999999999998,0.0,959.1620882828859,959.1620882828859,0.0,0.0,0.0,834
8,Biobio,44,44,REDPE_mid,13334.999999999998,7.145,72,16.0,2.0,1.0,8.0,0.0,True,,0.02528071174090929,6429.222465890713,13334.999999999998,0.0,28.240216273067787,28.240216273067787,0.0,238.27753410928636,0.0,834
8,Biobio,44,44,REDPE_mid,13334.999999999998,7.145,73,16.0,2.0,1.0,8.0,0.01,True,,0.10111115452981836,6135.736361765741,13334.999999999998,0.0,321.72632039804023,321.72632039804023,0.0,222.27512426198712,0.0,834
8,Biobio,44,44,REDPE_mid,13334.999999999998,7.145,74,16.0,2.0,1.0,16.0,0.0,True,,0.06128748848279762,6457.462682163781,12928.0,406.9999999999982,0.0,0.0,406.9999999999982,0.0,6.537317836219511,808
8,Biobio,44,44,REDPE_mid,13334.999999999998,7.145,75,16.0,2.0,1.0,16.0,0.01,True,,0.07094770924056301,6187.151909957236,13334.999999999998,0.0,270.3107722065449,270.3107722065449,0.0,0.0,0.0,834
8,Biobio,44,44,REDPE_mid,13334.999999999998,7.145,76,16.0,2.0,1.0,32.0,0.0,True,,0.05918775094998922,6457.462682163781,12944.0,390.9999999999982,0.0,0.0,390.9999999999982,0.0,14.537317836219511,809
8,Biobio,44,44,REDPE_mid,13334.999999999998,7.145,77,16.0,2.0,1.0,32.0,0.01,True,,0.1358650849978353,5939.816708322029,13334.999999999998,0.0,517.6459738417524,517.6459738417524,0.0,0.0,0.0,834
8,Biobio,44,44,REDPE_mid,13334.999999999998,7.145,78,16.0,2.0,1.0,64.0,0.0,True,,0.057088013417180804,6457.462682163781,12960.0,374.9999999999982,0.0,0.0,374.9999999999982,0.0,22.53731783621913,810
8,Biobio,44,44,REDPE_mid,13334.999999999998,7.145,79,16.0,2.0,1.0,64.0,0.01,True,,0.24986168986881116,5505.489643763611,13334.999999999998,0.0,951.9730384001705,951.9730384001705,0.0,0.0,0.0,834
8,Biobio,44,44,REDPE_mid,13334.999999999998,7.145,80,16.0,2.0,2.0,8.0,0.0,True,,0.02528071174090929,6429.222465890713,13334.999999999998,0.0,28.240216273067787,28.240216273067787,0.0,238.27753410928636,0.0,834
8,Biobio,44,44,REDPE_mid,13334.999999999998,7.145,81,16.0,2.0,2.0,8.0,0.01,True,,0.10111115452981836,6135.736361765741,13334.999999999998,0.0,321.72632039804023,321.72632039804023,0.0,222.27512426198712,0.0,834
8,Biobio,44,44,REDPE_mid,13334.999999999998,7.145,82,16.0,2.0,2.0,16.0,0.0,True,,0.06128748848279762,6457.462682163781,12928.0,406.9999999999982,0.0,0.0,406.9999999999982,0.0,6.537317836219511,808
8,Biobio,44,44,REDPE_mid,13334.999999999998,7.145,83,16.0,2.0,2.0,16.0,0.01,True,,0.07094770924056301,6187.151909957236,13334.999999999998,0.0,270.3107722065449,270.3107722065449,0.0,0.0,0.0,834
8,Biobio,44,44,REDPE_mid,13334.999999999998,7.145,84,16.0,2.0,2.0,32.0,0.0,True,,0.05918775094998922,6457.462682163781,12944.0,390.9999999999982,0.0,0.0,390.9999999999982,0.0,14.537317836219511,809
8,Biobio,44,44,REDPE_mid,13334.999999999998,7.145,85,16.0,2.0,2.0,32.0,0.01,True,,0.1358650849978353,5939.816708322029,13334.999999999998,0.0,517.6459738417524,517.6459738417524,0.0,0.0,0.0,834
8,Biobio,44,44,REDPE_mid,13334.999999999998,7.145,86,16.0,2.0,2.0,64.0,0.0,True,,0.057088013417180804,6457.462682163781,12960.0,374.9999999999982,0.0,0.0,374.9999999999982,0.0,22.53731783621913,810
8,Biobio,44,44,REDPE_mid,13334.999999999998,7.145,87,16.0,2.0,2.0,64.0,0.01,True,,0.24986168986881116,5505.489643763611,13334.999999999998,0.0,951.9730384001705,951.9730384001705,0.0,0.0,0.0,834
8,Biobio,44,44,REDPE_mid,13334.999999999998,7.145,88,16.0,2.0,4.0,8.0,0.0,True,,0.08701725331068627,6317.146209751401,13120.0,214.99999999999818,140.3164724123796,140.3164724123796,214.99999999999818,235.68104866075225,7.1727415878468275,820
8,Biobio,44,44,REDPE_mid,13334.999999999998,7.145,89,16.0,2.0,4.0,8.0,0.01,True,,0.10476472434230794,6123.035065750264,13334.999999999998,0.0,334.4276164135167,334.4276164135167,0.0,226.54094165736666,0.0,834
8,Biobio,44,44,REDPE_mid,13334.999999999998,7.145,90,16.0,2.0,4.0,16.0,0.0,True,,0.08349406724755726,6418.431500206763,12848.0,486.9999999999982,39.03118195701696,39.03118195701696,486.9999999999982,0.0,5.568499793236445,803
8,Biobio,44,44,REDPE_mid,13334.999999999998,7.145,91,16.0,2.0,4.0,16.0,0.01,True,,0.06962300760357462,6192.199023194162,13334.999999999998,0.0,265.2636589696191,265.2636589696191,0.0,0.0,0.0,834
8,Biobio,44,44,REDPE_mid,13334.999999999998,7.145,92,16.0,2.0,4.0,32.0,0.0,True,,0.05918775094998922,6457.462682163781,12944.0,390.9999999999982,0.0,0.0,390.9999999999982,0.0,14.537317836219508,809
8,Biobio,44,44,REDPE_mid,13334.999999999998,7.145,93,16.0,2.0,4.0,32.0,0.01,True,,0.13176823463462425,5955.425708205863,13334.999999999998,0.0,502.0369739579186,502.0369739579186,0.0,0.0,0.0,834
8,Biobio,44,44,REDPE_mid,13334.999999999998,7.145,94,16.0,2.0,4.0,64.0,0.0,True,,0.057088013417180804,6457.462682163781,12960.0,374.9999999999982,0.0,0.0,374.9999999999982,0.0,22.537317836219124,810
8,Biobio,44,44,REDPE_mid,13334.999999999998,7.145,95,16.0,2.0,4.0,64.0,0.01,True,,0.24427676124336323,5526.768221826567,13334.999999999998,0.0,930.6944603372134,930.6944603372134,0.0,0.0,0.0,834
8,Biobio,44,44,REDPE_mid,13334.999999999998,7.145,96,32.0,1.0,1.0,8.0,0.0,True,,1.2416655580183655,2824.668704755184,13334.999999999998,0.0,3632.793977408596,3632.793977408596,0.0,3842.831295244814,0.0,417
8,Biobio,44,44,REDPE_mid,13334.999999999998,7.145,97,32.0,1.0,1.0,8.0,0.01,True,,1.3026144677025477,2603.4519470266523,13334.999999999998,0.0,3854.0107351371284,3854.0107351371284,0.0,3881.3263538335214,0.0,417
8,Biobio,44,44,REDPE_mid,13334.999999999998,7.145,98,32.0,1.0,1.0,16.0,0.0,True,,0.392630840586373,5340.641584078656,13334.999999999998,0.0,1116.8210980851254,1116.8210980851254,0.0,1326.8584159213437,0.0,417
8,Biobio,44,44,REDPE_mid,13334.999999999998,7.145,99,32.0,1.0,1.0,16.0,0.01,True,,0.5331131365335001,4808.470837287676,13334.999999999998,0.0,1648.991844876105,1648.991844876105,0.0,1337.5922186078537,0.0,417
8,Biobio,44,44,REDPE_mid,13334.999999999998,7.145,100,32.0,1.0,1.0,32.0,0.0,True,,0.05708801341718082,6457.462682163781,12960.0,374.9999999999982,0.0,0.0,374.9999999999982,0.0,22.53731783621942,405
8,Biobio,44,44,REDPE_mid,13334.999999999998,7.145,101,32.0,1.0,1.0,32.0,0.01,True,,0.1962937806167252,5709.583378014058,13334.999999999998,0.0,747.8793041497228,747.8793041497228,0.0,0.0,0.0,417
8,Biobio,44,44,REDPE_mid,13334.999999999998,7.145,102,32.0,1.0,1.0,64.0,0.0,True,,0.05708801341718081,6457.462682163781,12960.0,374.9999999999982,0.0,0.0,374.9999999999982,0.0,22.537317836219216,405
8,Biobio,44,44,REDPE_mid,13334.999999999998,7.145,103,32.0,1.0,1.0,64.0,0.01,True,,0.3085731380784933,5281.799026084722,13334.999999999998,0.0,1175.6636560790594,1175.6636560790594,0.0,0.0,0.0,417
8,Biobio,44,44,REDPE_mid,13334.999999999998,7.145,104,32.0,1.0,2.0,8.0,0.0,True,,1.2416655580183655,2824.668704755184,13334.999999999998,0.0,3632.793977408596,3632.793977408596,0.0,3842.831295244814,0.0,417
8,Biobio,44,44,REDPE_mid,13334.999999999998,7.145,105,32.0,1.0,2.0,8.0,0.01,True,,1.3026144677025477,2603.4519470266523,13334.999999999998,0.0,3854.0107351371284,3854.0107351371284,0.0,3881.3263538335214,0.0,417
8,Biobio,44,44,REDPE_mid,13334.999999999998,7.145,106,32.0,1.0,2.0,16.0,0.0,True,,0.392630840586373,5340.641584078656,13334.999999999998,0.0,1116.8210980851254,1116.8210980851254,0.0,1326.8584159213437,0.0,417
8,Biobio,44,44,REDPE_mid,13334.999999999998,7.145,107,32.0,1.0,2.0,16.0,0.01,True,,0.5331131365335001,4808.470837287676,13334.999999999998,0.0,1648.991844876105,1648.991844876105,0.0,1337.5922186078537,0.0,417
8,Biobio,44,44,REDPE_mid,13334.999999999998,7.145,108,32.0,1.0,2.0,32.0,0.0,True,,0.05708801341718082,6457.462682163781,12960.0,374.9999999999982,0.0,0.0,374.9999999999982,0.0,22.53731783621942,405
8,Biobio,44,44,REDPE_mid,13334.999999999998,7.145,109,32.0,1.0,2.0,32.0,0.01,True,,0.1962937806167252,5709.583378014058,13334.999999999998,0.0,747.8793041497228,747.8793041497228,0.0,0.0,0.0,417
8,Biobio,44,44,REDPE_mid,13334.999999999998,7.145,110,32.0,1.0,2.0,64.0,0.0,True,,0.05708801341718081,6457.462682163781,12960.0,374.9999999999982,0.0,0.0,374.9999999999982,0.0,22.537317836219216,405
8,Biobio,44,44,REDPE_mid,13334.999999999998,7.145,111,32.0,1.0,2.0,64.0,0.01,True,,0.3085731380784933,5281.799026084722,13334.999999999998,0.0,1175.6636560790594,1175.6636560790594,0.0,0.0,0.0,417
8,Biobio,44,44,REDPE_mid,13334.999999999998,7.145,112,32.0,1.0,4.0,8.0,0.0,True,,1.2136669683775518,2907.637858724129,13334.999999999998,0.0,3549.824823439652,3549.824823439652,0.0,3759.8621412758703,0.0,417
8,Biobio,44,44,REDPE_mid,13334.999999999998,7.145,113,32.0,1.0,4.0,8.0,0.01,True,,1.2745054033613104,2686.5188992161416,13334.999999999998,0.0,3770.943782947639,3770.943782947639,0.0,3797.226313506332,0.0,417
8,Biobio,44,44,REDPE_mid,13334.999999999998,7.145,114,32.0,1.0,4.0,16.0,0.0,True,,0.392630840586373,5340.641584078656,13334.999999999998,0.0,1116.8210980851254,1116.8210980851254,0.0,1326.8584159213437,0.0,417
8,Biobio,44,44,REDPE_mid,13334.999999999998,7.145,115,32.0,1.0,4.0,16.0,0.01,True,,0.5331131365335001,4808.470837287676,13334.999999999998,0.0,1648.991844876105,1648.991844876105,0.0,1337.5922186078537,0.0,417
8,Biobio,44,44,REDPE_mid,13334.999999999998,7.145,116,32.0,1.0,4.0,32.0,0.0,True,,0.05708801341718082,6457.462682163781,12960.0,374.9999999999982,0.0,0.0,374.9999999999982,0.0,22.53731783621942,405
8,Biobio,44,44,REDPE_mid,13334.999999999998,7.145,117,32.0,1.0,4.0,32.0,0.01,True,,0.1962937806167252,5709.583378014058,13334.999999999998,0.0,747.8793041497228,747.8793041497228,0.0,0.0,0.0,417
8,Biobio,44,44,REDPE_mid,13334.999999999998,7.145,118,32.0,1.0,4.0,64.0,0.0,True,,0.05708801341718081,6457.462682163781,12960.0,374.9999999999982,0.0,0.0,374.9999999999982,0.0,22.537317836219223,405
8,Biobio,44,44,REDPE_mid,13334.999999999998,7.145,119,32.0,1.0,4.0,64.0,0.01,True,,0.3085731380784933,5281.799026084722,13334.999999999998,0.0,1175.6636560790594,1175.6636560790594,0.0,0.0,0.0,417
8,Biobio,44,44,REDPE_mid,13334.999999999998,7.145,120,32.0,2.0,1.0,8.0,0.0,True,,1.0266562084869135,3461.813077200054,13334.999999999998,0.0,2995.649604963727,2995.649604963727,0.0,3205.686922799946,0.0,417
8,Biobio,44,44,REDPE_mid,13334.999999999998,7.145,121,32.0,2.0,1.0,8.0,0.01,True,,1.0935297032383082,3216.3320443979096,13334.999999999998,0.0,3241.130637765871,3241.130637765871,0.0,3238.261360502288,0.0,417
8,Biobio,44,44,REDPE_mid,13334.999999999998,7.145,122,32.0,2.0,1.0,16.0,0.0,True,,0.1757795385525731,5983.244275772149,13334.999999999998,0.0,474.2184063916318,474.2184063916318,0.0,684.2557242278504,0.0,417
8,Biobio,44,44,REDPE_mid,13334.999999999998,7.145,123,32.0,2.0,1.0,16.0,0.01,True,,0.32555874528178985,5411.991981069238,13334.999999999998,0.0,1045.4707010945428,1045.4707010945428,0.0,682.1784145017668,0.0,417
8,Biobio,44,44,REDPE_mid,13334.999999999998,7.145,124,32.0,2.0,1.0,32.0,0.0,True,,0.05708801341718082,6457.462682163781,12960.0,374.9999999999982,0.0,0.0,374.9999999999982,0.0,22.537317836219387,405
8,Biobio,44,44,REDPE_mid,13334.999999999998,7.145,125,32.0,2.0,1.0,32.0,0.01,True,,0.18978825302267327,5734.369438147396,13334.999999999998,0.0,723.0932440163849,723.0932440163849,0.0,0.0,0.0,417
8,Biobio,44,44,REDPE_mid,13334.999999999998,7.145,126,32.0,2.0,1.0,64.0,0.0,True,,0.05708801341718081,6457.462682163781,12960.0,374.9999999999982,0.0,0.0,374.9999999999982,0.0,22.537317836219216,405
8,Biobio,44,44,REDPE_mid,13334.999999999998,7.145,127,32.0,2.0,1.0,64.0,0.01,True,,0.3008334097266891,5311.287391105096,13334.999999999998,0.0,1146.1752910586847,1146.1752910586847,0.0,0.0,0.0,417
8,Biobio,44,44,REDPE_mid,13334.999999999998,7.145,128,32.0,2.0,2.0,8.0,0.0,True,,1.0266562084869135,3461.813077200054,13334.999999999998,0.0,2995.649604963727,2995.649604963727,0.0,3205.686922799946,0.0,417
8,Biobio,44,44,REDPE_mid,13334.999999999998,7.145,129,32.0,2.0,2.0,8.0,0.01,True,,1.0935297032383082,3216.3320443979096,13334.999999999998,0.0,3241.130637765871,3241.130637765871,0.0,3238.261360502288,0.0,417
8,Biobio,44,44,REDPE_mid,13334.999999999998,7.145,130,32.0,2.0,2.0,16.0,0.0,True,,0.1757795385525731,5983.244275772149,13334.999999999998,0.0,474.2184063916318,474.2184063916318,0.0,684.2557242278504,0.0,417
8,Biobio,44,44,REDPE_mid,13334.999999999998,7.145,131,32.0,2.0,2.0,16.0,0.01,True,,0.32555874528178985,5411.991981069238,13334.999999999998,0.0,1045.4707010945428,1045.4707010945428,0.0,682.1784145017668,0.0,417
8,Biobio,44,44,REDPE_mid,13334.999999999998,7.145,132,32.0,2.0,2.0,32.0,0.0,True,,0.05708801341718082,6457.462682163781,12960.0,374.9999999999982,0.0,0.0,374.9999999999982,0.0,22.537317836219387,405
8,Biobio,44,44,REDPE_mid,13334.999999999998,7.145,133,32.0,2.0,2.0,32.0,0.01,True,,0.18978825302267327,5734.369438147396,13334.999999999998,0.0,723.0932440163849,723.0932440163849,0.0,0.0,0.0,417
8,Biobio,44,44,REDPE_mid,13334.999999999998,7.145,134,32.0,2.0,2.0,64.0,0.0,True,,0.05708801341718081,6457.462682163781,12960.0,374.9999999999982,0.0,0.0,374.9999999999982,0.0,22.537317836219216,405
8,Biobio,44,44,REDPE_mid,13334.999999999998,7.145,135,32.0,2.0,2.0,64.0,0.01,True,,0.3008334097266891,5311.287391105096,13334.999999999998,0.0,1146.1752910586847,1146.1752910586847,0.0,0.0,0.0,417
8,Biobio,44,44,REDPE_mid,13334.999999999998,7.145,136,32.0,2.0,4.0,8.0,0.0,True,,1.0266562084869135,3461.813077200054,13334.999999999998,0.0,2995.649604963727,2995.649604963727,0.0,3205.686922799946,0.0,417
8,Biobio,44,44,REDPE_mid,13334.999999999998,7.145,137,32.0,2.0,4.0,8.0,0.01,True,,1.0935297032383082,3216.3320443979096,13334.999999999998,0.0,3241.130637765871,3241.130637765871,0.0,3238.261360502288,0.0,417
8,Biobio,44,44,REDPE_mid,13334.999999999998,7.145,138,32.0,2.0,4.0,16.0,0.0,True,,0.1757795385525731,5983.244275772149,13334.999999999998,0.0,474.2184063916318,474.2184063916318,0.0,684.2557242278504,0.0,417
8,Biobio,44,44,REDPE_mid,13334.999999999998,7.145,139,32.0,2.0,4.0,16.0,0.01,True,,0.32555874528178985,5411.991981069238,13334.999999999998,0.0,1045.4707010945428,1045.4707010945428,0.0,682.1784145017668,0.0,417
8,Biobio,44,44,REDPE_mid,13334.999999999998,7.145,140,32.0,2.0,4.0,32.0,0.0,True,,0.05708801341718082,6457.462682163781,12960.0,374.9999999999982,0.0,0.0,374.9999999999982,0.0,22.537317836219387,405
8,Biobio,44,44,REDPE_mid,13334.999999999998,7.145,141,32.0,2.0,4.0,32.0,0.01,True,,0.18978825302267327,5734.369438147396,13334.999999999998,0.0,723.0932440163849,723.0932440163849,0.0,0.0,0.0,417
8,Biobio,44,44,REDPE_mid,13334.999999999998,7.145,142,32.0,2.0,4.0,64.0,0.0,True,,0.05708801341718081,6457.462682163781,12960.0,374.9999999999982,0.0,0.0,374.9999999999982,0.0,22.537317836219216,405
8,Biobio,44,44,REDPE_mid,13334.999999999998,7.145,143,32.0,2.0,4.0,64.0,0.01,True,,0.3008334097266891,5311.287391105096,13334.999999999998,0.0,1146.1752910586847,1146.1752910586847,0.0,0.0,0.0,417
9,Araucania,33,32,REDPE_mid,20640.0,11.055,0,8.0,1.0,1.0,8.0,0.0,True,,0.5156137185804638,7675.508748166203,15360.0,5280.0,22.863293023963564,22.863293023963564,5280.0,0.0,4.491251833796645,1920
9,Araucania,33,32,REDPE_mid,20640.0,11.055,1,8.0,1.0,1.0,8.0,0.01,True,,0.4631380200729108,7678.765651244785,15896.0,4744.0,19.60638994538179,19.60638994538179,4744.0,0.0,5.092738992084981,1987
9,Araucania,33,32,REDPE_mid,20640.0,11.055,2,8.0,1.0,1.0,16.0,0.0,True,,0.507113080397525,7698.372041190167,15408.0,5232.0,0.0,0.0,5232.0,0.0,5.627958809833083,1926
9,Araucania,33,32,REDPE_mid,20640.0,11.055,3,8.0,1.0,1.0,16.0,0.01,True,,0.42257780796772787,7698.372041190167,16280.0,4360.0,0.0,0.0,4360.0,0.0,4.011912907807407,2035
9,Araucania,33,32,REDPE_mid,20640.0,11.055,4,8.0,1.0,1.0,32.0,0.0,True,,0.5064347858238817,7698.372041190167,15416.0,5224.0,0.0,0.0,5224.0,0.0,9.627958809833158,1927
9,Araucania,33,32,REDPE_mid,20640.0,11.055,5,8.0,1.0,1.0,32.0,0.01,True,,0.3545372729281718,7698.372041190167,16984.0,3656.0,0.0,0.0,3656.0,0.0,11.298626474930963,2123
9,Araucania,33,32,REDPE_mid,20640.0,11.055,6,8.0,1.0,1.0,64.0,0.0,True,,0.5050781966765948,7698.372041190167,15432.0,5208.0,0.0,0.0,5208.0,0.0,17.627958809833075,1929
9,Araucania,33,32,REDPE_mid,20640.0,11.055,7,8.0,1.0,1.0,64.0,0.01,True,,0.2197696327308304,7698.372041190167,18376.0,2264.0,0.0,0.0,2264.0,0.0,16.090439128678945,2297
9,Araucania,33,32,REDPE_mid,20640.0,11.055,8,8.0,1.0,2.0,8.0,0.0,True,,0.5865009080539716,7481.230850482903,14968.0,5672.0,217.1411907072648,217.1411907072648,5672.0,0.0,2.769149517097892,1871
9,Araucania,33,32,REDPE_mid,20640.0,11.055,9,8.0,1.0,2.0,8.0,0.01,True,,0.5419006725001743,7465.719609502318,15456.0,5184.0,232.6524316878484,232.6524316878484,5184.0,0.0,5.092738992251938,1932
9,Araucania,33,32,REDPE_mid,20640.0,11.055,10,8.0,1.0,2.0,16.0,0.0,True,,0.5379744829499202,7612.627204019807,15240.0,5400.0,85.74483717035972,85.74483717035972,5400.0,0.0,7.372795980192813,1905
9,Araucania,33,32,REDPE_mid,20640.0,11.055,11,8.0,1.0,2.0,16.0,0.01,True,,0.4631748913141386,7596.108098526085,16040.0,4600.0,102.26394266408084,102.26394266408084,4600.0,0.0,4.011914799069133,2005
9,Araucania,33,32,REDPE_mid,20640.0,11.055,12,8.0,1.0,2.0,32.0,0.0,True,,0.5093871339086233,7690.1379250729005,15400.0,5240.0,8.234116117267506,8.234116117267506,5240.0,0.0,9.862074927100672,1925
9,Araucania,33,32,REDPE_mid,20640.0,11.055,13,8.0,1.0,2.0,32.0,0.01,True,,0.365618492025686,7683.310271617731,16896.0,3744.0,15.06176957243608,15.06176957243608,3744.0,0.0,11.29896381326553,2112
9,Araucania,33,32,REDPE_mid,20640.0,11.055,14,8.0,1.0,2.0,64.0,0.0,True,,0.5050781966765948,7698.372041190167,15432.0,5208.0,0.0,0.0,5208.0,0.0,17.627958809833125,1929
9,Araucania,33,32,REDPE_mid,20640.0,11.055,15,8.0,1.0,2.0,64.0,0.01,True,,0.229847125355833,7698.372041190167,18272.0,2368.0,0.0,0.0,2368.0,0.0,16.089334688785282,2284
9,Araucania,33,32,REDPE_mid,20640.0,11.055,16,8.0,1.0,4.0,8.0,0.0,True,,1.3296390234138962,5435.138175225692,10880.0,9760.0,2263.233865964475,2263.233865964475,9760.0,0.0,4.861824774308306,1360
9,Araucania,33,32,REDPE_mid,20640.0,11.055,17,8.0,1.0,4.0,8.0,0.01,True,,1.3044214384196708,5396.121414169392,11208.0,9432.0,2302.250627020774,2302.250627020774,9432.0,0.0,2.7625888186026875,1401
9,Araucania,33,32,REDPE_mid,20640.0,11.055,18,8.0,1.0,4.0,16.0,0.0,True,,1.2469707044061973,5662.206701305418,11336.0,9304.0,2036.165339884748,2036.165339884748,9304.0,0.0,5.7932986945809395,1417
9,Araucania,33,32,REDPE_mid,20640.0,11.055,19,8.0,1.0,4.0,16.0,0.01,True,,1.2096364682807805,5603.299323477974,11824.0,8816.0,2095.072717712192,2095.072717712192,8816.0,0.0,4.28438664527567,1478
9,Araucania,33,32,REDPE_mid,20640.0,11.055,20,8.0,1.0,4.0,32.0,0.0,True,,1.1926428742559998,5809.538304880437,11640.0,9000.0,1888.8337363097298,1888.8337363097298,9000.0,0.0,10.461695119563112,1455
9,Araucania,33,32,REDPE_mid,20640.0,11.055,21,8.0,1.0,4.0,32.0,0.01,True,,1.1270122964629583,5730.266755496854,12456.0,8184.0,1968.105285693313,1968.105285693313,8184.0,0.0,10.33059813772132,1557
9,Araucania,33,32,REDPE_mid,20640.0,11.055,22,8.0,1.0,4.0,64.0,0.0,True,,1.1799159921432336,5840.209016582311,11720.0,8920.0,1858.163024607856,1858.163024607856,8920.0,0.0,19.790983417688913,1465
9,Araucania,33,32,REDPE_mid,20640.0,11.055,23,8.0,1.0,4.0,64.0,0.01,True,,1.0528243455307678,5752.591403695262,13184.0,7456.0,1945.7806374949039,1945.7806374949039,7456.0,0.0,16.124521045760506,1648
9,Araucania,33,32,REDPE_mid,20640.0,11.055,24,8.0,2.0,1.0,8.0,0.0,True,,0.5868346488130218,7479.508748166203,14968.0,5672.0,218.86329302396356,218.86329302396356,5672.0,0.0,4.491251833796638,1871
9,Araucania,33,32,REDPE_mid,20640.0,11.055,25,8.0,2.0,1.0,8.0,0.01,True,,0.5458624465134673,7474.429778411927,15400.0,5240.0,223.94226277823975,223.94226277823975,5240.0,0.0,5.605952628250127,1925
9,Araucania,33,32,REDPE_mid,20640.0,11.055,26,8.0,2.0,1.0,16.0,0.0,True,,0.5390851250935782,7610.396290558532,15232.0,5408.0,87.97575063163471,87.97575063163471,5408.0,0.0,5.603709441467768,1904
9,Araucania,33,32,REDPE_mid,20640.0,11.055,27,8.0,2.0,1.0,16.0,0.01,True,,0.4715546771474359,7592.6847022357,15960.0,4680.0,105.68733895446822,105.68733895446822,4680.0,0.0,5.965699964879544,1995
9,Araucania,33,32,REDPE_mid,20640.0,11.055,28,8.0,2.0,1.0,32.0,0.0,True,,0.5093871339086233,7690.1379250729005,15400.0,5240.0,8.234116117267524,8.234116117267524,5240.0,0.0,9.862074927100661,1925
9,Araucania,33,32,REDPE_mid,20640.0,11.055,29,8.0,2.0,1.0,32.0,0.01,True,,0.3720747279761803,7686.2397813590305,16824.0,3816.0,12.132259831136565,12.132259831136565,3816.0,0.0,10.318952038765415,2103
9,Araucania,33,32,REDPE_mid,20640.0,11.055,30,8.0,2.0,1.0,64.0,0.0,True,,0.5050781966765948,7698.372041190167,15432.0,5208.0,0.0,0.0,5208.0,0.0,17.62795880983314,1929
9,Araucania,33,32,REDPE_mid,20640.0,11.055,31,8.0,2.0,1.0,64.0,0.01,True,,0.2376796754162839,7698.372041190167,18192.0,2448.0,0.0,0.0,2448.0,0.0,19.41700118419914,2274
9,Araucania,33,32,REDPE_mid,20640.0,11.055,32,8.0,2.0,2.0,8.0,0.0,True,,0.5868346488130218,7479.508748166203,14968.0,5672.0,218.86329302396356,218.86329302396356,5672.0,0.0,4.491251833796638,1871
9,Araucania,33,32,REDPE_mid,20640.0,11.055,33,8.0,2.0,2.0,8.0,0.01,True,,0.5458624465134673,7474.429778411927,15400.0,5240.0,223.94226277823975,223.94226277823975,5240.0,0.0,5.605952628250127,1925
9,Araucania,33,32,REDPE_mid,20640.0,11.055,34,8.0,2.0,2.0,16.0,0.0,True,,0.5390851250935782,7610.396290558532,15232.0,5408.0,87.97575063163471,87.97575063163471,5408.0,0.0,5.603709441467768,1904
9,Araucania,33,32,REDPE_mid,20640.0,11.055,35,8.0,2.0,2.0,16.0,0.01,True,,0.4715546771474359,7592.6847022357,15960.0,4680.0,105.68733895446822,105.68733895446822,4680.0,0.0,5.965699964879544,1995
9,Araucania,33,32,REDPE_mid,20640.0,11.055,36,8.0,2.0,2.0,32.0,0.0,True,,0.5093871339086233,7690.1379250729005,15400.0,5240.0,8.234116117267524,8.234116117267524,5240.0,0.0,9.862074927100661,1925
9,Araucania,33,32,REDPE_mid,20640.0,11.055,37,8.0,2.0,2.0,32.0,0.01,True,,0.3720747279761803,7686.2397813590305,16824.0,3816.0,12.132259831136565,12.132259831136565,3816.0,0.0,10.318952038765415,2103
9,Araucania,33,32,REDPE_mid,20640.0,11.055,38,8.0,2.0,2.0,64.0,0.0,True,,0.5050781966765948,7698.372041190167,15432.0,5208.0,0.0,0.0,5208.0,0.0,17.62795880983314,1929
9,Araucania,33,32,REDPE_mid,20640.0,11.055,39,8.0,2.0,2.0,64.0,0.01,True,,0.2376796754162839,7698.372041190167,18192.0,2448.0,0.0,0.0,2448.0,0.0,19.41700118419914,2274
9,Araucania,33,32,REDPE_mid,20640.0,11.055,40,8.0,2.0,4.0,8.0,0.0,True,,1.3296390234138962,5435.138175225692,10880.0,9760.0,2263.233865964475,2263.233865964475,9760.0,0.0,4.861824774308307,1360
9,Araucania,33,32,REDPE_mid,20640.0,11.055,41,8.0,2.0,4.0,8.0,0.01,True,,1.30327087794871,5412.309058717608,11192.0,9448.0,2286.0629824725575,2286.0629824725575,9448.0,0.0,4.58096441484263,1399
9,Araucania,33,32,REDPE_mid,20640.0,11.055,42,8.0,2.0,4.0,16.0,0.0,True,,1.246970704406197,5662.206701305419,11336.0,9304.0,2036.165339884748,2036.165339884748,9304.0,0.0,5.793298694580941,1417
9,Araucania,33,32,REDPE_mid,20640.0,11.055,43,8.0,2.0,4.0,16.0,0.01,True,,1.2095313229054812,5617.799010347104,11800.0,8840.0,2080.5730308430625,2080.5730308430625,8840.0,0.0,5.441793636827386,1475
9,Araucania,33,32,REDPE_mid,20640.0,11.055,44,8.0,2.0,4.0,32.0,0.0,True,,1.1926428742559998,5809.538304880437,11640.0,9000.0,1888.8337363097298,1888.8337363097298,9000.0,0.0,10.46169511956313,1455
9,Araucania,33,32,REDPE_mid,20640.0,11.055,45,8.0,2.0,4.0,32.0,0.01,True,,1.125715195806086,5747.057469528245,12440.0,8200.0,1951.314571661922,1951.314571661922,8200.0,0.0,10.321281241772821,1555
9,Araucania,33,32,REDPE_mid,20640.0,11.055,46,8.0,2.0,4.0,64.0,0.0,True,,1.1799159921432336,5840.209016582311,11720.0,8920.0,1858.163024607856,1858.163024607856,8920.0,0.0,19.790983417688942,1465
9,Araucania,33,32,REDPE_mid,20640.0,11.055,47,8.0,2.0,4.0,64.0,0.01,True,,1.051331139913067,5770.926325022807,13168.0,7472.0,1927.44571616736,1927.44571616736,7472.0,0.0,18.82944243987351,1646
9,Araucania,33,32,REDPE_mid,20640.0,11.055,48,16.0,1.0,1.0,8.0,0.0,True,,0.3103223553146915,7688.877706363294,18144.0,2496.0,9.494334826873096,9.494334826873096,2496.0,1376.5241899656487,6.598103671057449,1134
9,Araucania,33,32,REDPE_mid,20640.0,11.055,49,16.0,1.0,1.0,8.0,0.01,True,,0.2309996189528694,7687.65443873975,18992.0,1648.0,10.717602450416319,10.717602450416319,1648.0,1432.070393608124,4.500266005285105,1187
9,Araucania,33,32,REDPE_mid,20640.0,11.055,50,16.0,1.0,1.0,16.0,0.0,True,,0.507113080397525,7698.372041190167,15408.0,5232.0,0.0,0.0,5232.0,0.0,5.627958809833051,963
9,Araucania,33,32,REDPE_mid,20640.0,11.055,51,16.0,1.0,1.0,16.0,0.01,True,,0.3893302651726351,7698.372041190167,16624.0,4016.0,0.0,0.0,4016.0,0.0,7.553346326377504,1039
9,Araucania,33,32,REDPE_mid,20640.0,11.055,52,16.0,1.0,1.0,32.0,0.0,True,,0.5057564912502381,7698.372041190167,15424.0,5216.0,0.0,0.0,5216.0,0.0,13.627958809833169,964
9,Araucania,33,32,REDPE_mid,20640.0,11.055,53,16.0,1.0,1.0,32.0,0.01,True,,0.3226913334803737,7698.372041190167,17312.0,3328.0,0.0,0.0,3328.0,0.0,8.698246069826377,1082
9,Araucania,33,32,REDPE_mid,20640.0,11.055,54,16.0,1.0,1.0,64.0,0.0,True,,0.5043999021029514,7698.372041190167,15440.0,5200.0,0.0,0.0,5200.0,0.0,21.627958809833082,965
9,Araucania,33,32,REDPE_mid,20640.0,11.055,55,16.0,1.0,1.0,64.0,0.01,True,,0.18504263222380776,7698.372041190167,18736.0,1904.0,0.0,0.0,1904.0,0.0,22.559858198784468,1171
9,Araucania,33,32,REDPE_mid,20640.0,11.055,56,16.0,1.0,2.0,8.0,0.0,True,,0.3103223553146915,7688.877706363294,18144.0,2496.0,9.494334826873096,9.494334826873096,2496.0,1376.5241899656487,6.598103671057449,1134
9,Araucania,33,32,REDPE_mid,20640.0,11.055,57,16.0,1.0,2.0,8.0,0.01,True,,0.2309996189528694,7687.65443873975,18992.0,1648.0,10.717602450416319,10.717602450416319,1648.0,1432.070393608124,4.500266005285105,1187
9,Araucania,33,32,REDPE_mid,20640.0,11.055,58,16.0,1.0,2.0,16.0,0.0,True,,0.507113080397525,7698.372041190167,15408.0,5232.0,0.0,0.0,5232.0,0.0,5.627958809833051,963
9,Araucania,33,32,REDPE_mid,20640.0,11.055,59,16.0,1.0,2.0,16.0,0.01,True,,0.3893302651726351,7698.372041190167,16624.0,4016.0,0.0,0.0,4016.0,0.0,7.553346326377504,1039
9,Araucania,33,32,REDPE_mid,20640.0,11.055,60,16.0,1.0,2.0,32.0,0.0,True,,0.5057564912502381,7698.372041190167,15424.0,5216.0,0.0,0.0,5216.0,0.0,13.627958809833169,964
9,Araucania,33,32,REDPE_mid,20640.0,11.055,61,16.0,1.0,2.0,32.0,0.01,True,,0.3226913334803737,7698.372041190167,17312.0,3328.0,0.0,0.0,3328.0,0.0,8.698246069826377,1082
9,Araucania,33,32,REDPE_mid,20640.0,11.055,62,16.0,1.0,2.0,64.0,0.0,True,,0.5043999021029514,7698.372041190167,15440.0,5200.0,0.0,0.0,5200.0,0.0,21.627958809833082,965
9,Araucania,33,32,REDPE_mid,20640.0,11.055,63,16.0,1.0,2.0,64.0,0.01,True,,0.18504263222380776,7698.372041190167,18736.0,1904.0,0.0,0.0,1904.0,0.0,22.559858198784468,1171
9,Araucania,33,32,REDPE_mid,20640.0,11.055,64,16.0,1.0,4.0,8.0,0.0,True,,0.46250958013575977,7417.512301850661,16864.0,3776.0,280.85973933950606,280.85973933950606,3776.0,1007.8895944782815,6.598103671057449,1054
9,Araucania,33,32,REDPE_mid,20640.0,11.055,65,16.0,1.0,4.0,8.0,0.01,True,,0.39175790547273626,7389.488941586698,17680.0,2960.0,308.8830996034674,308.8830996034674,2960.0,1082.5421873424953,4.500266005285105,1105
9,Araucania,33,32,REDPE_mid,20640.0,11.055,66,16.0,1.0,4.0,16.0,0.0,True,,0.5340001869707259,7622.634571272451,15264.0,5376.0,75.73746991771723,75.73746991771723,5376.0,0.0,9.365428727550384,954
9,Araucania,33,32,REDPE_mid,20640.0,11.055,67,16.0,1.0,4.0,16.0,0.01,True,,0.42863549084766783,7603.69341022765,16384.0,4256.0,94.67863096251664,94.67863096251664,4256.0,0.0,7.322645454111326,1024
9,Araucania,33,32,REDPE_mid,20640.0,11.055,68,16.0,1.0,4.0,32.0,0.0,True,,0.5078387634345624,7694.627516719054,15408.0,5232.0,3.7445244711131886,3.7445244711131886,5232.0,0.0,9.372483280946335,963
9,Araucania,33,32,REDPE_mid,20640.0,11.055,69,16.0,1.0,4.0,32.0,0.01,True,,0.3345304746480773,7683.690421005385,17216.0,3424.0,14.681620184782245,14.681620184782245,3424.0,0.0,10.646652179158172,1076
9,Araucania,33,32,REDPE_mid,20640.0,11.055,70,16.0,1.0,4.0,64.0,0.0,True,,0.5043999021029514,7698.372041190167,15440.0,5200.0,0.0,0.0,5200.0,0.0,21.627958809833096,965
9,Araucania,33,32,REDPE_mid,20640.0,11.055,71,16.0,1.0,4.0,64.0,0.01,True,,0.19596968628832012,7697.28773606906,18624.0,2016.0,1.0843051211074075,1.0843051211074075,2016.0,0.0,18.0385141341052,1164
9,Araucania,33,32,REDPE_mid,20640.0,11.055,72,16.0,2.0,1.0,8.0,0.0,True,,0.47598604069845635,7686.5069288779,15872.0,4768.0,11.865112312267275,11.865112312267275,4768.0,244.15490272430813,5.338168397792219,992
9,Araucania,33,32,REDPE_mid,20640.0,11.055,73,16.0,2.0,1.0,8.0,0.01,True,,0.4021282261340336,7689.659781677392,16640.0,4000.0,8.712259512776262,8.712259512776262,4000.0,268.2274472170062,2.412463789464312,1040
9,Araucania,33,32,REDPE_mid,20640.0,11.055,74,16.0,2.0,1.0,16.0,0.0,True,,0.507113080397525,7698.372041190167,15408.0,5232.0,0.0,0.0,5232.0,0.0,5.627958809833079,963
9,Araucania,33,32,REDPE_mid,20640.0,11.055,75,16.0,2.0,1.0,16.0,0.01,True,,0.39708595656662155,7698.372041190167,16544.0,4096.0,0.0,0.0,4096.0,0.0,7.70828707013828,1034
9,Araucania,33,32,REDPE_mid,20640.0,11.055,76,16.0,2.0,1.0,32.0,0.0,True,,0.5057564912502381,7698.372041190167,15424.0,5216.0,0.0,0.0,5216.0,0.0,13.627958809833169,964
9,Araucania,33,32,REDPE_mid,20640.0,11.055,77,16.0,2.0,1.0,32.0,0.01,True,,0.33049371730865035,7698.372041190167,17232.0,3408.0,0.0,0.0,3408.0,0.0,10.780650501085384,1077
9,Araucania,33,32,REDPE_mid,20640.0,11.055,78,16.0,2.0,1.0,64.0,0.0,True,,0.5043999021029514,7698.372041190167,15440.0,5200.0,0.0,0.0,5200.0,0.0,21.62795880983306,965
9,Araucania,33,32,REDPE_mid,20640.0,11.055,79,16.0,2.0,1.0,64.0,0.01,True,,0.19420102531790853,7698.372041190167,18640.0,2000.0,0.0,0.0,2000.0,0.0,16.618325123263833,1165
9,Araucania,33,32,REDPE_mid,20640.0,11.055,80,16.0,2.0,2.0,8.0,0.0,True,,0.47598604069845635,7686.5069288779,15872.0,4768.0,11.865112312267275,11.865112312267275,4768.0,244.15490272430813,5.338168397792219,992
9,Araucania,33,32,REDPE_mid,20640.0,11.055,81,16.0,2.0,2.0,8.0,0.01,True,,0.4021282261340336,7689.659781677392,16640.0,4000.0,8.712259512776262,8.712259512776262,4000.0,268.2274472170062,2.412463789464312,1040
9,Araucania,33,32,REDPE_mid,20640.0,11.055,82,16.0,2.0,2.0,16.0,0.0,True,,0.507113080397525,7698.372041190167,15408.0,5232.0,0.0,0.0,5232.0,0.0,5.627958809833079,963
9,Araucania,33,32,REDPE_mid,20640.0,11.055,83,16.0,2.0,2.0,16.0,0.01,True,,0.39708595656662155,7698.372041190167,16544.0,4096.0,0.0,0.0,4096.0,0.0,7.70828707013828,1034
9,Araucania,33,32,REDPE_mid,20640.0,11.055,84,16.0,2.0,2.0,32.0,0.0,True,,0.5057564912502381,7698.372041190167,15424.0,5216.0,0.0,0.0,5216.0,0.0,13.627958809833169,964
9,Araucania,33,32,REDPE_mid,20640.0,11.055,85,16.0,2.0,2.0,32.0,0.01,True,,0.33049371730865035,7698.372041190167,17232.0,3408.0,0.0,0.0,3408.0,0.0,10.780650501085384,1077
9,Araucania,33,32,REDPE_mid,20640.0,11.055,86,16.0,2.0,2.0,64.0,0.0,True,,0.5043999021029514,7698.372041190167,15440.0,5200.0,0.0,0.0,5200.0,0.0,21.62795880983306,965
9,Araucania,33,32,REDPE_mid,20640.0,11.055,87,16.0,2.0,2.0,64.0,0.01,True,,0.19420102531790853,7698.372041190167,18640.0,2000.0,0.0,0.0,2000.0,0.0,16.618325123263833,1165
9,Araucania,33,32,REDPE_mid,20640.0,11.055,88,16.0,2.0,4.0,8.0,0.0,True,,0.5420666237470645,7506.083987961617,15504.0,5136.0,192.28805322855007,192.28805322855007,5136.0,240.57784364059094,5.338168397792219,969
9,Araucania,33,32,REDPE_mid,20640.0,11.055,89,16.0,2.0,4.0,8.0,0.01,True,,0.4784284689272025,7484.144269115095,16208.0,4432.0,214.22777207507136,214.22777207507136,4432.0,259.76016449997667,2.412463789464312,1013
9,Araucania,33,32,REDPE_mid,20640.0,11.055,90,16.0,2.0,4.0,16.0,0.0,True,,0.5340001869707259,7622.634571272451,15264.0,5376.0,75.73746991771722,75.73746991771722,5376.0,0.0,9.365428727550379,954
9,Araucania,33,32,REDPE_mid,20640.0,11.055,91,16.0,2.0,4.0,16.0,0.01,True,,0.4317447491974607,7612.841140680975,16336.0,4304.0,85.53090050919306,85.53090050919306,4304.0,0.0,7.70694330683082,1021
9,Araucania,33,32,REDPE_mid,20640.0,11.055,92,16.0,2.0,4.0,32.0,0.0,True,,0.5078387634345624,7694.627516719054,15408.0,5232.0,3.744524471113192,3.744524471113192,5232.0,0.0,9.372483280946332,963
9,Araucania,33,32,REDPE_mid,20640.0,11.055,93,16.0,2.0,4.0,32.0,0.01,True,,0.3401935678485783,7686.884922647956,17152.0,3488.0,11.487118542211288,11.487118542211288,3488.0,0.0,10.780650993834467,1072
9,Araucania,33,32,REDPE_mid,20640.0,11.055,94,16.0,2.0,4.0,64.0,0.0,True,,0.5043999021029514,7698.372041190167,15440.0,5200.0,0.0,0.0,5200.0,0.0,21.627958809833068,965
9,Araucania,33,32,REDPE_mid,20640.0,11.055,95,16.0,2.0,4.0,64.0,0.01,True,,0.203670495001627,7698.372041190167,18544.0,2096.0,0.0,0.0,2096.0,0.0,23.518033667162005,1159
9,Araucania,33,32,REDPE_mid,20640.0,11.055,96,32.0,1.0,1.0,8.0,0.0,True,,0.849168544812392,4386.102973163958,20640.0,0.0,3312.269068026209,3312.269068026209,0.0,5933.897026836042,0.0,645
9,Araucania,33,32,REDPE_mid,20640.0,11.055,97,32.0,1.0,1.0,8.0,0.01,True,,0.8816679262496792,4192.084857208727,20640.0,0.0,3506.2871839814397,3506.2871839814397,0.0,5925.620853858341,0.0,645
9,Araucania,33,32,REDPE_mid,20640.0,11.055,98,32.0,1.0,1.0,16.0,0.0,True,,0.22907565534515364,7698.372041190167,19232.0,1408.0,0.0,0.0,1408.0,1906.615093838109,11.012864971724015,601
9,Araucania,33,32,REDPE_mid,20640.0,11.055,99,32.0,1.0,1.0,16.0,0.01,True,,0.12584574030671844,7540.973152513727,20640.0,0.0,157.3988886764398,157.3988886764398,0.0,2046.5599695631286,0.0,645
9,Araucania,33,32,REDPE_mid,20640.0,11.055,100,32.0,1.0,1.0,32.0,0.0,True,,0.5057564912502381,7698.372041190167,15424.0,5216.0,0.0,0.0,5216.0,0.0,13.627958809833148,482
9,Araucania,33,32,REDPE_mid,20640.0,11.055,101,32.0,1.0,1.0,32.0,0.01,True,,0.2576519326912249,7698.372041190167,17984.0,2656.0,0.0,0.0,2656.0,0.0,11.871781493761842,562
9,Araucania,33,32,REDPE_mid,20640.0,11.055,102,32.0,1.0,1.0,64.0,0.0,True,,0.5030433129556646,7698.372041190167,15456.0,5184.0,0.0,0.0,5184.0,0.0,29.62795880983306,483
9,Araucania,33,32,REDPE_mid,20640.0,11.055,103,32.0,1.0,1.0,64.0,0.01,True,,0.11857941340726398,7698.372041190167,19424.0,1216.0,0.0,0.0,1216.0,0.0,30.958185451857005,607
9,Araucania,33,32,REDPE_mid,20640.0,11.055,104,32.0,1.0,2.0,8.0,0.0,True,,0.849168544812392,4386.102973163958,20640.0,0.0,3312.269068026209,3312.269068026209,0.0,5933.897026836042,0.0,645
9,Araucania,33,32,REDPE_mid,20640.0,11.055,105,32.0,1.0,2.0,8.0,0.01,True,,0.8816679262496792,4192.084857208727,20640.0,0.0,3506.2871839814397,3506.2871839814397,0.0,5925.620853858341,0.0,645
9,Araucania,33,32,REDPE_mid,20640.0,11.055,106,32.0,1.0,2.0,16.0,0.0,True,,0.22907565534515364,7698.372041190167,19232.0,1408.0,0.0,0.0,1408.0,1906.615093838109,11.012864971724015,601
9,Araucania,33,32,REDPE_mid,20640.0,11.055,107,32.0,1.0,2.0,16.0,0.01,True,,0.12584574030671844,7540.973152513727,20640.0,0.0,157.3988886764398,157.3988886764398,0.0,2046.5599695631286,0.0,645
9,Araucania,33,32,REDPE_mid,20640.0,11.055,108,32.0,1.0,2.0,32.0,0.0,True,,0.5057564912502381,7698.372041190167,15424.0,5216.0,0.0,0.0,5216.0,0.0,13.627958809833148,482
9,Araucania,33,32,REDPE_mid,20640.0,11.055,109,32.0,1.0,2.0,32.0,0.01,True,,0.2576519326912249,7698.372041190167,17984.0,2656.0,0.0,0.0,2656.0,0.0,11.871781493761842,562
9,Araucania,33,32,REDPE_mid,20640.0,11.055,110,32.0,1.0,2.0,64.0,0.0,True,,0.5030433129556646,7698.372041190167,15456.0,5184.0,0.0,0.0,5184.0,0.0,29.62795880983306,483
9,Araucania,33,32,REDPE_mid,20640.0,11.055,111,32.0,1.0,2.0,64.0,0.01,True,,0.11857941340726398,7698.372041190167,19424.0,1216.0,0.0,0.0,1216.0,0.0,30.958185451857005,607
9,Araucania,33,32,REDPE_mid,20640.0,11.055,112,32.0,1.0,4.0,8.0,0.0,True,,0.8111119826105191,4560.655738463216,20640.0,0.0,3137.7163027269517,3137.7163027269517,0.0,5759.344261536785,0.0,645
9,Araucania,33,32,REDPE_mid,20640.0,11.055,113,32.0,1.0,4.0,8.0,0.01,True,,0.8481959559956158,4344.674785987785,20640.0,0.0,3353.697255202382,3353.697255202382,0.0,5768.824138541175,0.0,645
9,Araucania,33,32,REDPE_mid,20640.0,11.055,114,32.0,1.0,4.0,16.0,0.0,True,,0.22907565534515364,7698.372041190167,19232.0,1408.0,0.0,0.0,1408.0,1906.615093838109,11.012864971724015,601
9,Araucania,33,32,REDPE_mid,20640.0,11.055,115,32.0,1.0,4.0,16.0,0.01,True,,0.12584574030671844,7540.973152513727,20640.0,0.0,157.3988886764398,157.3988886764398,0.0,2046.5599695631286,0.0,645
9,Araucania,33,32,REDPE_mid,20640.0,11.055,116,32.0,1.0,4.0,32.0,0.0,True,,0.5057564912502381,7698.372041190167,15424.0,5216.0,0.0,0.0,5216.0,0.0,13.627958809833148,482
9,Araucania,33,32,REDPE_mid,20640.0,11.055,117,32.0,1.0,4.0,32.0,0.01,True,,0.2576519326912249,7698.372041190167,17984.0,2656.0,0.0,0.0,2656.0,0.0,11.871781493761842,562
9,Araucania,33,32,REDPE_mid,20640.0,11.055,118,32.0,1.0,4.0,64.0,0.0,True,,0.5030433129556646,7698.372041190167,15456.0,5184.0,0.0,0.0,5184.0,0.0,29.627958809833068,483
9,Araucania,33,32,REDPE_mid,20640.0,11.055,119,32.0,1.0,4.0,64.0,0.01,True,,0.11857941340726398,7698.372041190167,19424.0,1216.0,0.0,0.0,1216.0,0.0,30.958185451857005,607
9,Araucania,33,32,REDPE_mid,20640.0,11.055,120,32.0,2.0,1.0,8.0,0.0,True,,0.6198727218273885,5437.806481255175,20640.0,0.0,2260.5655599349925,2260.5655599349925,0.0,4882.193518744825,0.0,645
9,Araucania,33,32,REDPE_mid,20640.0,11.055,121,32.0,2.0,1.0,8.0,0.01,True,,0.6540062718749661,5225.720665558943,20640.0,0.0,2472.651375631223,2472.651375631223,0.0,4844.409636790019,0.0,645
9,Araucania,33,32,REDPE_mid,20640.0,11.055,122,32.0,2.0,1.0,16.0,0.0,True,,0.38262703475103993,7698.372041190167,17120.0,3520.0,0.0,0.0,3520.0,853.2160357130961,8.411923096737011,535
9,Araucania,33,32,REDPE_mid,20640.0,11.055,123,32.0,2.0,1.0,16.0,0.01,True,,0.21086093799844396,7698.372041190167,18944.0,1696.0,0.0,0.0,1696.0,957.0588930339947,6.221734507778398,592
9,Araucania,33,32,REDPE_mid,20640.0,11.055,124,32.0,2.0,1.0,32.0,0.0,True,,0.5057564912502381,7698.372041190167,15424.0,5216.0,0.0,0.0,5216.0,0.0,13.62795880983314,482
9,Araucania,33,32,REDPE_mid,20640.0,11.055,125,32.0,2.0,1.0,32.0,0.01,True,,0.26700730434448877,7698.372041190167,17888.0,2752.0,0.0,0.0,2752.0,0.0,14.06152334049573,559
9,Araucania,33,32,REDPE_mid,20640.0,11.055,126,32.0,2.0,1.0,64.0,0.0,True,,0.5030433129556646,7698.372041190167,15456.0,5184.0,0.0,0.0,5184.0,0.0,29.62795880983306,483
9,Araucania,33,32,REDPE_mid,20640.0,11.055,127,32.0,2.0,1.0,64.0,0.01,True,,0.13071218949721938,7698.372041190167,19296.0,1344.0,0.0,0.0,1344.0,0.0,19.79918244521606,603
9,Araucania,33,32,REDPE_mid,20640.0,11.055,128,32.0,2.0,2.0,8.0,0.0,True,,0.6198727218273885,5437.806481255175,20640.0,0.0,2260.5655599349925,2260.5655599349925,0.0,4882.193518744825,0.0,645
9,Araucania,33,32,REDPE_mid,20640.0,11.055,129,32.0,2.0,2.0,8.0,0.01,True,,0.6540062718749661,5225.720665558943,20640.0,0.0,2472.651375631223,2472.651375631223,0.0,4844.409636790019,0.0,645
9,Araucania,33,32,REDPE_mid,20640.0,11.055,130,32.0,2.0,2.0,16.0,0.0,True,,0.38262703475103993,7698.372041190167,17120.0,3520.0,0.0,0.0,3520.0,853.2160357130961,8.411923096737011,535
9,Araucania,33,32,REDPE_mid,20640.0,11.055,131,32.0,2.0,2.0,16.0,0.01,True,,0.21086093799844396,7698.372041190167,18944.0,1696.0,0.0,0.0,1696.0,957.0588930339947,6.221734507778398,592
9,Araucania,33,32,REDPE_mid,20640.0,11.055,132,32.0,2.0,2.0,32.0,0.0,True,,0.5057564912502381,7698.372041190167,15424.0,5216.0,0.0,0.0,5216.0,0.0,13.62795880983314,482
9,Araucania,33,32,REDPE_mid,20640.0,11.055,133,32.0,2.0,2.0,32.0,0.01,True,,0.26700730434448877,7698.372041190167,17888.0,2752.0,0.0,0.0,2752.0,0.0,14.06152334049573,559
9,Araucania,33,32,REDPE_mid,20640.0,11.055,134,32.0,2.0,2.0,64.0,0.0,True,,0.5030433129556646,7698.372041190167,15456.0,5184.0,0.0,0.0,5184.0,0.0,29.62795880983306,483
9,Araucania,33,32,REDPE_mid,20640.0,11.055,135,32.0,2.0,2.0,64.0,0.01,True,,0.13071218949721938,7698.372041190167,19296.0,1344.0,0.0,0.0,1344.0,0.0,19.79918244521606,603
9,Araucania,33,32,REDPE_mid,20640.0,11.055,136,32.0,2.0,4.0,8.0,0.0,True,,0.6200903155738805,5436.808451271265,20640.0,0.0,2261.5635899189024,2261.5635899189024,0.0,4883.191548728735,0.0,645
9,Araucania,33,32,REDPE_mid,20640.0,11.055,137,32.0,2.0,4.0,8.0,0.01,True,,0.6540062718749661,5225.720665558943,20640.0,0.0,2472.651375631223,2472.651375631223,0.0,4844.409636790019,0.0,645
9,Araucania,33,32,REDPE_mid,20640.0,11.055,138,32.0,2.0,4.0,16.0,0.0,True,,0.38262703475103993,7698.372041190167,17120.0,3520.0,0.0,0.0,3520.0,853.2160357130961,8.411923096737011,535
9,Araucania,33,32,REDPE_mid,20640.0,11.055,139,32.0,2.0,4.0,16.0,0.01,True,,0.21086093799844396,7698.372041190167,18944.0,1696.0,0.0,0.0,1696.0,957.0588930339947,6.221734507778398,592
9,Araucania,33,32,REDPE_mid,20640.0,11.055,140,32.0,2.0,4.0,32.0,0.0,True,,0.5057564912502381,7698.372041190167,15424.0,5216.0,0.0,0.0,5216.0,0.0,13.62795880983314,482
9,Araucania,33,32,REDPE_mid,20640.0,11.055,141,32.0,2.0,4.0,32.0,0.01,True,,0.26700730434448877,7698.372041190167,17888.0,2752.0,0.0,0.0,2752.0,0.0,14.06152334049573,559
9,Araucania,33,32,REDPE_mid,20640.0,11.055,142,32.0,2.0,4.0,64.0,0.0,True,,0.5030433129556646,7698.372041190167,15456.0,5184.0,0.0,0.0,5184.0,0.0,29.627958809833068,483
9,Araucania,33,32,REDPE_mid,20640.0,11.055,143,32.0,2.0,4.0,64.0,0.01,True,,0.13071218949721938,7698.372041190167,19296.0,1344.0,0.0,0.0,1344.0,0.0,19.79918244521606,603
10,Los Lagos,26,26,REDPE_mid,30045.0,16.1,0,8.0,1.0,1.0,8.0,0.0,True,,0.9325314438524848,8015.837458473719,16040.0,14005.0,1.6645599385037517,1.6645599385037517,14005.0,0.0,4.162541526281879,2005
10,Los Lagos,26,26,REDPE_mid,30045.0,16.1,1,8.0,1.0,1.0,8.0,0.01,True,,0.8973076246064986,8016.147988723922,16568.0,13477.0,1.354029688300245,1.354029688300245,13477.0,0.0,1.7369547863894361,2071
10,Los Lagos,26,26,REDPE_mid,30045.0,16.1,2,8.0,1.0,1.0,16.0,0.0,True,,0.9318438672256245,8017.502018412223,16048.0,13997.0,0.0,0.0,13997.0,0.0,6.497981587778136,2006
10,Los Lagos,26,26,REDPE_mid,30045.0,16.1,3,8.0,1.0,1.0,16.0,0.01,True,,0.8732585590200791,8017.502018412223,16928.0,13117.0,0.0,0.0,13117.0,0.0,6.106811516555853,2116
10,Los Lagos,26,26,REDPE_mid,30045.0,16.1,4,8.0,1.0,1.0,32.0,0.0,True,,0.9313778995105305,8017.502018412223,16056.0,13989.0,0.0,0.0,13989.0,0.0,10.497981587778177,2007
10,Los Lagos,26,26,REDPE_mid,30045.0,16.1,5,8.0,1.0,1.0,32.0,0.01,True,,0.8269589041367331,8017.502018412223,17624.0,12421.0,0.0,0.0,12421.0,0.0,7.96054957629258,2203
10,Los Lagos,26,26,REDPE_mid,30045.0,16.1,6,8.0,1.0,1.0,64.0,0.0,True,,0.9304459640803425,8017.502018412223,16072.0,13973.0,0.0,0.0,13973.0,0.0,18.497981587778245,2009
10,Los Lagos,26,26,REDPE_mid,30045.0,16.1,7,8.0,1.0,1.0,64.0,0.01,True,,0.7333946028890646,8017.502018412223,19032.0,11013.0,0.0,0.0,11013.0,0.0,17.681687603889568,2379
10,Los Lagos,26,26,REDPE_mid,30045.0,16.1,8,8.0,1.0,2.0,8.0,0.0,True,,0.9386728769255019,7990.707619304019,15992.0,14053.0,26.794399108203287,26.794399108203287,14053.0,0.0,5.292380695981419,1999
10,Los Lagos,26,26,REDPE_mid,30045.0,16.1,9,8.0,1.0,2.0,8.0,0.01,True,,0.9040306379372872,7990.41606735717,16512.0,13533.0,27.08595105505271,27.08595105505271,13533.0,0.0,1.5993762662197941,2064
10,Los Lagos,26,26,REDPE_mid,30045.0,16.1,10,8.0,1.0,2.0,16.0,0.0,True,,0.9324325300140718,8016.580425042498,16040.0,14005.0,0.9215933697247756,0.9215933697247756,14005.0,0.0,3.419574957502907,2005
10,Los Lagos,26,26,REDPE_mid,30045.0,16.1,11,8.0,1.0,2.0,16.0,0.01,True,,0.8745839357509898,8015.267463017866,16912.0,13133.0,2.2345553943565646,2.2345553943565646,13133.0,0.0,6.106811516478474,2114
10,Los Lagos,26,26,REDPE_mid,30045.0,16.1,12,8.0,1.0,2.0,32.0,0.0,True,,0.9313778995105305,8017.502018412223,16056.0,13989.0,0.0,0.0,13989.0,0.0,10.497981587778181,2007
10,Los Lagos,26,26,REDPE_mid,30045.0,16.1,13,8.0,1.0,2.0,32.0,0.01,True,,0.8275136593892576,8017.502018412223,17616.0,12429.0,0.0,0.0,12429.0,0.0,9.295792700483439,2202
10,Los Lagos,26,26,REDPE_mid,30045.0,16.1,14,8.0,1.0,2.0,64.0,0.0,True,,0.9304459640803425,8017.502018412223,16072.0,13973.0,0.0,0.0,13973.0,0.0,18.497981587778266,2009
10,Los Lagos,26,26,REDPE_mid,30045.0,16.1,15,8.0,1.0,2.0,64.0,0.01,True,,0.7344596719521499,8017.502018412223,19016.0,11029.0,0.0,0.0,11029.0,0.0,17.681687604686918,2377
10,Los Lagos,26,26,REDPE_mid,30045.0,16.1,16,8.0,1.0,4.0,8.0,0.0,True,,1.3999716806423432,6142.776979885894,12296.0,17749.0,1874.7250385263276,1874.7250385263276,17749.0,0.0,5.223020114105965,1537
10,Los Lagos,26,26,REDPE_mid,30045.0,16.1,17,8.0,1.0,4.0,8.0,0.01,True,,1.3882311945776515,6083.187053758252,12576.0,17469.0,1934.31496465397,1934.31496465397,17469.0,0.0,2.6077295932918587,1572
10,Los Lagos,26,26,REDPE_mid,30045.0,16.1,18,8.0,1.0,4.0,16.0,0.0,True,,1.353195618345879,6329.623677810211,12672.0,17373.0,1687.8783406020111,1687.8783406020111,17373.0,0.0,6.376322189789251,1584
10,Los Lagos,26,26,REDPE_mid,30045.0,16.1,19,8.0,1.0,4.0,16.0,0.01,True,,1.3311033116188555,6263.136707104915,13120.0,16925.0,1754.3653113073058,1754.3653113073058,16925.0,0.0,5.440816025876542,1640
10,Los Lagos,26,26,REDPE_mid,30045.0,16.1,20,8.0,1.0,4.0,32.0,0.0,True,,1.3286905926840065,6426.187051812953,12872.0,17173.0,1591.3149665992703,1591.3149665992703,17173.0,0.0,9.812948187048418,1609
10,Los Lagos,26,26,REDPE_mid,30045.0,16.1,21,8.0,1.0,4.0,32.0,0.01,True,,1.2857688026612517,6351.281844388455,13648.0,16397.0,1666.2201740237674,1666.2201740237674,16397.0,0.0,10.306133748231083,1706
10,Los Lagos,26,26,REDPE_mid,30045.0,16.1,22,8.0,1.0,4.0,64.0,0.0,True,,1.322607834731892,6447.376167480772,12928.0,17117.0,1570.1258509314507,1570.1258509314507,17117.0,0.0,16.623832519229005,1616
10,Los Lagos,26,26,REDPE_mid,30045.0,16.1,23,8.0,1.0,4.0,64.0,0.01,True,,1.236770785544372,6370.479479720803,14352.0,15693.0,1647.022538691419,1647.022538691419,15693.0,0.0,16.398732521377305,1794
10,Los Lagos,26,26,REDPE_mid,30045.0,16.1,24,8.0,2.0,1.0,8.0,0.0,True,,0.9391557784747143,7990.580425042497,15984.0,14061.0,26.921593369724764,26.921593369724764,14061.0,0.0,1.419574957502908,1998
10,Los Lagos,26,26,REDPE_mid,30045.0,16.1,25,8.0,2.0,1.0,8.0,0.01,True,,0.9104258357740056,7986.2037558445645,16424.0,13621.0,31.298262567658043,31.298262567658043,13621.0,0.0,4.400633686381879,2053
10,Los Lagos,26,26,REDPE_mid,30045.0,16.1,26,8.0,2.0,1.0,16.0,0.0,True,,0.9324325300140718,8016.580425042498,16040.0,14005.0,0.9215933697247731,0.9215933697247731,14005.0,0.0,3.419574957502907,2005
10,Los Lagos,26,26,REDPE_mid,30045.0,16.1,27,8.0,2.0,1.0,16.0,0.01,True,,0.8797617068387225,8016.3947628825645,16832.0,13213.0,1.1072555296582922,1.1072555296582922,13213.0,0.0,5.1301752312237845,2104
10,Los Lagos,26,26,REDPE_mid,30045.0,16.1,28,8.0,2.0,1.0,32.0,0.0,True,,0.9313778995105305,8017.502018412223,16056.0,13989.0,0.0,0.0,13989.0,0.0,10.497981587778167,2007
10,Los Lagos,26,26,REDPE_mid,30045.0,16.1,29,8.0,2.0,1.0,32.0,0.01,True,,0.8328534515166492,8017.502018412223,17536.0,12509.0,0.0,0.0,12509.0,0.0,10.163901635455312,2192
10,Los Lagos,26,26,REDPE_mid,30045.0,16.1,30,8.0,2.0,1.0,64.0,0.0,True,,0.9304459640803425,8017.502018412223,16072.0,13973.0,0.0,0.0,13973.0,0.0,18.497981587778188,2009
10,Los Lagos,26,26,REDPE_mid,30045.0,16.1,31,8.0,2.0,1.0,64.0,0.01,True,,0.7408403648611611,8017.502018412223,18920.0,11125.0,0.0,0.0,11125.0,0.0,17.097524507168252,2365
10,Los Lagos,26,26,REDPE_mid,30045.0,16.1,32,8.0,2.0,2.0,8.0,0.0,True,,0.9391557784747143,7990.580425042497,15984.0,14061.0,26.921593369724764,26.921593369724764,14061.0,0.0,1.419574957502908,1998
10,Los Lagos,26,26,REDPE_mid,30045.0,16.1,33,8.0,2.0,2.0,8.0,0.01,True,,0.9104258357740056,7986.2037558445645,16424.0,13621.0,31.298262567658043,31.298262567658043,13621.0,0.0,4.400633686381879,2053
10,Los Lagos,26,26,REDPE_mid,30045.0,16.1,34,8.0,2.0,2.0,16.0,0.0,True,,0.9324325300140718,8016.580425042498,16040.0,14005.0,0.9215933697247731,0.9215933697247731,14005.0,0.0,3.419574957502907,2005
10,Los Lagos,26,26,REDPE_mid,30045.0,16.1,35,8.0,2.0,2.0,16.0,0.01,True,,0.8797617068387225,8016.3947628825645,16832.0,13213.0,1.1072555296582922,1.1072555296582922,13213.0,0.0,5.1301752312237845,2104
10,Los Lagos,26,26,REDPE_mid,30045.0,16.1,36,8.0,2.0,2.0,32.0,0.0,True,,0.9313778995105305,8017.502018412223,16056.0,13989.0,0.0,0.0,13989.0,0.0,10.497981587778167,2007
10,Los Lagos,26,26,REDPE_mid,30045.0,16.1,37,8.0,2.0,2.0,32.0,0.01,True,,0.8328534515166492,8017.502018412223,17536.0,12509.0,0.0,0.0,12509.0,0.0,10.163901635455312,2192
10,Los Lagos,26,26,REDPE_mid,30045.0,16.1,38,8.0,2.0,2.0,64.0,0.0,True,,0.9304459640803425,8017.502018412223,16072.0,13973.0,0.0,0.0,13973.0,0.0,18.497981587778188,2009
10,Los Lagos,26,26,REDPE_mid,30045.0,16.1,39,8.0,2.0,2.0,64.0,0.01,True,,0.7408403648611611,8017.502018412223,18920.0,11125.0,0.0,0.0,11125.0,0.0,17.097524507168252,2365
10,Los Lagos,26,26,REDPE_mid,30045.0,16.1,40,8.0,2.0,4.0,8.0,0.0,True,,1.40020466449989,6142.7769798858935,12292.0,17753.0,1874.7250385263278,1874.7250385263278,17753.0,0.0,3.223020114105964,1537
10,Los Lagos,26,26,REDPE_mid,30045.0,16.1,41,8.0,2.0,4.0,8.0,0.01,True,,1.387660148034803,6101.9591022236955,12552.0,17493.0,1915.542916188526,1915.542916188526,17493.0,0.0,3.697882091624024,1569
10,Los Lagos,26,26,REDPE_mid,30045.0,16.1,42,8.0,2.0,4.0,16.0,0.0,True,,1.353195618345879,6329.623677810211,12672.0,17373.0,1687.8783406020111,1687.8783406020111,17373.0,0.0,6.376322189789251,1584
10,Los Lagos,26,26,REDPE_mid,30045.0,16.1,43,8.0,2.0,4.0,16.0,0.01,True,,1.330911048887167,6280.707850864984,13092.0,16953.0,1736.7941675472377,1736.7941675472377,16953.0,0.0,4.885754799207634,1637
10,Los Lagos,26,26,REDPE_mid,30045.0,16.1,44,8.0,2.0,4.0,32.0,0.0,True,,1.3286905926840065,6426.187051812953,12872.0,17173.0,1591.3149665992703,1591.3149665992703,17173.0,0.0,9.812948187048429,1609
10,Los Lagos,26,26,REDPE_mid,30045.0,16.1,45,8.0,2.0,4.0,32.0,0.01,True,,1.2849490646729038,6372.03928471612,13624.0,16421.0,1645.4627336961025,1645.4627336961025,16421.0,0.0,10.350160322064365,1703
10,Los Lagos,26,26,REDPE_mid,30045.0,16.1,46,8.0,2.0,4.0,64.0,0.0,True,,1.322607834731892,6447.376167480772,12928.0,17117.0,1570.1258509314507,1570.1258509314507,17117.0,0.0,16.62383251922899,1616
10,Los Lagos,26,26,REDPE_mid,30045.0,16.1,47,8.0,2.0,4.0,64.0,0.01,True,,1.2362121783617162,6388.976074514986,14328.0,15717.0,1628.5259438972362,1628.5259438972362,15717.0,0.0,16.308190474867477,1791
10,Los Lagos,26,26,REDPE_mid,30045.0,16.1,48,16.0,1.0,1.0,8.0,0.0,True,,0.779380214050531,8017.252035750487,19104.0,10941.0,0.24998266173615802,0.24998266173615802,10941.0,1532.4592194147424,2.2887448347718227,1194
10,Los Lagos,26,26,REDPE_mid,30045.0,16.1,49,16.0,1.0,1.0,8.0,0.01,True,,0.7205763358952507,8017.273079916098,20032.0,10013.0,0.22893849612444805,0.22893849612444805,10013.0,1619.581015454592,6.667423563558548,1252
10,Los Lagos,26,26,REDPE_mid,30045.0,16.1,50,16.0,1.0,1.0,16.0,0.0,True,,0.9318438672256245,8017.502018412223,16048.0,13997.0,0.0,0.0,13997.0,0.0,6.4979815877781535,1003
10,Los Lagos,26,26,REDPE_mid,30045.0,16.1,51,16.0,1.0,1.0,16.0,0.01,True,,0.8508938577535926,8017.502018412223,17264.0,12781.0,0.0,0.0,12781.0,0.0,6.2119124133798245,1079
10,Los Lagos,26,26,REDPE_mid,30045.0,16.1,52,16.0,1.0,1.0,32.0,0.0,True,,0.9309119317954365,8017.502018412223,16064.0,13981.0,0.0,0.0,13981.0,0.0,14.497981587778163,1004
10,Los Lagos,26,26,REDPE_mid,30045.0,16.1,53,16.0,1.0,1.0,32.0,0.01,True,,0.8041087103032135,8017.502018412223,17968.0,12077.0,0.0,0.0,12077.0,0.0,10.892402120104979,1123
10,Los Lagos,26,26,REDPE_mid,30045.0,16.1,54,16.0,1.0,1.0,64.0,0.0,True,,0.9299799963652484,8017.502018412223,16080.0,13965.0,0.0,0.0,13965.0,0.0,22.497981587778188,1005
10,Los Lagos,26,26,REDPE_mid,30045.0,16.1,55,16.0,1.0,1.0,64.0,0.01,True,,0.7105104584713056,8017.502018412223,19376.0,10669.0,0.0,0.0,10669.0,0.0,18.57344954075217,1211
10,Los Lagos,26,26,REDPE_mid,30045.0,16.1,56,16.0,1.0,2.0,8.0,0.0,True,,0.779380214050531,8017.252035750487,19104.0,10941.0,0.24998266173615802,0.24998266173615802,10941.0,1532.4592194147424,2.2887448347718227,1194
10,Los Lagos,26,26,REDPE_mid,30045.0,16.1,57,16.0,1.0,2.0,8.0,0.01,True,,0.7205763358952507,8017.273079916098,20032.0,10013.0,0.22893849612444805,0.22893849612444805,10013.0,1619.581015454592,6.667423563558548,1252
10,Los Lagos,26,26,REDPE_mid,30045.0,16.1,58,16.0,1.0,2.0,16.0,0.0,True,,0.9318438672256245,8017.502018412223,16048.0,13997.0,0.0,0.0,13997.0,0.0,6.4979815877781535,1003
10,Los Lagos,26,26,REDPE_mid,30045.0,16.1,59,16.0,1.0,2.0,16.0,0.01,True,,0.8508938577535926,8017.502018412223,17264.0,12781.0,0.0,0.0,12781.0,0.0,6.2119124133798245,1079
10,Los Lagos,26,26,REDPE_mid,30045.0,16.1,60,16.0,1.0,2.0,32.0,0.0,True,,0.9309119317954365,8017.502018412223,16064.0,13981.0,0.0,0.0,13981.0,0.0,14.497981587778163,1004
10,Los Lagos,26,26,REDPE_mid,30045.0,16.1,61,16.0,1.0,2.0,32.0,0.01,True,,0.8041087103032135,8017.502018412223,17968.0,12077.0,0.0,0.0,12077.0,0.0,10.892402120104979,1123
10,Los Lagos,26,26,REDPE_mid,30045.0,16.1,62,16.0,1.0,2.0,64.0,0.0,True,,0.9299799963652484,8017.502018412223,16080.0,13965.0,0.0,0.0,13965.0,0.0,22.497981587778188,1005
10,Los Lagos,26,26,REDPE_mid,30045.0,16.1,63,16.0,1.0,2.0,64.0,0.01,True,,0.7105104584713056,8017.502018412223,19376.0,10669.0,0.0,0.0,10669.0,0.0,18.57344954075217,1211
10,Los Lagos,26,26,REDPE_mid,30045.0,16.1,64,16.0,1.0,4.0,8.0,0.0,True,,0.8077098599359398,7966.771100055574,18688.0,11357.0,50.73091835664864,50.73091835664864,11357.0,1374.940155109655,2.2887448347718227,1168
10,Los Lagos,26,26,REDPE_mid,30045.0,16.1,65,16.0,1.0,4.0,8.0,0.01,True,,0.7586100977571717,7956.3185559772755,19456.0,10589.0,61.183462434946854,61.183462434946854,10589.0,1396.96455681013,6.667423563558548,1216
10,Los Lagos,26,26,REDPE_mid,30045.0,16.1,66,16.0,1.0,4.0,16.0,0.0,True,,0.9318558607816777,8017.411931814319,16048.0,13997.0,0.09008659790373463,0.09008659790373463,13997.0,0.0,6.588068185681892,1003
10,Los Lagos,26,26,REDPE_mid,30045.0,16.1,67,16.0,1.0,4.0,16.0,0.01,True,,0.8519796448607616,8017.037262725436,17248.0,12797.0,0.4647556867855689,0.4647556867855689,12797.0,0.0,4.203569875665231,1078
10,Los Lagos,26,26,REDPE_mid,30045.0,16.1,68,16.0,1.0,4.0,32.0,0.0,True,,0.9309119317954365,8017.502018412223,16064.0,13981.0,0.0,0.0,13981.0,0.0,14.497981587778167,1004
10,Los Lagos,26,26,REDPE_mid,30045.0,16.1,69,16.0,1.0,4.0,32.0,0.01,True,,0.8051718953769498,8017.502018412223,17952.0,12093.0,0.0,0.0,12093.0,0.0,10.779193200907258,1122
10,Los Lagos,26,26,REDPE_mid,30045.0,16.1,70,16.0,1.0,4.0,64.0,0.0,True,,0.9299799963652484,8017.502018412223,16080.0,13965.0,0.0,0.0,13965.0,0.0,22.497981587778167,1005
10,Los Lagos,26,26,REDPE_mid,30045.0,16.1,71,16.0,1.0,4.0,64.0,0.01,True,,0.7115944717028664,8017.502018412223,19360.0,10685.0,0.0,0.0,10685.0,0.0,19.711804625235253,1210
10,Los Lagos,26,26,REDPE_mid,30045.0,16.1,72,16.0,2.0,1.0,8.0,0.0,True,,0.9017369976502414,8016.116075772531,16656.0,13389.0,1.3859426396907248,1.3859426396907248,13389.0,307.7906660976964,4.093258129772419,1041
10,Los Lagos,26,26,REDPE_mid,30045.0,16.1,73,16.0,2.0,1.0,8.0,0.01,True,,0.8502938516342068,8016.787200548877,17440.0,12605.0,0.7148178633450364,0.7148178633450364,12605.0,333.0920685848524,2.969682486362331,1090
10,Los Lagos,26,26,REDPE_mid,30045.0,16.1,74,16.0,2.0,1.0,16.0,0.0,True,,0.9318438672256245,8017.502018412223,16048.0,13997.0,0.0,0.0,13997.0,0.0,6.497981587778111,1003
10,Los Lagos,26,26,REDPE_mid,30045.0,16.1,75,16.0,2.0,1.0,16.0,0.01,True,,0.8562711907698863,8017.502018412223,17184.0,12861.0,0.0,0.0,12861.0,0.0,9.335853362466176,1074
10,Los Lagos,26,26,REDPE_mid,30045.0,16.1,76,16.0,2.0,1.0,32.0,0.0,True,,0.9309119317954365,8017.502018412223,16064.0,13981.0,0.0,0.0,13981.0,0.0,14.497981587778163,1004
10,Los Lagos,26,26,REDPE_mid,30045.0,16.1,77,16.0,2.0,1.0,32.0,0.01,True,,0.8094548810542089,8017.502018412223,17888.0,12157.0,0.0,0.0,12157.0,0.0,12.143802547414563,1118
10,Los Lagos,26,26,REDPE_mid,30045.0,16.1,78,16.0,2.0,1.0,64.0,0.0,True,,0.9299799963652484,8017.502018412223,16080.0,13965.0,0.0,0.0,13965.0,0.0,22.497981587778188,1005
10,Los Lagos,26,26,REDPE_mid,30045.0,16.1,79,16.0,2.0,1.0,64.0,0.01,True,,0.7168701768726624,8017.502018412223,19280.0,10765.0,0.0,0.0,10765.0,0.0,16.72892827828794,1205
10,Los Lagos,26,26,REDPE_mid,30045.0,16.1,80,16.0,2.0,2.0,8.0,0.0,True,,0.9017369976502414,8016.116075772531,16656.0,13389.0,1.3859426396907248,1.3859426396907248,13389.0,307.7906660976964,4.093258129772419,1041
10,Los Lagos,26,26,REDPE_mid,30045.0,16.1,81,16.0,2.0,2.0,8.0,0.01,True,,0.8502938516342068,8016.787200548877,17440.0,12605.0,0.7148178633450364,0.7148178633450364,12605.0,333.0920685848524,2.969682486362331,1090
10,Los Lagos,26,26,REDPE_mid,30045.0,16.1,82,16.0,2.0,2.0,16.0,0.0,True,,0.9318438672256245,8017.502018412223,16048.0,13997.0,0.0,0.0,13997.0,0.0,6.497981587778111,1003
10,Los Lagos,26,26,REDPE_mid,30045.0,16.1,83,16.0,2.0,2.0,16.0,0.01,True,,0.8562711907698863,8017.502018412223,17184.0,12861.0,0.0,0.0,12861.0,0.0,9.335853362466176,1074
10,Los Lagos,26,26,REDPE_mid,30045.0,16.1,84,16.0,2.0,2.0,32.0,0.0,True,,0.9309119317954365,8017.502018412223,16064.0,13981.0,0.0,0.0,13981.0,0.0,14.497981587778163,1004
10,Los Lagos,26,26,REDPE_mid,30045.0,16.1,85,16.0,2.0,2.0,32.0,0.01,True,,0.8094548810542089,8017.502018412223,17888.0,12157.0,0.0,0.0,12157.0,0.0,12.143802547414563,1118
10,Los Lagos,26,26,REDPE_mid,30045.0,16.1,86,16.0,2.0,2.0,64.0,0.0,True,,0.9299799963652484,8017.502018412223,16080.0,13965.0,0.0,0.0,13965.0,0.0,22.497981587778188,1005
10,Los Lagos,26,26,REDPE_mid,30045.0,16.1,87,16.0,2.0,2.0,64.0,0.01,True,,0.7168701768726624,8017.502018412223,19280.0,10765.0,0.0,0.0,10765.0,0.0,16.72892827828794,1205
10,Los Lagos,26,26,REDPE_mid,30045.0,16.1,88,16.0,2.0,4.0,8.0,0.0,True,,0.9060449808644674,7998.019774512217,16624.0,13421.0,19.48224390000547,19.48224390000547,13421.0,309.8869673580112,4.093258129772419,1039
10,Los Lagos,26,26,REDPE_mid,30045.0,16.1,89,16.0,2.0,4.0,8.0,0.01,True,,0.8585065144135037,7994.810530289602,17344.0,12701.0,22.69148812262101,22.69148812262101,12701.0,310.92317588136206,2.969682486362331,1084
10,Los Lagos,26,26,REDPE_mid,30045.0,16.1,90,16.0,2.0,4.0,16.0,0.0,True,,0.9318558607816777,8017.411931814319,16048.0,13997.0,0.09008659790373463,0.09008659790373463,13997.0,0.0,6.588068185681828,1003
10,Los Lagos,26,26,REDPE_mid,30045.0,16.1,91,16.0,2.0,4.0,16.0,0.01,True,,0.8563620558745775,8016.811758818203,17184.0,12861.0,0.6902595940201988,0.6902595940201988,12861.0,0.0,9.964120345216722,1074
10,Los Lagos,26,26,REDPE_mid,30045.0,16.1,92,16.0,2.0,4.0,32.0,0.0,True,,0.9309119317954365,8017.502018412223,16064.0,13981.0,0.0,0.0,13981.0,0.0,14.49798158777817,1004
10,Los Lagos,26,26,REDPE_mid,30045.0,16.1,93,16.0,2.0,4.0,32.0,0.01,True,,0.8104476892637974,8017.502018412223,17872.0,12173.0,0.0,0.0,12173.0,0.0,7.801647861590363,1117
10,Los Lagos,26,26,REDPE_mid,30045.0,16.1,94,16.0,2.0,4.0,64.0,0.0,True,,0.9299799963652484,8017.502018412223,16080.0,13965.0,0.0,0.0,13965.0,0.0,22.49798158777816,1005
10,Los Lagos,26,26,REDPE_mid,30045.0,16.1,95,16.0,2.0,4.0,64.0,0.01,True,,0.7179724979703481,8017.502018412223,19264.0,10781.0,0.0,0.0,10781.0,0.0,18.967403038218414,1204
10,Los Lagos,26,26,REDPE_mid,30045.0,16.1,96,32.0,1.0,1.0,8.0,0.0,True,,0.48484323540519697,6337.0315681541415,30045.0,0.0,1680.4704502580805,1680.4704502580805,0.0,8685.468431845859,0.0,939
10,Los Lagos,26,26,REDPE_mid,30045.0,16.1,97,32.0,1.0,1.0,8.0,0.01,True,,0.5179657580000959,6058.424872222246,30045.0,0.0,1959.077146189976,1959.077146189976,0.0,8705.511187447966,0.0,939
10,Los Lagos,26,26,REDPE_mid,30045.0,16.1,98,32.0,1.0,1.0,16.0,0.0,True,,0.7248372127030667,8017.502018412223,20192.0,9853.0,0.0,0.0,9853.0,2064.970129739503,13.5278518482747,631
10,Los Lagos,26,26,REDPE_mid,30045.0,16.1,99,32.0,1.0,1.0,16.0,0.01,True,,0.5960086176187717,8017.502018412223,22240.0,7805.0,0.0,0.0,7805.0,2293.8396663085555,6.478500094871839,695
10,Los Lagos,26,26,REDPE_mid,30045.0,16.1,100,32.0,1.0,1.0,32.0,0.0,True,,0.9309119317954365,8017.502018412223,16064.0,13981.0,0.0,0.0,13981.0,0.0,14.49798158777821,502
10,Los Lagos,26,26,REDPE_mid,30045.0,16.1,101,32.0,1.0,1.0,32.0,0.01,True,,0.758403407800294,8017.502018412223,18656.0,11389.0,0.0,0.0,11389.0,0.0,16.460774719668755,583
10,Los Lagos,26,26,REDPE_mid,30045.0,16.1,102,32.0,1.0,1.0,64.0,0.0,True,,0.9290480609350603,8017.502018412223,16096.0,13949.0,0.0,0.0,13949.0,0.0,30.497981587778213,503
10,Los Lagos,26,26,REDPE_mid,30045.0,16.1,103,32.0,1.0,1.0,64.0,0.01,True,,0.6649199909227606,8017.502018412223,20064.0,9981.0,0.0,0.0,9981.0,0.0,31.042254548683832,627
10,Los Lagos,26,26,REDPE_mid,30045.0,16.1,104,32.0,1.0,2.0,8.0,0.0,True,,0.48484323540519697,6337.0315681541415,30045.0,0.0,1680.4704502580805,1680.4704502580805,0.0,8685.468431845859,0.0,939
10,Los Lagos,26,26,REDPE_mid,30045.0,16.1,105,32.0,1.0,2.0,8.0,0.01,True,,0.5179657580000959,6058.424872222246,30045.0,0.0,1959.077146189976,1959.077146189976,0.0,8705.511187447966,0.0,939
10,Los Lagos,26,26,REDPE_mid,30045.0,16.1,106,32.0,1.0,2.0,16.0,0.0,True,,0.7248372127030667,8017.502018412223,20192.0,9853.0,0.0,0.0,9853.0,2064.970129739503,13.5278518482747,631
10,Los Lagos,26,26,REDPE_mid,30045.0,16.1,107,32.0,1.0,2.0,16.0,0.01,True,,0.5960086176187717,8017.502018412223,22240.0,7805.0,0.0,0.0,7805.0,2293.8396663085555,6.478500094871839,695
10,Los Lagos,26,26,REDPE_mid,30045.0,16.1,108,32.0,1.0,2.0,32.0,0.0,True,,0.9309119317954365,8017.502018412223,16064.0,13981.0,0.0,0.0,13981.0,0.0,14.49798158777821,502
10,Los Lagos,26,26,REDPE_mid,30045.0,16.1,109,32.0,1.0,2.0,32.0,0.01,True,,0.758403407800294,8017.502018412223,18656.0,11389.0,0.0,0.0,11389.0,0.0,16.460774719668755,583
10,Los Lagos,26,26,REDPE_mid,30045.0,16.1,110,32.0,1.0,2.0,64.0,0.0,True,,0.9290480609350603,8017.502018412223,16096.0,13949.0,0.0,0.0,13949.0,0.0,30.497981587778213,503
10,Los Lagos,26,26,REDPE_mid,30045.0,16.1,111,32.0,1.0,2.0,64.0,0.01,True,,0.6649199909227606,8017.502018412223,20064.0,9981.0,0.0,0.0,9981.0,0.0,31.042254548683832,627
10,Los Lagos,26,26,REDPE_mid,30045.0,16.1,112,32.0,1.0,4.0,8.0,0.0,True,,0.4665206780827994,6459.365175876683,30045.0,0.0,1558.1368425355397,1558.1368425355397,0.0,8563.134824123317,0.0,939
10,Los Lagos,26,26,REDPE_mid,30045.0,16.1,113,32.0,1.0,4.0,8.0,0.01,True,,0.49299758763162604,6224.192319582293,30045.0,0.0,1793.3096988299285,1793.3096988299285,0.0,8535.528574487453,0.0,939
10,Los Lagos,26,26,REDPE_mid,30045.0,16.1,114,32.0,1.0,4.0,16.0,0.0,True,,0.7248372127030667,8017.502018412223,20192.0,9853.0,0.0,0.0,9853.0,2064.970129739503,13.5278518482747,631
10,Los Lagos,26,26,REDPE_mid,30045.0,16.1,115,32.0,1.0,4.0,16.0,0.01,True,,0.5960086176187717,8017.502018412223,22240.0,7805.0,0.0,0.0,7805.0,2293.8396663085555,6.478500094871839,695
10,Los Lagos,26,26,REDPE_mid,30045.0,16.1,116,32.0,1.0,4.0,32.0,0.0,True,,0.9309119317954365,8017.502018412223,16064.0,13981.0,0.0,0.0,13981.0,0.0,14.49798158777821,502
10,Los Lagos,26,26,REDPE_mid,30045.0,16.1,117,32.0,1.0,4.0,32.0,0.01,True,,0.758403407800294,8017.502018412223,18656.0,11389.0,0.0,0.0,11389.0,0.0,16.460774719668755,583
10,Los Lagos,26,26,REDPE_mid,30045.0,16.1,118,32.0,1.0,4.0,64.0,0.0,True,,0.9290480609350603,8017.502018412223,16096.0,13949.0,0.0,0.0,13949.0,0.0,30.497981587778213,503
10,Los Lagos,26,26,REDPE_mid,30045.0,16.1,119,32.0,1.0,4.0,64.0,0.01,True,,0.6649199909227606,8017.502018412223,20064.0,9981.0,0.0,0.0,9981.0,0.0,31.042254548683832,627
10,Los Lagos,26,26,REDPE_mid,30045.0,16.1,120,32.0,2.0,1.0,8.0,0.0,True,,0.2902523978319277,7636.249727018336,30045.0,0.0,381.25229139388614,381.25229139388614,0.0,7386.250272981664,0.0,939
10,Los Lagos,26,26,REDPE_mid,30045.0,16.1,121,32.0,2.0,1.0,8.0,0.01,True,,0.32090526108994094,7355.540222428606,30045.0,0.0,661.961795983616,661.961795983616,0.0,7324.732283504618,0.0,939
10,Los Lagos,26,26,REDPE_mid,30045.0,16.1,122,32.0,2.0,1.0,16.0,0.0,True,,0.8254989455642684,8017.502018412223,18176.0,11869.0,0.0,0.0,11869.0,1057.733657369111,12.764324218667316,568
10,Los Lagos,26,26,REDPE_mid,30045.0,16.1,123,32.0,2.0,1.0,16.0,0.01,True,,0.7108039603748553,8017.502018412223,19936.0,10109.0,0.0,0.0,10109.0,1136.2469944773009,3.7159899704497468,623
10,Los Lagos,26,26,REDPE_mid,30045.0,16.1,124,32.0,2.0,1.0,32.0,0.0,True,,0.9309119317954365,8017.502018412223,16064.0,13981.0,0.0,0.0,13981.0,0.0,14.497981587778114,502
10,Los Lagos,26,26,REDPE_mid,30045.0,16.1,125,32.0,2.0,1.0,32.0,0.01,True,,0.7669294197337859,8017.502018412223,18528.0,11517.0,0.0,0.0,11517.0,0.0,16.788831803197514,579
10,Los Lagos,26,26,REDPE_mid,30045.0,16.1,126,32.0,2.0,1.0,64.0,0.0,True,,0.9290480609350603,8017.502018412223,16096.0,13949.0,0.0,0.0,13949.0,0.0,30.497981587778213,503
10,Los Lagos,26,26,REDPE_mid,30045.0,16.1,127,32.0,2.0,1.0,64.0,0.01,True,,0.6711074199755316,8017.502018412223,19968.0,10077.0,0.0,0.0,10077.0,0.0,18.844866329692444,624
10,Los Lagos,26,26,REDPE_mid,30045.0,16.1,128,32.0,2.0,2.0,8.0,0.0,True,,0.2902523978319277,7636.249727018336,30045.0,0.0,381.25229139388614,381.25229139388614,0.0,7386.250272981664,0.0,939
10,Los Lagos,26,26,REDPE_mid,30045.0,16.1,129,32.0,2.0,2.0,8.0,0.01,True,,0.32090526108994094,7355.540222428606,30045.0,0.0,661.961795983616,661.961795983616,0.0,7324.732283504618,0.0,939
10,Los Lagos,26,26,REDPE_mid,30045.0,16.1,130,32.0,2.0,2.0,16.0,0.0,True,,0.8254989455642684,8017.502018412223,18176.0,11869.0,0.0,0.0,11869.0,1057.733657369111,12.764324218667316,568
10,Los Lagos,26,26,REDPE_mid,30045.0,16.1,131,32.0,2.0,2.0,16.0,0.01,True,,0.7108039603748553,8017.502018412223,19936.0,10109.0,0.0,0.0,10109.0,1136.2469944773009,3.7159899704497468,623
10,Los Lagos,26,26,REDPE_mid,30045.0,16.1,132,32.0,2.0,2.0,32.0,0.0,True,,0.9309119317954365,8017.502018412223,16064.0,13981.0,0.0,0.0,13981.0,0.0,14.497981587778114,502
10,Los Lagos,26,26,REDPE_mid,30045.0,16.1,133,32.0,2.0,2.0,32.0,0.01,True,,0.7669294197337859,8017.502018412223,18528.0,11517.0,0.0,0.0,11517.0,0.0,16.788831803197514,579
10,Los Lagos,26,26,REDPE_mid,30045.0,16.1,134,32.0,2.0,2.0,64.0,0.0,True,,0.9290480609350603,8017.502018412223,16096.0,13949.0,0.0,0.0,13949.0,0.0,30.497981587778213,503
10,Los Lagos,26,26,REDPE_mid,30045.0,16.1,135,32.0,2.0,2.0,64.0,0.01,True,,0.6711074199755316,8017.502018412223,19968.0,10077.0,0.0,0.0,10077.0,0.0,18.844866329692444,624
10,Los Lagos,26,26,REDPE_mid,30045.0,16.1,136,32.0,2.0,4.0,8.0,0.0,True,,0.2902523978319277,7636.249727018336,30045.0,0.0,381.25229139388614,381.25229139388614,0.0,7386.250272981664,0.0,939
10,Los Lagos,26,26,REDPE_mid,30045.0,16.1,137,32.0,2.0,4.0,8.0,0.01,True,,0.32090526108994094,7355.540222428606,30045.0,0.0,661.961795983616,661.961795983616,0.0,7324.732283504618,0.0,939
10,Los Lagos,26,26,REDPE_mid,30045.0,16.1,138,32.0,2.0,4.0,16.0,0.0,True,,0.8254989455642684,8017.502018412223,18176.0,11869.0,0.0,0.0,11869.0,1057.733657369111,12.764324218667316,568
10,Los Lagos,26,26,REDPE_mid,30045.0,16.1,139,32.0,2.0,4.0,16.0,0.01,True,,0.7108039603748553,8017.502018412223,19936.0,10109.0,0.0,0.0,10109.0,1136.2469944773009,3.7159899704497468,623
10,Los Lagos,26,26,REDPE_mid,30045.0,16.1,140,32.0,2.0,4.0,32.0,0.0,True,,0.9309119317954365,8017.502018412223,16064.0,13981.0,0.0,0.0,13981.0,0.0,14.497981587778114,502
10,Los Lagos,26,26,REDPE_mid,30045.0,16.1,141,32.0,2.0,4.0,32.0,0.01,True,,0.7669294197337859,8017.502018412223,18528.0,11517.0,0.0,0.0,11517.0,0.0,16.788831803197514,579
10,Los Lagos,26,26,REDPE_mid,30045.0,16.1,142,32.0,2.0,4.0,64.0,0.0,True,,0.9290480609350603,8017.502018412223,16096.0,13949.0,0.0,0.0,13949.0,0.0,30.497981587778213,503
10,Los Lagos,26,26,REDPE_mid,30045.0,16.1,143,32.0,2.0,4.0,64.0,0.01,True,,0.6711074199755316,8017.502018412223,19968.0,10077.0,0.0,0.0,10077.0,0.0,18.844866329692444,624
11,Aysen,9,8,REDPE_mid,46410.0,24.865,0,8.0,1.0,1.0,8.0,0.0,True,,1.2260519324574897,8977.85962929582,17960.0,28450.0,0.0,0.0,28450.0,0.0,2.140370704180256,2245
11,Aysen,9,8,REDPE_mid,46410.0,24.865,1,8.0,1.0,1.0,8.0,0.01,True,,1.203675125037345,8977.85962929582,18480.0,27930.0,0.0,0.0,27930.0,0.0,5.125105966373046,2310
11,Aysen,9,8,REDPE_mid,46410.0,24.865,2,8.0,1.0,1.0,16.0,0.0,True,,1.2257502733323011,8977.85962929582,17968.0,28442.0,0.0,0.0,28442.0,0.0,6.140370704180299,2246
11,Aysen,9,8,REDPE_mid,46410.0,24.865,3,8.0,1.0,1.0,16.0,0.01,True,,1.1885150313846988,8977.85962929582,18832.0,27578.0,0.0,0.0,27578.0,0.0,5.965213127738163,2354
11,Aysen,9,8,REDPE_mid,46410.0,24.865,4,8.0,1.0,1.0,32.0,0.0,True,,1.2254486142071126,8977.85962929582,17976.0,28434.0,0.0,0.0,28434.0,0.0,10.140370704180254,2247
11,Aysen,9,8,REDPE_mid,46410.0,24.865,5,8.0,1.0,1.0,32.0,0.01,True,,1.157885941792665,8977.85962929582,19544.0,26866.0,0.0,0.0,26866.0,0.0,10.973117195166388,2443
11,Aysen,9,8,REDPE_mid,46410.0,24.865,6,8.0,1.0,1.0,64.0,0.0,True,,1.2248452959567355,8977.85962929582,17992.0,28418.0,0.0,0.0,28418.0,0.0,18.140370704180356,2249
11,Aysen,9,8,REDPE_mid,46410.0,24.865,7,8.0,1.0,1.0,64.0,0.01,True,,1.0972557088537829,8977.85962929582,20952.0,25458.0,0.0,0.0,25458.0,0.0,15.274895808111422,2619
11,Aysen,9,8,REDPE_mid,46410.0,24.865,8,8.0,1.0,2.0,8.0,0.0,True,,1.2260519324574897,8977.85962929582,17960.0,28450.0,0.0,0.0,28450.0,0.0,2.140370704180256,2245
11,Aysen,9,8,REDPE_mid,46410.0,24.865,9,8.0,1.0,2.0,8.0,0.01,True,,1.2040071330921354,8977.534318842214,18472.0,27938.0,0.3253104536073015,0.3253104536073015,27938.0,0.0,1.6649204367402195,2309
11,Aysen,9,8,REDPE_mid,46410.0,24.865,10,8.0,1.0,2.0,16.0,0.0,True,,1.2257502733323011,8977.85962929582,17968.0,28442.0,0.0,0.0,28442.0,0.0,6.140370704180299,2246
11,Aysen,9,8,REDPE_mid,46410.0,24.865,11,8.0,1.0,2.0,16.0,0.01,True,,1.1885150313846988,8977.85962929582,18832.0,27578.0,0.0,0.0,27578.0,0.0,5.965213127738163,2354
11,Aysen,9,8,REDPE_mid,46410.0,24.865,12,8.0,1.0,2.0,32.0,0.0,True,,1.2254486142071126,8977.85962929582,17976.0,28434.0,0.0,0.0,28434.0,0.0,10.140370704180254,2247
11,Aysen,9,8,REDPE_mid,46410.0,24.865,13,8.0,1.0,2.0,32.0,0.01,True,,1.15819763634353,8977.85962929582,19536.0,26874.0,0.0,0.0,26874.0,0.0,7.904605406449204,2442
11,Aysen,9,8,REDPE_mid,46410.0,24.865,14,8.0,1.0,2.0,64.0,0.0,True,,1.2248452959567355,8977.85962929582,17992.0,28418.0,0.0,0.0,28418.0,0.0,18.140370704180356,2249
11,Aysen,9,8,REDPE_mid,46410.0,24.865,15,8.0,1.0,2.0,64.0,0.01,True,,1.09760037115739,8977.85962929582,20944.0,25466.0,0.0,0.0,25466.0,0.0,15.266450828929154,2618
11,Aysen,9,8,REDPE_mid,46410.0,24.865,16,8.0,1.0,4.0,8.0,0.0,True,,1.502085534626506,7269.679760129807,14544.0,31866.0,1708.1798691660135,1708.1798691660135,31866.0,0.0,2.320239870193782,1818
11,Aysen,9,8,REDPE_mid,46410.0,24.865,17,8.0,1.0,4.0,8.0,0.01,True,,1.496825548378772,7206.796069827437,14776.0,31634.0,1771.063559468382,1771.063559468382,31634.0,0.0,1.9024842389488512,1847
11,Aysen,9,8,REDPE_mid,46410.0,24.865,18,8.0,1.0,4.0,16.0,0.0,True,,1.4791008324190023,7410.35976749237,14832.0,31578.0,1567.49986180345,1567.49986180345,31578.0,0.0,5.640232507630177,1854
11,Aysen,9,8,REDPE_mid,46410.0,24.865,19,8.0,1.0,4.0,16.0,0.01,True,,1.469319407652668,7334.326319490695,15192.0,31218.0,1643.5333098051249,1643.5333098051249,31218.0,0.0,5.494249684783113,1899
11,Aysen,9,8,REDPE_mid,46410.0,24.865,20,8.0,1.0,4.0,32.0,0.0,True,,1.4717860643619927,7453.229363873823,14928.0,31482.0,1524.6302654219976,1524.6302654219976,31482.0,0.0,10.770636126177816,1866
11,Aysen,9,8,REDPE_mid,46410.0,24.865,21,8.0,1.0,4.0,32.0,0.01,True,,1.4512103185655287,7369.456109094619,15552.0,30858.0,1608.4035202012005,1608.4035202012005,30858.0,0.0,10.517127843961957,1944
11,Aysen,9,8,REDPE_mid,46410.0,24.865,22,8.0,1.0,4.0,64.0,0.0,True,,1.4647186220004327,7493.229363873823,15024.0,31386.0,1484.6302654219976,1484.6302654219976,31386.0,0.0,18.770636126177777,1878
11,Aysen,9,8,REDPE_mid,46410.0,24.865,23,8.0,1.0,4.0,64.0,0.01,True,,1.4256767929037726,7388.982921715219,16112.0,30298.0,1588.8767075806,1588.8767075806,30298.0,0.0,17.182964263971318,2014
11,Aysen,9,8,REDPE_mid,46410.0,24.865,24,8.0,2.0,1.0,8.0,0.0,True,,1.2260519324574897,8977.85962929582,17960.0,28450.0,0.0,0.0,28450.0,0.0,2.140370704180249,2245
11,Aysen,9,8,REDPE_mid,46410.0,24.865,25,8.0,2.0,1.0,8.0,0.01,True,,1.207435312830632,8977.85962929582,18392.0,28018.0,0.0,0.0,28018.0,0.0,2.145736939273546,2299
11,Aysen,9,8,REDPE_mid,46410.0,24.865,26,8.0,2.0,1.0,16.0,0.0,True,,1.2257502733323011,8977.85962929582,17968.0,28442.0,0.0,0.0,28442.0,0.0,6.140370704180299,2246
11,Aysen,9,8,REDPE_mid,46410.0,24.865,27,8.0,2.0,1.0,16.0,0.01,True,,1.1924646001366046,8977.85962929582,18740.0,27670.0,0.0,0.0,27670.0,0.0,4.5641846796464955,2343
11,Aysen,9,8,REDPE_mid,46410.0,24.865,28,8.0,2.0,1.0,32.0,0.0,True,,1.2254486142071126,8977.85962929582,17976.0,28434.0,0.0,0.0,28434.0,0.0,10.140370704180247,2247
11,Aysen,9,8,REDPE_mid,46410.0,24.865,29,8.0,2.0,1.0,32.0,0.01,True,,1.1623365388377065,8977.85962929582,19440.0,26970.0,0.0,0.0,26970.0,0.0,8.077534915908736,2430
11,Aysen,9,8,REDPE_mid,46410.0,24.865,30,8.0,2.0,1.0,64.0,0.0,True,,1.2248452959567355,8977.85962929582,17992.0,28418.0,0.0,0.0,28418.0,0.0,18.14037070418037,2249
11,Aysen,9,8,REDPE_mid,46410.0,24.865,31,8.0,2.0,1.0,64.0,0.01,True,,1.1019271567207334,8977.85962929582,20844.0,25566.0,0.0,0.0,25566.0,0.0,16.87868681847362,2606
11,Aysen,9,8,REDPE_mid,46410.0,24.865,32,8.0,2.0,2.0,8.0,0.0,True,,1.2260519324574897,8977.85962929582,17960.0,28450.0,0.0,0.0,28450.0,0.0,2.140370704180249,2245
11,Aysen,9,8,REDPE_mid,46410.0,24.865,33,8.0,2.0,2.0,8.0,0.01,True,,1.207435312830632,8977.85962929582,18392.0,28018.0,0.0,0.0,28018.0,0.0,2.145736939273546,2299
11,Aysen,9,8,REDPE_mid,46410.0,24.865,34,8.0,2.0,2.0,16.0,0.0,True,,1.2257502733323011,8977.85962929582,17968.0,28442.0,0.0,0.0,28442.0,0.0,6.140370704180299,2246
11,Aysen,9,8,REDPE_mid,46410.0,24.865,35,8.0,2.0,2.0,16.0,0.01,True,,1.1924646001366046,8977.85962929582,18740.0,27670.0,0.0,0.0,27670.0,0.0,4.5641846796464955,2343
11,Aysen,9,8,REDPE_mid,46410.0,24.865,36,8.0,2.0,2.0,32.0,0.0,True,,1.2254486142071126,8977.85962929582,17976.0,28434.0,0.0,0.0,28434.0,0.0,10.140370704180247,2247
11,Aysen,9,8,REDPE_mid,46410.0,24.865,37,8.0,2.0,2.0,32.0,0.01,True,,1.1623365388377065,8977.85962929582,19440.0,26970.0,0.0,0.0,26970.0,0.0,8.077534915908736,2430
11,Aysen,9,8,REDPE_mid,46410.0,24.865,38,8.0,2.0,2.0,64.0,0.0,True,,1.2248452959567355,8977.85962929582,17992.0,28418.0,0.0,0.0,28418.0,0.0,18.14037070418037,2249
11,Aysen,9,8,REDPE_mid,46410.0,24.865,39,8.0,2.0,2.0,64.0,0.01,True,,1.1019271567207334,8977.85962929582,20844.0,25566.0,0.0,0.0,25566.0,0.0,16.87868681847362,2606
11,Aysen,9,8,REDPE_mid,46410.0,24.865,40,8.0,2.0,4.0,8.0,0.0,True,,1.502085534626506,7269.679760129807,14544.0,31866.0,1708.1798691660135,1708.1798691660135,31866.0,0.0,2.3202398701937836,1818
11,Aysen,9,8,REDPE_mid,46410.0,24.865,41,8.0,2.0,4.0,8.0,0.01,True,,1.4962749427972473,7228.137242750502,14752.0,31658.0,1749.7223865453186,1749.7223865453186,31658.0,0.0,4.183484623261712,1844
11,Aysen,9,8,REDPE_mid,46410.0,24.865,42,8.0,2.0,4.0,16.0,0.0,True,,1.4791008324190023,7410.35976749237,14832.0,31578.0,1567.49986180345,1567.49986180345,31578.0,0.0,5.640232507630175,1854
11,Aysen,9,8,REDPE_mid,46410.0,24.865,43,8.0,2.0,4.0,16.0,0.01,True,,1.468320082376789,7361.084664326074,15168.0,31242.0,1616.774964969746,1616.774964969746,31242.0,0.0,4.045291425315427,1896
11,Aysen,9,8,REDPE_mid,46410.0,24.865,44,8.0,2.0,4.0,32.0,0.0,True,,1.471936893924587,7453.229363873823,14924.0,31486.0,1524.6302654219976,1524.6302654219976,31486.0,0.0,8.770636126177806,1866
11,Aysen,9,8,REDPE_mid,46410.0,24.865,45,8.0,2.0,4.0,32.0,0.01,True,,1.4505350948639943,7394.144877657365,15524.0,30886.0,1583.7147516384553,1583.7147516384553,30886.0,0.0,8.664243806775538,1941
11,Aysen,9,8,REDPE_mid,46410.0,24.865,46,8.0,2.0,4.0,64.0,0.0,True,,1.464869451563027,7493.229363873823,15020.0,31390.0,1484.6302654219976,1484.6302654219976,31390.0,0.0,16.770636126177756,1878
11,Aysen,9,8,REDPE_mid,46410.0,24.865,47,8.0,2.0,4.0,64.0,0.01,True,,1.424917213134714,7412.493724430064,16088.0,30322.0,1565.365904865756,1565.365904865756,30322.0,0.0,15.254389103869803,2011
11,Aysen,9,8,REDPE_mid,46410.0,24.865,48,16.0,1.0,1.0,8.0,0.0,True,,1.1058229598638494,8977.817492304524,21680.0,24730.0,0.04213699129482329,0.04213699129482329,24730.0,1860.0096679279502,2.1728397675247884,1355
11,Aysen,9,8,REDPE_mid,46410.0,24.865,49,16.0,1.0,1.0,8.0,0.01,True,,1.0689119271104666,8977.85169801528,22576.0,23834.0,0.007931280539932306,0.007931280539932306,23834.0,1937.546024857033,5.257505715682043,1411
11,Aysen,9,8,REDPE_mid,46410.0,24.865,50,16.0,1.0,1.0,16.0,0.0,True,,1.2257502733323011,8977.85962929582,17968.0,28442.0,0.0,0.0,28442.0,0.0,6.140370704180279,1123
11,Aysen,9,8,REDPE_mid,46410.0,24.865,51,16.0,1.0,1.0,16.0,0.01,True,,1.1734006788635285,8977.85962929582,19184.0,27226.0,0.0,0.0,27226.0,0.0,11.051012112708262,1199
11,Aysen,9,8,REDPE_mid,46410.0,24.865,52,16.0,1.0,1.0,32.0,0.0,True,,1.225146955081924,8977.85962929582,17984.0,28426.0,0.0,0.0,28426.0,0.0,14.140370704180237,1124
11,Aysen,9,8,REDPE_mid,46410.0,24.865,53,16.0,1.0,1.0,32.0,0.01,True,,1.1430464700501504,8977.85962929582,19888.0,26522.0,0.0,0.0,26522.0,0.0,9.573350054963914,1243
11,Aysen,9,8,REDPE_mid,46410.0,24.865,54,16.0,1.0,1.0,64.0,0.0,True,,1.224543636831547,8977.85962929582,18000.0,28410.0,0.0,0.0,28410.0,0.0,22.140370704180484,1125
11,Aysen,9,8,REDPE_mid,46410.0,24.865,55,16.0,1.0,1.0,64.0,0.01,True,,1.082450072027525,8977.85962929582,21296.0,25114.0,0.0,0.0,25114.0,0.0,17.015685594869623,1331
11,Aysen,9,8,REDPE_mid,46410.0,24.865,56,16.0,1.0,2.0,8.0,0.0,True,,1.1058229598638494,8977.817492304524,21680.0,24730.0,0.04213699129482329,0.04213699129482329,24730.0,1860.0096679279502,2.1728397675247884,1355
11,Aysen,9,8,REDPE_mid,46410.0,24.865,57,16.0,1.0,2.0,8.0,0.01,True,,1.0689119271104666,8977.85169801528,22576.0,23834.0,0.007931280539932306,0.007931280539932306,23834.0,1937.546024857033,5.257505715682043,1411
11,Aysen,9,8,REDPE_mid,46410.0,24.865,58,16.0,1.0,2.0,16.0,0.0,True,,1.2257502733323011,8977.85962929582,17968.0,28442.0,0.0,0.0,28442.0,0.0,6.140370704180279,1123
11,Aysen,9,8,REDPE_mid,46410.0,24.865,59,16.0,1.0,2.0,16.0,0.01,True,,1.1734006788635285,8977.85962929582,19184.0,27226.0,0.0,0.0,27226.0,0.0,11.051012112708262,1199
11,Aysen,9,8,REDPE_mid,46410.0,24.865,60,16.0,1.0,2.0,32.0,0.0,True,,1.225146955081924,8977.85962929582,17984.0,28426.0,0.0,0.0,28426.0,0.0,14.140370704180237,1124
11,Aysen,9,8,REDPE_mid,46410.0,24.865,61,16.0,1.0,2.0,32.0,0.01,True,,1.1430464700501504,8977.85962929582,19888.0,26522.0,0.0,0.0,26522.0,0.0,9.573350054963914,1243
11,Aysen,9,8,REDPE_mid,46410.0,24.865,62,16.0,1.0,2.0,64.0,0.0,True,,1.224543636831547,8977.85962929582,18000.0,28410.0,0.0,0.0,28410.0,0.0,22.140370704180484,1125
11,Aysen,9,8,REDPE_mid,46410.0,24.865,63,16.0,1.0,2.0,64.0,0.01,True,,1.082450072027525,8977.85962929582,21296.0,25114.0,0.0,0.0,25114.0,0.0,17.015685594869623,1331
11,Aysen,9,8,REDPE_mid,46410.0,24.865,64,16.0,1.0,4.0,8.0,0.0,True,,1.108005846872241,8976.63798429131,21616.0,24794.0,1.221645004508261,1.221645004508261,24794.0,1829.1891759411635,2.1728397675247884,1351
11,Aysen,9,8,REDPE_mid,46410.0,24.865,65,16.0,1.0,4.0,8.0,0.01,True,,1.071233100054891,8975.171065633944,22512.0,23898.0,2.6885636618750413,2.6885636618750413,23898.0,1907.8894478730867,5.257505715682043,1407
11,Aysen,9,8,REDPE_mid,46410.0,24.865,66,16.0,1.0,4.0,16.0,0.0,True,,1.2257502733323011,8977.85962929582,17968.0,28442.0,0.0,0.0,28442.0,0.0,6.140370704180279,1123
11,Aysen,9,8,REDPE_mid,46410.0,24.865,67,16.0,1.0,4.0,16.0,0.01,True,,1.1734006788635285,8977.85962929582,19184.0,27226.0,0.0,0.0,27226.0,0.0,11.051012112711549,1199
11,Aysen,9,8,REDPE_mid,46410.0,24.865,68,16.0,1.0,4.0,32.0,0.0,True,,1.225146955081924,8977.85962929582,17984.0,28426.0,0.0,0.0,28426.0,0.0,14.140370704180237,1124
11,Aysen,9,8,REDPE_mid,46410.0,24.865,69,16.0,1.0,4.0,32.0,0.01,True,,1.1430899988119705,8977.85962929582,19888.0,26522.0,0.0,0.0,26522.0,0.0,13.613689727098116,1243
11,Aysen,9,8,REDPE_mid,46410.0,24.865,70,16.0,1.0,4.0,64.0,0.0,True,,1.224543636831547,8977.85962929582,18000.0,28410.0,0.0,0.0,28410.0,0.0,22.140370704180476,1125
11,Aysen,9,8,REDPE_mid,46410.0,24.865,71,16.0,1.0,4.0,64.0,0.01,True,,1.0824519050085466,8977.85962929582,21296.0,25114.0,0.0,0.0,25114.0,0.0,17.185822893294777,1331
11,Aysen,9,8,REDPE_mid,46410.0,24.865,72,16.0,2.0,1.0,8.0,0.0,True,,1.1993934873106458,8977.85962929582,18784.0,27626.0,0.0,0.0,27626.0,409.56312146997107,4.577249234209152,1174
11,Aysen,9,8,REDPE_mid,46410.0,24.865,73,16.0,2.0,1.0,8.0,0.01,True,,1.1703984885327405,8977.85962929582,19440.0,26970.0,0.0,0.0,26970.0,374.58213124524343,7.223443118492912,1215
11,Aysen,9,8,REDPE_mid,46410.0,24.865,74,16.0,2.0,1.0,16.0,0.0,True,,1.2257502733323011,8977.85962929582,17968.0,28442.0,0.0,0.0,28442.0,0.0,6.140370704180317,1123
11,Aysen,9,8,REDPE_mid,46410.0,24.865,75,16.0,2.0,1.0,16.0,0.01,True,,1.1775191410683201,8977.85962929582,19088.0,27322.0,0.0,0.0,27322.0,0.0,9.326673961474825,1193
11,Aysen,9,8,REDPE_mid,46410.0,24.865,76,16.0,2.0,1.0,32.0,0.0,True,,1.225146955081924,8977.85962929582,17984.0,28426.0,0.0,0.0,28426.0,0.0,14.140370704180237,1124
11,Aysen,9,8,REDPE_mid,46410.0,24.865,77,16.0,2.0,1.0,32.0,0.01,True,,1.147856715635445,8977.85962929582,19776.0,26634.0,0.0,0.0,26634.0,0.0,8.060345281995112,1236
11,Aysen,9,8,REDPE_mid,46410.0,24.865,78,16.0,2.0,1.0,64.0,0.0,True,,1.224543636831547,8977.85962929582,18000.0,28410.0,0.0,0.0,28410.0,0.0,22.140370704180476,1125
11,Aysen,9,8,REDPE_mid,46410.0,24.865,79,16.0,2.0,1.0,64.0,0.01,True,,1.086617769238378,8977.85962929582,21200.0,25210.0,0.0,0.0,25210.0,0.0,19.861340706255366,1325
11,Aysen,9,8,REDPE_mid,46410.0,24.865,80,16.0,2.0,2.0,8.0,0.0,True,,1.1993934873106458,8977.85962929582,18784.0,27626.0,0.0,0.0,27626.0,409.56312146997107,4.577249234209152,1174
11,Aysen,9,8,REDPE_mid,46410.0,24.865,81,16.0,2.0,2.0,8.0,0.01,True,,1.1703984885327405,8977.85962929582,19440.0,26970.0,0.0,0.0,26970.0,374.58213124524343,7.223443118492912,1215
11,Aysen,9,8,REDPE_mid,46410.0,24.865,82,16.0,2.0,2.0,16.0,0.0,True,,1.2257502733323011,8977.85962929582,17968.0,28442.0,0.0,0.0,28442.0,0.0,6.140370704180317,1123
11,Aysen,9,8,REDPE_mid,46410.0,24.865,83,16.0,2.0,2.0,16.0,0.01,True,,1.1775191410683201,8977.85962929582,19088.0,27322.0,0.0,0.0,27322.0,0.0,9.326673961474825,1193
11,Aysen,9,8,REDPE_mid,46410.0,24.865,84,16.0,2.0,2.0,32.0,0.0,True,,1.225146955081924,8977.85962929582,17984.0,28426.0,0.0,0.0,28426.0,0.0,14.140370704180237,1124
11,Aysen,9,8,REDPE_mid,46410.0,24.865,85,16.0,2.0,2.0,32.0,0.01,True,,1.147856715635445,8977.85962929582,19776.0,26634.0,0.0,0.0,26634.0,0.0,8.060345281995112,1236
11,Aysen,9,8,REDPE_mid,46410.0,24.865,86,16.0,2.0,2.0,64.0,0.0,True,,1.224543636831547,8977.85962929582,18000.0,28410.0,0.0,0.0,28410.0,0.0,22.140370704180476,1125
11,Aysen,9,8,REDPE_mid,46410.0,24.865,87,16.0,2.0,2.0,64.0,0.01,True,,1.086617769238378,8977.85962929582,21200.0,25210.0,0.0,0.0,25210.0,0.0,19.861340706255366,1325
11,Aysen,9,8,REDPE_mid,46410.0,24.865,88,16.0,2.0,4.0,8.0,0.0,True,,1.1993934873106458,8977.85962929582,18784.0,27626.0,0.0,0.0,27626.0,409.56312146997107,4.577249234209152,1174
11,Aysen,9,8,REDPE_mid,46410.0,24.865,89,16.0,2.0,4.0,8.0,0.01,True,,1.1703984885327405,8977.85962929582,19440.0,26970.0,0.0,0.0,26970.0,374.58213124524343,7.223443118492912,1215
11,Aysen,9,8,REDPE_mid,46410.0,24.865,90,16.0,2.0,4.0,16.0,0.0,True,,1.2257502733323011,8977.85962929582,17968.0,28442.0,0.0,0.0,28442.0,0.0,6.140370704180317,1123
11,Aysen,9,8,REDPE_mid,46410.0,24.865,91,16.0,2.0,4.0,16.0,0.01,True,,1.1775191410683201,8977.85962929582,19088.0,27322.0,0.0,0.0,27322.0,0.0,9.326673961474825,1193
11,Aysen,9,8,REDPE_mid,46410.0,24.865,92,16.0,2.0,4.0,32.0,0.0,True,,1.225146955081924,8977.85962929582,17984.0,28426.0,0.0,0.0,28426.0,0.0,14.140370704180237,1124
11,Aysen,9,8,REDPE_mid,46410.0,24.865,93,16.0,2.0,4.0,32.0,0.01,True,,1.1478621147474222,8977.85962929582,19776.0,26634.0,0.0,0.0,26634.0,0.0,8.561490855737206,1236
11,Aysen,9,8,REDPE_mid,46410.0,24.865,94,16.0,2.0,4.0,64.0,0.0,True,,1.224543636831547,8977.85962929582,18000.0,28410.0,0.0,0.0,28410.0,0.0,22.140370704180476,1125
11,Aysen,9,8,REDPE_mid,46410.0,24.865,95,16.0,2.0,4.0,64.0,0.01,True,,1.0872739821652284,8977.85962929582,21184.0,25226.0,0.0,0.0,25226.0,0.0,16.771024576510868,1324
11,Aysen,9,8,REDPE_mid,46410.0,24.865,96,32.0,1.0,1.0,8.0,0.0,True,,0.4051119062116192,8977.817492304524,43360.0,3050.0,0.04213699129482329,0.04213699129482329,3050.0,12700.009667927952,2.1728397675247884,1355
11,Aysen,9,8,REDPE_mid,46410.0,24.865,97,32.0,1.0,1.0,8.0,0.01,True,,0.33924159744013704,8977.85169801528,45152.0,1258.0,0.007931280539932306,0.007931280539932306,1258.0,13225.546024857033,5.257505715682043,1411
11,Aysen,9,8,REDPE_mid,46410.0,24.865,98,32.0,1.0,1.0,16.0,0.0,True,,1.0710935886140025,8977.85962929582,22752.0,23658.0,0.0,0.0,23658.0,2388.766524447535,9.37384625664491,711
11,Aysen,9,8,REDPE_mid,46410.0,24.865,99,32.0,1.0,1.0,16.0,0.01,True,,0.9888577390660094,8977.85962929582,24768.0,21642.0,0.0,0.0,21642.0,2605.846030801477,6.083278504031499,774
11,Aysen,9,8,REDPE_mid,46410.0,24.865,100,32.0,1.0,1.0,32.0,0.0,True,,1.225146955081924,8977.85962929582,17984.0,28426.0,0.0,0.0,28426.0,0.0,14.140370704180302,562
11,Aysen,9,8,REDPE_mid,46410.0,24.865,101,32.0,1.0,1.0,32.0,0.01,True,,1.1135226466467547,8977.85962929582,20576.0,25834.0,0.0,0.0,25834.0,0.0,21.17206175176156,643
11,Aysen,9,8,REDPE_mid,46410.0,24.865,102,32.0,1.0,1.0,64.0,0.0,True,,1.22394031858117,8977.85962929582,18016.0,28394.0,0.0,0.0,28394.0,0.0,30.140370704180413,563
11,Aysen,9,8,REDPE_mid,46410.0,24.865,103,32.0,1.0,1.0,64.0,0.01,True,,1.0529003594497792,8977.85962929582,21984.0,24426.0,0.0,0.0,24426.0,0.0,26.21136412849665,687
11,Aysen,9,8,REDPE_mid,46410.0,24.865,104,32.0,1.0,2.0,8.0,0.0,True,,0.4051119062116192,8977.817492304524,43360.0,3050.0,0.04213699129482329,0.04213699129482329,3050.0,12700.009667927952,2.1728397675247884,1355
11,Aysen,9,8,REDPE_mid,46410.0,24.865,105,32.0,1.0,2.0,8.0,0.01,True,,0.33924159744013704,8977.85169801528,45152.0,1258.0,0.007931280539932306,0.007931280539932306,1258.0,13225.546024857033,5.257505715682043,1411
11,Aysen,9,8,REDPE_mid,46410.0,24.865,106,32.0,1.0,2.0,16.0,0.0,True,,1.0710935886140025,8977.85962929582,22752.0,23658.0,0.0,0.0,23658.0,2388.766524447535,9.37384625664491,711
11,Aysen,9,8,REDPE_mid,46410.0,24.865,107,32.0,1.0,2.0,16.0,0.01,True,,0.9888577390660094,8977.85962929582,24768.0,21642.0,0.0,0.0,21642.0,2605.846030801477,6.083278504031499,774
11,Aysen,9,8,REDPE_mid,46410.0,24.865,108,32.0,1.0,2.0,32.0,0.0,True,,1.225146955081924,8977.85962929582,17984.0,28426.0,0.0,0.0,28426.0,0.0,14.140370704180302,562
11,Aysen,9,8,REDPE_mid,46410.0,24.865,109,32.0,1.0,2.0,32.0,0.01,True,,1.1135226466467547,8977.85962929582,20576.0,25834.0,0.0,0.0,25834.0,0.0,21.17206175176156,643
11,Aysen,9,8,REDPE_mid,46410.0,24.865,110,32.0,1.0,2.0,64.0,0.0,True,,1.22394031858117,8977.85962929582,18016.0,28394.0,0.0,0.0,28394.0,0.0,30.140370704180413,563
11,Aysen,9,8,REDPE_mid,46410.0,24.865,111,32.0,1.0,2.0,64.0,0.01,True,,1.0529054906179414,8977.85962929582,21984.0,24426.0,0.0,0.0,24426.0,0.0,26.687639157314262,687
11,Aysen,9,8,REDPE_mid,46410.0,24.865,112,32.0,1.0,4.0,8.0,0.0,True,,0.4093633129355895,8976.63798429131,43232.0,3178.0,1.221645004508261,1.221645004508261,3178.0,12637.189175941165,2.1728397675247884,1351
11,Aysen,9,8,REDPE_mid,46410.0,24.865,113,32.0,1.0,4.0,8.0,0.01,True,,0.3436312901001399,8975.171065633944,45024.0,1386.0,2.6885636618750413,2.6885636618750413,1386.0,13163.889447873087,5.257505715682043,1407
11,Aysen,9,8,REDPE_mid,46410.0,24.865,114,32.0,1.0,4.0,16.0,0.0,True,,1.0710935886140025,8977.85962929582,22752.0,23658.0,0.0,0.0,23658.0,2388.766524447535,9.37384625664491,711
11,Aysen,9,8,REDPE_mid,46410.0,24.865,115,32.0,1.0,4.0,16.0,0.01,True,,0.9888577390660094,8977.85962929582,24768.0,21642.0,0.0,0.0,21642.0,2605.846030801477,6.083278504031499,774
11,Aysen,9,8,REDPE_mid,46410.0,24.865,116,32.0,1.0,4.0,32.0,0.0,True,,1.225146955081924,8977.85962929582,17984.0,28426.0,0.0,0.0,28426.0,0.0,14.140370704180302,562
11,Aysen,9,8,REDPE_mid,46410.0,24.865,117,32.0,1.0,4.0,32.0,0.01,True,,1.1135226466467547,8977.85962929582,20576.0,25834.0,0.0,0.0,25834.0,0.0,21.17206175176156,643
11,Aysen,9,8,REDPE_mid,46410.0,24.865,118,32.0,1.0,4.0,64.0,0.0,True,,1.22394031858117,8977.85962929582,18016.0,28394.0,0.0,0.0,28394.0,0.0,30.140370704180413,563
11,Aysen,9,8,REDPE_mid,46410.0,24.865,119,32.0,1.0,4.0,64.0,0.01,True,,1.0529054906179414,8977.85962929582,21984.0,24426.0,0.0,0.0,24426.0,0.0,26.687639157314262,687
11,Aysen,9,8,REDPE_mid,46410.0,24.865,120,32.0,2.0,1.0,8.0,0.0,True,,0.6284776125323254,8977.85962929582,36448.0,9962.0,0.0,0.0,9962.0,9241.151624546264,4.98874615791467,1139
11,Aysen,9,8,REDPE_mid,46410.0,24.865,121,32.0,2.0,1.0,8.0,0.01,True,,0.5733427528135757,8977.85962929582,37888.0,8522.0,0.0,0.0,8522.0,9561.93040045447,5.813515247152993,1184
11,Aysen,9,8,REDPE_mid,46410.0,24.865,122,32.0,2.0,1.0,16.0,0.0,True,,1.1382995775441322,8977.85962929582,20672.0,25738.0,0.0,0.0,25738.0,1346.8264169421864,11.313953761993895,646
11,Aysen,9,8,REDPE_mid,46410.0,24.865,123,32.0,2.0,1.0,16.0,0.01,True,,1.0650904419698755,8977.85962929582,22400.0,24010.0,0.0,0.0,24010.0,1407.2886205886014,7.117582466625364,700
11,Aysen,9,8,REDPE_mid,46410.0,24.865,124,32.0,2.0,1.0,32.0,0.0,True,,1.225146955081924,8977.85962929582,17984.0,28426.0,0.0,0.0,28426.0,0.0,14.14037070418026,562
11,Aysen,9,8,REDPE_mid,46410.0,24.865,125,32.0,2.0,1.0,32.0,0.01,True,,1.1176195518387533,8977.85962929582,20480.0,25930.0,0.0,0.0,25930.0,0.0,17.446801673076216,640
11,Aysen,9,8,REDPE_mid,46410.0,24.865,126,32.0,2.0,1.0,64.0,0.0,True,,1.22394031858117,8977.85962929582,18016.0,28394.0,0.0,0.0,28394.0,0.0,30.140370704180413,563
11,Aysen,9,8,REDPE_mid,46410.0,24.865,127,32.0,2.0,1.0,64.0,0.01,True,,1.0570551709882074,8977.85962929582,21888.0,24522.0,0.0,0.0,24522.0,0.0,27.860971125419123,684
11,Aysen,9,8,REDPE_mid,46410.0,24.865,128,32.0,2.0,2.0,8.0,0.0,True,,0.6284776125323254,8977.85962929582,36448.0,9962.0,0.0,0.0,9962.0,9241.151624546264,4.98874615791467,1139
11,Aysen,9,8,REDPE_mid,46410.0,24.865,129,32.0,2.0,2.0,8.0,0.01,True,,0.5733427528135757,8977.85962929582,37888.0,8522.0,0.0,0.0,8522.0,9561.93040045447,5.813515247152993,1184
11,Aysen,9,8,REDPE_mid,46410.0,24.865,130,32.0,2.0,2.0,16.0,0.0,True,,1.1382995775441322,8977.85962929582,20672.0,25738.0,0.0,0.0,25738.0,1346.8264169421864,11.313953761993895,646
11,Aysen,9,8,REDPE_mid,46410.0,24.865,131,32.0,2.0,2.0,16.0,0.01,True,,1.0650904419698755,8977.85962929582,22400.0,24010.0,0.0,0.0,24010.0,1407.2886205886014,7.117582466625364,700
11,Aysen,9,8,REDPE_mid,46410.0,24.865,132,32.0,2.0,2.0,32.0,0.0,True,,1.225146955081924,8977.85962929582,17984.0,28426.0,0.0,0.0,28426.0,0.0,14.14037070418026,562
11,Aysen,9,8,REDPE_mid,46410.0,24.865,133,32.0,2.0,2.0,32.0,0.01,True,,1.1176195518387533,8977.85962929582,20480.0,25930.0,0.0,0.0,25930.0,0.0,17.446801673076216,640
11,Aysen,9,8,REDPE_mid,46410.0,24.865,134,32.0,2.0,2.0,64.0,0.0,True,,1.22394031858117,8977.85962929582,18016.0,28394.0,0.0,0.0,28394.0,0.0,30.140370704180413,563
11,Aysen,9,8,REDPE_mid,46410.0,24.865,135,32.0,2.0,2.0,64.0,0.01,True,,1.0570551709882074,8977.85962929582,21888.0,24522.0,0.0,0.0,24522.0,0.0,27.860971125419123,684
11,Aysen,9,8,REDPE_mid,46410.0,24.865,136,32.0,2.0,4.0,8.0,0.0,True,,0.6284776125323254,8977.85962929582,36448.0,9962.0,0.0,0.0,9962.0,9241.151624546264,4.98874615791467,1139
11,Aysen,9,8,REDPE_mid,46410.0,24.865,137,32.0,2.0,4.0,8.0,0.01,True,,0.5733427528135757,8977.85962929582,37888.0,8522.0,0.0,0.0,8522.0,9561.93040045447,5.813515247152993,1184
11,Aysen,9,8,REDPE_mid,46410.0,24.865,138,32.0,2.0,4.0,16.0,0.0,True,,1.1382995775441322,8977.85962929582,20672.0,25738.0,0.0,0.0,25738.0,1346.8264169421864,11.313953761993895,646
11,Aysen,9,8,REDPE_mid,46410.0,24.865,139,32.0,2.0,4.0,16.0,0.01,True,,1.0650904419698755,8977.85962929582,22400.0,24010.0,0.0,0.0,24010.0,1407.2886205886014,7.117582466625364,700
11,Aysen,9,8,REDPE_mid,46410.0,24.865,140,32.0,2.0,4.0,32.0,0.0,True,,1.225146955081924,8977.85962929582,17984.0,28426.0,0.0,0.0,28426.0,0.0,14.14037070418026,562
11,Aysen,9,8,REDPE_mid,46410.0,24.865,141,32.0,2.0,4.0,32.0,0.01,True,,1.1176195518387533,8977.85962929582,20480.0,25930.0,0.0,0.0,25930.0,0.0,17.446801673076216,640
11,Aysen,9,8,REDPE_mid,46410.0,24.865,142,32.0,2.0,4.0,64.0,0.0,True,,1.22394031858117,8977.85962929582,18016.0,28394.0,0.0,0.0,28394.0,0.0,30.140370704180413,563
11,Aysen,9,8,REDPE_mid,46410.0,24.865,143,32.0,2.0,4.0,64.0,0.01,True,,1.0570551709882074,8977.85962929582,21888.0,24522.0,0.0,0.0,24522.0,0.0,27.860971125419123,684
12,Magallanes,6,5,REDPE_mid,43580.0,23.345,0,8.0,1.0,1.0,8.0,0.0,True,,0.06308086075375612,21614.75663042808,43232.0,348.0,1271.057018070193,861.7969392973994,348.0,0.0,1.2433695719211295,5404
12,Magallanes,6,5,REDPE_mid,43580.0,23.345,1,8.0,1.0,1.0,8.0,0.01,True,,0.04950276708613121,21614.44582132942,43528.0,52.0,1270.3772375439137,862.1077483960587,52.0,0.0,1.5822410609911417,5441
12,Magallanes,6,5,REDPE_mid,43580.0,23.345,2,8.0,1.0,1.0,16.0,0.0,True,,0.03641092331742439,21790.000000000004,43580.0,0.0,1243.5112533106085,686.5535697254783,0.0,0.0,0.0,5448
12,Magallanes,6,5,REDPE_mid,43580.0,23.345,3,8.0,1.0,1.0,16.0,0.01,True,,0.05745742262780781,21523.38758879859,43580.0,0.0,1494.1866652535978,953.1659809268876,0.0,0.0,0.0,5448
12,Magallanes,6,5,REDPE_mid,43580.0,23.345,4,8.0,1.0,1.0,32.0,0.0,True,,0.0370374928246735,21790.0,43580.0,0.0,1270.817152436532,686.5535697254784,0.0,0.0,0.0,5448
12,Magallanes,6,5,REDPE_mid,43580.0,23.345,5,8.0,1.0,1.0,32.0,0.01,True,,0.08135264315702612,21228.53925269969,43580.0,0.0,1798.4195356696869,1248.014317025787,0.0,0.0,0.0,5448
12,Magallanes,6,5,REDPE_mid,43580.0,23.345,6,8.0,1.0,1.0,64.0,0.0,True,,0.0372023789486111,21790.0,43580.0,0.0,1278.0028897177326,686.5535697254784,0.0,0.0,0.0,5448
12,Magallanes,6,5,REDPE_mid,43580.0,23.345,7,8.0,1.0,1.0,64.0,0.01,True,,0.12374521712460514,20692.20407762875,43580.0,0.0,2305.0499714994285,1784.3494920967282,0.0,0.0,0.0,5448
12,Magallanes,6,5,REDPE_mid,43580.0,23.345,8,8.0,1.0,2.0,8.0,0.0,True,,1.0962762356762978,15561.764824243528,31128.0,12452.0,6956.736038640901,6914.78874548195,12452.0,0.0,2.235175756471964,3891
12,Magallanes,6,5,REDPE_mid,43580.0,23.345,9,8.0,1.0,2.0,8.0,0.01,True,,1.093432693633659,15524.126796940336,31256.0,12324.0,6994.524748389775,6952.426772785141,12324.0,0.0,2.624495306360286,3907
12,Magallanes,6,5,REDPE_mid,43580.0,23.345,10,8.0,1.0,2.0,16.0,0.0,True,,1.0601120875861987,15774.41583073342,31560.0,12020.0,6774.65548434406,6702.137738992058,12020.0,0.0,5.584169266579913,3945
12,Magallanes,6,5,REDPE_mid,43580.0,23.345,11,8.0,1.0,2.0,16.0,0.01,True,,1.0523558859734299,15737.22488340369,31792.0,11788.0,6808.31993219479,6739.32868632179,11788.0,0.0,4.270004347537958,3974
12,Magallanes,6,5,REDPE_mid,43580.0,23.345,12,8.0,1.0,2.0,32.0,0.0,True,,1.0210315580745783,16004.403930821736,32024.0,11556.0,6573.490308492592,6472.149638903743,11556.0,0.0,7.596069178264237,4003
12,Magallanes,6,5,REDPE_mid,43580.0,23.345,13,8.0,1.0,2.0,32.0,0.01,True,,1.007030488041463,15948.252920228493,32424.0,11156.0,6622.765887973205,6528.300649496984,11156.0,0.0,7.956593164480324,4053
12,Magallanes,6,5,REDPE_mid,43580.0,23.345,14,8.0,1.0,2.0,64.0,0.0,True,,0.999962316316586,16124.509450554344,32280.0,11300.0,6463.609311877113,6352.044119171136,11300.0,0.0,15.490549445658015,4035
12,Magallanes,6,5,REDPE_mid,43580.0,23.345,15,8.0,1.0,2.0,64.0,0.01,True,,0.9725227532977834,16044.427356026861,33016.0,10564.0,6538.235413797277,6432.126213698615,10564.0,0.0,18.19556024907018,4127
12,Magallanes,6,5,REDPE_mid,43580.0,23.345,16,8.0,1.0,4.0,8.0,0.0,True,,2.3015383943641785,8512.469099197455,17032.0,26548.0,13666.173739120528,13964.084470528021,26548.0,0.0,3.5309008025450423,2129
12,Magallanes,6,5,REDPE_mid,43580.0,23.345,17,8.0,1.0,4.0,8.0,0.01,True,,2.3011413213845198,8483.492672344732,17088.0,26492.0,13689.46346471066,13993.060897380747,26492.0,0.0,1.4604344516293288,2136
12,Magallanes,6,5,REDPE_mid,43580.0,23.345,18,8.0,1.0,4.0,16.0,0.0,True,,2.2852021871133807,8607.114814812647,17224.0,26356.0,13574.178973976328,13869.43875491283,26356.0,0.0,4.885185187353224,2153
12,Magallanes,6,5,REDPE_mid,43580.0,23.345,19,8.0,1.0,4.0,16.0,0.01,True,,2.287164123082794,8559.624265903167,17264.0,26316.0,13621.895068749047,13916.92930382231,26316.0,0.0,3.0025901885655277,2158
12,Magallanes,6,5,REDPE_mid,43580.0,23.345,20,8.0,1.0,4.0,32.0,0.0,True,,2.2719202693524703,8683.091692349508,17384.0,26196.0,13503.28363056644,13793.46187737597,26196.0,0.0,8.90830765049198,2173
12,Magallanes,6,5,REDPE_mid,43580.0,23.345,21,8.0,1.0,4.0,32.0,0.01,True,,2.2742960939044723,8625.928942094848,17432.0,26148.0,13560.904605257618,13850.62462763063,26148.0,0.0,6.929474947366582,2179
12,Magallanes,6,5,REDPE_mid,43580.0,23.345,22,8.0,1.0,4.0,64.0,0.0,True,,2.2659224494304113,8715.251746479858,17464.0,26116.0,13478.378800754152,13761.30182324562,26116.0,0.0,16.74825352014246,2183
12,Magallanes,6,5,REDPE_mid,43580.0,23.345,23,8.0,1.0,4.0,64.0,0.01,True,,2.270709118541213,8640.054102038817,17488.0,26092.0,13548.661159910926,13836.499467686663,26092.0,0.0,13.4013926988995,2186
12,Magallanes,6,5,REDPE_mid,43580.0,23.345,24,8.0,2.0,1.0,8.0,0.0,True,,1.0865587175209581,15557.753276005964,31120.0,12460.0,6507.211952718506,6918.800293719513,12460.0,0.0,2.2467239940359667,3890
12,Magallanes,6,5,REDPE_mid,43580.0,23.345,25,8.0,2.0,1.0,8.0,0.01,True,,1.0835609552068297,15543.493763169803,31208.0,12372.0,6516.380344784147,6933.059806555674,12372.0,0.0,3.327412382505383,3901
12,Magallanes,6,5,REDPE_mid,43580.0,23.345,26,8.0,2.0,1.0,16.0,0.0,True,,1.0516481647997618,15766.403930821736,31544.0,12036.0,6353.762029576086,6710.149638903742,12036.0,0.0,5.596069178264235,3943
12,Magallanes,6,5,REDPE_mid,43580.0,23.345,27,8.0,2.0,1.0,16.0,0.01,True,,1.0430188498037682,15758.87765405011,31744.0,11836.0,6359.017024656951,6717.675915675368,11836.0,0.0,5.32360010760879,3968
12,Magallanes,6,5,REDPE_mid,43580.0,23.345,28,8.0,2.0,1.0,32.0,0.0,True,,1.0117194027904026,16004.403930821736,32024.0,11556.0,6167.666581208214,6472.149638903743,11556.0,0.0,7.596069178264244,4003
12,Magallanes,6,5,REDPE_mid,43580.0,23.345,29,8.0,2.0,1.0,32.0,0.01,True,,0.9974771815764422,15974.392815212126,32384.0,11196.0,6192.128106359887,6502.160754513354,11196.0,0.0,7.265439818063452,4048
12,Magallanes,6,5,REDPE_mid,43580.0,23.345,30,8.0,2.0,1.0,64.0,0.0,True,,0.9910050867188693,16124.479220654192,32280.0,11300.0,6073.162556308158,6352.074349071287,11300.0,0.0,15.52077934580917,4035
12,Magallanes,6,5,REDPE_mid,43580.0,23.345,31,8.0,2.0,1.0,64.0,0.01,True,,0.9629499728320697,16073.10830501734,32976.0,10604.0,6113.815344170705,6403.445264708136,10604.0,0.0,16.076899063011165,4122
12,Magallanes,6,5,REDPE_mid,43580.0,23.345,32,8.0,2.0,2.0,8.0,0.0,True,,1.0865587175209581,15557.753276005964,31120.0,12460.0,6507.211952718506,6918.800293719513,12460.0,0.0,2.2467239940359667,3890
12,Magallanes,6,5,REDPE_mid,43580.0,23.345,33,8.0,2.0,2.0,8.0,0.01,True,,1.0835609552068297,15543.493763169803,31208.0,12372.0,6516.380344784147,6933.059806555674,12372.0,0.0,3.327412382505383,3901
12,Magallanes,6,5,REDPE_mid,43580.0,23.345,34,8.0,2.0,2.0,16.0,0.0,True,,1.0516481647997618,15766.403930821736,31544.0,12036.0,6353.762029576086,6710.149638903742,12036.0,0.0,5.596069178264235,3943
12,Magallanes,6,5,REDPE_mid,43580.0,23.345,35,8.0,2.0,2.0,16.0,0.01,True,,1.0430188498037682,15758.87765405011,31744.0,11836.0,6359.017024656951,6717.675915675368,11836.0,0.0,5.32360010760879,3968
12,Magallanes,6,5,REDPE_mid,43580.0,23.345,36,8.0,2.0,2.0,32.0,0.0,True,,1.0117194027904026,16004.403930821736,32024.0,11556.0,6167.666581208214,6472.149638903743,11556.0,0.0,7.596069178264244,4003
12,Magallanes,6,5,REDPE_mid,43580.0,23.345,37,8.0,2.0,2.0,32.0,0.01,True,,0.9974771815764422,15974.392815212126,32384.0,11196.0,6192.128106359887,6502.160754513354,11196.0,0.0,7.265439818063452,4048
12,Magallanes,6,5,REDPE_mid,43580.0,23.345,38,8.0,2.0,2.0,64.0,0.0,True,,0.9910050867188693,16124.479220654192,32280.0,11300.0,6073.162556308158,6352.074349071287,11300.0,0.0,15.52077934580917,4035
12,Magallanes,6,5,REDPE_mid,43580.0,23.345,39,8.0,2.0,2.0,64.0,0.01,True,,0.9629499728320697,16073.10830501734,32976.0,10604.0,6113.815344170705,6403.445264708136,10604.0,0.0,16.076899063011165,4122
12,Magallanes,6,5,REDPE_mid,43580.0,23.345,40,8.0,2.0,4.0,8.0,0.0,True,,2.2958638242405263,8512.469099197455,17032.0,26548.0,13418.875973131751,13964.084470528021,26548.0,0.0,3.5309008025450432,2129
12,Magallanes,6,5,REDPE_mid,43580.0,23.345,41,8.0,2.0,4.0,8.0,0.01,True,,2.2942106265510307,8504.863100573595,17080.0,26500.0,13424.813015080052,13971.690469151881,26500.0,0.0,1.5341131702219197,2135
12,Magallanes,6,5,REDPE_mid,43580.0,23.345,42,8.0,2.0,4.0,16.0,0.0,True,,2.279614143052735,8607.114814812647,17224.0,26356.0,13330.652013813393,13869.43875491283,26356.0,0.0,4.885185187353223,2153
12,Magallanes,6,5,REDPE_mid,43580.0,23.345,43,8.0,2.0,4.0,16.0,0.01,True,,2.2796299280214236,8583.720933122539,17264.0,26316.0,13353.106458883507,13892.83263660294,26316.0,0.0,4.382704467487297,2158
12,Magallanes,6,5,REDPE_mid,43580.0,23.345,44,8.0,2.0,4.0,32.0,0.0,True,,2.2663666254619685,8683.091692349508,17384.0,26196.0,13261.255829818374,13793.461877375968,26196.0,0.0,8.908307650491984,2173
12,Magallanes,6,5,REDPE_mid,43580.0,23.345,45,8.0,2.0,4.0,32.0,0.01,True,,2.2666369816704104,8651.36123745981,17432.0,26148.0,13290.582689033909,13825.192332265668,26148.0,0.0,7.166561898695914,2179
12,Magallanes,6,5,REDPE_mid,43580.0,23.345,46,8.0,2.0,4.0,64.0,0.0,True,,2.2603398810398434,8715.251746479858,17464.0,26116.0,13235.090470293215,13761.30182324562,26116.0,0.0,16.748253520142455,2183
12,Magallanes,6,5,REDPE_mid,43580.0,23.345,47,8.0,2.0,4.0,64.0,0.01,True,,2.2632904782725007,8665.11918865177,17484.0,26096.0,13280.84544553133,13811.434381073708,26096.0,0.0,11.74956870189598,2186
12,Magallanes,6,5,REDPE_mid,43580.0,23.345,48,16.0,1.0,1.0,8.0,0.0,True,,0.2540929498281782,19646.142670287543,43580.0,0.0,3226.59331465567,2830.4108994379353,0.0,2143.857329712457,0.0,2724
12,Magallanes,6,5,REDPE_mid,43580.0,23.345,49,16.0,1.0,1.0,8.0,0.01,True,,0.26875778680258733,19452.606968514323,43580.0,0.0,3407.036690661256,3023.9466012111557,0.0,2118.668294618568,0.0,2724
12,Magallanes,6,5,REDPE_mid,43580.0,23.345,50,16.0,1.0,1.0,16.0,0.0,True,,0.03819263330004973,21789.999999999996,43580.0,0.0,1321.158174353421,686.5535697254784,0.0,0.0,0.0,2724
12,Magallanes,6,5,REDPE_mid,43580.0,23.345,51,16.0,1.0,1.0,16.0,0.01,True,,0.07192346000072838,21362.73055371982,43580.0,0.0,1722.9739862685515,1113.8230160056596,0.0,0.0,0.0,2724
12,Magallanes,6,5,REDPE_mid,43580.0,23.345,52,16.0,1.0,1.0,32.0,0.0,True,,0.038419710372233656,21790.0,43580.0,0.0,1331.0541931592036,686.5535697254784,0.0,0.0,0.0,2724
12,Magallanes,6,5,REDPE_mid,43580.0,23.345,53,16.0,1.0,1.0,32.0,0.01,True,,0.095572026778696,21065.761412358584,43580.0,0.0,2011.1556730492946,1410.7921573668932,0.0,0.0,0.0,2724
12,Magallanes,6,5,REDPE_mid,43580.0,23.345,54,16.0,1.0,1.0,64.0,0.0,True,,0.03841971037223366,21790.0,43580.0,0.0,1331.0541931592038,686.5535697254784,0.0,0.0,0.0,2724
12,Magallanes,6,5,REDPE_mid,43580.0,23.345,55,16.0,1.0,1.0,64.0,0.01,True,,0.14044839655899682,20497.053503865423,43580.0,0.0,2545.0980968419008,1979.5000658600547,0.0,0.0,0.0,2724
12,Magallanes,6,5,REDPE_mid,43580.0,23.345,56,16.0,1.0,2.0,8.0,0.0,True,,0.2540929498281782,19646.142670287543,43580.0,0.0,3226.59331465567,2830.4108994379353,0.0,2143.857329712457,0.0,2724
12,Magallanes,6,5,REDPE_mid,43580.0,23.345,57,16.0,1.0,2.0,8.0,0.01,True,,0.26875778680258733,19452.606968514323,43580.0,0.0,3407.036690661256,3023.9466012111557,0.0,2118.668294618568,0.0,2724
12,Magallanes,6,5,REDPE_mid,43580.0,23.345,58,16.0,1.0,2.0,16.0,0.0,True,,0.03750500405740594,21790.0,43580.0,0.0,1291.1912919590118,686.5535697254783,0.0,0.0,0.0,2724
12,Magallanes,6,5,REDPE_mid,43580.0,23.345,59,16.0,1.0,2.0,16.0,0.01,True,,0.07088374800611927,21366.2734394125,43580.0,0.0,1686.5205517751879,1110.2801303129793,0.0,0.0,0.0,2724
12,Magallanes,6,5,REDPE_mid,43580.0,23.345,60,16.0,1.0,2.0,32.0,0.0,True,,0.03782352922761215,21789.999999999996,43580.0,0.0,1305.0726188765912,686.5535697254784,0.0,0.0,0.0,2724
12,Magallanes,6,5,REDPE_mid,43580.0,23.345,61,16.0,1.0,2.0,32.0,0.01,True,,0.09390790568066557,21078.657322211468,43580.0,0.0,1970.8730502293345,1397.8962475140106,0.0,0.0,0.0,2724
12,Magallanes,6,5,REDPE_mid,43580.0,23.345,62,16.0,1.0,2.0,64.0,0.0,True,,0.03790809030810954,21789.999999999996,43580.0,0.0,1308.7577907646676,686.5535697254784,0.0,0.0,0.0,2724
12,Magallanes,6,5,REDPE_mid,43580.0,23.345,63,16.0,1.0,2.0,64.0,0.01,True,,0.13546538557900523,20552.382565123182,43580.0,0.0,2466.2611314782653,1924.171004602294,0.0,0.0,0.0,2724
12,Magallanes,6,5,REDPE_mid,43580.0,23.345,64,16.0,1.0,4.0,8.0,0.0,True,,1.0840206881416519,15432.35631479814,31920.0,11660.0,7158.667618310593,7044.197254927338,11660.0,523.492260868559,4.151424333300488,1995
12,Magallanes,6,5,REDPE_mid,43580.0,23.345,65,16.0,1.0,4.0,8.0,0.01,True,,1.0827950646011428,15326.0345650916,32128.0,11452.0,7256.6719915354315,7150.519004633878,11452.0,521.8372798550052,5.0185435872584865,2008
12,Magallanes,6,5,REDPE_mid,43580.0,23.345,66,16.0,1.0,4.0,16.0,0.0,True,,1.0586618819866995,15792.403930821736,31600.0,11980.0,6835.419824582839,6684.149638903742,11980.0,0.0,7.596069178264234,1975
12,Magallanes,6,5,REDPE_mid,43580.0,23.345,67,16.0,1.0,4.0,16.0,0.01,True,,1.0521187460665629,15678.314633956845,31936.0,11644.0,6938.367824356032,6798.238935768633,11644.0,0.0,4.953858508302929,1996
12,Magallanes,6,5,REDPE_mid,43580.0,23.345,68,16.0,1.0,4.0,32.0,0.0,True,,1.0205450405768566,16016.403930821736,32048.0,11532.0,6630.287875941872,6460.149638903743,11532.0,0.0,7.596069178264234,2003
12,Magallanes,6,5,REDPE_mid,43580.0,23.345,69,16.0,1.0,4.0,32.0,0.01,True,,1.0102725597104996,15867.591106547925,32528.0,11052.0,6767.569969558985,6608.962463177551,11052.0,0.0,13.618328263311078,2033
12,Magallanes,6,5,REDPE_mid,43580.0,23.345,70,16.0,1.0,4.0,64.0,0.0,True,,1.000067765203193,16130.760878917914,32304.0,11276.0,6528.95905944616,6345.792690807564,11276.0,0.0,21.239121082086708,2019
12,Magallanes,6,5,REDPE_mid,43580.0,23.345,71,16.0,1.0,4.0,64.0,0.01,True,,0.9754861092396359,15966.06070198632,33120.0,10460.0,6678.731208264299,6510.492867739158,10460.0,0.0,19.65680500418604,2070
12,Magallanes,6,5,REDPE_mid,43580.0,23.345,72,16.0,2.0,1.0,8.0,0.0,True,,0.04359786290757026,21697.133533796918,43580.0,0.0,1231.685448938386,779.4200359285599,0.0,92.86646620308149,0.0,2724
12,Magallanes,6,5,REDPE_mid,43580.0,23.345,73,16.0,2.0,1.0,8.0,0.01,True,,0.05780949158265742,21513.871643106922,43580.0,0.0,1399.188004788793,962.6819266185564,0.0,86.55196128798363,0.0,2724
12,Magallanes,6,5,REDPE_mid,43580.0,23.345,74,16.0,2.0,1.0,16.0,0.0,True,,0.03641092331742439,21790.000000000004,43580.0,0.0,1243.5112533106085,686.5535697254783,0.0,0.0,0.0,2724
12,Magallanes,6,5,REDPE_mid,43580.0,23.345,75,16.0,2.0,1.0,16.0,0.01,True,,0.06178133640994369,21469.0055505775,43580.0,0.0,1546.6677323263618,1007.5480191479751,0.0,0.0,0.0,2724
12,Magallanes,6,5,REDPE_mid,43580.0,23.345,76,16.0,2.0,1.0,32.0,0.0,True,,0.0370374928246735,21790.0,43580.0,0.0,1270.817152436532,686.5535697254784,0.0,0.0,0.0,2724
12,Magallanes,6,5,REDPE_mid,43580.0,23.345,77,16.0,2.0,1.0,32.0,0.01,True,,0.0851059772423816,21180.858359882524,43580.0,0.0,1842.7876030665616,1295.6952098429547,0.0,0.0,0.0,2724
12,Magallanes,6,5,REDPE_mid,43580.0,23.345,78,16.0,2.0,1.0,64.0,0.0,True,,0.0372023789486111,21790.0,43580.0,0.0,1278.0028897177326,686.5535697254784,0.0,0.0,0.0,2724
12,Magallanes,6,5,REDPE_mid,43580.0,23.345,79,16.0,2.0,1.0,64.0,0.01,True,,0.1270503945638785,20650.378797205787,43580.0,0.0,2344.5264032455552,1826.1747725196901,0.0,0.0,0.0,2724
12,Magallanes,6,5,REDPE_mid,43580.0,23.345,80,16.0,2.0,2.0,8.0,0.0,True,,0.04359786290757026,21697.133533796918,43580.0,0.0,1231.685448938386,779.4200359285599,0.0,92.86646620308149,0.0,2724
12,Magallanes,6,5,REDPE_mid,43580.0,23.345,81,16.0,2.0,2.0,8.0,0.01,True,,0.05780949158265742,21513.871643106922,43580.0,0.0,1399.188004788793,962.6819266185564,0.0,86.55196128798363,0.0,2724
12,Magallanes,6,5,REDPE_mid,43580.0,23.345,82,16.0,2.0,2.0,16.0,0.0,True,,0.03641092331742439,21790.000000000004,43580.0,0.0,1243.5112533106085,686.5535697254783,0.0,0.0,0.0,2724
12,Magallanes,6,5,REDPE_mid,43580.0,23.345,83,16.0,2.0,2.0,16.0,0.01,True,,0.06178133640994369,21469.0055505775,43580.0,0.0,1546.6677323263618,1007.5480191479751,0.0,0.0,0.0,2724
12,Magallanes,6,5,REDPE_mid,43580.0,23.345,84,16.0,2.0,2.0,32.0,0.0,True,,0.0370374928246735,21790.0,43580.0,0.0,1270.817152436532,686.5535697254784,0.0,0.0,0.0,2724
12,Magallanes,6,5,REDPE_mid,43580.0,23.345,85,16.0,2.0,2.0,32.0,0.01,True,,0.0851059772423816,21180.858359882524,43580.0,0.0,1842.7876030665616,1295.6952098429547,0.0,0.0,0.0,2724
12,Magallanes,6,5,REDPE_mid,43580.0,23.345,86,16.0,2.0,2.0,64.0,0.0,True,,0.0372023789486111,21790.0,43580.0,0.0,1278.0028897177326,686.5535697254784,0.0,0.0,0.0,2724
12,Magallanes,6,5,REDPE_mid,43580.0,23.345,87,16.0,2.0,2.0,64.0,0.01,True,,0.1270503945638785,20650.378797205787,43580.0,0.0,2344.5264032455552,1826.1747725196901,0.0,0.0,0.0,2724
12,Magallanes,6,5,REDPE_mid,43580.0,23.345,88,16.0,2.0,4.0,8.0,0.0,True,,1.0891683684642335,15573.863416649681,31328.0,12252.0,6988.999611457857,6902.690153075798,12252.0,88.54270259948986,1.593880750829416,1958
12,Magallanes,6,5,REDPE_mid,43580.0,23.345,89,16.0,2.0,4.0,8.0,0.01,True,,1.0812272788430237,15536.965689160812,31568.0,12012.0,7026.166914568252,6939.587880564666,12012.0,91.17784968593523,5.354971528144986,1973
12,Magallanes,6,5,REDPE_mid,43580.0,23.345,90,16.0,2.0,4.0,16.0,0.0,True,,1.0577662442238127,15792.403930821736,31600.0,11980.0,6796.387930876229,6684.149638903741,11980.0,0.0,7.596069178264246,1975
12,Magallanes,6,5,REDPE_mid,43580.0,23.345,91,16.0,2.0,4.0,16.0,0.01,True,,1.0505901858935525,15723.87117987527,31872.0,11708.0,6857.075012721186,6752.682389850207,11708.0,0.0,6.092906690538552,1992
12,Magallanes,6,5,REDPE_mid,43580.0,23.345,92,16.0,2.0,4.0,32.0,0.0,True,,1.0196494028139695,16016.403930821736,32048.0,11532.0,6591.255982235262,6460.149638903742,11532.0,0.0,7.596069178264234,2003
12,Magallanes,6,5,REDPE_mid,43580.0,23.345,93,16.0,2.0,4.0,32.0,0.01,True,,1.0058983340569154,15930.3527655386,32496.0,11084.0,6672.331866060297,6546.200804186878,11084.0,0.0,8.645322247680106,2031
12,Magallanes,6,5,REDPE_mid,43580.0,23.345,94,16.0,2.0,4.0,64.0,0.0,True,,0.9991806478707017,16130.760878917914,32304.0,11276.0,6490.298486096187,6345.792690807564,11276.0,0.0,21.239121082086694,2019
12,Magallanes,6,5,REDPE_mid,43580.0,23.345,95,16.0,2.0,4.0,64.0,0.01,True,,0.9722091240318873,16024.005651265783,33072.0,10508.0,6587.163499205748,6452.547918459695,10508.0,0.0,14.89493881123638,2067
12,Magallanes,6,5,REDPE_mid,43580.0,23.345,96,32.0,1.0,1.0,8.0,0.0,True,,1.2650123732242555,9737.561831365114,43580.0,0.0,12602.428850028215,12738.991738360366,0.0,12052.438168634886,0.0,1362
12,Magallanes,6,5,REDPE_mid,43580.0,23.345,97,32.0,1.0,1.0,8.0,0.01,True,,1.277336461077002,9587.344859495359,43580.0,0.0,12745.995564225992,12889.208710230121,0.0,12070.4127733854,0.0,1362
12,Magallanes,6,5,REDPE_mid,43580.0,23.345,98,32.0,1.0,1.0,16.0,0.0,True,,0.37934060872414277,18442.259289988622,43580.0,0.0,4471.294458295575,4034.2942797368582,0.0,3347.7407100113796,0.0,1362
12,Magallanes,6,5,REDPE_mid,43580.0,23.345,99,32.0,1.0,1.0,16.0,0.01,True,,0.4156369808528195,17971.104142823846,43580.0,0.0,4912.735529479425,4505.4494269016295,0.0,3310.2076682833276,0.0,1362
12,Magallanes,6,5,REDPE_mid,43580.0,23.345,100,32.0,1.0,1.0,32.0,0.0,True,,0.038419710372233656,21790.0,43580.0,0.0,1331.0541931592036,686.5535697254783,0.0,0.0,0.0,1362
12,Magallanes,6,5,REDPE_mid,43580.0,23.345,101,32.0,1.0,1.0,32.0,0.01,True,,0.11820765705465247,20778.903886081993,43580.0,0.0,2280.4726247839963,1697.6496836434878,0.0,0.0,0.0,1362
12,Magallanes,6,5,REDPE_mid,43580.0,23.345,102,32.0,1.0,1.0,64.0,0.0,True,,0.03841971037223366,21790.0,43580.0,0.0,1331.0541931592038,686.5535697254784,0.0,0.0,0.0,1362
12,Magallanes,6,5,REDPE_mid,43580.0,23.345,103,32.0,1.0,1.0,64.0,0.01,True,,0.16158011912969855,20229.2566067055,43580.0,0.0,2796.5263235732764,2247.2969630199777,0.0,0.0,0.0,1362
12,Magallanes,6,5,REDPE_mid,43580.0,23.345,104,32.0,1.0,2.0,8.0,0.0,True,,1.2650123732242555,9737.561831365114,43580.0,0.0,12602.428850028215,12738.991738360366,0.0,12052.438168634886,0.0,1362
12,Magallanes,6,5,REDPE_mid,43580.0,23.345,105,32.0,1.0,2.0,8.0,0.01,True,,1.277336461077002,9587.344859495359,43580.0,0.0,12745.995564225992,12889.208710230121,0.0,12070.4127733854,0.0,1362
12,Magallanes,6,5,REDPE_mid,43580.0,23.345,106,32.0,1.0,2.0,16.0,0.0,True,,0.37934060872414277,18442.259289988622,43580.0,0.0,4471.294458295575,4034.2942797368582,0.0,3347.7407100113796,0.0,1362
12,Magallanes,6,5,REDPE_mid,43580.0,23.345,107,32.0,1.0,2.0,16.0,0.01,True,,0.4156369808528195,17971.104142823846,43580.0,0.0,4912.735529479425,4505.4494269016295,0.0,3310.2076682833276,0.0,1362
12,Magallanes,6,5,REDPE_mid,43580.0,23.345,108,32.0,1.0,2.0,32.0,0.0,True,,0.038419710372233656,21790.0,43580.0,0.0,1331.0541931592036,686.5535697254783,0.0,0.0,0.0,1362
12,Magallanes,6,5,REDPE_mid,43580.0,23.345,109,32.0,1.0,2.0,32.0,0.01,True,,0.11820765705465247,20778.903886081993,43580.0,0.0,2280.4726247839963,1697.6496836434878,0.0,0.0,0.0,1362
12,Magallanes,6,5,REDPE_mid,43580.0,23.345,110,32.0,1.0,2.0,64.0,0.0,True,,0.03841971037223366,21790.0,43580.0,0.0,1331.0541931592038,686.5535697254784,0.0,0.0,0.0,1362
12,Magallanes,6,5,REDPE_mid,43580.0,23.345,111,32.0,1.0,2.0,64.0,0.01,True,,0.16158011912969855,20229.2566067055,43580.0,0.0,2796.5263235732764,2247.2969630199777,0.0,0.0,0.0,1362
12,Magallanes,6,5,REDPE_mid,43580.0,23.345,112,32.0,1.0,4.0,8.0,0.0,True,,1.1769753858153151,10588.898816008477,43580.0,0.0,11745.456384998366,11887.654753717003,0.0,11201.101183991523,0.0,1362
12,Magallanes,6,5,REDPE_mid,43580.0,23.345,113,32.0,1.0,4.0,8.0,0.01,True,,1.1864228515499207,10466.474673454275,43580.0,0.0,11858.600864326356,12010.078896271201,0.0,11193.616904992135,0.0,1362
12,Magallanes,6,5,REDPE_mid,43580.0,23.345,114,32.0,1.0,4.0,16.0,0.0,True,,0.3252362348400059,18967.009327102125,43580.0,0.0,3950.0509743221564,3509.5442426233535,0.0,2822.9906728978754,0.0,1362
12,Magallanes,6,5,REDPE_mid,43580.0,23.345,115,32.0,1.0,4.0,16.0,0.01,True,,0.35433978108692676,18563.471064560406,43580.0,0.0,4323.572969036806,3913.0825051650727,0.0,2708.955567269738,0.0,1362
12,Magallanes,6,5,REDPE_mid,43580.0,23.345,116,32.0,1.0,4.0,32.0,0.0,True,,0.03816078886905397,21790.0,43580.0,0.0,1319.7703940506326,686.5535697254784,0.0,0.0,0.0,1362
12,Magallanes,6,5,REDPE_mid,43580.0,23.345,117,32.0,1.0,4.0,32.0,0.01,True,,0.11644707041599685,20797.641604539487,43580.0,0.0,2250.5905552151225,1678.911965185988,0.0,0.0,0.0,1362
12,Magallanes,6,5,REDPE_mid,43580.0,23.345,118,32.0,1.0,4.0,64.0,0.0,True,,0.03823027307783818,21789.999999999996,43580.0,0.0,1322.7985158694414,686.5535697254784,0.0,0.0,0.0,1362
12,Magallanes,6,5,REDPE_mid,43580.0,23.345,119,32.0,1.0,4.0,64.0,0.01,True,,0.15650926318890068,20290.162235304902,43580.0,0.0,2727.8024931718105,2186.391334420573,0.0,0.0,0.0,1362
12,Magallanes,6,5,REDPE_mid,43580.0,23.345,120,32.0,2.0,1.0,8.0,0.0,True,,0.8249627368089383,14053.756120225404,43580.0,0.0,8531.745706059704,8422.797449500076,0.0,7736.243879774598,0.0,1362
12,Magallanes,6,5,REDPE_mid,43580.0,23.345,121,32.0,2.0,1.0,8.0,0.01,True,,0.8414002905511775,13850.281728315542,43580.0,0.0,8724.39373327662,8626.271841409936,0.0,7751.258464869808,0.0,1362
12,Magallanes,6,5,REDPE_mid,43580.0,23.345,122,32.0,2.0,1.0,16.0,0.0,True,,0.09220247163772455,21260.82844012396,43580.0,0.0,1822.8064695431633,1215.725129601516,0.0,529.1715598760379,0.0,1362
12,Magallanes,6,5,REDPE_mid,43580.0,23.345,123,32.0,2.0,1.0,16.0,0.01,True,,0.13286032477215126,20731.393173550918,43580.0,0.0,2320.1669817010834,1745.1603961745575,0.0,480.0921208838259,0.0,1362
12,Magallanes,6,5,REDPE_mid,43580.0,23.345,124,32.0,2.0,1.0,32.0,0.0,True,,0.03841971037223366,21790.0,43580.0,0.0,1331.0541931592038,686.5535697254784,0.0,0.0,0.0,1362
12,Magallanes,6,5,REDPE_mid,43580.0,23.345,125,32.0,2.0,1.0,32.0,0.01,True,,0.11033718239047999,20878.59870736146,43580.0,0.0,2186.714392118027,1597.9548623640208,0.0,0.0,0.0,1362
12,Magallanes,6,5,REDPE_mid,43580.0,23.345,126,32.0,2.0,1.0,64.0,0.0,True,,0.03841971037223366,21790.0,43580.0,0.0,1331.0541931592038,686.5535697254784,0.0,0.0,0.0,1362
12,Magallanes,6,5,REDPE_mid,43580.0,23.345,127,32.0,2.0,1.0,64.0,0.01,True,,0.15413352992036422,20323.58691321194,43580.0,0.0,2707.829732096585,2152.966656513537,0.0,0.0,0.0,1362
12,Magallanes,6,5,REDPE_mid,43580.0,23.345,128,32.0,2.0,2.0,8.0,0.0,True,,0.8249627368089383,14053.756120225404,43580.0,0.0,8531.745706059704,8422.797449500076,0.0,7736.243879774598,0.0,1362
12,Magallanes,6,5,REDPE_mid,43580.0,23.345,129,32.0,2.0,2.0,8.0,0.01,True,,0.8414002905511775,13850.281728315542,43580.0,0.0,8724.39373327662,8626.271841409936,0.0,7751.258464869808,0.0,1362
12,Magallanes,6,5,REDPE_mid,43580.0,23.345,130,32.0,2.0,2.0,16.0,0.0,True,,0.09220247163772455,21260.82844012396,43580.0,0.0,1822.8064695431633,1215.725129601516,0.0,529.1715598760379,0.0,1362
12,Magallanes,6,5,REDPE_mid,43580.0,23.345,131,32.0,2.0,2.0,16.0,0.01,True,,0.13286032477215126,20731.393173550918,43580.0,0.0,2320.1669817010834,1745.1603961745575,0.0,480.0921208838259,0.0,1362
12,Magallanes,6,5,REDPE_mid,43580.0,23.345,132,32.0,2.0,2.0,32.0,0.0,True,,0.03841971037223366,21790.0,43580.0,0.0,1331.0541931592038,686.5535697254784,0.0,0.0,0.0,1362
12,Magallanes,6,5,REDPE_mid,43580.0,23.345,133,32.0,2.0,2.0,32.0,0.01,True,,0.11033718239047999,20878.59870736146,43580.0,0.0,2186.714392118027,1597.9548623640208,0.0,0.0,0.0,1362
12,Magallanes,6,5,REDPE_mid,43580.0,23.345,134,32.0,2.0,2.0,64.0,0.0,True,,0.03841971037223366,21790.0,43580.0,0.0,1331.0541931592038,686.5535697254784,0.0,0.0,0.0,1362
12,Magallanes,6,5,REDPE_mid,43580.0,23.345,135,32.0,2.0,2.0,64.0,0.01,True,,0.15413352992036422,20323.58691321194,43580.0,0.0,2707.829732096585,2152.966656513537,0.0,0.0,0.0,1362
12,Magallanes,6,5,REDPE_mid,43580.0,23.345,136,32.0,2.0,4.0,8.0,0.0,True,,0.7827615515440626,14461.368438188023,43580.0,0.0,8119.261165085585,8015.185131537458,0.0,7328.631561811979,0.0,1362
12,Magallanes,6,5,REDPE_mid,43580.0,23.345,137,32.0,2.0,4.0,8.0,0.01,True,,0.7958622790918763,14288.618654715818,43580.0,0.0,8279.755230970799,8187.93491500966,0.0,7307.192743779976,0.0,1362
12,Magallanes,6,5,REDPE_mid,43580.0,23.345,138,32.0,2.0,4.0,16.0,0.0,True,,0.09134450942913888,21266.85412015698,43580.0,0.0,1806.5063566085576,1209.6994495685008,0.0,523.1458798430224,0.0,1362
12,Magallanes,6,5,REDPE_mid,43580.0,23.345,139,32.0,2.0,4.0,16.0,0.01,True,,0.133173179228872,20725.1231924519,43580.0,0.0,2311.8392798928953,1751.4303772735757,0.0,486.3790671683623,0.0,1362
12,Magallanes,6,5,REDPE_mid,43580.0,23.345,140,32.0,2.0,4.0,32.0,0.0,True,,0.03816078886905397,21790.0,43580.0,0.0,1319.7703940506326,686.5535697254783,0.0,0.0,0.0,1362
12,Magallanes,6,5,REDPE_mid,43580.0,23.345,141,32.0,2.0,4.0,32.0,0.01,True,,0.10847309446593456,20898.386074844148,43580.0,0.0,2154.9458590730583,1578.1674948813297,0.0,0.0,0.0,1362
12,Magallanes,6,5,REDPE_mid,43580.0,23.345,142,32.0,2.0,4.0,64.0,0.0,True,,0.03823027307783818,21789.999999999996,43580.0,0.0,1322.7985158694414,686.5535697254784,0.0,0.0,0.0,1362
12,Magallanes,6,5,REDPE_mid,43580.0,23.345,143,32.0,2.0,4.0,64.0,0.01,True,,0.14934042380369142,20381.119745902193,43580.0,0.0,2642.7782492576157,2095.4338238232845,0.0,0.0,0.0,1362
13,RM,10,10,REDPE_mid,5225.0,2.795,0,8.0,1.0,1.0,8.0,0.0,True,,0.6122658448260633,2612.5,5225.0,0.0,2223.345633111136,1951.4868122100877,0.0,0.0,0.0,654
13,RM,10,10,REDPE_mid,5225.0,2.795,1,8.0,1.0,1.0,8.0,0.01,True,,0.6832199569252795,2471.7027388378833,5225.0,0.0,2242.0877159242486,2092.284073372204,0.0,0.0,0.0,654
13,RM,10,10,REDPE_mid,5225.0,2.795,2,8.0,1.0,1.0,16.0,0.0,True,,0.6143046505195257,2612.5,5225.0,0.0,2233.998392859477,1951.486812210088,0.0,0.0,0.0,654
13,RM,10,10,REDPE_mid,5225.0,2.795,3,8.0,1.0,1.0,16.0,0.01,True,,0.7264452633118043,2390.8268292571265,5225.0,0.0,2265.750167841949,2173.159982952961,0.0,0.0,0.0,654
13,RM,10,10,REDPE_mid,5225.0,2.795,4,8.0,1.0,1.0,32.0,0.0,True,,0.6143046505195257,2612.5,5225.0,0.0,2233.998392859477,1951.486812210088,0.0,0.0,0.0,654
13,RM,10,10,REDPE_mid,5225.0,2.795,5,8.0,1.0,1.0,32.0,0.01,True,,0.8038493334051442,2237.8605129721095,5225.0,0.0,2287.770643367108,2326.126299237978,0.0,0.0,0.0,654
13,RM,10,10,REDPE_mid,5225.0,2.795,6,8.0,1.0,1.0,64.0,0.0,True,,0.6143046505195257,2612.5,5225.0,0.0,2233.998392859477,1951.4868122100877,0.0,0.0,0.0,654
13,RM,10,10,REDPE_mid,5225.0,2.795,7,8.0,1.0,1.0,64.0,0.01,True,,0.9370061836946125,1974.7420532165568,5225.0,0.0,2325.7190367406974,2589.244758993531,0.0,0.0,0.0,654
13,RM,10,10,REDPE_mid,5225.0,2.795,8,8.0,1.0,2.0,8.0,0.0,True,,0.6009252270233112,2612.5,5225.0,0.0,2164.090905091756,1951.4868122100877,0.0,0.0,0.0,654
13,RM,10,10,REDPE_mid,5225.0,2.795,9,8.0,1.0,2.0,8.0,0.01,True,,0.6707001313549005,2472.276488076068,5225.0,0.0,2178.1060004144797,2091.7103241340196,0.0,0.0,0.0,654
13,RM,10,10,REDPE_mid,5225.0,2.795,10,8.0,1.0,2.0,16.0,0.0,True,,0.6084897534988429,2612.5,5225.0,0.0,2203.61555592641,1951.486812210088,0.0,0.0,0.0,654
13,RM,10,10,REDPE_mid,5225.0,2.795,11,8.0,1.0,2.0,16.0,0.01,True,,0.7193859612069885,2394.4708566081076,5225.0,0.0,2237.975382721739,2169.51595560198,0.0,0.0,0.0,654
13,RM,10,10,REDPE_mid,5225.0,2.795,12,8.0,1.0,2.0,32.0,0.0,True,,0.613702464196633,2612.5,5225.0,0.0,2230.8519693223625,1951.486812210088,0.0,0.0,0.0,654
13,RM,10,10,REDPE_mid,5225.0,2.795,13,8.0,1.0,2.0,32.0,0.01,True,,0.8012971467979424,2243.01870844038,5225.0,0.0,2287.330957015154,2320.9681037697073,0.0,0.0,0.0,654
13,RM,10,10,REDPE_mid,5225.0,2.795,14,8.0,1.0,2.0,64.0,0.0,True,,0.6143046505195257,2612.5,5225.0,0.0,2233.998392859477,1951.4868122100877,0.0,0.0,0.0,654
13,RM,10,10,REDPE_mid,5225.0,2.795,15,8.0,1.0,2.0,64.0,0.01,True,,0.9319144439455518,1985.0890169421123,5225.0,0.0,2324.9821058657444,2578.897795267975,0.0,0.0,0.0,654
13,RM,10,10,REDPE_mid,5225.0,2.795,16,8.0,1.0,4.0,8.0,0.0,True,,0.5841944923609375,2612.5,5225.0,0.0,2076.6728164808533,1951.4868122100877,0.0,0.0,0.0,654
13,RM,10,10,REDPE_mid,5225.0,2.795,17,8.0,1.0,4.0,8.0,0.01,True,,0.65591879730546,2469.5339134387114,5225.0,0.0,2094.0170934127623,2094.452898771376,0.0,0.0,0.0,654
13,RM,10,10,REDPE_mid,5225.0,2.795,18,8.0,1.0,4.0,16.0,0.0,True,,0.5901611122121764,2612.5,5225.0,0.0,2107.8484052035765,1951.4868122100877,0.0,0.0,0.0,654
13,RM,10,10,REDPE_mid,5225.0,2.795,19,8.0,1.0,4.0,16.0,0.01,True,,0.6945880072986927,2406.094949249954,5225.0,0.0,2137.4663051555094,2157.891862960134,0.0,0.0,0.0,654
13,RM,10,10,REDPE_mid,5225.0,2.795,20,8.0,1.0,4.0,32.0,0.0,True,,0.5946709736973779,2612.5,5225.0,0.0,2131.4124314637547,1951.4868122100877,0.0,0.0,0.0,654
13,RM,10,10,REDPE_mid,5225.0,2.795,21,8.0,1.0,4.0,32.0,0.01,True,,0.757029704233828,2295.1513829384457,5225.0,0.0,2186.365255862821,2268.8354292716417,0.0,0.0,0.0,654
13,RM,10,10,REDPE_mid,5225.0,2.795,22,8.0,1.0,4.0,64.0,0.0,True,,0.5972047148552341,2612.5,5225.0,0.0,2144.6512290135533,1951.4868122100877,0.0,0.0,0.0,654
13,RM,10,10,REDPE_mid,5225.0,2.795,23,8.0,1.0,4.0,64.0,0.01,True,,0.8420709290868099,2129.1467763529104,5225.0,0.0,2215.694139255813,2434.8400358571776,0.0,0.0,0.0,654
13,RM,10,10,REDPE_mid,5225.0,2.795,24,8.0,2.0,1.0,8.0,0.0,True,,0.5956913952475031,2612.5,5225.0,0.0,2136.744134063159,1951.4868122100877,0.0,0.0,0.0,654
13,RM,10,10,REDPE_mid,5225.0,2.795,25,8.0,2.0,1.0,8.0,0.01,True,,0.6594093282716214,2484.4666292358856,5225.0,0.0,2149.586907203891,2079.520182974202,0.0,0.0,0.0,654
13,RM,10,10,REDPE_mid,5225.0,2.795,26,8.0,2.0,1.0,16.0,0.0,True,,0.605327827367568,2612.5,5225.0,0.0,2187.094491890498,1951.486812210088,0.0,0.0,0.0,654
13,RM,10,10,REDPE_mid,5225.0,2.795,27,8.0,2.0,1.0,16.0,0.01,True,,0.7084897102409408,2408.201266814205,5225.0,0.0,2215.368496939384,2155.7855453958823,0.0,0.0,0.0,654
13,RM,10,10,REDPE_mid,5225.0,2.795,28,8.0,2.0,1.0,32.0,0.0,True,,0.6134446490398578,2612.5,5225.0,0.0,2229.504885128212,1951.486812210088,0.0,0.0,0.0,654
13,RM,10,10,REDPE_mid,5225.0,2.795,29,8.0,2.0,1.0,32.0,0.01,True,,0.7935855900792839,2258.002385576741,5225.0,0.0,2284.497266001066,2305.984426633347,0.0,0.0,0.0,654
13,RM,10,10,REDPE_mid,5225.0,2.795,30,8.0,2.0,1.0,64.0,0.0,True,,0.6143046505195257,2612.5,5225.0,0.0,2233.998392859477,1951.4868122100877,0.0,0.0,0.0,654
13,RM,10,10,REDPE_mid,5225.0,2.795,31,8.0,2.0,1.0,64.0,0.01,True,,0.9247117403026469,1999.2503618318963,5225.0,0.0,2322.751341556026,2564.7364503781914,0.0,0.0,0.0,654
13,RM,10,10,REDPE_mid,5225.0,2.795,32,8.0,2.0,2.0,8.0,0.0,True,,0.5956913952475031,2612.5,5225.0,0.0,2136.744134063159,1951.4868122100877,0.0,0.0,0.0,654
13,RM,10,10,REDPE_mid,5225.0,2.795,33,8.0,2.0,2.0,8.0,0.01,True,,0.6594093282716214,2484.4666292358856,5225.0,0.0,2149.586907203891,2079.520182974202,0.0,0.0,0.0,654
13,RM,10,10,REDPE_mid,5225.0,2.795,34,8.0,2.0,2.0,16.0,0.0,True,,0.605327827367568,2612.5,5225.0,0.0,2187.094491890498,1951.486812210088,0.0,0.0,0.0,654
13,RM,10,10,REDPE_mid,5225.0,2.795,35,8.0,2.0,2.0,16.0,0.01,True,,0.7084897102409408,2408.201266814205,5225.0,0.0,2215.368496939384,2155.7855453958823,0.0,0.0,0.0,654
13,RM,10,10,REDPE_mid,5225.0,2.795,36,8.0,2.0,2.0,32.0,0.0,True,,0.6134446490398578,2612.5,5225.0,0.0,2229.504885128212,1951.486812210088,0.0,0.0,0.0,654
13,RM,10,10,REDPE_mid,5225.0,2.795,37,8.0,2.0,2.0,32.0,0.01,True,,0.7935855900792839,2258.002385576741,5225.0,0.0,2284.497266001066,2305.984426633347,0.0,0.0,0.0,654
13,RM,10,10,REDPE_mid,5225.0,2.795,38,8.0,2.0,2.0,64.0,0.0,True,,0.6143046505195257,2612.5,5225.0,0.0,2233.998392859477,1951.4868122100877,0.0,0.0,0.0,654
13,RM,10,10,REDPE_mid,5225.0,2.795,39,8.0,2.0,2.0,64.0,0.01,True,,0.9247117403026469,1999.2503618318963,5225.0,0.0,2322.751341556026,2564.7364503781914,0.0,0.0,0.0,654
13,RM,10,10,REDPE_mid,5225.0,2.795,40,8.0,2.0,4.0,8.0,0.0,True,,0.5790806936138011,2612.5,5225.0,0.0,2049.9532180270658,1951.4868122100877,0.0,0.0,0.0,654
13,RM,10,10,REDPE_mid,5225.0,2.795,41,8.0,2.0,4.0,8.0,0.01,True,,0.6464178025882275,2480.791045305553,5225.0,0.0,2072.5172256823257,2083.195766904535,0.0,0.0,0.0,654
13,RM,10,10,REDPE_mid,5225.0,2.795,42,8.0,2.0,4.0,16.0,0.0,True,,0.5857392734854228,2612.5,5225.0,0.0,2084.744297856289,1951.486812210088,0.0,0.0,0.0,654
13,RM,10,10,REDPE_mid,5225.0,2.795,43,8.0,2.0,4.0,16.0,0.01,True,,0.6829963855209449,2419.399174431,5225.0,0.0,2110.1606443193928,2144.5876377790873,0.0,0.0,0.0,654
13,RM,10,10,REDPE_mid,5225.0,2.795,44,8.0,2.0,4.0,32.0,0.0,True,,0.5900250998300292,2612.5,5225.0,0.0,2107.1377405068574,1951.4868122100877,0.0,0.0,0.0,654
13,RM,10,10,REDPE_mid,5225.0,2.795,45,8.0,2.0,4.0,32.0,0.01,True,,0.7465159447864931,2306.1974350789114,5225.0,0.0,2159.04599310166,2257.7893771311756,0.0,0.0,0.0,654
13,RM,10,10,REDPE_mid,5225.0,2.795,46,8.0,2.0,4.0,64.0,0.0,True,,0.5934762091226056,2612.5,5225.0,0.0,2125.1697865605697,1951.4868122100877,0.0,0.0,0.0,654
13,RM,10,10,REDPE_mid,5225.0,2.795,47,8.0,2.0,4.0,64.0,0.01,True,,0.830843519396274,2143.9302750091447,5225.0,0.0,2193.9896702633478,2420.0565372009432,0.0,0.0,0.0,654
13,RM,10,10,REDPE_mid,5225.0,2.795,48,16.0,1.0,1.0,8.0,0.0,True,,0.9024176749704087,2198.7842171409216,5225.0,0.0,2291.3837056085667,2365.202595069166,0.0,413.7157828590782,0.0,327
13,RM,10,10,REDPE_mid,5225.0,2.795,49,16.0,1.0,1.0,8.0,0.01,True,,0.9917259990786904,2021.4417946839058,5225.0,0.0,2316.304764230402,2542.5450175261817,0.0,412.07466156047536,0.0,327
13,RM,10,10,REDPE_mid,5225.0,2.795,50,16.0,1.0,1.0,16.0,0.0,True,,0.6143046505195257,2612.5,5225.0,0.0,2233.998392859477,1951.486812210088,0.0,0.0,0.0,327
13,RM,10,10,REDPE_mid,5225.0,2.795,51,16.0,1.0,1.0,16.0,0.01,True,,0.7670081277207619,2310.790281499675,5225.0,0.0,2277.599764985124,2253.1965307104124,0.0,0.0,0.0,327
13,RM,10,10,REDPE_mid,5225.0,2.795,52,16.0,1.0,1.0,32.0,0.0,True,,0.6143046505195257,2612.5,5225.0,0.0,2233.998392859477,1951.486812210088,0.0,0.0,0.0,327
13,RM,10,10,REDPE_mid,5225.0,2.795,53,16.0,1.0,1.0,32.0,0.01,True,,0.8383524936652247,2169.7097339500347,5225.0,0.0,2297.6727081708405,2394.277078260053,0.0,0.0,0.0,327
13,RM,10,10,REDPE_mid,5225.0,2.795,54,16.0,1.0,1.0,64.0,0.0,True,,0.6143046505195257,2612.5,5225.0,0.0,2233.998392859477,1951.4868122100877,0.0,0.0,0.0,327
13,RM,10,10,REDPE_mid,5225.0,2.795,55,16.0,1.0,1.0,64.0,0.01,True,,0.9763450614887155,1897.1545513849692,5225.0,0.0,2337.2959186359167,2666.8322608251183,0.0,0.0,0.0,327
13,RM,10,10,REDPE_mid,5225.0,2.795,56,16.0,1.0,2.0,8.0,0.0,True,,0.9024176749704087,2198.7842171409216,5225.0,0.0,2291.3837056085667,2365.202595069166,0.0,413.7157828590782,0.0,327
13,RM,10,10,REDPE_mid,5225.0,2.795,57,16.0,1.0,2.0,8.0,0.01,True,,0.9917259990786904,2021.4417946839058,5225.0,0.0,2316.304764230402,2542.5450175261817,0.0,412.07466156047536,0.0,327
13,RM,10,10,REDPE_mid,5225.0,2.795,58,16.0,1.0,2.0,16.0,0.0,True,,0.6143046505195257,2612.5,5225.0,0.0,2233.998392859477,1951.486812210088,0.0,0.0,0.0,327
13,RM,10,10,REDPE_mid,5225.0,2.795,59,16.0,1.0,2.0,16.0,0.01,True,,0.7670081277207619,2310.790281499675,5225.0,0.0,2277.599764985124,2253.1965307104124,0.0,0.0,0.0,327
13,RM,10,10,REDPE_mid,5225.0,2.795,60,16.0,1.0,2.0,32.0,0.0,True,,0.6143046505195257,2612.5,5225.0,0.0,2233.998392859477,1951.486812210088,0.0,0.0,0.0,327
13,RM,10,10,REDPE_mid,5225.0,2.795,61,16.0,1.0,2.0,32.0,0.01,True,,0.8383524936652247,2169.7097339500347,5225.0,0.0,2297.6727081708405,2394.277078260053,0.0,0.0,0.0,327
13,RM,10,10,REDPE_mid,5225.0,2.795,62,16.0,1.0,2.0,64.0,0.0,True,,0.6143046505195257,2612.5,5225.0,0.0,2233.998392859477,1951.4868122100877,0.0,0.0,0.0,327
13,RM,10,10,REDPE_mid,5225.0,2.795,63,16.0,1.0,2.0,64.0,0.01,True,,0.9763450614887147,1897.1545513849705,5225.0,0.0,2337.2959186359158,2666.8322608251174,0.0,0.0,0.0,327
13,RM,10,10,REDPE_mid,5225.0,2.795,64,16.0,1.0,4.0,8.0,0.0,True,,0.8471404192528382,2269.9539421058794,5225.0,0.0,2251.6540818616127,2294.032870104208,0.0,342.5460578941208,0.0,327
13,RM,10,10,REDPE_mid,5225.0,2.795,65,16.0,1.0,4.0,8.0,0.01,True,,0.9531269995983103,2069.3155047247456,5225.0,0.0,2285.756603876757,2494.671307485342,0.0,360.6273247312338,0.0,327
13,RM,10,10,REDPE_mid,5225.0,2.795,66,16.0,1.0,4.0,16.0,0.0,True,,0.6115480300605625,2612.5,5225.0,0.0,2219.595050961394,1951.4868122100877,0.0,0.0,0.0,327
13,RM,10,10,REDPE_mid,5225.0,2.795,67,16.0,1.0,4.0,16.0,0.01,True,,0.7626054324029929,2315.9377886744414,5225.0,0.0,2267.4644498866974,2248.0490235356456,0.0,0.0,0.0,327
13,RM,10,10,REDPE_mid,5225.0,2.795,68,16.0,1.0,4.0,32.0,0.0,True,,0.6140514390288792,2612.5,5225.0,0.0,2232.6753628208485,1951.486812210088,0.0,0.0,0.0,327
13,RM,10,10,REDPE_mid,5225.0,2.795,69,16.0,1.0,4.0,32.0,0.01,True,,0.8352885195814943,2175.84839735009,5225.0,0.0,2297.0101020834886,2388.1384148599973,0.0,0.0,0.0,327
13,RM,10,10,REDPE_mid,5225.0,2.795,70,16.0,1.0,4.0,64.0,0.0,True,,0.6143046505195257,2612.5,5225.0,0.0,2233.998392859477,1951.4868122100877,0.0,0.0,0.0,327
13,RM,10,10,REDPE_mid,5225.0,2.795,71,16.0,1.0,4.0,64.0,0.01,True,,0.970031759044193,1909.6501982613763,5225.0,0.0,2335.548030554305,2654.3366139487116,0.0,0.0,0.0,327
13,RM,10,10,REDPE_mid,5225.0,2.795,72,16.0,2.0,1.0,8.0,0.0,True,,0.6848366915832002,2510.6034256085322,5225.0,0.0,2245.8902970470394,2053.3833866015552,0.0,101.89657439146738,0.0,327
13,RM,10,10,REDPE_mid,5225.0,2.795,73,16.0,2.0,1.0,8.0,0.01,True,,0.7922248930590172,2304.67907934838,5225.0,0.0,2276.163874254315,2259.307732861708,0.0,117.91548424495532,0.0,327
13,RM,10,10,REDPE_mid,5225.0,2.795,74,16.0,2.0,1.0,16.0,0.0,True,,0.6143046505195257,2612.5,5225.0,0.0,2233.998392859477,1951.486812210088,0.0,0.0,0.0,327
13,RM,10,10,REDPE_mid,5225.0,2.795,75,16.0,2.0,1.0,16.0,0.01,True,,0.7607062424462068,2322.948224070983,5225.0,0.0,2275.0672708538436,2241.038588139105,0.0,0.0,0.0,327
13,RM,10,10,REDPE_mid,5225.0,2.795,76,16.0,2.0,1.0,32.0,0.0,True,,0.6143046505195257,2612.5,5225.0,0.0,2233.998392859477,1951.486812210088,0.0,0.0,0.0,327
13,RM,10,10,REDPE_mid,5225.0,2.795,77,16.0,2.0,1.0,32.0,0.01,True,,0.832852044704334,2180.7749117404946,5225.0,0.0,2296.5958068263367,2383.2119004695933,0.0,0.0,0.0,327
13,RM,10,10,REDPE_mid,5225.0,2.795,78,16.0,2.0,1.0,64.0,0.0,True,,0.6143046505195257,2612.5,5225.0,0.0,2233.998392859477,1951.4868122100877,0.0,0.0,0.0,327
13,RM,10,10,REDPE_mid,5225.0,2.795,79,16.0,2.0,1.0,64.0,0.01,True,,0.9684851191918633,1912.5743888405202,5225.0,0.0,2334.7773137737418,2651.4124233695675,0.0,0.0,0.0,327
13,RM,10,10,REDPE_mid,5225.0,2.795,80,16.0,2.0,2.0,8.0,0.0,True,,0.6848366915832002,2510.6034256085322,5225.0,0.0,2245.8902970470394,2053.3833866015552,0.0,101.89657439146738,0.0,327
13,RM,10,10,REDPE_mid,5225.0,2.795,81,16.0,2.0,2.0,8.0,0.01,True,,0.7922248930590172,2304.67907934838,5225.0,0.0,2276.163874254315,2259.307732861708,0.0,117.91548424495532,0.0,327
13,RM,10,10,REDPE_mid,5225.0,2.795,82,16.0,2.0,2.0,16.0,0.0,True,,0.6143046505195257,2612.5,5225.0,0.0,2233.998392859477,1951.486812210088,0.0,0.0,0.0,327
13,RM,10,10,REDPE_mid,5225.0,2.795,83,16.0,2.0,2.0,16.0,0.01,True,,0.7607062424462068,2322.948224070983,5225.0,0.0,2275.0672708538436,2241.038588139105,0.0,0.0,0.0,327
13,RM,10,10,REDPE_mid,5225.0,2.795,84,16.0,2.0,2.0,32.0,0.0,True,,0.6143046505195257,2612.5,5225.0,0.0,2233.998392859477,1951.486812210088,0.0,0.0,0.0,327
13,RM,10,10,REDPE_mid,5225.0,2.795,85,16.0,2.0,2.0,32.0,0.01,True,,0.832852044704334,2180.7749117404946,5225.0,0.0,2296.5958068263367,2383.2119004695933,0.0,0.0,0.0,327
13,RM,10,10,REDPE_mid,5225.0,2.795,86,16.0,2.0,2.0,64.0,0.0,True,,0.6143046505195257,2612.5,5225.0,0.0,2233.998392859477,1951.4868122100877,0.0,0.0,0.0,327
13,RM,10,10,REDPE_mid,5225.0,2.795,87,16.0,2.0,2.0,64.0,0.01,True,,0.9684851191918633,1912.5743888405202,5225.0,0.0,2334.7773137737418,2651.4124233695675,0.0,0.0,0.0,327
13,RM,10,10,REDPE_mid,5225.0,2.795,88,16.0,2.0,4.0,8.0,0.0,True,,0.678606554147227,2512.7578927098766,5225.0,0.0,2220.8784637987837,2051.2289195002118,0.0,99.74210729012387,0.0,327
13,RM,10,10,REDPE_mid,5225.0,2.795,89,16.0,2.0,4.0,8.0,0.01,True,,0.7903568053630129,2302.9567141579864,5225.0,0.0,2259.9330535421886,2261.0300980521015,0.0,120.07963376947461,0.0,327
13,RM,10,10,REDPE_mid,5225.0,2.795,90,16.0,2.0,4.0,16.0,0.0,True,,0.6115480300605625,2612.5,5225.0,0.0,2219.595050961394,1951.4868122100877,0.0,0.0,0.0,327
13,RM,10,10,REDPE_mid,5225.0,2.795,91,16.0,2.0,4.0,16.0,0.01,True,,0.75789604688979,2325.793352684862,5225.0,0.0,2267.4968206062626,2238.1934595252255,0.0,0.0,0.0,327
13,RM,10,10,REDPE_mid,5225.0,2.795,92,16.0,2.0,4.0,32.0,0.0,True,,0.6140514390288792,2612.5,5225.0,0.0,2232.6753628208485,1951.486812210088,0.0,0.0,0.0,327
13,RM,10,10,REDPE_mid,5225.0,2.795,93,16.0,2.0,4.0,32.0,0.01,True,,0.8295894129371405,2187.0081609125828,5225.0,0.0,2295.131678772971,2376.978651297505,0.0,0.0,0.0,327
13,RM,10,10,REDPE_mid,5225.0,2.795,94,16.0,2.0,4.0,64.0,0.0,True,,0.6143046505195257,2612.5,5225.0,0.0,2233.998392859477,1951.4868122100877,0.0,0.0,0.0,327
13,RM,10,10,REDPE_mid,5225.0,2.795,95,16.0,2.0,4.0,64.0,0.01,True,,0.961849512718856,1925.9062128530973,5225.0,0.0,2333.4358299837213,2638.08059935699,0.0,0.0,0.0,327
13,RM,10,10,REDPE_mid,5225.0,2.795,96,32.0,1.0,1.0,8.0,0.0,True,,1.6652803400580876,1105.4090862935534,5225.0,0.0,2450.5281727259003,3458.5777259165343,0.0,1507.0909137064468,0.0,164
13,RM,10,10,REDPE_mid,5225.0,2.795,97,32.0,1.0,1.0,8.0,0.01,True,,1.7392204761534358,960.3659779269266,5225.0,0.0,2470.9457512918234,3603.6208342831605,0.0,1510.4027753221508,0.0,164
13,RM,10,10,REDPE_mid,5225.0,2.795,98,32.0,1.0,1.0,16.0,0.0,True,,0.9804657820871583,2087.5515705034136,5225.0,0.0,2309.8708020623044,2476.4352417066743,0.0,524.9484294965868,0.0,164
13,RM,10,10,REDPE_mid,5225.0,2.795,99,32.0,1.0,1.0,16.0,0.01,True,,1.1612970835493182,1731.3958857107311,5225.0,0.0,2361.3290354932324,2832.590926499357,0.0,527.944534223738,0.0,164
13,RM,10,10,REDPE_mid,5225.0,2.795,100,32.0,1.0,1.0,32.0,0.0,True,,0.6143046505195257,2612.5,5225.0,0.0,2233.998392859477,1951.4868122100877,0.0,0.0,0.0,164
13,RM,10,10,REDPE_mid,5225.0,2.795,101,32.0,1.0,1.0,32.0,0.01,True,,0.9055102411303484,2037.1712814196662,5225.0,0.0,2317.225807350191,2526.8155307904217,0.0,0.0,0.0,164
13,RM,10,10,REDPE_mid,5225.0,2.795,102,32.0,1.0,1.0,64.0,0.0,True,,0.6143046505195257,2612.5,5225.0,0.0,2233.998392859477,1951.4868122100877,0.0,0.0,0.0,164
13,RM,10,10,REDPE_mid,5225.0,2.795,103,32.0,1.0,1.0,64.0,0.01,True,,1.03815306040262,1774.9695540721223,5225.0,0.0,2354.78021967895,2789.0172581379657,0.0,0.0,0.0,164
13,RM,10,10,REDPE_mid,5225.0,2.795,104,32.0,1.0,2.0,8.0,0.0,True,,1.6652803400580876,1105.4090862935534,5225.0,0.0,2450.5281727259003,3458.5777259165343,0.0,1507.0909137064468,0.0,164
13,RM,10,10,REDPE_mid,5225.0,2.795,105,32.0,1.0,2.0,8.0,0.01,True,,1.7392204761534358,960.3659779269266,5225.0,0.0,2470.9457512918234,3603.6208342831605,0.0,1510.4027753221508,0.0,164
13,RM,10,10,REDPE_mid,5225.0,2.795,106,32.0,1.0,2.0,16.0,0.0,True,,0.9804657820871583,2087.5515705034136,5225.0,0.0,2309.8708020623044,2476.4352417066743,0.0,524.9484294965868,0.0,164
13,RM,10,10,REDPE_mid,5225.0,2.795,107,32.0,1.0,2.0,16.0,0.01,True,,1.1612970835493182,1731.3958857107311,5225.0,0.0,2361.3290354932324,2832.590926499357,0.0,527.944534223738,0.0,164
13,RM,10,10,REDPE_mid,5225.0,2.795,108,32.0,1.0,2.0,32.0,0.0,True,,0.6143046505195257,2612.5,5225.0,0.0,2233.998392859477,1951.4868122100877,0.0,0.0,0.0,164
13,RM,10,10,REDPE_mid,5225.0,2.795,109,32.0,1.0,2.0,32.0,0.01,True,,0.9055102411303484,2037.1712814196662,5225.0,0.0,2317.225807350191,2526.8155307904217,0.0,0.0,0.0,164
13,RM,10,10,REDPE_mid,5225.0,2.795,110,32.0,1.0,2.0,64.0,0.0,True,,0.6143046505195257,2612.5,5225.0,0.0,2233.998392859477,1951.4868122100877,0.0,0.0,0.0,164
13,RM,10,10,REDPE_mid,5225.0,2.795,111,32.0,1.0,2.0,64.0,0.01,True,,1.03815306040262,1774.9695540721223,5225.0,0.0,2354.78021967895,2789.0172581379657,0.0,0.0,0.0,164
13,RM,10,10,REDPE_mid,5225.0,2.795,112,32.0,1.0,4.0,8.0,0.0,True,,1.6413160524601127,1135.3136237669046,5225.0,0.0,2429.98065118321,3428.673188443183,0.0,1477.1863762330954,0.0,164
13,RM,10,10,REDPE_mid,5225.0,2.795,113,32.0,1.0,4.0,8.0,0.01,True,,1.7220008275829555,981.6966005231021,5225.0,0.0,2456.386048933695,3582.2902116869855,0.0,1488.3163703899586,0.0,164
13,RM,10,10,REDPE_mid,5225.0,2.795,114,32.0,1.0,4.0,16.0,0.0,True,,0.9804657820871583,2087.5515705034136,5225.0,0.0,2309.8708020623044,2476.4352417066743,0.0,524.9484294965868,0.0,164
13,RM,10,10,REDPE_mid,5225.0,2.795,115,32.0,1.0,4.0,16.0,0.01,True,,1.1612970835493182,1731.3958857107311,5225.0,0.0,2361.3290354932324,2832.590926499357,0.0,527.944534223738,0.0,164
13,RM,10,10,REDPE_mid,5225.0,2.795,116,32.0,1.0,4.0,32.0,0.0,True,,0.6143046505195257,2612.5,5225.0,0.0,2233.998392859477,1951.4868122100877,0.0,0.0,0.0,164
13,RM,10,10,REDPE_mid,5225.0,2.795,117,32.0,1.0,4.0,32.0,0.01,True,,0.9055102411303484,2037.1712814196662,5225.0,0.0,2317.225807350191,2526.8155307904217,0.0,0.0,0.0,164
13,RM,10,10,REDPE_mid,5225.0,2.795,118,32.0,1.0,4.0,64.0,0.0,True,,0.6143046505195257,2612.5,5225.0,0.0,2233.998392859477,1951.4868122100877,0.0,0.0,0.0,164
13,RM,10,10,REDPE_mid,5225.0,2.795,119,32.0,1.0,4.0,64.0,0.01,True,,1.03815306040262,1774.9695540721223,5225.0,0.0,2354.78021967895,2789.0172581379657,0.0,0.0,0.0,164
13,RM,10,10,REDPE_mid,5225.0,2.795,120,32.0,2.0,1.0,8.0,0.0,True,,1.5010272446293866,1340.6471930554264,5225.0,0.0,2415.6391227774943,3223.3396191546612,0.0,1271.8528069445738,0.0,164
13,RM,10,10,REDPE_mid,5225.0,2.795,121,32.0,2.0,1.0,8.0,0.01,True,,1.590683634731309,1169.4354643265692,5225.0,0.0,2440.138431373786,3394.5513478835182,0.0,1287.7788148086815,0.0,164
13,RM,10,10,REDPE_mid,5225.0,2.795,122,32.0,2.0,1.0,16.0,0.0,True,,0.8202052610392699,2317.1850915828063,5225.0,0.0,2276.2269033649636,2246.801720627281,0.0,295.3149084171936,0.0,164
13,RM,10,10,REDPE_mid,5225.0,2.795,123,32.0,2.0,1.0,16.0,0.01,True,,1.017742702792729,1932.7886246138967,5225.0,0.0,2332.391737168001,2631.198187596191,0.0,310.2920403537061,0.0,164
13,RM,10,10,REDPE_mid,5225.0,2.795,124,32.0,2.0,1.0,32.0,0.0,True,,0.6143046505195257,2612.5,5225.0,0.0,2233.998392859477,1951.486812210088,0.0,0.0,0.0,164
13,RM,10,10,REDPE_mid,5225.0,2.795,125,32.0,2.0,1.0,32.0,0.01,True,,0.9026301517510276,2042.9140115286182,5225.0,0.0,2316.5341656156197,2521.0728006814697,0.0,0.0,0.0,164
13,RM,10,10,REDPE_mid,5225.0,2.795,126,32.0,2.0,1.0,64.0,0.0,True,,0.6143046505195257,2612.5,5225.0,0.0,2233.998392859477,1951.4868122100877,0.0,0.0,0.0,164
13,RM,10,10,REDPE_mid,5225.0,2.795,127,32.0,2.0,1.0,64.0,0.01,True,,1.0340330288660151,1783.124149571795,5225.0,0.0,2353.6395436493713,2780.862662638293,0.0,0.0,0.0,164
13,RM,10,10,REDPE_mid,5225.0,2.795,128,32.0,2.0,2.0,8.0,0.0,True,,1.5010272446293866,1340.6471930554264,5225.0,0.0,2415.6391227774943,3223.3396191546612,0.0,1271.8528069445738,0.0,164
13,RM,10,10,REDPE_mid,5225.0,2.795,129,32.0,2.0,2.0,8.0,0.01,True,,1.590683634731309,1169.4354643265692,5225.0,0.0,2440.138431373786,3394.5513478835182,0.0,1287.7788148086815,0.0,164
13,RM,10,10,REDPE_mid,5225.0,2.795,130,32.0,2.0,2.0,16.0,0.0,True,,0.8202052610392699,2317.1850915828063,5225.0,0.0,2276.2269033649636,2246.801720627281,0.0,295.3149084171936,0.0,164
13,RM,10,10,REDPE_mid,5225.0,2.795,131,32.0,2.0,2.0,16.0,0.01,True,,1.017742702792729,1932.7886246138967,5225.0,0.0,2332.391737168001,2631.198187596191,0.0,310.2920403537061,0.0,164
13,RM,10,10,REDPE_mid,5225.0,2.795,132,32.0,2.0,2.0,32.0,0.0,True,,0.6143046505195257,2612.5,5225.0,0.0,2233.998392859477,1951.486812210088,0.0,0.0,0.0,164
13,RM,10,10,REDPE_mid,5225.0,2.795,133,32.0,2.0,2.0,32.0,0.01,True,,0.9026301517510276,2042.9140115286182,5225.0,0.0,2316.5341656156197,2521.0728006814697,0.0,0.0,0.0,164
13,RM,10,10,REDPE_mid,5225.0,2.795,134,32.0,2.0,2.0,64.0,0.0,True,,0.6143046505195257,2612.5,5225.0,0.0,2233.998392859477,1951.4868122100877,0.0,0.0,0.0,164
13,RM,10,10,REDPE_mid,5225.0,2.795,135,32.0,2.0,2.0,64.0,0.01,True,,1.0340330288660151,1783.124149571795,5225.0,0.0,2353.6395436493713,2780.862662638293,0.0,0.0,0.0,164
13,RM,10,10,REDPE_mid,5225.0,2.795,136,32.0,2.0,4.0,8.0,0.0,True,,1.5010272446293866,1340.6471930554264,5225.0,0.0,2415.6391227774943,3223.3396191546612,0.0,1271.8528069445738,0.0,164
13,RM,10,10,REDPE_mid,5225.0,2.795,137,32.0,2.0,4.0,8.0,0.01,True,,1.590683634731309,1169.4354643265692,5225.0,0.0,2440.138431373786,3394.5513478835182,0.0,1287.7788148086815,0.0,164
13,RM,10,10,REDPE_mid,5225.0,2.795,138,32.0,2.0,4.0,16.0,0.0,True,,0.8202052610392699,2317.1850915828063,5225.0,0.0,2276.2269033649636,2246.801720627281,0.0,295.3149084171936,0.0,164
13,RM,10,10,REDPE_mid,5225.0,2.795,139,32.0,2.0,4.0,16.0,0.01,True,,1.017742702792729,1932.7886246138967,5225.0,0.0,2332.391737168001,2631.198187596191,0.0,310.2920403537061,0.0,164
13,RM,10,10,REDPE_mid,5225.0,2.795,140,32.0,2.0,4.0,32.0,0.0,True,,0.6143046505195257,2612.5,5225.0,0.0,2233.998392859477,1951.486812210088,0.0,0.0,0.0,164
13,RM,10,10,REDPE_mid,5225.0,2.795,141,32.0,2.0,4.0,32.0,0.01,True,,0.9026301517510276,2042.9140115286182,5225.0,0.0,2316.5341656156197,2521.0728006814697,0.0,0.0,0.0,164
13,RM,10,10,REDPE_mid,5225.0,2.795,142,32.0,2.0,4.0,64.0,0.0,True,,0.6143046505195257,2612.5,5225.0,0.0,2233.998392859477,1951.4868122100877,0.0,0.0,0.0,164
13,RM,10,10,REDPE_mid,5225.0,2.795,143,32.0,2.0,4.0,64.0,0.01,True,,1.0340330288660151,1783.124149571795,5225.0,0.0,2353.6395436493713,2780.862662638293,0.0,0.0,0.0,164
14,Los Rios,17,16,REDPE_mid,26430.0,14.16,0,8.0,1.0,1.0,8.0,0.0,True,,0.524181002968331,9785.243694641804,19576.0,6854.0,41.35021593539641,41.35021593539641,6854.0,0.0,2.7563053581964923,2447
14,Los Rios,17,16,REDPE_mid,26430.0,14.16,1,8.0,1.0,1.0,8.0,0.01,True,,0.48768459919454926,9781.994193456363,20064.0,6366.0,44.59971712083841,44.59971712083841,6366.0,0.0,2.8098935780049232,2508
14,Los Rios,17,16,REDPE_mid,26430.0,14.16,2,8.0,1.0,1.0,16.0,0.0,True,,0.5120962181124252,9826.593910577201,19664.0,6766.0,0.0,0.0,6766.0,0.0,5.406089422800079,2458
14,Los Rios,17,16,REDPE_mid,26430.0,14.16,3,8.0,1.0,1.0,16.0,0.01,True,,0.4485320953476405,9826.593910577201,20504.0,5926.0,0.0,0.0,5926.0,0.0,5.406560076278189,2563
14,Los Rios,17,16,REDPE_mid,26430.0,14.16,4,8.0,1.0,1.0,32.0,0.0,True,,0.5115665170151873,9826.593910577201,19672.0,6758.0,0.0,0.0,6758.0,0.0,9.406089422800116,2459
14,Los Rios,17,16,REDPE_mid,26430.0,14.16,5,8.0,1.0,1.0,32.0,0.01,True,,0.3953302231113672,9826.593910577201,21208.0,5222.0,0.0,0.0,5222.0,0.0,9.155593666869882,2651
14,Los Rios,17,16,REDPE_mid,26430.0,14.16,6,8.0,1.0,1.0,64.0,0.0,True,,0.5105071148207113,9826.593910577201,19688.0,6742.0,0.0,0.0,6742.0,0.0,17.406089422800036,2461
14,Los Rios,17,16,REDPE_mid,26430.0,14.16,7,8.0,1.0,1.0,64.0,0.01,True,,0.29016628545736883,9826.593910577201,22600.0,3830.0,0.0,0.0,3830.0,0.0,18.18984927651652,2825
14,Los Rios,17,16,REDPE_mid,26430.0,14.16,8,8.0,1.0,2.0,8.0,0.0,True,,0.652320635140273,9334.061075065696,18672.0,7758.0,492.5328355115042,492.5328355115042,7758.0,0.0,1.9389249343042616,2334
14,Los Rios,17,16,REDPE_mid,26430.0,14.16,9,8.0,1.0,2.0,8.0,0.01,True,,0.6167545609814004,9333.050697124361,19144.0,7286.0,493.54321345283904,493.54321345283904,7286.0,0.0,2.843599306944745,2393
14,Los Rios,17,16,REDPE_mid,26430.0,14.16,10,8.0,1.0,2.0,16.0,0.0,True,,0.5915774104149876,9546.421932438021,19104.0,7326.0,280.1719781391806,280.1719781391806,7326.0,0.0,5.578067561980704,2388
14,Los Rios,17,16,REDPE_mid,26430.0,14.16,11,8.0,1.0,2.0,16.0,0.01,True,,0.5414165506694164,9518.496535028205,19816.0,6614.0,308.09737554899647,308.09737554899647,6614.0,0.0,6.597239542382187,2477
14,Los Rios,17,16,REDPE_mid,26430.0,14.16,12,8.0,1.0,2.0,32.0,0.0,True,,0.5354524581852078,9742.26755429629,19504.0,6926.0,84.32635628091143,84.32635628091143,6926.0,0.0,9.732445703711536,2438
14,Los Rios,17,16,REDPE_mid,26430.0,14.16,13,8.0,1.0,2.0,32.0,0.01,True,,0.4384091864234091,9720.715095526797,20824.0,5606.0,105.87881505040437,105.87881505040437,5606.0,0.0,9.157888988573985,2603
14,Los Rios,17,16,REDPE_mid,26430.0,14.16,14,8.0,1.0,2.0,64.0,0.0,True,,0.5193578771101786,9796.112498749546,19624.0,6806.0,30.48141182765579,30.48141182765579,6806.0,0.0,15.887501250455799,2453
14,Los Rios,17,16,REDPE_mid,26430.0,14.16,15,8.0,1.0,2.0,64.0,0.01,True,,0.3354079345926432,9763.816304086942,22112.0,4318.0,62.77760649025768,62.77760649025768,4318.0,0.0,18.220177135308408,2764
14,Los Rios,17,16,REDPE_mid,26430.0,14.16,16,8.0,1.0,4.0,8.0,0.0,True,,1.5108586313145542,6307.271265344131,12624.0,13806.0,3519.3226452330687,3519.3226452330687,13806.0,0.0,4.728734655869156,1578
14,Los Rios,17,16,REDPE_mid,26430.0,14.16,17,8.0,1.0,4.0,8.0,0.01,True,,1.4993880720108206,6256.515651367881,12864.0,13566.0,3570.0782592093187,3570.0782592093187,13566.0,0.0,3.105672026736364,1608
14,Los Rios,17,16,REDPE_mid,26430.0,14.16,18,8.0,1.0,4.0,16.0,0.0,True,,1.4527918665809951,6512.447413321126,13032.0,13398.0,3314.146497256073,3314.146497256073,13398.0,0.0,3.552586678873075,1629
14,Los Rios,17,16,REDPE_mid,26430.0,14.16,19,8.0,1.0,4.0,16.0,0.01,True,,1.433837634745058,6445.367697650801,13400.0,13030.0,3381.2262129263977,3381.2262129263977,13030.0,0.0,4.073882138988767,1675
14,Los Rios,17,16,REDPE_mid,26430.0,14.16,20,8.0,1.0,4.0,32.0,0.0,True,,1.4073772167749763,6669.024711914395,13360.0,13070.0,3157.5691986628053,3157.5691986628053,13070.0,0.0,10.975288085605138,1670
14,Los Rios,17,16,REDPE_mid,26430.0,14.16,21,8.0,1.0,4.0,32.0,0.01,True,,1.3719602530363078,6588.5694340012005,13968.0,12462.0,3238.024476575999,3238.024476575999,12462.0,0.0,7.647639467235786,1746
14,Los Rios,17,16,REDPE_mid,26430.0,14.16,22,8.0,1.0,4.0,64.0,0.0,True,,1.387827455154432,6735.199761822142,13504.0,12926.0,3091.3941487550583,3091.3941487550583,12926.0,0.0,16.80023817785795,1688
14,Los Rios,17,16,REDPE_mid,26430.0,14.16,23,8.0,1.0,4.0,64.0,0.01,True,,1.326052037772084,6625.622046589893,14512.0,11918.0,3200.9718639873067,3200.9718639873067,11918.0,0.0,16.30766872119896,1814
14,Los Rios,17,16,REDPE_mid,26430.0,14.16,24,8.0,2.0,1.0,8.0,0.0,True,,0.6534557089200689,9330.061075065696,18664.0,7766.0,496.53283551150423,496.53283551150423,7766.0,0.0,1.938924934304258,2333
14,Los Rios,17,16,REDPE_mid,26430.0,14.16,25,8.0,2.0,1.0,8.0,0.01,True,,0.6228493121538969,9334.96940425621,19060.0,7370.0,491.6245063209898,491.6245063209898,7370.0,0.0,2.443096208057596,2383
14,Los Rios,17,16,REDPE_mid,26430.0,14.16,26,8.0,2.0,1.0,16.0,0.0,True,,0.5938541882572392,9538.378122845343,19088.0,7342.0,288.21578773185826,288.21578773185826,7342.0,0.0,5.621877154658301,2386
14,Los Rios,17,16,REDPE_mid,26430.0,14.16,27,8.0,2.0,1.0,16.0,0.01,True,,0.5463544311158802,9526.79475747617,19736.0,6694.0,299.7991531010324,299.7991531010324,6694.0,0.0,5.70115707820167,2467
14,Los Rios,17,16,REDPE_mid,26430.0,14.16,28,8.0,2.0,1.0,32.0,0.0,True,,0.5366103068592293,9738.117069182694,19496.0,6934.0,88.47684139450664,88.47684139450664,6934.0,0.0,9.882930817306766,2437
14,Los Rios,17,16,REDPE_mid,26430.0,14.16,29,8.0,2.0,1.0,32.0,0.01,True,,0.44540713509820395,9722.774313883134,20728.0,5702.0,103.8195966940677,103.8195966940677,5702.0,0.0,9.48398443258873,2591
14,Los Rios,17,16,REDPE_mid,26430.0,14.16,30,8.0,2.0,1.0,64.0,0.0,True,,0.519381930003608,9795.953569256211,19624.0,6806.0,30.640341320989243,30.640341320989243,6806.0,0.0,16.04643074378929,2453
14,Los Rios,17,16,REDPE_mid,26430.0,14.16,31,8.0,2.0,1.0,64.0,0.01,True,,0.3411420364973939,9770.426668148182,22024.0,4406.0,56.167242429018714,56.167242429018714,4406.0,0.0,15.59735224910883,2753
14,Los Rios,17,16,REDPE_mid,26430.0,14.16,32,8.0,2.0,2.0,8.0,0.0,True,,0.6534557089200689,9330.061075065696,18664.0,7766.0,496.53283551150423,496.53283551150423,7766.0,0.0,1.938924934304258,2333
14,Los Rios,17,16,REDPE_mid,26430.0,14.16,33,8.0,2.0,2.0,8.0,0.01,True,,0.6228493121538969,9334.96940425621,19060.0,7370.0,491.6245063209898,491.6245063209898,7370.0,0.0,2.443096208057596,2383
14,Los Rios,17,16,REDPE_mid,26430.0,14.16,34,8.0,2.0,2.0,16.0,0.0,True,,0.5938541882572392,9538.378122845343,19088.0,7342.0,288.21578773185826,288.21578773185826,7342.0,0.0,5.621877154658301,2386
14,Los Rios,17,16,REDPE_mid,26430.0,14.16,35,8.0,2.0,2.0,16.0,0.01,True,,0.5463544311158802,9526.79475747617,19736.0,6694.0,299.7991531010324,299.7991531010324,6694.0,0.0,5.70115707820167,2467
14,Los Rios,17,16,REDPE_mid,26430.0,14.16,36,8.0,2.0,2.0,32.0,0.0,True,,0.5366103068592293,9738.117069182694,19496.0,6934.0,88.47684139450664,88.47684139450664,6934.0,0.0,9.882930817306766,2437
14,Los Rios,17,16,REDPE_mid,26430.0,14.16,37,8.0,2.0,2.0,32.0,0.01,True,,0.44540713509820395,9722.774313883134,20728.0,5702.0,103.8195966940677,103.8195966940677,5702.0,0.0,9.48398443258873,2591
14,Los Rios,17,16,REDPE_mid,26430.0,14.16,38,8.0,2.0,2.0,64.0,0.0,True,,0.519381930003608,9795.953569256211,19624.0,6806.0,30.640341320989243,30.640341320989243,6806.0,0.0,16.04643074378929,2453
14,Los Rios,17,16,REDPE_mid,26430.0,14.16,39,8.0,2.0,2.0,64.0,0.01,True,,0.3411420364973939,9770.426668148182,22024.0,4406.0,56.167242429018714,56.167242429018714,4406.0,0.0,15.59735224910883,2753
14,Los Rios,17,16,REDPE_mid,26430.0,14.16,40,8.0,2.0,4.0,8.0,0.0,True,,1.5111234818631734,6307.27126534413,12620.0,13810.0,3519.3226452330687,3519.3226452330687,13810.0,0.0,2.7287346558691565,1578
14,Los Rios,17,16,REDPE_mid,26430.0,14.16,41,8.0,2.0,4.0,8.0,0.01,True,,1.4970625138693665,6278.656196613624,12856.0,13574.0,3547.9377139635767,3547.9377139635767,13574.0,0.0,3.1604853896792164,1607
14,Los Rios,17,16,REDPE_mid,26430.0,14.16,42,8.0,2.0,4.0,16.0,0.0,True,,1.4527918665809951,6512.447413321126,13032.0,13398.0,3314.146497256073,3314.146497256073,13398.0,0.0,3.552586678873075,1629
14,Los Rios,17,16,REDPE_mid,26430.0,14.16,43,8.0,2.0,4.0,16.0,0.01,True,,1.4319436588550603,6468.826012945627,13384.0,13046.0,3357.7678976315733,3357.7678976315733,13046.0,0.0,4.166523657471894,1673
14,Los Rios,17,16,REDPE_mid,26430.0,14.16,44,8.0,2.0,4.0,32.0,0.0,True,,1.4076420673235952,6669.024711914395,13356.0,13074.0,3157.5691986628053,3157.5691986628053,13074.0,0.0,8.975288085605138,1670
14,Los Rios,17,16,REDPE_mid,26430.0,14.16,45,8.0,2.0,4.0,32.0,0.01,True,,1.3696975557564326,6610.395683231374,13960.0,12470.0,3216.198227345826,3216.198227345826,12470.0,0.0,8.825205864245108,1745
14,Los Rios,17,16,REDPE_mid,26430.0,14.16,46,8.0,2.0,4.0,64.0,0.0,True,,1.387827455154432,6735.199761822142,13504.0,12926.0,3091.3941487550583,3091.3941487550583,12926.0,0.0,16.8002381778579,1688
14,Los Rios,17,16,REDPE_mid,26430.0,14.16,47,8.0,2.0,4.0,64.0,0.01,True,,1.3240011602518587,6647.826014310357,14500.0,11930.0,3178.7678962668433,3178.7678962668433,11930.0,0.0,15.326057045346964,1813
14,Los Rios,17,16,REDPE_mid,26430.0,14.16,48,16.0,1.0,1.0,8.0,0.0,True,,0.3361525723403382,9798.774086413903,22848.0,3582.0,27.819824163298307,27.819824163298307,3582.0,1621.0602911810913,4.165622405007051,1428
14,Los Rios,17,16,REDPE_mid,26430.0,14.16,49,16.0,1.0,1.0,8.0,0.01,True,,0.27907749261989045,9798.2290914033,23616.0,2814.0,28.364819173900408,28.364819173900408,2814.0,1646.3020744557123,4.87837675867935,1476
14,Los Rios,17,16,REDPE_mid,26430.0,14.16,50,16.0,1.0,1.0,16.0,0.0,True,,0.5120962181124252,9826.593910577201,19664.0,6766.0,0.0,0.0,6766.0,0.0,5.406089422800122,1229
14,Los Rios,17,16,REDPE_mid,26430.0,14.16,51,16.0,1.0,1.0,16.0,0.01,True,,0.42371277916583566,9826.593910577201,20832.0,5598.0,0.0,0.0,5598.0,0.0,5.457506706074903,1302
14,Los Rios,17,16,REDPE_mid,26430.0,14.16,52,16.0,1.0,1.0,32.0,0.0,True,,0.5110368159179494,9826.593910577201,19680.0,6750.0,0.0,0.0,6750.0,0.0,13.406089422800102,1230
14,Los Rios,17,16,REDPE_mid,26430.0,14.16,53,16.0,1.0,1.0,32.0,0.01,True,,0.3693937179452195,9826.593910577201,21552.0,4878.0,0.0,0.0,4878.0,0.0,14.151930584305719,1347
14,Los Rios,17,16,REDPE_mid,26430.0,14.16,54,16.0,1.0,1.0,64.0,0.0,True,,0.5099774137234733,9826.593910577201,19696.0,6734.0,0.0,0.0,6734.0,0.0,21.4060894228001,1231
14,Los Rios,17,16,REDPE_mid,26430.0,14.16,55,16.0,1.0,1.0,64.0,0.01,True,,0.26413355400214045,9826.593910577201,22944.0,3486.0,0.0,0.0,3486.0,0.0,18.099664553141565,1434
14,Los Rios,17,16,REDPE_mid,26430.0,14.16,56,16.0,1.0,2.0,8.0,0.0,True,,0.3361525723403382,9798.774086413903,22848.0,3582.0,27.819824163298307,27.819824163298307,3582.0,1621.0602911810913,4.165622405007051,1428
14,Los Rios,17,16,REDPE_mid,26430.0,14.16,57,16.0,1.0,2.0,8.0,0.01,True,,0.27907749261989045,9798.2290914033,23616.0,2814.0,28.364819173900408,28.364819173900408,2814.0,1646.3020744557123,4.87837675867935,1476
14,Los Rios,17,16,REDPE_mid,26430.0,14.16,58,16.0,1.0,2.0,16.0,0.0,True,,0.5120962181124252,9826.593910577201,19664.0,6766.0,0.0,0.0,6766.0,0.0,5.406089422800122,1229
14,Los Rios,17,16,REDPE_mid,26430.0,14.16,59,16.0,1.0,2.0,16.0,0.01,True,,0.42371277916583566,9826.593910577201,20832.0,5598.0,0.0,0.0,5598.0,0.0,5.457506706074903,1302
14,Los Rios,17,16,REDPE_mid,26430.0,14.16,60,16.0,1.0,2.0,32.0,0.0,True,,0.5110368159179494,9826.593910577201,19680.0,6750.0,0.0,0.0,6750.0,0.0,13.406089422800099,1230
14,Los Rios,17,16,REDPE_mid,26430.0,14.16,61,16.0,1.0,2.0,32.0,0.01,True,,0.3693937179452195,9826.593910577201,21552.0,4878.0,0.0,0.0,4878.0,0.0,14.151930584305719,1347
14,Los Rios,17,16,REDPE_mid,26430.0,14.16,62,16.0,1.0,2.0,64.0,0.0,True,,0.5099774137234733,9826.593910577201,19696.0,6734.0,0.0,0.0,6734.0,0.0,21.406089422800093,1231
14,Los Rios,17,16,REDPE_mid,26430.0,14.16,63,16.0,1.0,2.0,64.0,0.01,True,,0.26413355400214045,9826.593910577201,22944.0,3486.0,0.0,0.0,3486.0,0.0,18.099664553141565,1434
14,Los Rios,17,16,REDPE_mid,26430.0,14.16,64,16.0,1.0,4.0,8.0,0.0,True,,0.5609590770079119,9241.077215666353,20560.0,5870.0,585.516694910848,585.516694910848,5870.0,1034.7571619286407,4.165622405007051,1285
14,Los Rios,17,16,REDPE_mid,26430.0,14.16,65,16.0,1.0,4.0,8.0,0.01,True,,0.5133717943036001,9199.34848380567,21296.0,5134.0,627.2454267715302,627.2454267715302,5134.0,1102.6183413644549,4.87837675867935,1331
14,Los Rios,17,16,REDPE_mid,26430.0,14.16,66,16.0,1.0,4.0,16.0,0.0,True,,0.5866914748805148,9564.70575148205,19136.0,7294.0,261.88815909515176,261.88815909515176,7294.0,0.0,3.294248517951843,1196
14,Los Rios,17,16,REDPE_mid,26430.0,14.16,67,16.0,1.0,4.0,16.0,0.01,True,,0.5182638937397512,9515.246318068059,20128.0,6302.0,311.34759250914306,311.34759250914306,6302.0,0.0,7.996275519253976,1258
14,Los Rios,17,16,REDPE_mid,26430.0,14.16,68,16.0,1.0,4.0,32.0,0.0,True,,0.531615307810317,9753.621525398381,19536.0,6894.0,72.97238517881962,72.97238517881962,6894.0,0.0,14.378474601619741,1221
14,Los Rios,17,16,REDPE_mid,26430.0,14.16,69,16.0,1.0,4.0,32.0,0.01,True,,0.4184467262133486,9702.986321878256,21120.0,5310.0,123.60758869894522,123.60758869894522,5310.0,0.0,13.840826744987297,1320
14,Los Rios,17,16,REDPE_mid,26430.0,14.16,70,16.0,1.0,4.0,64.0,0.0,True,,0.5188281760129406,9796.112498749546,19632.0,6798.0,30.48141182765575,30.48141182765575,6798.0,0.0,19.887501250455763,1227
14,Los Rios,17,16,REDPE_mid,26430.0,14.16,71,16.0,1.0,4.0,64.0,0.01,True,,0.3167545825998842,9749.264207721653,22384.0,4046.0,77.32970285554785,77.32970285554785,4046.0,0.0,18.339316241044298,1399
14,Los Rios,17,16,REDPE_mid,26430.0,14.16,72,16.0,2.0,1.0,8.0,0.0,True,,0.4943651631554223,9800.142901665435,20056.0,6374.0,26.45100891176507,26.45100891176507,6374.0,223.12836367869605,4.728734655869156,1254
14,Los Rios,17,16,REDPE_mid,26430.0,14.16,73,16.0,2.0,1.0,8.0,0.01,True,,0.4383661961355741,9804.736072940746,20800.0,5630.0,21.85783763645547,21.85783763645547,5630.0,247.99042484382815,3.0514145836041218,1300
14,Los Rios,17,16,REDPE_mid,26430.0,14.16,74,16.0,2.0,1.0,16.0,0.0,True,,0.5120962181124252,9826.593910577201,19664.0,6766.0,0.0,0.0,6766.0,0.0,5.4060894228000915,1229
14,Los Rios,17,16,REDPE_mid,26430.0,14.16,75,16.0,2.0,1.0,16.0,0.01,True,,0.4310334125423481,9826.593910577201,20736.0,5694.0,0.0,0.0,5694.0,0.0,8.426186988519998,1296
14,Los Rios,17,16,REDPE_mid,26430.0,14.16,76,16.0,2.0,1.0,32.0,0.0,True,,0.5110368159179494,9826.593910577201,19680.0,6750.0,0.0,0.0,6750.0,0.0,13.406089422800099,1230
14,Los Rios,17,16,REDPE_mid,26430.0,14.16,77,16.0,2.0,1.0,32.0,0.01,True,,0.37773875821413283,9826.593910577201,21440.0,4990.0,0.0,0.0,4990.0,0.0,7.2707591990622,1340
14,Los Rios,17,16,REDPE_mid,26430.0,14.16,78,16.0,2.0,1.0,64.0,0.0,True,,0.5099774137234733,9826.593910577201,19696.0,6734.0,0.0,0.0,6734.0,0.0,21.406089422800065,1231
14,Los Rios,17,16,REDPE_mid,26430.0,14.16,79,16.0,2.0,1.0,64.0,0.01,True,,0.2726147198537288,9826.593910577201,22832.0,3598.0,0.0,0.0,3598.0,0.0,18.414091468104516,1427
14,Los Rios,17,16,REDPE_mid,26430.0,14.16,80,16.0,2.0,2.0,8.0,0.0,True,,0.4943651631554223,9800.142901665435,20056.0,6374.0,26.45100891176507,26.45100891176507,6374.0,223.12836367869605,4.728734655869156,1254
14,Los Rios,17,16,REDPE_mid,26430.0,14.16,81,16.0,2.0,2.0,8.0,0.01,True,,0.4383661961355741,9804.736072940746,20800.0,5630.0,21.85783763645547,21.85783763645547,5630.0,247.99042484382815,3.0514145836041218,1300
14,Los Rios,17,16,REDPE_mid,26430.0,14.16,82,16.0,2.0,2.0,16.0,0.0,True,,0.5120962181124252,9826.593910577201,19664.0,6766.0,0.0,0.0,6766.0,0.0,5.4060894228000915,1229
14,Los Rios,17,16,REDPE_mid,26430.0,14.16,83,16.0,2.0,2.0,16.0,0.01,True,,0.4310334125423481,9826.593910577201,20736.0,5694.0,0.0,0.0,5694.0,0.0,8.426186988519998,1296
14,Los Rios,17,16,REDPE_mid,26430.0,14.16,84,16.0,2.0,2.0,32.0,0.0,True,,0.5110368159179494,9826.593910577201,19680.0,6750.0,0.0,0.0,6750.0,0.0,13.406089422800099,1230
14,Los Rios,17,16,REDPE_mid,26430.0,14.16,85,16.0,2.0,2.0,32.0,0.01,True,,0.37773875821413283,9826.593910577201,21440.0,4990.0,0.0,0.0,4990.0,0.0,7.2707591990622,1340
14,Los Rios,17,16,REDPE_mid,26430.0,14.16,86,16.0,2.0,2.0,64.0,0.0,True,,0.5099774137234733,9826.593910577201,19696.0,6734.0,0.0,0.0,6734.0,0.0,21.406089422800065,1231
14,Los Rios,17,16,REDPE_mid,26430.0,14.16,87,16.0,2.0,2.0,64.0,0.01,True,,0.2726147198537288,9826.593910577201,22832.0,3598.0,0.0,0.0,3598.0,0.0,18.414091468104516,1427
14,Los Rios,17,16,REDPE_mid,26430.0,14.16,88,16.0,2.0,4.0,8.0,0.0,True,,0.617469231433812,9370.44500731036,19176.0,7254.0,456.14890326684196,456.14890326684196,7254.0,212.82625803377292,4.728734655869156,1199
14,Los Rios,17,16,REDPE_mid,26430.0,14.16,89,16.0,2.0,4.0,8.0,0.01,True,,0.5753746611333832,9334.138832565905,19808.0,6622.0,492.4550780112971,492.4550780112971,6622.0,238.03381342397918,3.0514145836041218,1238
14,Los Rios,17,16,REDPE_mid,26430.0,14.16,90,16.0,2.0,4.0,16.0,0.0,True,,0.5866914748805148,9564.70575148205,19136.0,7294.0,261.8881590951517,261.8881590951517,7294.0,0.0,3.2942485179518197,1196
14,Los Rios,17,16,REDPE_mid,26430.0,14.16,91,16.0,2.0,4.0,16.0,0.01,True,,0.5210293095203719,9531.005495977832,20064.0,6366.0,295.5884145993691,295.5884145993691,6366.0,0.0,8.490399051263854,1254
14,Los Rios,17,16,REDPE_mid,26430.0,14.16,92,16.0,2.0,4.0,32.0,0.0,True,,0.531615307810317,9753.621525398381,19536.0,6894.0,72.97238517881964,72.97238517881964,6894.0,0.0,14.378474601619741,1221
14,Los Rios,17,16,REDPE_mid,26430.0,14.16,93,16.0,2.0,4.0,32.0,0.01,True,,0.42227681173095843,9714.815234792715,21048.0,5382.0,111.77867578448578,111.77867578448578,5382.0,0.0,11.101537607062497,1316
14,Los Rios,17,16,REDPE_mid,26430.0,14.16,94,16.0,2.0,4.0,64.0,0.0,True,,0.5188281760129406,9796.112498749546,19632.0,6798.0,30.481411827655762,30.481411827655762,6798.0,0.0,19.88750125045577,1227
14,Los Rios,17,16,REDPE_mid,26430.0,14.16,95,16.0,2.0,4.0,64.0,0.01,True,,0.3216289855494169,9758.180894494484,22304.0,4126.0,68.41301608271621,68.41301608271621,4126.0,0.0,18.417063563160006,1394
14,Los Rios,17,16,REDPE_mid,26430.0,14.16,96,32.0,1.0,1.0,8.0,0.0,True,,0.8369675646004551,5663.783545473372,26430.0,0.0,4162.810365103828,4162.810365103828,0.0,7551.216454526628,0.0,826
14,Los Rios,17,16,REDPE_mid,26430.0,14.16,97,32.0,1.0,1.0,8.0,0.01,True,,0.8609540717610361,5478.3560722397415,26430.0,0.0,4348.237838337459,4348.237838337459,0.0,7536.183682463075,0.0,826
14,Los Rios,17,16,REDPE_mid,26430.0,14.16,98,32.0,1.0,1.0,16.0,0.0,True,,0.2478774228972249,9826.593910577201,24320.0,2110.0,0.0,0.0,2110.0,2329.394484924508,4.011604498292003,760
14,Los Rios,17,16,REDPE_mid,26430.0,14.16,99,32.0,1.0,1.0,16.0,0.01,True,,0.10198045164706618,9826.593910577201,26368.0,62.0,0.0,0.0,62.0,2566.9894742760057,8.707725511906363,824
14,Los Rios,17,16,REDPE_mid,26430.0,14.16,100,32.0,1.0,1.0,32.0,0.0,True,,0.5110368159179494,9826.593910577201,19680.0,6750.0,0.0,0.0,6750.0,0.0,13.406089422800095,615
14,Los Rios,17,16,REDPE_mid,26430.0,14.16,101,32.0,1.0,1.0,32.0,0.01,True,,0.31749989128628403,9826.593910577201,22240.0,4190.0,0.0,0.0,4190.0,0.0,23.04425339297482,695
14,Los Rios,17,16,REDPE_mid,26430.0,14.16,102,32.0,1.0,1.0,64.0,0.0,True,,0.5089180115289974,9826.593910577201,19712.0,6718.0,0.0,0.0,6718.0,0.0,29.4060894228001,616
14,Los Rios,17,16,REDPE_mid,26430.0,14.16,103,32.0,1.0,1.0,64.0,0.01,True,,0.21345342100979262,9826.593910577201,23616.0,2814.0,0.0,0.0,2814.0,0.0,27.147834577638136,738
14,Los Rios,17,16,REDPE_mid,26430.0,14.16,104,32.0,1.0,2.0,8.0,0.0,True,,0.8369675646004551,5663.783545473372,26430.0,0.0,4162.810365103828,4162.810365103828,0.0,7551.216454526628,0.0,826
14,Los Rios,17,16,REDPE_mid,26430.0,14.16,105,32.0,1.0,2.0,8.0,0.01,True,,0.8609540717610361,5478.3560722397415,26430.0,0.0,4348.237838337459,4348.237838337459,0.0,7536.183682463075,0.0,826
14,Los Rios,17,16,REDPE_mid,26430.0,14.16,106,32.0,1.0,2.0,16.0,0.0,True,,0.2478774228972249,9826.593910577201,24320.0,2110.0,0.0,0.0,2110.0,2329.394484924508,4.011604498292003,760
14,Los Rios,17,16,REDPE_mid,26430.0,14.16,107,32.0,1.0,2.0,16.0,0.01,True,,0.10198045164706618,9826.593910577201,26368.0,62.0,0.0,0.0,62.0,2566.9894742760057,8.707725511906363,824
14,Los Rios,17,16,REDPE_mid,26430.0,14.16,108,32.0,1.0,2.0,32.0,0.0,True,,0.5110368159179494,9826.593910577201,19680.0,6750.0,0.0,0.0,6750.0,0.0,13.406089422800095,615
14,Los Rios,17,16,REDPE_mid,26430.0,14.16,109,32.0,1.0,2.0,32.0,0.01,True,,0.31749989128628403,9826.593910577201,22240.0,4190.0,0.0,0.0,4190.0,0.0,23.04425339297482,695
14,Los Rios,17,16,REDPE_mid,26430.0,14.16,110,32.0,1.0,2.0,64.0,0.0,True,,0.5089180115289974,9826.593910577201,19712.0,6718.0,0.0,0.0,6718.0,0.0,29.4060894228001,616
14,Los Rios,17,16,REDPE_mid,26430.0,14.16,111,32.0,1.0,2.0,64.0,0.01,True,,0.21345342100979262,9826.593910577201,23616.0,2814.0,0.0,0.0,2814.0,0.0,27.147834577638136,738
14,Los Rios,17,16,REDPE_mid,26430.0,14.16,112,32.0,1.0,4.0,8.0,0.0,True,,0.7829187713477455,5981.230124510954,26430.0,0.0,3845.363786066247,3845.363786066247,0.0,7233.769875489047,0.0,826
14,Los Rios,17,16,REDPE_mid,26430.0,14.16,113,32.0,1.0,4.0,8.0,0.01,True,,0.8135987696189442,5755.843641683936,26430.0,0.0,4070.750268893265,4070.750268893265,0.0,7255.789539902265,0.0,826
14,Los Rios,17,16,REDPE_mid,26430.0,14.16,114,32.0,1.0,4.0,16.0,0.0,True,,0.2478774228972249,9826.593910577201,24320.0,2110.0,0.0,0.0,2110.0,2329.394484924508,4.011604498292003,760
14,Los Rios,17,16,REDPE_mid,26430.0,14.16,115,32.0,1.0,4.0,16.0,0.01,True,,0.10198045164706618,9826.593910577201,26368.0,62.0,0.0,0.0,62.0,2566.9894742760057,8.707725511906363,824
14,Los Rios,17,16,REDPE_mid,26430.0,14.16,116,32.0,1.0,4.0,32.0,0.0,True,,0.5110368159179494,9826.593910577201,19680.0,6750.0,0.0,0.0,6750.0,0.0,13.406089422800095,615
14,Los Rios,17,16,REDPE_mid,26430.0,14.16,117,32.0,1.0,4.0,32.0,0.01,True,,0.31749989128628403,9826.593910577201,22240.0,4190.0,0.0,0.0,4190.0,0.0,23.04425339297482,695
14,Los Rios,17,16,REDPE_mid,26430.0,14.16,118,32.0,1.0,4.0,64.0,0.0,True,,0.5089180115289974,9826.593910577201,19712.0,6718.0,0.0,0.0,6718.0,0.0,29.4060894228001,616
14,Los Rios,17,16,REDPE_mid,26430.0,14.16,119,32.0,1.0,4.0,64.0,0.01,True,,0.21345342100979262,9826.593910577201,23616.0,2814.0,0.0,0.0,2814.0,0.0,27.147834577638136,738
14,Los Rios,17,16,REDPE_mid,26430.0,14.16,120,32.0,2.0,1.0,8.0,0.0,True,,0.5788772597821251,7179.63393577303,26430.0,0.0,2646.9599748041696,2646.9599748041696,0.0,6035.36606422697,0.0,826
14,Los Rios,17,16,REDPE_mid,26430.0,14.16,121,32.0,2.0,1.0,8.0,0.01,True,,0.6081354366200169,6950.775110425552,26430.0,0.0,2875.818800151648,2875.818800151648,0.0,6007.6537893362765,0.0,826
14,Los Rios,17,16,REDPE_mid,26430.0,14.16,122,32.0,2.0,1.0,16.0,0.0,True,,0.4039273701556546,9826.593910577201,21568.0,4862.0,0.0,0.0,4862.0,946.1946970051051,11.211392417694936,674
14,Los Rios,17,16,REDPE_mid,26430.0,14.16,123,32.0,2.0,1.0,16.0,0.01,True,,0.2740643458357672,9826.593910577201,23328.0,3102.0,0.0,0.0,3102.0,1036.5361359050985,5.969049068456917,729
14,Los Rios,17,16,REDPE_mid,26430.0,14.16,124,32.0,2.0,1.0,32.0,0.0,True,,0.5110368159179494,9826.593910577201,19680.0,6750.0,0.0,0.0,6750.0,0.0,13.40608942280006,615
14,Los Rios,17,16,REDPE_mid,26430.0,14.16,125,32.0,2.0,1.0,32.0,0.01,True,,0.3268900673589101,9826.593910577201,22112.0,4318.0,0.0,0.0,4318.0,0.0,7.40896059198746,691
14,Los Rios,17,16,REDPE_mid,26430.0,14.16,126,32.0,2.0,1.0,64.0,0.0,True,,0.5089180115289974,9826.593910577201,19712.0,6718.0,0.0,0.0,6718.0,0.0,29.4060894228001,616
14,Los Rios,17,16,REDPE_mid,26430.0,14.16,127,32.0,2.0,1.0,64.0,0.01,True,,0.22184693385871976,9826.593910577201,23504.0,2926.0,0.0,0.0,2926.0,0.0,22.828923771926338,735
14,Los Rios,17,16,REDPE_mid,26430.0,14.16,128,32.0,2.0,2.0,8.0,0.0,True,,0.5788772597821251,7179.63393577303,26430.0,0.0,2646.9599748041696,2646.9599748041696,0.0,6035.36606422697,0.0,826
14,Los Rios,17,16,REDPE_mid,26430.0,14.16,129,32.0,2.0,2.0,8.0,0.01,True,,0.6081354366200169,6950.775110425552,26430.0,0.0,2875.818800151648,2875.818800151648,0.0,6007.6537893362765,0.0,826
14,Los Rios,17,16,REDPE_mid,26430.0,14.16,130,32.0,2.0,2.0,16.0,0.0,True,,0.4039273701556546,9826.593910577201,21568.0,4862.0,0.0,0.0,4862.0,946.1946970051051,11.211392417694936,674
14,Los Rios,17,16,REDPE_mid,26430.0,14.16,131,32.0,2.0,2.0,16.0,0.01,True,,0.2740643458357672,9826.593910577201,23328.0,3102.0,0.0,0.0,3102.0,1036.5361359050985,5.969049068456917,729
14,Los Rios,17,16,REDPE_mid,26430.0,14.16,132,32.0,2.0,2.0,32.0,0.0,True,,0.5110368159179494,9826.593910577201,19680.0,6750.0,0.0,0.0,6750.0,0.0,13.40608942280006,615
14,Los Rios,17,16,REDPE_mid,26430.0,14.16,133,32.0,2.0,2.0,32.0,0.01,True,,0.3268900673589101,9826.593910577201,22112.0,4318.0,0.0,0.0,4318.0,0.0,7.40896059198746,691
14,Los Rios,17,16,REDPE_mid,26430.0,14.16,134,32.0,2.0,2.0,64.0,0.0,True,,0.5089180115289974,9826.593910577201,19712.0,6718.0,0.0,0.0,6718.0,0.0,29.4060894228001,616
14,Los Rios,17,16,REDPE_mid,26430.0,14.16,135,32.0,2.0,2.0,64.0,0.01,True,,0.22184693385871976,9826.593910577201,23504.0,2926.0,0.0,0.0,2926.0,0.0,22.828923771926338,735
14,Los Rios,17,16,REDPE_mid,26430.0,14.16,136,32.0,2.0,4.0,8.0,0.0,True,,0.5751951303109422,7201.260309533778,26430.0,0.0,2625.3336010434214,2625.3336010434214,0.0,6013.739690466221,0.0,826
14,Los Rios,17,16,REDPE_mid,26430.0,14.16,137,32.0,2.0,4.0,8.0,0.01,True,,0.6057972579095084,6964.29696787147,26430.0,0.0,2862.29694270573,2862.29694270573,0.0,5993.182227078251,0.0,826
14,Los Rios,17,16,REDPE_mid,26430.0,14.16,138,32.0,2.0,4.0,16.0,0.0,True,,0.4039273701556546,9826.593910577201,21568.0,4862.0,0.0,0.0,4862.0,946.1946970051051,11.211392417694936,674
14,Los Rios,17,16,REDPE_mid,26430.0,14.16,139,32.0,2.0,4.0,16.0,0.01,True,,0.2740643458357672,9826.593910577201,23328.0,3102.0,0.0,0.0,3102.0,1036.5361359050985,5.969049068456917,729
14,Los Rios,17,16,REDPE_mid,26430.0,14.16,140,32.0,2.0,4.0,32.0,0.0,True,,0.5110368159179494,9826.593910577201,19680.0,6750.0,0.0,0.0,6750.0,0.0,13.40608942280006,615
14,Los Rios,17,16,REDPE_mid,26430.0,14.16,141,32.0,2.0,4.0,32.0,0.01,True,,0.3268900673589101,9826.593910577201,22112.0,4318.0,0.0,0.0,4318.0,0.0,7.40896059198746,691
14,Los Rios,17,16,REDPE_mid,26430.0,14.16,142,32.0,2.0,4.0,64.0,0.0,True,,0.5089180115289974,9826.593910577201,19712.0,6718.0,0.0,0.0,6718.0,0.0,29.4060894228001,616
14,Los Rios,17,16,REDPE_mid,26430.0,14.16,143,32.0,2.0,4.0,64.0,0.01,True,,0.22184693385871976,9826.593910577201,23504.0,2926.0,0.0,0.0,2926.0,0.0,22.828923771926338,735
15,Arica y Parinacota,5,5,MVP_coverage_mid,13740.178421906141,,0,8.0,1.0,1.0,8.0,0.0,True,,0.3315401551733012,6870.0892109530705,13740.178421906141,0.0,3410.4060176154267,2290.0297369843574,0.0,0.0,0.0,1718
15,Arica y Parinacota,5,5,MVP_coverage_mid,13740.178421906141,,1,8.0,1.0,1.0,8.0,0.01,True,,0.3689744416327047,6696.654775170537,13740.178421906141,0.0,3491.173703208041,2463.464172766891,0.0,0.0,0.0,1718
15,Arica y Parinacota,5,5,MVP_coverage_mid,13740.178421906141,,2,8.0,1.0,1.0,16.0,0.0,True,,0.333317226736261,6870.0892109530705,13740.178421906141,0.0,3434.8232979589898,2290.0297369843574,0.0,0.0,0.0,1718
15,Arica y Parinacota,5,5,MVP_coverage_mid,13740.178421906141,,3,8.0,1.0,1.0,16.0,0.01,True,,0.39584589099810386,6583.750476231664,13740.178421906141,0.0,3578.13146459666,2576.3684717057636,0.0,0.0,0.0,1718
15,Arica y Parinacota,5,5,MVP_coverage_mid,13740.178421906141,,4,8.0,1.0,1.0,32.0,0.0,True,,0.333317226736261,6870.0892109530705,13740.178421906141,0.0,3434.8232979589898,2290.0297369843574,0.0,0.0,0.0,1718
15,Arica y Parinacota,5,5,MVP_coverage_mid,13740.178421906141,,5,8.0,1.0,1.0,32.0,0.01,True,,0.44264575797624484,6369.200900844563,13740.178421906141,0.0,3684.7960485300387,2790.918047092865,0.0,0.0,0.0,1718
15,Arica y Parinacota,5,5,MVP_coverage_mid,13740.178421906141,,6,8.0,1.0,1.0,64.0,0.0,True,,0.333317226736261,6870.0892109530705,13740.178421906141,0.0,3434.8232979589898,2290.0297369843574,0.0,0.0,0.0,1718
15,Arica y Parinacota,5,5,MVP_coverage_mid,13740.178421906141,,7,8.0,1.0,1.0,64.0,0.01,True,,0.5277549122965846,5979.580790416148,13740.178421906141,0.0,3880.160738158013,3180.53815752128,0.0,0.0,0.0,1718
15,Arica y Parinacota,5,5,MVP_coverage_mid,13740.178421906141,,8,8.0,1.0,2.0,8.0,0.0,True,,0.32366714893299253,6870.089210953071,13740.178421906141,0.0,3302.2295071568064,2290.0297369843574,0.0,0.0,0.0,1718
15,Arica y Parinacota,5,5,MVP_coverage_mid,13740.178421906141,,9,8.0,1.0,2.0,8.0,0.01,True,,0.3616976248008018,6695.059108828149,13740.178421906141,0.0,3387.199775738196,2465.0598391092794,0.0,0.0,0.0,1718
15,Arica y Parinacota,5,5,MVP_coverage_mid,13740.178421906141,,10,8.0,1.0,2.0,16.0,0.0,True,,0.3313522891347555,6870.0892109530705,13740.178421906141,0.0,3407.8247047263917,2290.0297369843574,0.0,0.0,0.0,1718
15,Arica y Parinacota,5,5,MVP_coverage_mid,13740.178421906141,,11,8.0,1.0,2.0,16.0,0.01,True,,0.39098194095610217,6595.158613202052,13740.178421906141,0.0,3539.82026561029,2564.960334735376,0.0,0.0,0.0,1718
15,Arica y Parinacota,5,5,MVP_coverage_mid,13740.178421906141,,12,8.0,1.0,2.0,32.0,0.0,True,,0.33287777829166776,6870.0892109530705,13740.178421906141,0.0,3428.7851979230495,2290.0297369843574,0.0,0.0,0.0,1718
15,Arica y Parinacota,5,5,MVP_coverage_mid,13740.178421906141,,13,8.0,1.0,2.0,32.0,0.01,True,,0.4384659668369096,6387.184236153093,13740.178421906141,0.0,3672.323310780594,2772.9347117843345,0.0,0.0,0.0,1718
15,Arica y Parinacota,5,5,MVP_coverage_mid,13740.178421906141,,14,8.0,1.0,2.0,64.0,0.0,True,,0.3332453426020238,6870.0892109530705,13740.178421906141,0.0,3433.835597128866,2290.0297369843574,0.0,0.0,0.0,1718
15,Arica y Parinacota,5,5,MVP_coverage_mid,13740.178421906141,,15,8.0,1.0,2.0,64.0,0.01,True,,0.5229142792581968,6001.51944849246,13740.178421906141,0.0,3868.49622172637,3158.5994994449675,0.0,0.0,0.0,1718
15,Arica y Parinacota,5,5,MVP_coverage_mid,13740.178421906141,,16,8.0,1.0,4.0,8.0,0.0,True,,0.5328887007462264,6424.005449564479,12856.0,884.178421906141,3291.4074362771985,2736.1134983729485,884.178421906141,0.0,3.994550435520938,1607
15,Arica y Parinacota,5,5,MVP_coverage_mid,13740.178421906141,,17,8.0,1.0,4.0,8.0,0.01,True,,0.5091898549997597,6364.728647874545,13104.0,636.178421906141,3313.9876830622925,2795.3903000628834,636.178421906141,0.0,3.197310516286584,1638
15,Arica y Parinacota,5,5,MVP_coverage_mid,13740.178421906141,,18,8.0,1.0,4.0,16.0,0.0,True,,0.3123432298068683,6870.0892109530705,13740.178421906141,0.0,3146.6368379286223,2290.0297369843574,0.0,0.0,0.0,1718
15,Arica y Parinacota,5,5,MVP_coverage_mid,13740.178421906141,,19,8.0,1.0,4.0,16.0,0.01,True,,0.36634808774969724,6620.770978853834,13740.178421906141,0.0,3265.3776414646964,2539.3479690835934,0.0,0.0,0.0,1718
15,Arica y Parinacota,5,5,MVP_coverage_mid,13740.178421906141,,20,8.0,1.0,4.0,32.0,0.0,True,,0.3194253200438083,6870.0892109530705,13740.178421906141,0.0,3243.946021384217,2290.0297369843574,0.0,0.0,0.0,1718
15,Arica y Parinacota,5,5,MVP_coverage_mid,13740.178421906141,,21,8.0,1.0,4.0,32.0,0.01,True,,0.38084014752153605,6575.750688605323,13740.178421906141,0.0,3351.950402809413,2584.368259332104,0.0,0.0,0.0,1718
15,Arica y Parinacota,5,5,MVP_coverage_mid,13740.178421906141,,22,8.0,1.0,4.0,64.0,0.0,True,,0.32056436525550697,6870.0892109530705,13740.178421906141,0.0,3259.596705823575,2290.0297369843574,0.0,0.0,0.0,1718
15,Arica y Parinacota,5,5,MVP_coverage_mid,13740.178421906141,,23,8.0,1.0,4.0,64.0,0.01,True,,0.3836721349361827,6562.064373104473,13740.178421906141,0.0,3356.6466264231235,2598.054574832955,0.0,0.0,0.0,1718
15,Arica y Parinacota,5,5,MVP_coverage_mid,13740.178421906141,,24,8.0,2.0,1.0,8.0,0.0,True,,0.3147752589108537,6870.0892109530705,13740.178421906141,0.0,3180.0533517446497,2290.0297369843574,0.0,0.0,0.0,1718
15,Arica y Parinacota,5,5,MVP_coverage_mid,13740.178421906141,,25,8.0,2.0,1.0,8.0,0.01,True,,0.34502048545863895,6729.319804550372,13740.178421906141,0.0,3243.7046449154464,2430.7991433870557,0.0,0.0,0.0,1718
15,Arica y Parinacota,5,5,MVP_coverage_mid,13740.178421906141,,26,8.0,2.0,1.0,16.0,0.0,True,,0.3292156750705329,6870.0892109530705,13740.178421906141,0.0,3378.4672462652193,2290.0297369843574,0.0,0.0,0.0,1718
15,Arica y Parinacota,5,5,MVP_coverage_mid,13740.178421906141,,27,8.0,2.0,1.0,16.0,0.01,True,,0.38200259650399454,6625.528568917091,13740.178421906141,0.0,3492.367360014175,2534.5903790203374,0.0,0.0,0.0,1718
15,Arica y Parinacota,5,5,MVP_coverage_mid,13740.178421906141,,28,8.0,2.0,1.0,32.0,0.0,True,,0.3325782400501286,6870.0892109530705,13740.178421906141,0.0,3424.6694890401172,2290.0297369843574,0.0,0.0,0.0,1718
15,Arica y Parinacota,5,5,MVP_coverage_mid,13740.178421906141,,29,8.0,2.0,1.0,32.0,0.01,True,,0.43169503100197976,6416.311617266858,13740.178421906141,0.0,3652.1078971097922,2743.8073306705696,0.0,0.0,0.0,1718
15,Arica y Parinacota,5,5,MVP_coverage_mid,13740.178421906141,,30,8.0,2.0,1.0,64.0,0.0,True,,0.3332223558996588,6870.0892109530705,13740.178421906141,0.0,3433.5197557370398,2290.0297369843574,0.0,0.0,0.0,1718
15,Arica y Parinacota,5,5,MVP_coverage_mid,13740.178421906141,,31,8.0,2.0,1.0,64.0,0.01,True,,0.5158978725507719,6033.492002862735,13740.178421906141,0.0,3852.02092761138,3126.6269450746927,0.0,0.0,0.0,1718
15,Arica y Parinacota,5,5,MVP_coverage_mid,13740.178421906141,,32,8.0,2.0,2.0,8.0,0.0,True,,0.3147752589108537,6870.0892109530705,13740.178421906141,0.0,3180.0533517446497,2290.0297369843574,0.0,0.0,0.0,1718
15,Arica y Parinacota,5,5,MVP_coverage_mid,13740.178421906141,,33,8.0,2.0,2.0,8.0,0.01,True,,0.34502048545863895,6729.319804550372,13740.178421906141,0.0,3243.7046449154464,2430.7991433870557,0.0,0.0,0.0,1718
15,Arica y Parinacota,5,5,MVP_coverage_mid,13740.178421906141,,34,8.0,2.0,2.0,16.0,0.0,True,,0.3292156750705329,6870.0892109530705,13740.178421906141,0.0,3378.4672462652193,2290.0297369843574,0.0,0.0,0.0,1718
15,Arica y Parinacota,5,5,MVP_coverage_mid,13740.178421906141,,35,8.0,2.0,2.0,16.0,0.01,True,,0.38200259650399454,6625.528568917091,13740.178421906141,0.0,3492.367360014175,2534.5903790203374,0.0,0.0,0.0,1718
15,Arica y Parinacota,5,5,MVP_coverage_mid,13740.178421906141,,36,8.0,2.0,2.0,32.0,0.0,True,,0.3325782400501286,6870.0892109530705,13740.178421906141,0.0,3424.6694890401172,2290.0297369843574,0.0,0.0,0.0,1718
15,Arica y Parinacota,5,5,MVP_coverage_mid,13740.178421906141,,37,8.0,2.0,2.0,32.0,0.01,True,,0.43169503100197976,6416.311617266858,13740.178421906141,0.0,3652.1078971097922,2743.8073306705696,0.0,0.0,0.0,1718
15,Arica y Parinacota,5,5,MVP_coverage_mid,13740.178421906141,,38,8.0,2.0,2.0,64.0,0.0,True,,0.3332223558996588,6870.0892109530705,13740.178421906141,0.0,3433.5197557370398,2290.0297369843574,0.0,0.0,0.0,1718
15,Arica y Parinacota,5,5,MVP_coverage_mid,13740.178421906141,,39,8.0,2.0,2.0,64.0,0.01,True,,0.5158978725507719,6033.492002862735,13740.178421906141,0.0,3852.02092761138,3126.6269450746927,0.0,0.0,0.0,1718
15,Arica y Parinacota,5,5,MVP_coverage_mid,13740.178421906141,,40,8.0,2.0,4.0,8.0,0.0,True,,0.5257531313131419,6420.005449564479,12844.0,896.178421906141,3160.363439124717,2740.1134983729485,896.178421906141,0.0,1.9945504355209376,1606
15,Arica y Parinacota,5,5,MVP_coverage_mid,13740.178421906141,,41,8.0,2.0,4.0,8.0,0.01,True,,0.494459950665717,6391.683300525111,13096.0,644.178421906141,3162.964025829308,2768.435647412317,644.178421906141,0.0,3.234860860381441,1637
15,Arica y Parinacota,5,5,MVP_coverage_mid,13740.178421906141,,42,8.0,2.0,4.0,16.0,0.0,True,,0.3028877474987601,6870.0892109530705,13740.178421906141,0.0,3016.716823950038,2290.0297369843574,0.0,0.0,0.0,1718
15,Arica y Parinacota,5,5,MVP_coverage_mid,13740.178421906141,,43,8.0,2.0,4.0,16.0,0.01,True,,0.3508027321373479,6652.60572512581,13740.178421906141,0.0,3131.368547398976,2507.5132228116186,0.0,0.0,0.0,1718
15,Arica y Parinacota,5,5,MVP_coverage_mid,13740.178421906141,,44,8.0,2.0,4.0,32.0,0.0,True,,0.31264362562611386,6870.0892109530705,13740.178421906141,0.0,3150.7643300822506,2290.0297369843574,0.0,0.0,0.0,1718
15,Arica y Parinacota,5,5,MVP_coverage_mid,13740.178421906141,,45,8.0,2.0,4.0,32.0,0.01,True,,0.36656604534893467,6604.521081769812,13740.178421906141,0.0,3227.7476750565725,2555.597866167616,0.0,0.0,0.0,1718
15,Arica y Parinacota,5,5,MVP_coverage_mid,13740.178421906141,,46,8.0,2.0,4.0,64.0,0.0,True,,0.3132321769778187,6870.0892109530705,13740.178421906141,0.0,3158.8511306651294,2290.0297369843574,0.0,0.0,0.0,1718
15,Arica y Parinacota,5,5,MVP_coverage_mid,13740.178421906141,,47,8.0,2.0,4.0,64.0,0.01,True,,0.36921188689614665,6590.351369213388,13740.178421906141,0.0,3228.6777286002994,2569.7675787240396,0.0,0.0,0.0,1718
15,Arica y Parinacota,5,5,MVP_coverage_mid,13740.178421906141,,48,16.0,1.0,1.0,8.0,0.0,True,,0.6249754559396786,5866.038081589526,13740.178421906141,0.0,3928.080452658738,3294.0808663479015,0.0,1004.0511293635443,0.0,859
15,Arica y Parinacota,5,5,MVP_coverage_mid,13740.178421906141,,49,16.0,1.0,1.0,8.0,0.01,True,,0.6745028355035704,5643.5110897212035,13740.178421906141,0.0,4038.0072093450735,3516.6078582162245,0.0,1018.3219249837435,0.0,859
15,Arica y Parinacota,5,5,MVP_coverage_mid,13740.178421906141,,50,16.0,1.0,1.0,16.0,0.0,True,,0.333317226736261,6870.0892109530705,13740.178421906141,0.0,3434.8232979589898,2290.0297369843574,0.0,0.0,0.0,859
15,Arica y Parinacota,5,5,MVP_coverage_mid,13740.178421906141,,51,16.0,1.0,1.0,16.0,0.01,True,,0.41891090272754505,6478.074551714579,13740.178421906141,0.0,3630.859029769828,2682.0443962228487,0.0,0.0,0.0,859
15,Arica y Parinacota,5,5,MVP_coverage_mid,13740.178421906141,,52,16.0,1.0,1.0,32.0,0.0,True,,0.333317226736261,6870.0892109530705,13740.178421906141,0.0,3434.8232979589898,2290.0297369843574,0.0,0.0,0.0,859
15,Arica y Parinacota,5,5,MVP_coverage_mid,13740.178421906141,,53,16.0,1.0,1.0,32.0,0.01,True,,0.46413085597238224,6270.887580959662,13740.178421906141,0.0,3734.2218286968523,2889.231366977766,0.0,0.0,0.0,859
15,Arica y Parinacota,5,5,MVP_coverage_mid,13740.178421906141,,54,16.0,1.0,1.0,64.0,0.0,True,,0.333317226736261,6870.0892109530705,13740.178421906141,0.0,3434.8232979589898,2290.0297369843574,0.0,0.0,0.0,859
15,Arica y Parinacota,5,5,MVP_coverage_mid,13740.178421906141,,55,16.0,1.0,1.0,64.0,0.01,True,,0.547555804204442,5888.710340192582,13740.178421906141,0.0,3925.0524003259375,3271.408607744845,0.0,0.0,0.0,859
15,Arica y Parinacota,5,5,MVP_coverage_mid,13740.178421906141,,56,16.0,1.0,2.0,8.0,0.0,True,,0.6249754559396786,5866.038081589526,13740.178421906141,0.0,3928.080452658738,3294.0808663479015,0.0,1004.0511293635443,0.0,859
15,Arica y Parinacota,5,5,MVP_coverage_mid,13740.178421906141,,57,16.0,1.0,2.0,8.0,0.01,True,,0.6745028355035704,5643.5110897212035,13740.178421906141,0.0,4038.0072093450735,3516.6078582162245,0.0,1018.3219249837435,0.0,859
15,Arica y Parinacota,5,5,MVP_coverage_mid,13740.178421906141,,58,16.0,1.0,2.0,16.0,0.0,True,,0.333317226736261,6870.0892109530705,13740.178421906141,0.0,3434.8232979589898,2290.0297369843574,0.0,0.0,0.0,859
15,Arica y Parinacota,5,5,MVP_coverage_mid,13740.178421906141,,59,16.0,1.0,2.0,16.0,0.01,True,,0.41891090272754505,6478.074551714579,13740.178421906141,0.0,3630.859029769828,2682.0443962228487,0.0,0.0,0.0,859
15,Arica y Parinacota,5,5,MVP_coverage_mid,13740.178421906141,,60,16.0,1.0,2.0,32.0,0.0,True,,0.333317226736261,6870.0892109530705,13740.178421906141,0.0,3434.8232979589898,2290.0297369843574,0.0,0.0,0.0,859
15,Arica y Parinacota,5,5,MVP_coverage_mid,13740.178421906141,,61,16.0,1.0,2.0,32.0,0.01,True,,0.46413085597238224,6270.887580959662,13740.178421906141,0.0,3734.2218286968523,2889.231366977766,0.0,0.0,0.0,859
15,Arica y Parinacota,5,5,MVP_coverage_mid,13740.178421906141,,62,16.0,1.0,2.0,64.0,0.0,True,,0.333317226736261,6870.0892109530705,13740.178421906141,0.0,3434.8232979589898,2290.0297369843574,0.0,0.0,0.0,859
15,Arica y Parinacota,5,5,MVP_coverage_mid,13740.178421906141,,63,16.0,1.0,2.0,64.0,0.01,True,,0.5475558042044419,5888.710340192583,13740.178421906141,0.0,3925.0524003259375,3271.408607744845,0.0,0.0,0.0,859
15,Arica y Parinacota,5,5,MVP_coverage_mid,13740.178421906141,,64,16.0,1.0,4.0,8.0,0.0,True,,0.5335880168867863,6155.360791060752,13740.178421906141,0.0,3685.0302177002127,3004.758156876677,0.0,714.7284198923195,0.0,859
15,Arica y Parinacota,5,5,MVP_coverage_mid,13740.178421906141,,65,16.0,1.0,4.0,8.0,0.01,True,,0.5848062897116411,5923.738050222226,13740.178421906141,0.0,3802.44255906403,3236.380897715202,0.0,722.0074335075601,0.0,859
15,Arica y Parinacota,5,5,MVP_coverage_mid,13740.178421906141,,66,16.0,1.0,4.0,16.0,0.0,True,,0.33228293172023593,6870.0892109530705,13740.178421906141,0.0,3420.611899897917,2290.0297369843574,0.0,0.0,0.0,859
15,Arica y Parinacota,5,5,MVP_coverage_mid,13740.178421906141,,67,16.0,1.0,4.0,16.0,0.01,True,,0.4155689069421651,6488.166947830316,13740.178421906141,0.0,3610.17040168279,2671.9520001071132,0.0,0.0,0.0,859
15,Arica y Parinacota,5,5,MVP_coverage_mid,13740.178421906141,,68,16.0,1.0,4.0,32.0,0.0,True,,0.33307490663557615,6870.0892109530705,13740.178421906141,0.0,3431.493776540365,2290.0297369843574,0.0,0.0,0.0,859
15,Arica y Parinacota,5,5,MVP_coverage_mid,13740.178421906141,,69,16.0,1.0,4.0,32.0,0.01,True,,0.4609963799778347,6284.319865808102,13740.178421906141,0.0,3724.7342813936866,2875.7990821293256,0.0,0.0,0.0,859
15,Arica y Parinacota,5,5,MVP_coverage_mid,13740.178421906141,,70,16.0,1.0,4.0,64.0,0.0,True,,0.3332453426020238,6870.0892109530705,13740.178421906141,0.0,3433.835597128866,2290.0297369843574,0.0,0.0,0.0,859
15,Arica y Parinacota,5,5,MVP_coverage_mid,13740.178421906141,,71,16.0,1.0,4.0,64.0,0.01,True,,0.5428681553539989,5910.109013475742,13740.178421906141,0.0,3914.1399519495058,3250.009934461685,0.0,0.0,0.0,859
15,Arica y Parinacota,5,5,MVP_coverage_mid,13740.178421906141,,72,16.0,2.0,1.0,8.0,0.0,True,,0.3864158013861318,6684.418019349208,13740.178421906141,0.0,3514.5580169836007,2475.700928588219,0.0,185.67119160386153,0.0,859
15,Arica y Parinacota,5,5,MVP_coverage_mid,13740.178421906141,,73,16.0,2.0,1.0,8.0,0.01,True,,0.4338469216367132,6462.593613812933,13740.178421906141,0.0,3622.6998814052054,2697.525334124495,0.0,174.68036833544048,0.0,859
15,Arica y Parinacota,5,5,MVP_coverage_mid,13740.178421906141,,74,16.0,2.0,1.0,16.0,0.0,True,,0.333317226736261,6870.0892109530705,13740.178421906141,0.0,3434.8232979589898,2290.0297369843574,0.0,0.0,0.0,859
15,Arica y Parinacota,5,5,MVP_coverage_mid,13740.178421906141,,75,16.0,2.0,1.0,16.0,0.01,True,,0.41160388969488315,6511.393926828901,13740.178421906141,0.0,3613.757804755666,2648.7250211085266,0.0,0.0,0.0,859
15,Arica y Parinacota,5,5,MVP_coverage_mid,13740.178421906141,,76,16.0,2.0,1.0,32.0,0.0,True,,0.333317226736261,6870.0892109530705,13740.178421906141,0.0,3434.8232979589898,2290.0297369843574,0.0,0.0,0.0,859
15,Arica y Parinacota,5,5,MVP_coverage_mid,13740.178421906141,,77,16.0,2.0,1.0,32.0,0.01,True,,0.45784454218126847,6299.49203047133,13740.178421906141,0.0,3719.3578793700276,2860.6269174660983,0.0,0.0,0.0,859
15,Arica y Parinacota,5,5,MVP_coverage_mid,13740.178421906141,,78,16.0,2.0,1.0,64.0,0.0,True,,0.333317226736261,6870.0892109530705,13740.178421906141,0.0,3434.8232979589898,2290.0297369843574,0.0,0.0,0.0,859
15,Arica y Parinacota,5,5,MVP_coverage_mid,13740.178421906141,,79,16.0,2.0,1.0,64.0,0.01,True,,0.5407054265608832,5920.103112404216,13740.178421906141,0.0,3909.408919775084,3240.015835533213,0.0,0.0,0.0,859
15,Arica y Parinacota,5,5,MVP_coverage_mid,13740.178421906141,,80,16.0,2.0,2.0,8.0,0.0,True,,0.3864158013861318,6684.418019349208,13740.178421906141,0.0,3514.5580169836007,2475.700928588219,0.0,185.67119160386153,0.0,859
15,Arica y Parinacota,5,5,MVP_coverage_mid,13740.178421906141,,81,16.0,2.0,2.0,8.0,0.01,True,,0.4338469216367132,6462.593613812933,13740.178421906141,0.0,3622.6998814052054,2697.525334124495,0.0,174.68036833544048,0.0,859
15,Arica y Parinacota,5,5,MVP_coverage_mid,13740.178421906141,,82,16.0,2.0,2.0,16.0,0.0,True,,0.333317226736261,6870.0892109530705,13740.178421906141,0.0,3434.8232979589898,2290.0297369843574,0.0,0.0,0.0,859
15,Arica y Parinacota,5,5,MVP_coverage_mid,13740.178421906141,,83,16.0,2.0,2.0,16.0,0.01,True,,0.41160388969488315,6511.393926828901,13740.178421906141,0.0,3613.757804755666,2648.7250211085266,0.0,0.0,0.0,859
15,Arica y Parinacota,5,5,MVP_coverage_mid,13740.178421906141,,84,16.0,2.0,2.0,32.0,0.0,True,,0.333317226736261,6870.0892109530705,13740.178421906141,0.0,3434.8232979589898,2290.0297369843574,0.0,0.0,0.0,859
15,Arica y Parinacota,5,5,MVP_coverage_mid,13740.178421906141,,85,16.0,2.0,2.0,32.0,0.01,True,,0.45784454218126847,6299.49203047133,13740.178421906141,0.0,3719.3578793700276,2860.6269174660983,0.0,0.0,0.0,859
15,Arica y Parinacota,5,5,MVP_coverage_mid,13740.178421906141,,86,16.0,2.0,2.0,64.0,0.0,True,,0.333317226736261,6870.0892109530705,13740.178421906141,0.0,3434.8232979589898,2290.0297369843574,0.0,0.0,0.0,859
15,Arica y Parinacota,5,5,MVP_coverage_mid,13740.178421906141,,87,16.0,2.0,2.0,64.0,0.01,True,,0.5407054265608832,5920.103112404216,13740.178421906141,0.0,3909.408919775084,3240.015835533213,0.0,0.0,0.0,859
15,Arica y Parinacota,5,5,MVP_coverage_mid,13740.178421906141,,88,16.0,2.0,4.0,8.0,0.0,True,,0.38415337252557713,6681.931746620843,13740.178421906141,0.0,3474.769886223431,2478.187201316584,0.0,188.1574643322265,0.0,859
15,Arica y Parinacota,5,5,MVP_coverage_mid,13740.178421906141,,89,16.0,2.0,4.0,8.0,0.01,True,,0.42555686343800936,6478.4460650293295,13740.178421906141,0.0,3566.05462926917,2681.672882908099,0.0,157.04986973429115,0.0,859
15,Arica y Parinacota,5,5,MVP_coverage_mid,13740.178421906141,,90,16.0,2.0,4.0,16.0,0.0,True,,0.33228293172023593,6870.0892109530705,13740.178421906141,0.0,3420.611899897917,2290.0297369843574,0.0,0.0,0.0,859
15,Arica y Parinacota,5,5,MVP_coverage_mid,13740.178421906141,,91,16.0,2.0,4.0,16.0,0.01,True,,0.40918489096187577,6518.339672898358,13740.178421906141,0.0,3597.884695735421,2641.7792750390704,0.0,0.0,0.0,859
15,Arica y Parinacota,5,5,MVP_coverage_mid,13740.178421906141,,92,16.0,2.0,4.0,32.0,0.0,True,,0.33307490663557615,6870.0892109530705,13740.178421906141,0.0,3431.493776540365,2290.0297369843574,0.0,0.0,0.0,859
15,Arica y Parinacota,5,5,MVP_coverage_mid,13740.178421906141,,93,16.0,2.0,4.0,32.0,0.01,True,,0.45367182558753727,6317.242075010719,13740.178421906141,0.0,3706.399120216588,2842.876872926708,0.0,0.0,0.0,859
15,Arica y Parinacota,5,5,MVP_coverage_mid,13740.178421906141,,94,16.0,2.0,4.0,64.0,0.0,True,,0.3332453426020238,6870.0892109530705,13740.178421906141,0.0,3433.835597128866,2290.0297369843574,0.0,0.0,0.0,859
15,Arica y Parinacota,5,5,MVP_coverage_mid,13740.178421906141,,95,16.0,2.0,4.0,64.0,0.01,True,,0.535894742852648,5941.962669257164,13740.178421906141,0.0,3897.958159424948,3218.1562786802638,0.0,0.0,0.0,859
15,Arica y Parinacota,5,5,MVP_coverage_mid,13740.178421906141,,96,32.0,1.0,1.0,8.0,0.0,True,,1.4825112809169396,2921.8668986082175,13740.178421906141,0.0,5406.176550588202,6238.25204932921,0.0,3948.222312344853,0.0,430
15,Arica y Parinacota,5,5,MVP_coverage_mid,13740.178421906141,,97,32.0,1.0,1.0,8.0,0.01,True,,1.5070783955232039,2811.997345433635,13740.178421906141,0.0,5460.589390824358,6348.121602503793,0.0,3956.6921271737265,0.0,430
15,Arica y Parinacota,5,5,MVP_coverage_mid,13740.178421906141,,98,32.0,1.0,1.0,16.0,0.0,True,,0.7289759411093547,5510.936546766247,13740.178421906141,0.0,4114.2103029734135,3649.182401171181,0.0,1359.1526641868236,0.0,430
15,Arica y Parinacota,5,5,MVP_coverage_mid,13740.178421906141,,99,32.0,1.0,1.0,16.0,0.01,True,,0.8180029499997314,5100.730946855341,13740.178421906141,0.0,4319.3035607410175,4059.388001082087,0.0,1351.7923931643556,0.0,430
15,Arica y Parinacota,5,5,MVP_coverage_mid,13740.178421906141,,100,32.0,1.0,1.0,32.0,0.0,True,,0.333317226736261,6870.0892109530705,13740.178421906141,0.0,3434.8232979589898,2290.0297369843574,0.0,0.0,0.0,430
15,Arica y Parinacota,5,5,MVP_coverage_mid,13740.178421906141,,101,32.0,1.0,1.0,32.0,0.01,True,,0.5053212260217121,6082.233532800981,13740.178421906141,0.0,3828.549742042282,3077.885415136446,0.0,0.0,0.0,430
15,Arica y Parinacota,5,5,MVP_coverage_mid,13740.178421906141,,102,32.0,1.0,1.0,64.0,0.0,True,,0.333317226736261,6870.0892109530705,13740.178421906141,0.0,3434.8232979589898,2290.0297369843574,0.0,0.0,0.0,430
15,Arica y Parinacota,5,5,MVP_coverage_mid,13740.178421906141,,103,32.0,1.0,1.0,64.0,0.01,True,,0.5851074120466683,5716.919636237599,13740.178421906141,0.0,4011.5414322201163,3443.1993116998287,0.0,0.0,0.0,430
15,Arica y Parinacota,5,5,MVP_coverage_mid,13740.178421906141,,104,32.0,1.0,2.0,8.0,0.0,True,,1.4825112809169396,2921.8668986082175,13740.178421906141,0.0,5406.176550588202,6238.25204932921,0.0,3948.222312344853,0.0,430
15,Arica y Parinacota,5,5,MVP_coverage_mid,13740.178421906141,,105,32.0,1.0,2.0,8.0,0.01,True,,1.5070783955232039,2811.997345433635,13740.178421906141,0.0,5460.589390824358,6348.121602503793,0.0,3956.6921271737265,0.0,430
15,Arica y Parinacota,5,5,MVP_coverage_mid,13740.178421906141,,106,32.0,1.0,2.0,16.0,0.0,True,,0.7289759411093547,5510.936546766247,13740.178421906141,0.0,4114.2103029734135,3649.182401171181,0.0,1359.1526641868236,0.0,430
15,Arica y Parinacota,5,5,MVP_coverage_mid,13740.178421906141,,107,32.0,1.0,2.0,16.0,0.01,True,,0.8180029499997314,5100.730946855341,13740.178421906141,0.0,4319.3035607410175,4059.388001082087,0.0,1351.7923931643556,0.0,430
15,Arica y Parinacota,5,5,MVP_coverage_mid,13740.178421906141,,108,32.0,1.0,2.0,32.0,0.0,True,,0.333317226736261,6870.0892109530705,13740.178421906141,0.0,3434.8232979589898,2290.0297369843574,0.0,0.0,0.0,430
15,Arica y Parinacota,5,5,MVP_coverage_mid,13740.178421906141,,109,32.0,1.0,2.0,32.0,0.01,True,,0.5053212260217121,6082.233532800981,13740.178421906141,0.0,3828.549742042282,3077.885415136446,0.0,0.0,0.0,430
15,Arica y Parinacota,5,5,MVP_coverage_mid,13740.178421906141,,110,32.0,1.0,2.0,64.0,0.0,True,,0.333317226736261,6870.0892109530705,13740.178421906141,0.0,3434.8232979589898,2290.0297369843574,0.0,0.0,0.0,430
15,Arica y Parinacota,5,5,MVP_coverage_mid,13740.178421906141,,111,32.0,1.0,2.0,64.0,0.01,True,,0.5851074120466683,5716.919636237599,13740.178421906141,0.0,4011.5414322201163,3443.1993116998287,0.0,0.0,0.0,430
15,Arica y Parinacota,5,5,MVP_coverage_mid,13740.178421906141,,112,32.0,1.0,4.0,8.0,0.0,True,,1.4455695669864044,3038.9819087426936,13740.178421906141,0.0,5308.493345442294,6121.137039194734,0.0,3831.1073022103774,0.0,430
15,Arica y Parinacota,5,5,MVP_coverage_mid,13740.178421906141,,113,32.0,1.0,4.0,8.0,0.01,True,,1.4684809773803997,2933.563371901513,13740.178421906141,0.0,5361.639243706649,6226.555576035915,0.0,3829.221928554087,0.0,430
15,Arica y Parinacota,5,5,MVP_coverage_mid,13740.178421906141,,114,32.0,1.0,4.0,16.0,0.0,True,,0.7289759411093547,5510.936546766247,13740.178421906141,0.0,4114.2103029734135,3649.182401171181,0.0,1359.1526641868236,0.0,430
15,Arica y Parinacota,5,5,MVP_coverage_mid,13740.178421906141,,115,32.0,1.0,4.0,16.0,0.01,True,,0.8180029499997314,5100.730946855341,13740.178421906141,0.0,4319.3035607410175,4059.388001082087,0.0,1351.7923931643556,0.0,430
15,Arica y Parinacota,5,5,MVP_coverage_mid,13740.178421906141,,116,32.0,1.0,4.0,32.0,0.0,True,,0.333317226736261,6870.0892109530705,13740.178421906141,0.0,3434.8232979589898,2290.0297369843574,0.0,0.0,0.0,430
15,Arica y Parinacota,5,5,MVP_coverage_mid,13740.178421906141,,117,32.0,1.0,4.0,32.0,0.01,True,,0.5053212260217121,6082.233532800981,13740.178421906141,0.0,3828.549742042282,3077.885415136446,0.0,0.0,0.0,430
15,Arica y Parinacota,5,5,MVP_coverage_mid,13740.178421906141,,118,32.0,1.0,4.0,64.0,0.0,True,,0.333317226736261,6870.0892109530705,13740.178421906141,0.0,3434.8232979589898,2290.0297369843574,0.0,0.0,0.0,430
15,Arica y Parinacota,5,5,MVP_coverage_mid,13740.178421906141,,119,32.0,1.0,4.0,64.0,0.01,True,,0.5851074120466683,5716.919636237599,13740.178421906141,0.0,4011.5414322201163,3443.1993116998287,0.0,0.0,0.0,430
15,Arica y Parinacota,5,5,MVP_coverage_mid,13740.178421906141,,120,32.0,2.0,1.0,8.0,0.0,True,,1.2821469764181843,3610.4586573959605,13740.178421906141,0.0,5063.206413151272,5549.6602905414675,0.0,3259.63055355711,0.0,430
15,Arica y Parinacota,5,5,MVP_coverage_mid,13740.178421906141,,121,32.0,2.0,1.0,8.0,0.01,True,,1.3094197011295683,3480.4975051475635,13740.178421906141,0.0,5126.759875892586,5679.621442789864,0.0,3245.906313780748,0.0,430
15,Arica y Parinacota,5,5,MVP_coverage_mid,13740.178421906141,,122,32.0,2.0,1.0,16.0,0.0,True,,0.5207274889253128,6226.30186860698,13740.178421906141,0.0,3756.618040321456,2933.8170793304475,0.0,643.7873423460903,0.0,430
15,Arica y Parinacota,5,5,MVP_coverage_mid,13740.178421906141,,123,32.0,2.0,1.0,16.0,0.01,True,,0.6208246122929382,5762.410651137216,13740.178421906141,0.0,3988.85470663725,3397.708296800213,0.0,627.1749669466053,0.0,430
15,Arica y Parinacota,5,5,MVP_coverage_mid,13740.178421906141,,124,32.0,2.0,1.0,32.0,0.0,True,,0.333317226736261,6870.0892109530705,13740.178421906141,0.0,3434.8232979589898,2290.0297369843574,0.0,0.0,0.0,430
15,Arica y Parinacota,5,5,MVP_coverage_mid,13740.178421906141,,125,32.0,2.0,1.0,32.0,0.01,True,,0.4983462999179191,6114.25396167795,13740.178421906141,0.0,3812.764085088978,3045.8649862594775,0.0,0.0,0.0,430
15,Arica y Parinacota,5,5,MVP_coverage_mid,13740.178421906141,,126,32.0,2.0,1.0,64.0,0.0,True,,0.333317226736261,6870.0892109530705,13740.178421906141,0.0,3434.8232979589898,2290.0297369843574,0.0,0.0,0.0,430
15,Arica y Parinacota,5,5,MVP_coverage_mid,13740.178421906141,,127,32.0,2.0,1.0,64.0,0.01,True,,0.5779763771362394,5749.389166085679,13740.178421906141,0.0,3994.7335648381836,3410.7297818517486,0.0,0.0,0.0,430
15,Arica y Parinacota,5,5,MVP_coverage_mid,13740.178421906141,,128,32.0,2.0,2.0,8.0,0.0,True,,1.2821469764181843,3610.4586573959605,13740.178421906141,0.0,5063.206413151272,5549.6602905414675,0.0,3259.63055355711,0.0,430
15,Arica y Parinacota,5,5,MVP_coverage_mid,13740.178421906141,,129,32.0,2.0,2.0,8.0,0.01,True,,1.3094197011295683,3480.4975051475635,13740.178421906141,0.0,5126.759875892586,5679.621442789864,0.0,3245.906313780748,0.0,430
15,Arica y Parinacota,5,5,MVP_coverage_mid,13740.178421906141,,130,32.0,2.0,2.0,16.0,0.0,True,,0.5207274889253128,6226.30186860698,13740.178421906141,0.0,3756.618040321456,2933.8170793304475,0.0,643.7873423460903,0.0,430
15,Arica y Parinacota,5,5,MVP_coverage_mid,13740.178421906141,,131,32.0,2.0,2.0,16.0,0.01,True,,0.6208246122929382,5762.410651137216,13740.178421906141,0.0,3988.85470663725,3397.708296800213,0.0,627.1749669466053,0.0,430
15,Arica y Parinacota,5,5,MVP_coverage_mid,13740.178421906141,,132,32.0,2.0,2.0,32.0,0.0,True,,0.333317226736261,6870.0892109530705,13740.178421906141,0.0,3434.8232979589898,2290.0297369843574,0.0,0.0,0.0,430
15,Arica y Parinacota,5,5,MVP_coverage_mid,13740.178421906141,,133,32.0,2.0,2.0,32.0,0.01,True,,0.4983462999179191,6114.25396167795,13740.178421906141,0.0,3812.764085088978,3045.8649862594775,0.0,0.0,0.0,430
15,Arica y Parinacota,5,5,MVP_coverage_mid,13740.178421906141,,134,32.0,2.0,2.0,64.0,0.0,True,,0.333317226736261,6870.0892109530705,13740.178421906141,0.0,3434.8232979589898,2290.0297369843574,0.0,0.0,0.0,430
15,Arica y Parinacota,5,5,MVP_coverage_mid,13740.178421906141,,135,32.0,2.0,2.0,64.0,0.01,True,,0.5779763771362394,5749.389166085679,13740.178421906141,0.0,3994.7335648381836,3410.7297818517486,0.0,0.0,0.0,430
15,Arica y Parinacota,5,5,MVP_coverage_mid,13740.178421906141,,136,32.0,2.0,4.0,8.0,0.0,True,,1.2821469764181843,3610.4586573959605,13740.178421906141,0.0,5063.206413151272,5549.6602905414675,0.0,3259.63055355711,0.0,430
15,Arica y Parinacota,5,5,MVP_coverage_mid,13740.178421906141,,137,32.0,2.0,4.0,8.0,0.01,True,,1.3094197011295683,3480.4975051475635,13740.178421906141,0.0,5126.759875892586,5679.621442789864,0.0,3245.906313780748,0.0,430
15,Arica y Parinacota,5,5,MVP_coverage_mid,13740.178421906141,,138,32.0,2.0,4.0,16.0,0.0,True,,0.5207274889253128,6226.30186860698,13740.178421906141,0.0,3756.618040321456,2933.8170793304475,0.0,643.7873423460903,0.0,430
15,Arica y Parinacota,5,5,MVP_coverage_mid,13740.178421906141,,139,32.0,2.0,4.0,16.0,0.01,True,,0.6208246122929382,5762.410651137216,13740.178421906141,0.0,3988.85470663725,3397.708296800213,0.0,627.1749669466053,0.0,430
15,Arica y Parinacota,5,5,MVP_coverage_mid,13740.178421906141,,140,32.0,2.0,4.0,32.0,0.0,True,,0.333317226736261,6870.0892109530705,13740.178421906141,0.0,3434.8232979589898,2290.0297369843574,0.0,0.0,0.0,430
15,Arica y Parinacota,5,5,MVP_coverage_mid,13740.178421906141,,141,32.0,2.0,4.0,32.0,0.01,True,,0.4983462999179191,6114.25396167795,13740.178421906141,0.0,3812.764085088978,3045.8649862594775,0.0,0.0,0.0,430
15,Arica y Parinacota,5,5,MVP_coverage_mid,13740.178421906141,,142,32.0,2.0,4.0,64.0,0.0,True,,0.333317226736261,6870.0892109530705,13740.178421906141,0.0,3434.8232979589898,2290.0297369843574,0.0,0.0,0.0,430
15,Arica y Parinacota,5,5,MVP_coverage_mid,13740.178421906141,,143,32.0,2.0,4.0,64.0,0.01,True,,0.5779763771362394,5749.389166085679,13740.178421906141,0.0,3994.7335648381836,3410.7297818517486,0.0,0.0,0.0,430
16,Nuble,15,15,MVP_coverage_mid,9901.824651139577,,0,8.0,1.0,1.0,8.0,0.0,True,,0.32741552864244744,4950.912325569789,9901.824651139577,0.0,2416.8590984160505,1650.3041085232637,0.0,0.0,0.0,1238
16,Nuble,15,15,MVP_coverage_mid,9901.824651139577,,1,8.0,1.0,1.0,8.0,0.01,True,,0.3781801072578056,4783.240084566833,9901.824651139577,0.0,2500.340451846926,1817.9763495262198,0.0,0.0,0.0,1238
16,Nuble,15,15,MVP_coverage_mid,9901.824651139577,,2,8.0,1.0,1.0,16.0,0.0,True,,0.33322825348945584,4950.912325569789,9901.824651139577,0.0,2474.41568059645,1650.3041085232635,0.0,0.0,0.0,1238
16,Nuble,15,15,MVP_coverage_mid,9901.824651139577,,3,8.0,1.0,1.0,16.0,0.01,True,,0.415697899787158,4679.038879314099,9901.824651139577,0.0,2611.332041638575,1922.1775547789534,0.0,0.0,0.0,1238
16,Nuble,15,15,MVP_coverage_mid,9901.824651139577,,4,8.0,1.0,1.0,32.0,0.0,True,,0.33322825348945584,4950.912325569789,9901.824651139577,0.0,2474.41568059645,1650.3041085232635,0.0,0.0,0.0,1238
16,Nuble,15,15,MVP_coverage_mid,9901.824651139577,,5,8.0,1.0,1.0,32.0,0.01,True,,0.4758442190408423,4480.406261306874,9901.824651139577,0.0,2710.3088032819533,2120.8101727861786,0.0,0.0,0.0,1238
16,Nuble,15,15,MVP_coverage_mid,9901.824651139577,,6,8.0,1.0,1.0,64.0,0.0,True,,0.33322825348945584,4950.912325569789,9901.824651139577,0.0,2474.41568059645,1650.3041085232635,0.0,0.0,0.0,1238
16,Nuble,15,15,MVP_coverage_mid,9901.824651139577,,7,8.0,1.0,1.0,64.0,0.01,True,,0.5877962662079687,4110.899013106978,9901.824651139577,0.0,2895.070223167206,2490.3174209860745,0.0,0.0,0.0,1238
16,Nuble,15,15,MVP_coverage_mid,9901.824651139577,,8,8.0,1.0,2.0,8.0,0.0,True,,0.31619648920630056,4950.91232556979,9901.824651139577,0.0,2305.7701371651024,1650.3041085232635,0.0,0.0,0.0,1238
16,Nuble,15,15,MVP_coverage_mid,9901.824651139577,,9,8.0,1.0,2.0,8.0,0.01,True,,0.3642379499938351,4784.647923380499,9901.824651139577,0.0,2365.8072523946457,1816.568510712553,0.0,0.0,0.0,1238
16,Nuble,15,15,MVP_coverage_mid,9901.824651139577,,10,8.0,1.0,2.0,16.0,0.0,True,,0.3235318970346982,4950.912325569789,9901.824651139577,0.0,2378.404059226494,1650.3041085232635,0.0,0.0,0.0,1238
16,Nuble,15,15,MVP_coverage_mid,9901.824651139577,,11,8.0,1.0,2.0,16.0,0.01,True,,0.4026408684683854,4691.4153199242055,9901.824651139577,0.0,2512.984708580917,1909.8011141688467,0.0,0.0,0.0,1238
16,Nuble,15,15,MVP_coverage_mid,9901.824651139577,,12,8.0,1.0,2.0,32.0,0.0,True,,0.33058784630126625,4950.912325569789,9901.824651139577,0.0,2448.270831611388,1650.3041085232635,0.0,0.0,0.0,1238
16,Nuble,15,15,MVP_coverage_mid,9901.824651139577,,13,8.0,1.0,2.0,32.0,0.01,True,,0.4652024297417309,4505.080711882538,9901.824651139577,0.0,2666.62179810694,2096.135722210514,0.0,0.0,0.0,1238
16,Nuble,15,15,MVP_coverage_mid,9901.824651139577,,14,8.0,1.0,2.0,64.0,0.0,True,,0.33313931005879466,4950.912325569789,9901.824651139577,0.0,2473.534978342172,1650.3041085232635,0.0,0.0,0.0,1238
16,Nuble,15,15,MVP_coverage_mid,9901.824651139577,,15,8.0,1.0,2.0,64.0,0.01,True,,0.5730380015412577,4158.478236796507,9901.824651139577,0.0,2867.8845335061496,2442.738197296545,0.0,0.0,0.0,1238
16,Nuble,15,15,MVP_coverage_mid,9901.824651139577,,16,8.0,1.0,4.0,8.0,0.0,True,,0.6738806732894467,4427.560573154736,8864.0,1037.8246511395773,2461.2478117029273,2173.6558609383164,1037.8246511395773,0.0,4.439426845264586,1108
16,Nuble,15,15,MVP_coverage_mid,9901.824651139577,,17,8.0,1.0,4.0,8.0,0.01,True,,0.6116308719561107,4388.805865790862,9232.0,669.8246511395773,2484.5166853265687,2212.41056830219,669.8246511395773,0.0,3.354908036679173,1154
16,Nuble,15,15,MVP_coverage_mid,9901.824651139577,,18,8.0,1.0,4.0,16.0,0.0,True,,0.48298325274265114,4702.354046062808,9416.0,485.8246511395773,2361.395445817927,1898.8623880302434,485.8246511395773,0.0,5.645953937191444,1177
16,Nuble,15,15,MVP_coverage_mid,9901.824651139577,,19,8.0,1.0,4.0,16.0,0.01,True,,0.40234787152179957,4641.453966373935,9901.824651139577,0.0,2385.1801203168293,1959.7624677191163,0.0,0.0,0.0,1238
16,Nuble,15,15,MVP_coverage_mid,9901.824651139577,,20,8.0,1.0,4.0,32.0,0.0,True,,0.34882829401225135,4894.372643635543,9808.0,93.82465113957733,2295.072361106844,1706.8437904575103,93.82465113957733,0.0,9.627356364458189,1226
16,Nuble,15,15,MVP_coverage_mid,9901.824651139577,,21,8.0,1.0,4.0,32.0,0.01,True,,0.4330947090322107,4547.311751714342,9901.824651139577,0.0,2454.2743772730178,2053.9046823787103,0.0,0.0,0.0,1238
16,Nuble,15,15,MVP_coverage_mid,9901.824651139577,,22,8.0,1.0,4.0,64.0,0.0,True,,0.321082155515197,4931.131495537029,9896.0,5.824651139577327,2284.6115186672373,1670.0849385560232,5.824651139577327,0.0,16.86850446297073,1237
16,Nuble,15,15,MVP_coverage_mid,9901.824651139577,,23,8.0,1.0,4.0,64.0,0.01,True,,0.4866635853283396,4371.283131385034,9901.824651139577,0.0,2544.632446292603,2229.933302708019,0.0,0.0,0.0,1238
16,Nuble,15,15,MVP_coverage_mid,9901.824651139577,,24,8.0,2.0,1.0,8.0,0.0,True,,0.28843154970428686,4950.912325569789,9901.824651139577,0.0,2030.846574766666,1650.3041085232635,0.0,0.0,0.0,1238
16,Nuble,15,15,MVP_coverage_mid,9901.824651139577,,25,8.0,2.0,1.0,8.0,0.01,True,,0.33271495305222776,4804.461277765808,9901.824651139577,0.0,2103.205450163712,1796.7551563272443,0.0,0.0,0.0,1238
16,Nuble,15,15,MVP_coverage_mid,9901.824651139577,,26,8.0,2.0,1.0,16.0,0.0,True,,0.3085007540262956,4950.912325569789,9901.824651139577,0.0,2229.5683168510895,1650.3041085232635,0.0,0.0,0.0,1238
16,Nuble,15,15,MVP_coverage_mid,9901.824651139577,,27,8.0,2.0,1.0,16.0,0.01,True,,0.3806862288245315,4712.492899411527,9901.824651139577,0.0,2348.2876652668215,1888.723534681526,0.0,0.0,0.0,1238
16,Nuble,15,15,MVP_coverage_mid,9901.824651139577,,28,8.0,2.0,1.0,32.0,0.0,True,,0.3270751637212264,4950.912325569789,9901.824651139577,0.0,2413.488864648721,1650.3041085232635,0.0,0.0,0.0,1238
16,Nuble,15,15,MVP_coverage_mid,9901.824651139577,,29,8.0,2.0,1.0,32.0,0.01,True,,0.45577670790263675,4524.181482430062,9901.824651139577,0.0,2621.0418796146214,2077.0349516629917,0.0,0.0,0.0,1238
16,Nuble,15,15,MVP_coverage_mid,9901.824651139577,,30,8.0,2.0,1.0,64.0,0.0,True,,0.33310891295328204,4950.912325569789,9901.824651139577,0.0,2473.233991533484,1650.3041085232635,0.0,0.0,0.0,1238
16,Nuble,15,15,MVP_coverage_mid,9901.824651139577,,31,8.0,2.0,1.0,64.0,0.01,True,,0.567613199370945,4175.294668613436,9901.824651139577,0.0,2856.2101731909147,2425.9217654796166,0.0,0.0,0.0,1238
16,Nuble,15,15,MVP_coverage_mid,9901.824651139577,,32,8.0,2.0,2.0,8.0,0.0,True,,0.28843154970428686,4950.912325569789,9901.824651139577,0.0,2030.846574766666,1650.3041085232635,0.0,0.0,0.0,1238
16,Nuble,15,15,MVP_coverage_mid,9901.824651139577,,33,8.0,2.0,2.0,8.0,0.01,True,,0.33271495305222776,4804.461277765808,9901.824651139577,0.0,2103.205450163712,1796.7551563272443,0.0,0.0,0.0,1238
16,Nuble,15,15,MVP_coverage_mid,9901.824651139577,,34,8.0,2.0,2.0,16.0,0.0,True,,0.3085007540262956,4950.912325569789,9901.824651139577,0.0,2229.5683168510895,1650.3041085232635,0.0,0.0,0.0,1238
16,Nuble,15,15,MVP_coverage_mid,9901.824651139577,,35,8.0,2.0,2.0,16.0,0.01,True,,0.3806862288245315,4712.492899411527,9901.824651139577,0.0,2348.2876652668215,1888.723534681526,0.0,0.0,0.0,1238
16,Nuble,15,15,MVP_coverage_mid,9901.824651139577,,36,8.0,2.0,2.0,32.0,0.0,True,,0.3270751637212264,4950.912325569789,9901.824651139577,0.0,2413.488864648721,1650.3041085232635,0.0,0.0,0.0,1238
16,Nuble,15,15,MVP_coverage_mid,9901.824651139577,,37,8.0,2.0,2.0,32.0,0.01,True,,0.45577670790263675,4524.181482430062,9901.824651139577,0.0,2621.0418796146214,2077.0349516629917,0.0,0.0,0.0,1238
16,Nuble,15,15,MVP_coverage_mid,9901.824651139577,,38,8.0,2.0,2.0,64.0,0.0,True,,0.33310891295328204,4950.912325569789,9901.824651139577,0.0,2473.233991533484,1650.3041085232635,0.0,0.0,0.0,1238
16,Nuble,15,15,MVP_coverage_mid,9901.824651139577,,39,8.0,2.0,2.0,64.0,0.01,True,,0.567613199370945,4175.294668613436,9901.824651139577,0.0,2856.2101731909147,2425.9217654796166,0.0,0.0,0.0,1238
16,Nuble,15,15,MVP_coverage_mid,9901.824651139577,,40,8.0,2.0,4.0,8.0,0.0,True,,0.6574160500330932,4427.560573154736,8864.0,1037.8246511395773,2298.2179992714414,2173.6558609383164,1037.8246511395773,0.0,4.439426845264585,1108
16,Nuble,15,15,MVP_coverage_mid,9901.824651139577,,41,8.0,2.0,4.0,8.0,0.01,True,,0.5918284496619359,4404.983799386631,9224.0,677.8246511395773,2312.8690124534232,2196.2326347064213,677.8246511395773,0.0,3.379695312345259,1153
16,Nuble,15,15,MVP_coverage_mid,9901.824651139577,,42,8.0,2.0,4.0,16.0,0.0,True,,0.46665387216687365,4702.354046062808,9416.0,485.8246511395773,2199.7047826948537,1898.8623880302434,485.8246511395773,0.0,5.645953937191444,1177
16,Nuble,15,15,MVP_coverage_mid,9901.824651139577,,43,8.0,2.0,4.0,16.0,0.01,True,,0.38255040930778084,4655.342514430612,9901.824651139577,0.0,2223.870491077746,1945.8739196624404,0.0,0.0,0.0,1238
16,Nuble,15,15,MVP_coverage_mid,9901.824651139577,,44,8.0,2.0,4.0,32.0,0.0,True,,0.33285456135953595,4894.372643635543,9808.0,93.82465113957733,2136.903261355473,1706.8437904575103,93.82465113957733,0.0,9.627356364458207,1226
16,Nuble,15,15,MVP_coverage_mid,9901.824651139577,,45,8.0,2.0,4.0,32.0,0.01,True,,0.4118408856962921,4568.417202742817,9901.824651139577,0.0,2296.5863730056412,2032.799231350235,0.0,0.0,0.0,1238
16,Nuble,15,15,MVP_coverage_mid,9901.824651139577,,46,8.0,2.0,4.0,64.0,0.0,True,,0.3062331947018832,4931.131495537029,9896.0,5.824651139577327,2137.5797124421615,1670.0849385560232,5.824651139577327,0.0,16.86850446297073,1237
16,Nuble,15,15,MVP_coverage_mid,9901.824651139577,,47,8.0,2.0,4.0,64.0,0.01,True,,0.4659817586418005,4389.701461412832,9901.824651139577,0.0,2385.8904500467297,2211.51497268022,0.0,0.0,0.0,1238
16,Nuble,15,15,MVP_coverage_mid,9901.824651139577,,48,16.0,1.0,1.0,8.0,0.0,True,,0.608515788676861,4262.515151877373,9901.824651139577,0.0,2790.8744747430974,2338.7012822156794,0.0,688.3971736924159,0.0,619
16,Nuble,15,15,MVP_coverage_mid,9901.824651139577,,49,16.0,1.0,1.0,8.0,0.01,True,,0.6778902915659906,4037.766452383588,9901.824651139577,0.0,2903.8336150813593,2563.4499817094643,0.0,700.5004474878278,0.0,619
16,Nuble,15,15,MVP_coverage_mid,9901.824651139577,,50,16.0,1.0,1.0,16.0,0.0,True,,0.33322825348945584,4950.912325569789,9901.824651139577,0.0,2474.41568059645,1650.3041085232635,0.0,0.0,0.0,619
16,Nuble,15,15,MVP_coverage_mid,9901.824651139577,,51,16.0,1.0,1.0,16.0,0.01,True,,0.4452411219569809,4581.402004535446,9901.824651139577,0.0,2659.7716602471887,2019.8144295576064,0.0,0.0,0.0,619
16,Nuble,15,15,MVP_coverage_mid,9901.824651139577,,52,16.0,1.0,1.0,32.0,0.0,True,,0.33322825348945584,4950.912325569789,9901.824651139577,0.0,2474.41568059645,1650.3041085232635,0.0,0.0,0.0,619
16,Nuble,15,15,MVP_coverage_mid,9901.824651139577,,53,16.0,1.0,1.0,32.0,0.01,True,,0.5042250066475845,4386.604886336083,9901.824651139577,0.0,2756.8269481981743,2214.6115477569692,0.0,0.0,0.0,619
16,Nuble,15,15,MVP_coverage_mid,9901.824651139577,,54,16.0,1.0,1.0,64.0,0.0,True,,0.33322825348945584,4950.912325569789,9901.824651139577,0.0,2474.41568059645,1650.3041085232635,0.0,0.0,0.0,619
16,Nuble,15,15,MVP_coverage_mid,9901.824651139577,,55,16.0,1.0,1.0,64.0,0.01,True,,0.6159741141351579,4017.9900449948886,9901.824651139577,0.0,2941.8099121084883,2583.226389098163,0.0,0.0,0.0,619
16,Nuble,15,15,MVP_coverage_mid,9901.824651139577,,56,16.0,1.0,2.0,8.0,0.0,True,,0.608515788676861,4262.515151877373,9901.824651139577,0.0,2790.8744747430974,2338.7012822156794,0.0,688.3971736924159,0.0,619
16,Nuble,15,15,MVP_coverage_mid,9901.824651139577,,57,16.0,1.0,2.0,8.0,0.01,True,,0.6778902915659906,4037.766452383588,9901.824651139577,0.0,2903.8336150813593,2563.4499817094643,0.0,700.5004474878278,0.0,619
16,Nuble,15,15,MVP_coverage_mid,9901.824651139577,,58,16.0,1.0,2.0,16.0,0.0,True,,0.33322825348945584,4950.912325569789,9901.824651139577,0.0,2474.41568059645,1650.3041085232635,0.0,0.0,0.0,619
16,Nuble,15,15,MVP_coverage_mid,9901.824651139577,,59,16.0,1.0,2.0,16.0,0.01,True,,0.4452411219569809,4581.402004535446,9901.824651139577,0.0,2659.7716602471887,2019.8144295576064,0.0,0.0,0.0,619
16,Nuble,15,15,MVP_coverage_mid,9901.824651139577,,60,16.0,1.0,2.0,32.0,0.0,True,,0.33322825348945584,4950.912325569789,9901.824651139577,0.0,2474.41568059645,1650.3041085232635,0.0,0.0,0.0,619
16,Nuble,15,15,MVP_coverage_mid,9901.824651139577,,61,16.0,1.0,2.0,32.0,0.01,True,,0.5042250066475845,4386.604886336083,9901.824651139577,0.0,2756.8269481981743,2214.6115477569692,0.0,0.0,0.0,619
16,Nuble,15,15,MVP_coverage_mid,9901.824651139577,,62,16.0,1.0,2.0,64.0,0.0,True,,0.33322825348945584,4950.912325569789,9901.824651139577,0.0,2474.41568059645,1650.3041085232635,0.0,0.0,0.0,619
16,Nuble,15,15,MVP_coverage_mid,9901.824651139577,,63,16.0,1.0,2.0,64.0,0.01,True,,0.6159741141351579,4017.9900449948886,9901.824651139577,0.0,2941.8099121084883,2583.226389098163,0.0,0.0,0.0,619
16,Nuble,15,15,MVP_coverage_mid,9901.824651139577,,64,16.0,1.0,4.0,8.0,0.0,True,,0.5233673707135134,4453.409884699786,9901.824651139577,0.0,2615.8813356265296,2147.806549393267,0.0,497.50244087000306,0.0,619
16,Nuble,15,15,MVP_coverage_mid,9901.824651139577,,65,16.0,1.0,4.0,8.0,0.01,True,,0.6005909901990338,4207.997551905,9901.824651139577,0.0,2742.582066476143,2393.2188821880513,0.0,521.9256171053762,0.0,619
16,Nuble,15,15,MVP_coverage_mid,9901.824651139577,,66,16.0,1.0,4.0,16.0,0.0,True,,0.328261017465854,4950.912325569789,9901.824651139577,0.0,2425.230980489921,1650.3041085232635,0.0,0.0,0.0,619
16,Nuble,15,15,MVP_coverage_mid,9901.824651139577,,67,16.0,1.0,4.0,16.0,0.01,True,,0.43635235275490597,4591.423540420346,9901.824651139577,0.0,2596.8104659560436,2009.7928936727058,0.0,0.0,0.0,619
16,Nuble,15,15,MVP_coverage_mid,9901.824651139577,,68,16.0,1.0,4.0,32.0,0.0,True,,0.3316444413296585,4950.912325569789,9901.824651139577,0.0,2458.7330503097937,1650.3041085232635,0.0,0.0,0.0,619
16,Nuble,15,15,MVP_coverage_mid,9901.824651139577,,69,16.0,1.0,4.0,32.0,0.01,True,,0.49377116306416335,4415.212062048745,9901.824651139577,0.0,2724.832761386351,2186.0043720443077,0.0,0.0,0.0,619
16,Nuble,15,15,MVP_coverage_mid,9901.824651139577,,70,16.0,1.0,4.0,64.0,0.0,True,,0.33327925494358296,4950.912325569789,9901.824651139577,0.0,2474.9206880521697,1650.3041085232635,0.0,0.0,0.0,619
16,Nuble,15,15,MVP_coverage_mid,9901.824651139577,,71,16.0,1.0,4.0,64.0,0.01,True,,0.6000685478331952,4069.6460383864523,9901.824651139577,0.0,2913.4557670882887,2531.5703957066,0.0,0.0,0.0,619
16,Nuble,15,15,MVP_coverage_mid,9901.824651139577,,72,16.0,2.0,1.0,8.0,0.0,True,,0.3814118104338515,4823.760299290885,9901.824651139577,0.0,2506.4887205518908,1777.4561348021678,0.0,127.15202627890413,0.0,619
16,Nuble,15,15,MVP_coverage_mid,9901.824651139577,,73,16.0,2.0,1.0,8.0,0.01,True,,0.4527020737460248,4594.3238200462165,9901.824651139577,0.0,2628.7346067875887,2006.8926140468357,0.0,137.21862858224375,0.0,619
16,Nuble,15,15,MVP_coverage_mid,9901.824651139577,,74,16.0,2.0,1.0,16.0,0.0,True,,0.33322825348945584,4950.912325569789,9901.824651139577,0.0,2474.41568059645,1650.3041085232635,0.0,0.0,0.0,619
16,Nuble,15,15,MVP_coverage_mid,9901.824651139577,,75,16.0,2.0,1.0,16.0,0.01,True,,0.4374941997416556,4607.034383612989,9901.824651139577,0.0,2647.1439425788753,1994.1820504800642,0.0,0.0,0.0,619
16,Nuble,15,15,MVP_coverage_mid,9901.824651139577,,76,16.0,2.0,1.0,32.0,0.0,True,,0.33322825348945584,4950.912325569789,9901.824651139577,0.0,2474.41568059645,1650.3041085232635,0.0,0.0,0.0,619
16,Nuble,15,15,MVP_coverage_mid,9901.824651139577,,77,16.0,2.0,1.0,32.0,0.01,True,,0.4964990670472023,4412.191182895373,9901.824651139577,0.0,2744.2917904081173,2189.02525119768,0.0,0.0,0.0,619
16,Nuble,15,15,MVP_coverage_mid,9901.824651139577,,78,16.0,2.0,1.0,64.0,0.0,True,,0.33322825348945584,4950.912325569789,9901.824651139577,0.0,2474.41568059645,1650.3041085232635,0.0,0.0,0.0,619
16,Nuble,15,15,MVP_coverage_mid,9901.824651139577,,79,16.0,2.0,1.0,64.0,0.01,True,,0.6093550797406316,4039.8337527279446,9901.824651139577,0.0,2930.878663506667,2561.3826813651076,0.0,0.0,0.0,619
16,Nuble,15,15,MVP_coverage_mid,9901.824651139577,,80,16.0,2.0,2.0,8.0,0.0,True,,0.3814118104338515,4823.760299290885,9901.824651139577,0.0,2506.4887205518908,1777.4561348021678,0.0,127.15202627890413,0.0,619
16,Nuble,15,15,MVP_coverage_mid,9901.824651139577,,81,16.0,2.0,2.0,8.0,0.01,True,,0.4527020737460248,4594.3238200462165,9901.824651139577,0.0,2628.7346067875887,2006.8926140468357,0.0,137.21862858224375,0.0,619
16,Nuble,15,15,MVP_coverage_mid,9901.824651139577,,82,16.0,2.0,2.0,16.0,0.0,True,,0.33322825348945584,4950.912325569789,9901.824651139577,0.0,2474.41568059645,1650.3041085232635,0.0,0.0,0.0,619
16,Nuble,15,15,MVP_coverage_mid,9901.824651139577,,83,16.0,2.0,2.0,16.0,0.01,True,,0.4374941997416556,4607.034383612989,9901.824651139577,0.0,2647.1439425788753,1994.1820504800642,0.0,0.0,0.0,619
16,Nuble,15,15,MVP_coverage_mid,9901.824651139577,,84,16.0,2.0,2.0,32.0,0.0,True,,0.33322825348945584,4950.912325569789,9901.824651139577,0.0,2474.41568059645,1650.3041085232635,0.0,0.0,0.0,619
16,Nuble,15,15,MVP_coverage_mid,9901.824651139577,,85,16.0,2.0,2.0,32.0,0.01,True,,0.4964990670472023,4412.191182895373,9901.824651139577,0.0,2744.2917904081173,2189.02525119768,0.0,0.0,0.0,619
16,Nuble,15,15,MVP_coverage_mid,9901.824651139577,,86,16.0,2.0,2.0,64.0,0.0,True,,0.33322825348945584,4950.912325569789,9901.824651139577,0.0,2474.41568059645,1650.3041085232635,0.0,0.0,0.0,619
16,Nuble,15,15,MVP_coverage_mid,9901.824651139577,,87,16.0,2.0,2.0,64.0,0.01,True,,0.6093550797406316,4039.8337527279446,9901.824651139577,0.0,2930.878663506667,2561.3826813651076,0.0,0.0,0.0,619
16,Nuble,15,15,MVP_coverage_mid,9901.824651139577,,88,16.0,2.0,4.0,8.0,0.0,True,,0.37091013735153217,4834.145674317555,9901.824651139577,0.0,2438.8518077405165,1767.0707597754981,0.0,116.76665125223465,0.0,619
16,Nuble,15,15,MVP_coverage_mid,9901.824651139577,,89,16.0,2.0,4.0,8.0,0.01,True,,0.4434990953503652,4601.288292093114,9901.824651139577,0.0,2561.613880311193,1999.9281419999384,0.0,130.62425683383654,0.0,619
16,Nuble,15,15,MVP_coverage_mid,9901.824651139577,,90,16.0,2.0,4.0,16.0,0.0,True,,0.328261017465854,4950.912325569789,9901.824651139577,0.0,2425.230980489921,1650.3041085232635,0.0,0.0,0.0,619
16,Nuble,15,15,MVP_coverage_mid,9901.824651139577,,91,16.0,2.0,4.0,16.0,0.01,True,,0.4290607545203941,4616.423878771011,9901.824651139577,0.0,2587.1111846880094,1984.7925553220418,0.0,0.0,0.0,619
16,Nuble,15,15,MVP_coverage_mid,9901.824651139577,,92,16.0,2.0,4.0,32.0,0.0,True,,0.3316444413296585,4950.912325569789,9901.824651139577,0.0,2458.7330503097937,1650.3041085232635,0.0,0.0,0.0,619
16,Nuble,15,15,MVP_coverage_mid,9901.824651139577,,93,16.0,2.0,4.0,32.0,0.01,True,,0.48705779185147424,4438.553994089223,9901.824651139577,0.0,2716.712966921491,2162.662440003829,0.0,0.0,0.0,619
16,Nuble,15,15,MVP_coverage_mid,9901.824651139577,,94,16.0,2.0,4.0,64.0,0.0,True,,0.33327925494358296,4950.912325569789,9901.824651139577,0.0,2474.9206880521697,1650.3041085232635,0.0,0.0,0.0,619
16,Nuble,15,15,MVP_coverage_mid,9901.824651139577,,95,16.0,2.0,4.0,64.0,0.01,True,,0.5944918313560108,4087.938374255151,9901.824651139577,0.0,2903.9669380738337,2513.2780598379013,0.0,0.0,0.0,619
16,Nuble,15,15,MVP_coverage_mid,9901.824651139577,,96,32.0,1.0,1.0,8.0,0.0,True,,1.4786658723200636,2113.128408763779,9901.824651139577,0.0,3884.0944222549474,4488.0880253292735,0.0,2837.7839168060095,0.0,310
16,Nuble,15,15,MVP_coverage_mid,9901.824651139577,,97,32.0,1.0,1.0,8.0,0.01,True,,1.5307803341939314,1943.8785995349951,9901.824651139577,0.0,3968.5550317604448,4657.337834558057,0.0,2846.2270474920906,0.0,310
16,Nuble,15,15,MVP_coverage_mid,9901.824651139577,,98,32.0,1.0,1.0,16.0,0.0,True,,0.7226509884263337,3987.1346875512745,9901.824651139577,0.0,2957.18958404382,2614.0817465417776,0.0,963.7776380185142,0.0,310
16,Nuble,15,15,MVP_coverage_mid,9901.824651139577,,99,32.0,1.0,1.0,16.0,0.01,True,,0.8509887655429682,3564.47055957305,9901.824651139577,0.0,3168.113055018265,3036.745874520002,0.0,966.9720122244568,0.0,310
16,Nuble,15,15,MVP_coverage_mid,9901.824651139577,,100,32.0,1.0,1.0,32.0,0.0,True,,0.33322825348945584,4950.912325569789,9901.824651139577,0.0,2474.41568059645,1650.3041085232635,0.0,0.0,0.0,310
16,Nuble,15,15,MVP_coverage_mid,9901.824651139577,,101,32.0,1.0,1.0,32.0,0.01,True,,0.5590092589654443,4205.967196430365,9901.824651139577,0.0,2847.696783529114,2395.249237662687,0.0,0.0,0.0,310
16,Nuble,15,15,MVP_coverage_mid,9901.824651139577,,102,32.0,1.0,1.0,64.0,0.0,True,,0.33322825348945584,4950.912325569789,9901.824651139577,0.0,2474.41568059645,1650.3041085232635,0.0,0.0,0.0,310
16,Nuble,15,15,MVP_coverage_mid,9901.824651139577,,103,32.0,1.0,1.0,64.0,0.01,True,,0.6639723531625488,3859.4353998455867,9901.824651139577,0.0,3020.6934456479426,2741.7810342474654,0.0,0.0,0.0,310
16,Nuble,15,15,MVP_coverage_mid,9901.824651139577,,104,32.0,1.0,2.0,8.0,0.0,True,,1.4786658723200636,2113.128408763779,9901.824651139577,0.0,3884.0944222549474,4488.0880253292735,0.0,2837.7839168060095,0.0,310
16,Nuble,15,15,MVP_coverage_mid,9901.824651139577,,105,32.0,1.0,2.0,8.0,0.01,True,,1.5307803341939314,1943.8785995349951,9901.824651139577,0.0,3968.5550317604448,4657.337834558057,0.0,2846.2270474920906,0.0,310
16,Nuble,15,15,MVP_coverage_mid,9901.824651139577,,106,32.0,1.0,2.0,16.0,0.0,True,,0.7226509884263337,3987.1346875512745,9901.824651139577,0.0,2957.18958404382,2614.0817465417776,0.0,963.7776380185142,0.0,310
16,Nuble,15,15,MVP_coverage_mid,9901.824651139577,,107,32.0,1.0,2.0,16.0,0.01,True,,0.8509887655429682,3564.47055957305,9901.824651139577,0.0,3168.113055018265,3036.745874520002,0.0,966.9720122244568,0.0,310
16,Nuble,15,15,MVP_coverage_mid,9901.824651139577,,108,32.0,1.0,2.0,32.0,0.0,True,,0.33322825348945584,4950.912325569789,9901.824651139577,0.0,2474.41568059645,1650.3041085232635,0.0,0.0,0.0,310
16,Nuble,15,15,MVP_coverage_mid,9901.824651139577,,109,32.0,1.0,2.0,32.0,0.01,True,,0.5590092589654443,4205.967196430365,9901.824651139577,0.0,2847.696783529114,2395.249237662687,0.0,0.0,0.0,310
16,Nuble,15,15,MVP_coverage_mid,9901.824651139577,,110,32.0,1.0,2.0,64.0,0.0,True,,0.33322825348945584,4950.912325569789,9901.824651139577,0.0,2474.41568059645,1650.3041085232635,0.0,0.0,0.0,310
16,Nuble,15,15,MVP_coverage_mid,9901.824651139577,,111,32.0,1.0,2.0,64.0,0.01,True,,0.6639723531625488,3859.4353998455867,9901.824651139577,0.0,3020.6934456479426,2741.7810342474654,0.0,0.0,0.0,310
16,Nuble,15,15,MVP_coverage_mid,9901.824651139577,,112,32.0,1.0,4.0,8.0,0.0,True,,1.4493673124824527,2178.282865277661,9901.824651139577,0.0,3822.025818010591,4422.933568815391,0.0,2772.629460292127,0.0,310
16,Nuble,15,15,MVP_coverage_mid,9901.824651139577,,113,32.0,1.0,4.0,8.0,0.01,True,,1.4996933476971055,2012.4024366087078,9901.824651139577,0.0,3904.33466900672,4588.813997484344,0.0,2773.939113706183,0.0,310
16,Nuble,15,15,MVP_coverage_mid,9901.824651139577,,114,32.0,1.0,4.0,16.0,0.0,True,,0.7226509884263337,3987.1346875512745,9901.824651139577,0.0,2957.18958404382,2614.0817465417776,0.0,963.7776380185142,0.0,310
16,Nuble,15,15,MVP_coverage_mid,9901.824651139577,,115,32.0,1.0,4.0,16.0,0.01,True,,0.8509887655429682,3564.47055957305,9901.824651139577,0.0,3168.113055018265,3036.745874520002,0.0,966.9720122244568,0.0,310
16,Nuble,15,15,MVP_coverage_mid,9901.824651139577,,116,32.0,1.0,4.0,32.0,0.0,True,,0.33322825348945584,4950.912325569789,9901.824651139577,0.0,2474.41568059645,1650.3041085232635,0.0,0.0,0.0,310
16,Nuble,15,15,MVP_coverage_mid,9901.824651139577,,117,32.0,1.0,4.0,32.0,0.01,True,,0.5590092589654443,4205.967196430365,9901.824651139577,0.0,2847.696783529114,2395.249237662687,0.0,0.0,0.0,310
16,Nuble,15,15,MVP_coverage_mid,9901.824651139577,,118,32.0,1.0,4.0,64.0,0.0,True,,0.33322825348945584,4950.912325569789,9901.824651139577,0.0,2474.41568059645,1650.3041085232635,0.0,0.0,0.0,310
16,Nuble,15,15,MVP_coverage_mid,9901.824651139577,,119,32.0,1.0,4.0,64.0,0.01,True,,0.6639723531625488,3859.4353998455867,9901.824651139577,0.0,3020.6934456479426,2741.7810342474654,0.0,0.0,0.0,310
16,Nuble,15,15,MVP_coverage_mid,9901.824651139577,,120,32.0,2.0,1.0,8.0,0.0,True,,1.286184783116858,2589.66282239595,9901.824651139577,0.0,3646.0508760170496,4011.553611697102,0.0,2361.249503173839,0.0,310
16,Nuble,15,15,MVP_coverage_mid,9901.824651139577,,121,32.0,2.0,1.0,8.0,0.01,True,,1.3470135959613665,2393.771185140169,9901.824651139577,0.0,3745.345250377064,4207.445248952883,0.0,2374.5422741976804,0.0,310
16,Nuble,15,15,MVP_coverage_mid,9901.824651139577,,122,32.0,2.0,1.0,16.0,0.0,True,,0.5003353211956355,4537.36152707681,9901.824651139577,0.0,2681.652768263723,2063.854907016243,0.0,413.5507984929794,0.0,310
16,Nuble,15,15,MVP_coverage_mid,9901.824651139577,,123,32.0,2.0,1.0,16.0,0.01,True,,0.6458454792724764,4064.2409816289073,9901.824651139577,0.0,2918.177093613337,2536.975452464145,0.0,435.04117976009076,0.0,310
16,Nuble,15,15,MVP_coverage_mid,9901.824651139577,,124,32.0,2.0,1.0,32.0,0.0,True,,0.33322825348945584,4950.912325569789,9901.824651139577,0.0,2474.41568059645,1650.3041085232635,0.0,0.0,0.0,310
16,Nuble,15,15,MVP_coverage_mid,9901.824651139577,,125,32.0,2.0,1.0,32.0,0.01,True,,0.5502218799808367,4234.98743865261,9901.824651139577,0.0,2833.2363032360313,2366.2289954404423,0.0,0.0,0.0,310
16,Nuble,15,15,MVP_coverage_mid,9901.824651139577,,126,32.0,2.0,1.0,64.0,0.0,True,,0.33322825348945584,4950.912325569789,9901.824651139577,0.0,2474.41568059645,1650.3041085232635,0.0,0.0,0.0,310
16,Nuble,15,15,MVP_coverage_mid,9901.824651139577,,127,32.0,2.0,1.0,64.0,0.01,True,,0.657717483691512,3880.186782672421,9901.824651139577,0.0,3010.6372819970547,2721.029651420631,0.0,0.0,0.0,310
16,Nuble,15,15,MVP_coverage_mid,9901.824651139577,,128,32.0,2.0,2.0,8.0,0.0,True,,1.286184783116858,2589.66282239595,9901.824651139577,0.0,3646.0508760170496,4011.553611697102,0.0,2361.249503173839,0.0,310
16,Nuble,15,15,MVP_coverage_mid,9901.824651139577,,129,32.0,2.0,2.0,8.0,0.01,True,,1.3470135959613665,2393.771185140169,9901.824651139577,0.0,3745.345250377064,4207.445248952883,0.0,2374.5422741976804,0.0,310
16,Nuble,15,15,MVP_coverage_mid,9901.824651139577,,130,32.0,2.0,2.0,16.0,0.0,True,,0.5003353211956355,4537.36152707681,9901.824651139577,0.0,2681.652768263723,2063.854907016243,0.0,413.5507984929794,0.0,310
16,Nuble,15,15,MVP_coverage_mid,9901.824651139577,,131,32.0,2.0,2.0,16.0,0.01,True,,0.6458454792724764,4064.2409816289073,9901.824651139577,0.0,2918.177093613337,2536.975452464145,0.0,435.04117976009076,0.0,310
16,Nuble,15,15,MVP_coverage_mid,9901.824651139577,,132,32.0,2.0,2.0,32.0,0.0,True,,0.33322825348945584,4950.912325569789,9901.824651139577,0.0,2474.41568059645,1650.3041085232635,0.0,0.0,0.0,310
16,Nuble,15,15,MVP_coverage_mid,9901.824651139577,,133,32.0,2.0,2.0,32.0,0.01,True,,0.5502218799808367,4234.98743865261,9901.824651139577,0.0,2833.2363032360313,2366.2289954404423,0.0,0.0,0.0,310
16,Nuble,15,15,MVP_coverage_mid,9901.824651139577,,134,32.0,2.0,2.0,64.0,0.0,True,,0.33322825348945584,4950.912325569789,9901.824651139577,0.0,2474.41568059645,1650.3041085232635,0.0,0.0,0.0,310
16,Nuble,15,15,MVP_coverage_mid,9901.824651139577,,135,32.0,2.0,2.0,64.0,0.01,True,,0.657717483691512,3880.186782672421,9901.824651139577,0.0,3010.6372819970547,2721.029651420631,0.0,0.0,0.0,310
16,Nuble,15,15,MVP_coverage_mid,9901.824651139577,,136,32.0,2.0,4.0,8.0,0.0,True,,1.2796850068465586,2604.6433308121827,9901.824651139577,0.0,3634.1230105737195,3996.573103280869,0.0,2346.2689947576064,0.0,310
16,Nuble,15,15,MVP_coverage_mid,9901.824651139577,,137,32.0,2.0,4.0,8.0,0.01,True,,1.3393424322242842,2411.2923564288135,9901.824651139577,0.0,3731.6669488947846,4189.924077664238,0.0,2356.0649857068024,0.0,310
16,Nuble,15,15,MVP_coverage_mid,9901.824651139577,,138,32.0,2.0,4.0,16.0,0.0,True,,0.5003353211956355,4537.36152707681,9901.824651139577,0.0,2681.652768263723,2063.854907016243,0.0,413.5507984929794,0.0,310
16,Nuble,15,15,MVP_coverage_mid,9901.824651139577,,139,32.0,2.0,4.0,16.0,0.01,True,,0.6458454792724764,4064.2409816289073,9901.824651139577,0.0,2918.177093613337,2536.975452464145,0.0,435.04117976009076,0.0,310
16,Nuble,15,15,MVP_coverage_mid,9901.824651139577,,140,32.0,2.0,4.0,32.0,0.0,True,,0.33322825348945584,4950.912325569789,9901.824651139577,0.0,2474.41568059645,1650.3041085232635,0.0,0.0,0.0,310
16,Nuble,15,15,MVP_coverage_mid,9901.824651139577,,141,32.0,2.0,4.0,32.0,0.01,True,,0.5502218799808367,4234.98743865261,9901.824651139577,0.0,2833.2363032360313,2366.2289954404423,0.0,0.0,0.0,310
16,Nuble,15,15,MVP_coverage_mid,9901.824651139577,,142,32.0,2.0,4.0,64.0,0.0,True,,0.33322825348945584,4950.912325569789,9901.824651139577,0.0,2474.41568059645,1650.3041085232635,0.0,0.0,0.0,310
16,Nuble,15,15,MVP_coverage_mid,9901.824651139577,,143,32.0,2.0,4.0,64.0,0.01,True,,0.657717483691512,3880.186782672421,9901.824651139577,0.0,3010.6372819970547,2721.029651420631,0.0,0.0,0.0,310
