edificio_id,codigo_region,region,codigo_comuna,nombre_comuna,regional_sample_rank,calibration_set,n_inmuebles,cohort_weight,heating_demand_kwh,target_source,redpe_mid_m3st_per_consumer,redpe_mid_target_fuel_energy_kwh,mvp_target_fuel_energy_kwh,target_fuel_energy_kwh,target_wood_volume_stere,assigned_fuel_energy_kwh,assigned_useful_energy_kwh,unallocated_fuel_energy_kwh,unmet_heating_energy_kwh,storage_spill_energy_kwh,stored_energy_end_kwh,event_count,wood_volume_stere,event_fuel_energy_kwh,event_duration_hours,min_event_interval_hours,storage_capacity_kwh,storage_loss_rate_per_hour
99748,1,Tarapaca,1211,Alto Hospicio,1,True,1,1.0,2769.8789442975335,MVP_coverage_mid,,,6981.301756430104,6981.301756430104,,5240.0,2615.577704898495,1741.3017564301044,154.30123939903817,0.0,4.4222951015047895,655,2.807142857142857,8.0,2.0,4.0,8.0,0.0
64898,1,Tarapaca,1201,Iquique,2,False,1,1.0,4582.974484410004,MVP_coverage_mid,,,6981.301756430104,6981.301756430104,,6981.301756430104,3490.650878215052,0.0,1092.3236061949524,0.0,0.0,873,3.739983083801842,8.0,2.0,4.0,8.0,0.0
80892,1,Tarapaca,1206,Huara,3,True,1,1.0,6728.32345371888,MVP_coverage_mid,,,6981.301756430104,6981.301756430104,,6981.301756430104,3490.650878215052,0.0,3237.6725755038287,0.0,0.0,873,3.739983083801842,8.0,2.0,4.0,8.0,0.0
81216,1,Tarapaca,1210,Colchane,4,False,1,1.0,8860.51775235224,MVP_coverage_mid,,,6981.301756430104,6981.301756430104,,6981.301756430104,3490.650878215052,0.0,5369.866874137188,0.0,0.0,873,3.739983083801842,8.0,2.0,4.0,8.0,0.0
81066,1,Tarapaca,1208,Camiña,5,True,1,1.0,3007.534117499057,MVP_coverage_mid,,,6981.301756430104,6981.301756430104,,5712.0,2852.8092115081686,1269.3017564301044,154.72490599088817,0.0,3.190788491831234,714,3.06,8.0,2.0,4.0,8.0,0.0
77089,1,Tarapaca,1204,Pozo Almonte,6,False,1,1.0,418.9937611442746,MVP_coverage_mid,,,6981.301756430104,6981.301756430104,,784.0,389.71654604788455,6197.301756430104,29.27721509639006,0.0,2.2834539521154134,98,0.42,8.0,2.0,4.0,8.0,0.0
81218,1,Tarapaca,1210,Colchane,7,True,1,1.0,8860.51834199115,MVP_coverage_mid,,,6981.301756430104,6981.301756430104,,6981.301756430104,3490.650878215052,0.0,5369.867463776098,0.0,0.0,873,3.739983083801842,8.0,2.0,4.0,8.0,0.0
85499,1,Tarapaca,1211,Alto Hospicio,8,False,1,1.0,1609.7415804336867,MVP_coverage_mid,,,6981.301756430104,6981.301756430104,,3208.0,1600.3188612876681,3773.3017564301044,9.422719146018796,0.0,3.681138712332025,401,1.7185714285714286,8.0,2.0,4.0,8.0,0.0
81033,1,Tarapaca,1208,Camiña,9,True,1,1.0,1904.7509972603957,MVP_coverage_mid,,,6981.301756430104,6981.301756430104,,3784.0,1889.7197007644381,3197.3017564301044,15.031296495957447,0.0,2.280299235561709,473,2.027142857142857,8.0,2.0,4.0,8.0,0.0
80370,1,Tarapaca,1206,Huara,10,False,1,1.0,3982.0819950745813,MVP_coverage_mid,,,6981.301756430104,6981.301756430104,,6981.301756430104,3490.650878215052,0.0,491.4311168595289,0.0,0.0,873,3.739983083801842,8.0,2.0,4.0,8.0,0.0
111131,2,Antofagasta,2103,María Elena,1,True,1,1.0,222.55400912550186,MVP_coverage_mid,,,10051.18239806476,10051.18239806476,,384.0,190.21125140794038,9667.18239806476,32.34275771756151,0.0,1.7887485920596555,48,0.2057142857142857,8.0,2.0,4.0,8.0,0.0
182396,2,Antofagasta,2206,Sierra Gorda,2,False,1,1.0,1234.282537536184,MVP_coverage_mid,,,10051.18239806476,10051.18239806476,,2464.0,1228.2652726736746,7587.1823980647605,6.017264862509247,0.0,3.7347273263252747,308,1.32,8.0,2.0,4.0,8.0,0.0
222578,2,Antofagasta,2302,Ollagüe,3,True,1,1.0,18383.581167014596,MVP_coverage_mid,,,10051.18239806476,10051.18239806476,,10051.18239806476,5025.59119903238,0.0,13357.989967982217,0.0,0.0,1257,5.384561998963265,8.0,2.0,4.0,8.0,0.0
222961,2,Antofagasta,2303,San Pedro de Atacama,4,False,1,1.0,11966.481408558298,MVP_coverage_mid,,,10051.18239806476,10051.18239806476,,10051.18239806476,5025.59119903238,0.0,6940.890209525918,0.0,0.0,1257,5.384561998963265,8.0,2.0,4.0,8.0,0.0
176691,2,Antofagasta,2202,Taltal,5,True,1,1.0,2068.7115659267683,MVP_coverage_mid,,,10051.18239806476,10051.18239806476,,3752.0,1870.94533780126,6299.1823980647605,197.76622812550835,0.0,5.054662198740012,469,2.01,8.0,2.0,4.0,8.0,0.0
107805,2,Antofagasta,2101,Tocopilla,6,False,1,1.0,820.2786263942659,MVP_coverage_mid,,,10051.18239806476,10051.18239806476,,1648.0,819.3339201408622,8403.18239806476,0.9447062534038311,0.0,4.666079859137962,206,0.8828571428571429,8.0,2.0,4.0,8.0,0.0
182290,2,Antofagasta,2203,Mejillones,7,True,1,1.0,3423.7251404398467,MVP_coverage_mid,,,10051.18239806476,10051.18239806476,,6692.0,3343.1163314309347,3359.1823980647605,80.60880900891172,0.0,2.883668569065387,837,3.5850000000000004,8.0,2.0,4.0,8.0,0.0
175950,2,Antofagasta,2201,Antofagasta,8,False,1,1.0,10313.503831135127,MVP_coverage_mid,,,10051.18239806476,10051.18239806476,,9556.0,4776.531692126146,495.1823980647605,5536.972139008982,0.0,1.4683078738549307,1195,5.119285714285715,8.0,2.0,4.0,8.0,0.0
199560,2,Antofagasta,2301,Calama,9,True,1,1.0,9405.369444375818,MVP_coverage_mid,,,10051.18239806476,10051.18239806476,,10051.18239806476,5025.59119903238,0.0,4379.778245343436,0.0,0.0,1257,5.384561998963265,8.0,2.0,4.0,8.0,0.0
119818,2,Antofagasta,2201,Antofagasta,10,False,1,1.0,31735.24689161984,MVP_coverage_mid,,,10051.18239806476,10051.18239806476,,9692.0,4844.113142656462,359.1823980647605,26891.13374896338,0.0,1.8868573435385099,1212,5.192142857142858,8.0,2.0,4.0,8.0,0.0
307529,3,Atacama,3304,Alto del Carmen,1,True,1,1.0,5957.464860747752,MVP_coverage_mid,,,12641.752446862962,12641.752446862962,,11896.0,5943.294280623797,745.7524468629617,14.170580123954501,0.0,4.705719376202869,1487,6.372857142857143,8.0,2.0,1.0,8.0,0.0
306390,3,Atacama,3303,Huasco,2,False,1,1.0,1647.266332298771,MVP_coverage_mid,,,12641.752446862962,12641.752446862962,,3304.0,1647.266332298771,9337.752446862962,0.0,0.0,4.73366770122896,413,1.7699999999999996,8.0,2.0,1.0,8.0,0.0
278371,3,Atacama,3202,Caldera,3,True,1,1.0,10789.124532874966,MVP_coverage_mid,,,12641.752446862962,12641.752446862962,,12641.752446862962,6320.87622343148,0.0,4468.248309443485,0.0,0.0,1581,6.772367382248015,8.0,2.0,1.0,8.0,0.0
230168,3,Atacama,3102,Diego de Almagro,4,False,1,1.0,18206.80034462297,MVP_coverage_mid,,,12641.752446862962,12641.752446862962,,12641.752446862962,6320.876223431481,0.0,11885.92412119149,0.0,0.0,1581,6.772367382248015,8.0,2.0,1.0,8.0,0.0
283642,3,Atacama,3203,Tierra Amarilla,5,True,1,1.0,14034.041384518876,MVP_coverage_mid,,,12641.752446862962,12641.752446862962,,12641.752446862962,6320.876223431482,0.0,7713.165161087396,0.0,0.0,1581,6.772367382248015,8.0,2.0,1.0,8.0,0.0
301258,3,Atacama,3302,Freirina,6,False,1,1.0,2561.606851605823,MVP_coverage_mid,,,12641.752446862962,12641.752446862962,,5080.0,2534.090510451622,7561.752446862962,27.51634115420081,0.0,5.909489548378116,635,2.7214285714285715,8.0,2.0,1.0,8.0,0.0
225693,3,Atacama,3101,Chañaral,7,True,1,1.0,8851.03879676358,MVP_coverage_mid,,,12641.752446862962,12641.752446862962,,12641.752446862962,6320.87622343148,0.0,2530.1625733321,0.0,0.0,1581,6.772367382248015,8.0,2.0,1.0,8.0,0.0
268193,3,Atacama,3201,Copiapó,8,False,1,1.0,5321.589267468928,MVP_coverage_mid,,,12641.752446862962,12641.752446862962,,8528.0,4261.642066703564,4113.752446862962,1059.9472007653644,0.0,2.357933296437397,1066,4.5685714285714285,8.0,2.0,1.0,8.0,0.0
285063,3,Atacama,3301,Vallenar,9,True,1,1.0,2507.5052479713604,MVP_coverage_mid,,,12641.752446862962,12641.752446862962,,4984.0,2488.8168629727857,7657.752446862962,18.688384998574463,0.0,3.183137027214129,623,2.67,8.0,2.0,1.0,8.0,0.0
263945,3,Atacama,3201,Copiapó,10,False,1,1.0,4246.905492138016,MVP_coverage_mid,,,12641.752446862962,12641.752446862962,,7960.0,3974.8122930066284,4681.752446862962,272.0931991313879,0.0,5.187706993372178,995,4.264285714285714,8.0,2.0,1.0,8.0,0.0
529140,4,Coquimbo,4304,Canela,1,True,1,1.0,6285.901690791,MVP_coverage_mid,,,11365.016439353796,11365.016439353796,,11365.016439353796,5682.508219676898,0.0,603.3934711141023,0.0,0.0,1421,6.088401663939535,8.0,2.0,1.0,8.0,0.0
314715,4,Coquimbo,4101,La Serena,2,False,1,1.0,3836.8747114031253,MVP_coverage_mid,,,11365.016439353796,11365.016439353796,,7392.0,3691.4228175082503,3973.016439353796,145.45189389487462,0.0,4.577182491749791,924,3.9600000000000004,8.0,2.0,1.0,8.0,0.0
500971,4,Coquimbo,4204,Punitaqui,3,True,1,1.0,4266.517351844234,MVP_coverage_mid,,,11365.016439353796,11365.016439353796,,8512.0,4251.630900621225,2853.016439353796,14.886451223009187,0.0,4.36909937877506,1064,4.5600000000000005,8.0,2.0,1.0,8.0,0.0
506350,4,Coquimbo,4205,Combarbalá,4,False,1,1.0,2721.3303067831794,MVP_coverage_mid,,,11365.016439353796,11365.016439353796,,5432.0,2713.475067802974,5933.016439353796,7.855238980205628,0.0,2.524932197026337,679,2.91,8.0,2.0,1.0,8.0,0.0
456326,4,Coquimbo,4106,Paiguano,5,True,1,1.0,23823.671791509474,MVP_coverage_mid,,,11365.016439353796,11365.016439353796,,11365.016439353796,5682.508219676898,0.0,18141.163571832578,0.0,0.0,1421,6.088401663939535,8.0,2.0,1.0,8.0,0.0
508082,4,Coquimbo,4301,Illapel,6,False,1,1.0,3976.251291596532,MVP_coverage_mid,,,11365.016439353796,11365.016439353796,,7872.0,3932.838769791028,3493.016439353796,43.412521805504475,0.0,3.1612302089720536,984,4.217142857142857,8.0,2.0,1.0,8.0,0.0
448972,4,Coquimbo,4105,Vicuña,7,True,1,1.0,12102.355744151642,MVP_coverage_mid,,,11365.016439353796,11365.016439353796,,11365.016439353796,5682.508219676897,0.0,6419.847524474746,0.0,0.0,1421,6.088401663939535,8.0,2.0,1.0,8.0,0.0
507119,4,Coquimbo,4206,Río Hurtado,8,False,1,1.0,10204.620279630235,MVP_coverage_mid,,,11365.016439353796,11365.016439353796,,11365.016439353796,5682.508219676898,0.0,4522.112059953337,0.0,0.0,1421,6.088401663939535,8.0,2.0,1.0,8.0,0.0
517329,4,Coquimbo,4302,Salamanca,9,True,1,1.0,5769.939365362588,MVP_coverage_mid,,,11365.016439353796,11365.016439353796,,11216.0,5603.195124735067,149.01643935379616,166.7442406275208,0.0,4.804875264933904,1402,6.008571428571428,8.0,2.0,1.0,8.0,0.0
490602,4,Coquimbo,4203,Monte Patria,10,False,1,1.0,6252.290970101319,MVP_coverage_mid,,,11365.016439353796,11365.016439353796,,11365.016439353796,5682.508219676898,0.0,569.7827504244215,0.0,0.0,1421,6.088401663939535,8.0,2.0,1.0,8.0,0.0
387335,4,Coquimbo,4103,Coquimbo,11,True,1,1.0,3523.4334280239977,MVP_coverage_mid,,,11365.016439353796,11365.016439353796,,7024.0,3508.394060408544,4341.016439353796,15.039367615452573,0.0,3.6059395914550345,878,3.762857142857143,8.0,2.0,1.0,8.0,0.0
522075,4,Coquimbo,4303,Los Vilos,12,False,1,1.0,6256.601473572888,MVP_coverage_mid,,,11365.016439353796,11365.016439353796,,11365.016439353796,5682.508219676898,0.0,574.0932538959896,0.0,0.0,1421,6.088401663939535,8.0,2.0,1.0,8.0,0.0
372540,4,Coquimbo,4102,La Higuera,13,True,1,1.0,2896.210097377753,MVP_coverage_mid,,,11365.016439353796,11365.016439353796,,5760.0,2874.841125210372,5605.016439353796,21.368972167380562,0.0,5.158874789627848,720,3.085714285714286,8.0,2.0,1.0,8.0,0.0
457381,4,Coquimbo,4201,Ovalle,14,False,1,1.0,2729.881495416465,MVP_coverage_mid,,,11365.016439353796,11365.016439353796,,5464.0,2728.291315992808,5901.016439353796,1.5901794236566231,0.0,3.7086840071919447,683,2.927142857142857,8.0,2.0,1.0,8.0,0.0
447428,4,Coquimbo,4104,Andacollo,15,True,1,1.0,1945.3915408262274,MVP_coverage_mid,,,11365.016439353796,11365.016439353796,,3896.0,1945.3915408262274,7469.016439353796,0.0,0.0,2.6084591737725287,487,2.087142857142857,8.0,2.0,1.0,8.0,0.0
861373,5,Valparaiso,5502,Nogales,1,True,1,1.0,3427.5724150199885,MVP_coverage_mid,,,9702.904295599574,9702.904295599574,,6816.0,3402.2152849898494,2886.9042955995737,25.35713003013887,0.0,5.7847150101504345,852,3.6514285714285712,8.0,2.0,1.0,8.0,0.0
605645,5,Valparaiso,5302,Viña del Mar,2,False,1,1.0,3952.690663950787,MVP_coverage_mid,,,9702.904295599574,9702.904295599574,,7912.0,3952.690663950787,1790.9042955995737,0.0,0.0,3.309336049213275,989,4.238571428571429,8.0,2.0,1.0,8.0,0.0
925897,5,Valparaiso,5603,Catemu,3,True,1,1.0,2507.608444778625,MVP_coverage_mid,,,9702.904295599574,9702.904295599574,,5024.0,2507.608444778625,4678.904295599574,0.0,0.0,4.39155522137479,628,2.6914285714285713,8.0,2.0,1.0,8.0,0.0
945407,5,Valparaiso,5701,Los Andes,4,False,1,1.0,18528.312543201806,MVP_coverage_mid,,,9702.904295599574,9702.904295599574,,9702.904295599574,4851.452147799787,0.0,13676.860395402016,0.0,0.0,1213,5.1979844440712,8.0,2.0,1.0,8.0,0.0
548301,5,Valparaiso,5205,Papudo,5,True,1,1.0,6144.426850964559,MVP_coverage_mid,,,9702.904295599574,9702.904295599574,,9702.904295599574,4851.452147799788,0.0,1292.9747031647726,0.0,0.0,1213,5.1979844440712,8.0,2.0,1.0,8.0,0.0
582151,5,Valparaiso,5301,Valparaíso,6,False,1,1.0,19824.378060980576,MVP_coverage_mid,,,9702.904295599574,9702.904295599574,,9702.904295599574,4851.452147799787,0.0,14972.92591318079,0.0,0.0,1213,5.1979844440712,8.0,2.0,1.0,8.0,0.0
941364,5,Valparaiso,5606,Llaillay,7,True,1,1.0,2077.5633240169436,MVP_coverage_mid,,,9702.904295599574,9702.904295599574,,4160.0,2077.5633240169436,5542.904295599574,0.0,0.0,2.4366759830563653,520,2.228571428571428,8.0,2.0,1.0,8.0,0.0
863656,5,Valparaiso,5503,Hijuelas,8,False,1,1.0,2774.817485796856,MVP_coverage_mid,,,9702.904295599574,9702.904295599574,,5520.0,2755.0678018356007,4182.904295599574,19.749683961255297,0.0,4.932198164399209,690,2.9571428571428573,8.0,2.0,1.0,8.0,0.0
776821,5,Valparaiso,5401,San Antonio,9,True,1,1.0,12805.57382946578,MVP_coverage_mid,,,9702.904295599574,9702.904295599574,,9702.904295599574,4851.452147799786,0.0,7954.121681665993,0.0,0.0,1213,5.1979844440712,8.0,2.0,1.0,8.0,0.0
970586,5,Valparaiso,5704,Rinconada,10,False,1,1.0,3238.529971464786,MVP_coverage_mid,,,9702.904295599574,9702.904295599574,,6464.0,3228.1817411191996,3238.9042955995737,10.348230345586028,0.0,3.8182588808006037,808,3.462857142857143,8.0,2.0,1.0,8.0,0.0
529267,5,Valparaiso,5101,Isla de Pascua,11,True,1,1.0,6875.676530177975,MVP_coverage_mid,,,9702.904295599574,9702.904295599574,,9702.904295599574,4851.452147799787,0.0,2024.224382378188,0.0,0.0,1213,5.1979844440712,8.0,2.0,1.0,8.0,0.0
729118,5,Valparaiso,5304,Quilpué,12,False,1,1.0,7356.509562621152,MVP_coverage_mid,,,9702.904295599574,9702.904295599574,,9702.904295599574,4851.452147799787,0.0,2505.057414821366,0.0,0.0,1213,5.1979844440712,8.0,2.0,1.0,8.0,0.0
762576,5,Valparaiso,5309,Concón,13,True,1,1.0,8321.29403317085,MVP_coverage_mid,,,9702.904295599574,9702.904295599574,,9702.904295599574,4851.452147799787,0.0,3469.8418853710646,0.0,0.0,1213,5.1979844440712,8.0,2.0,1.0,8.0,0.0
874745,5,Valparaiso,5504,Calera,14,False,1,1.0,1510.6478036580688,MVP_coverage_mid,,,9702.904295599574,9702.904295599574,,3032.0,1510.6478036580688,6670.904295599574,0.0,0.0,5.352196341931043,379,1.6242857142857146,8.0,2.0,1.0,8.0,0.0
532788,5,Valparaiso,5201,La Ligua,15,True,1,1.0,3544.7001727458774,MVP_coverage_mid,,,9702.904295599574,9702.904295599574,,7072.0,3532.623590633182,2630.9042955995737,12.0765821126948,0.0,3.376409366817372,884,3.7885714285714287,8.0,2.0,1.0,8.0,0.0
826851,5,Valparaiso,5406,Algarrobo,16,False,1,1.0,4321.499917941542,MVP_coverage_mid,,,9702.904295599574,9702.904295599574,,8648.0,4321.499917941542,1054.9042955995737,0.0,0.0,2.500082058458235,1081,4.632857142857143,8.0,2.0,1.0,8.0,0.0
738313,5,Valparaiso,5306,Quintero,17,True,1,1.0,23217.375845652794,MVP_coverage_mid,,,9702.904295599574,9702.904295599574,,9702.904295599574,4851.452147799787,0.0,18365.92369785301,0.0,0.0,1213,5.1979844440712,8.0,2.0,1.0,8.0,0.0
751534,5,Valparaiso,5307,Puchuncaví,18,False,1,1.0,7549.971198241473,MVP_coverage_mid,,,9702.904295599574,9702.904295599574,,9702.904295599574,4851.452147799787,0.0,2698.5190504416855,0.0,0.0,1213,5.1979844440712,8.0,2.0,1.0,8.0,0.0
894339,5,Valparaiso,5507,Olmué,19,True,1,1.0,2523.3141571897004,MVP_coverage_mid,,,9702.904295599574,9702.904295599574,,5040.0,2518.234878002119,4662.904295599574,5.079279187581833,0.0,1.7651219978815589,630,2.6999999999999997,8.0,2.0,1.0,8.0,0.0
932683,5,Valparaiso,5605,Santa María,20,False,1,1.0,7096.037211292113,MVP_coverage_mid,,,9702.904295599574,9702.904295599574,,9702.904295599574,4851.452147799787,0.0,2244.585063492326,0.0,0.0,1213,5.1979844440712,8.0,2.0,1.0,8.0,0.0
806361,5,Valparaiso,5404,El Tabo,21,True,1,1.0,7452.87893070769,MVP_coverage_mid,,,9702.904295599574,9702.904295599574,,9702.904295599574,4851.452147799788,0.0,2601.4267829079026,0.0,0.0,1213,5.1979844440712,8.0,2.0,1.0,8.0,0.0
737494,5,Valparaiso,5305,Casablanca,22,False,1,1.0,23564.344046903996,MVP_coverage_mid,,,9702.904295599574,9702.904295599574,,9702.904295599574,4851.452147799787,0.0,18712.89189910421,0.0,0.0,1213,5.1979844440712,8.0,2.0,1.0,8.0,0.0
544062,5,Valparaiso,5204,Zapallar,23,True,1,1.0,10246.259425607035,MVP_coverage_mid,,,9702.904295599574,9702.904295599574,,9702.904295599574,4851.452147799787,0.0,5394.8072778072465,0.0,0.0,1213,5.1979844440712,8.0,2.0,1.0,8.0,0.0
799481,5,Valparaiso,5403,Cartagena,24,False,1,1.0,7710.899386910121,MVP_coverage_mid,,,9702.904295599574,9702.904295599574,,9702.904295599574,4851.452147799787,0.0,2859.4472391103345,0.0,0.0,1213,5.1979844440712,8.0,2.0,1.0,8.0,0.0
756240,5,Valparaiso,5308,Juan Fernández,25,True,1,1.0,5325.5298651612775,MVP_coverage_mid,,,9702.904295599574,9702.904295599574,,9702.904295599574,4851.452147799787,0.0,474.07771736149107,0.0,0.0,1213,5.1979844440712,8.0,2.0,1.0,8.0,0.0
919344,5,Valparaiso,5601,San Felipe,26,False,1,1.0,4662.831430513019,MVP_coverage_mid,,,9702.904295599574,9702.904295599574,,8456.0,4226.081237805503,1246.9042955995737,436.750192707515,0.0,1.9187621944955613,1057,4.53,8.0,2.0,1.0,8.0,0.0
931145,5,Valparaiso,5604,Putaendo,27,True,1,1.0,7416.127903009645,MVP_coverage_mid,,,9702.904295599574,9702.904295599574,,9702.904295599574,4851.452147799787,0.0,2564.6757552098575,0.0,0.0,1213,5.1979844440712,8.0,2.0,1.0,8.0,0.0
537881,5,Valparaiso,5202,Petorca,28,False,1,1.0,1752.6144410530603,MVP_coverage_mid,,,9702.904295599574,9702.904295599574,,3512.0,1752.6144410530603,6190.904295599574,0.0,0.0,3.3855589469395304,439,1.8814285714285715,8.0,2.0,1.0,8.0,0.0
884946,5,Valparaiso,5506,Limache,29,True,1,1.0,2442.130561576507,MVP_coverage_mid,,,9702.904295599574,9702.904295599574,,4888.0,2442.130561576507,4814.904295599574,0.0,0.0,1.8694384234931025,611,2.6185714285714283,8.0,2.0,1.0,8.0,0.0
881508,5,Valparaiso,5505,La Cruz,30,False,1,1.0,3050.007787737309,MVP_coverage_mid,,,9702.904295599574,9702.904295599574,,6104.0,3049.8672439370403,3598.9042955995737,0.1405438002688144,0.0,2.1327560629595355,763,3.27,8.0,2.0,1.0,8.0,0.0
540936,5,Valparaiso,5203,Cabildo,31,True,1,1.0,2789.4242098191394,MVP_coverage_mid,,,9702.904295599574,9702.904295599574,,5576.0,2783.883834644247,4126.904295599574,5.540375174892224,0.0,4.116165355752985,697,2.9871428571428575,8.0,2.0,1.0,8.0,0.0
807727,5,Valparaiso,5405,El Quisco,32,False,1,1.0,4638.793622935803,MVP_coverage_mid,,,9702.904295599574,9702.904295599574,,9288.0,4638.793622935803,414.90429559957374,0.0,0.0,5.20637706419668,1161,4.975714285714287,8.0,2.0,1.0,8.0,0.0
923368,5,Valparaiso,5602,Panquehue,33,True,1,1.0,3850.6344315306874,MVP_coverage_mid,,,9702.904295599574,9702.904295599574,,7336.0,3665.989015981106,2366.9042955995737,184.64541554958106,0.0,2.0109840188937755,917,3.93,8.0,2.0,1.0,8.0,0.0
788845,5,Valparaiso,5402,Santo Domingo,34,False,1,1.0,8226.678112570666,MVP_coverage_mid,,,9702.904295599574,9702.904295599574,,9702.904295599574,4851.452147799786,0.0,3375.225964770877,0.0,0.0,1213,5.1979844440712,8.0,2.0,1.0,8.0,0.0
961960,5,Valparaiso,5702,Calle Larga,35,True,1,1.0,9676.334305031407,MVP_coverage_mid,,,9702.904295599574,9702.904295599574,,9702.904295599574,4851.452147799787,0.0,4824.882157231619,0.0,0.0,1213,5.1979844440712,8.0,2.0,1.0,8.0,0.0
969237,5,Valparaiso,5703,San Esteban,36,False,1,1.0,18518.76571302254,MVP_coverage_mid,,,9702.904295599574,9702.904295599574,,9702.904295599574,4851.452147799787,0.0,13667.313565222757,0.0,0.0,1213,5.1979844440712,8.0,2.0,1.0,8.0,0.0
844142,5,Valparaiso,5501,Quillota,37,True,1,1.0,2259.0291753014417,MVP_coverage_mid,,,9702.904295599574,9702.904295599574,,4528.0,2259.0291753014417,5174.904295599574,0.0,0.0,4.970824698557986,566,2.4257142857142857,8.0,2.0,1.0,8.0,0.0
1202172,6,O'Higgins,6209,Chépica,1,True,1,1.0,2407.5492244520055,REDPE_mid,3.77,7040.0,7908.846174457998,7040.0,3.77,4576.0,2285.0332738585566,2464.0,122.51595059344902,0.0,2.9667261414431505,572,2.451428571428572,8.0,2.0,4.0,8.0,0.0
1195855,6,O'Higgins,6205,Santa Cruz,2,False,1,1.0,11524.105448407501,REDPE_mid,3.77,7040.0,7908.846174457998,7040.0,3.77,7040.0,3520.0,0.0,8004.105448407501,0.0,0.0,880,3.7714285714285714,8.0,2.0,4.0,8.0,0.0
1112898,6,O'Higgins,6111,Pichidegua,3,True,1,1.0,6722.13018699286,REDPE_mid,3.77,7040.0,7908.846174457998,7040.0,3.77,7040.0,3520.0,0.0,3202.1301869928607,0.0,0.0,880,3.7714285714285714,8.0,2.0,4.0,8.0,0.0
1198594,6,O'Higgins,6208,Peralillo,4,False,1,1.0,312.74274257170845,REDPE_mid,3.77,7040.0,7908.846174457998,7040.0,3.77,632.0,312.74274257170845,6408.0,0.0,0.0,3.2572574282915645,79,0.3385714285714286,8.0,2.0,4.0,8.0,0.0
1214560,6,O'Higgins,6304,La Estrella,5,True,1,1.0,5728.900412826169,REDPE_mid,3.77,7040.0,7908.846174457998,7040.0,3.77,6568.0,3279.4427895795125,472.0,2449.457623246656,0.0,4.557210420487905,821,3.5185714285714287,8.0,2.0,4.0,8.0,0.0
1089505,6,O'Higgins,6108,Peumo,6,False,1,1.0,5455.699656414515,REDPE_mid,3.77,7040.0,7908.846174457998,7040.0,3.77,7000.0,3496.7982115131767,40.0,1958.9014449013387,0.0,3.201788486823602,875,3.75,8.0,2.0,4.0,8.0,0.0
1136047,6,O'Higgins,6113,Requínoa,7,True,1,1.0,7304.238455145917,REDPE_mid,3.77,7040.0,7908.846174457998,7040.0,3.77,7040.0,3520.0,0.0,3784.238455145917,0.0,0.0,880,3.7714285714285714,8.0,2.0,4.0,8.0,0.0
1156003,6,O'Higgins,6201,San Fernando,8,False,1,1.0,17320.32824308563,REDPE_mid,3.77,7040.0,7908.846174457998,7040.0,3.77,7040.0,3520.0,0.0,13800.32824308563,0.0,0.0,880,3.7714285714285714,8.0,2.0,4.0,8.0,0.0
1146861,6,O'Higgins,6116,Coinco,9,True,1,1.0,4613.736673084665,REDPE_mid,3.77,7040.0,7908.846174457998,7040.0,3.77,6424.0,3209.141357450376,616.0,1404.5953156342894,0.0,2.858642549624241,803,3.4414285714285717,8.0,2.0,4.0,8.0,0.0
1067256,6,O'Higgins,6103,Graneros,10,False,1,1.0,2197.3187897866305,REDPE_mid,3.77,7040.0,7908.846174457998,7040.0,3.77,4264.0,2126.6471845880733,2776.0,70.67160519855693,0.0,5.352815411926572,533,2.2842857142857143,8.0,2.0,4.0,8.0,0.0
1196951,6,O'Higgins,6206,Lolol,11,True,1,1.0,4527.059551861485,REDPE_mid,3.77,7040.0,7908.846174457998,7040.0,3.77,6296.0,3144.5798501520317,744.0,1382.4797017094525,0.0,3.4201498479680237,787,3.372857142857143,8.0,2.0,4.0,8.0,0.0
1183996,6,O'Higgins,6204,Placilla,12,False,1,1.0,1419.4953432223756,REDPE_mid,3.77,7040.0,7908.846174457998,7040.0,3.77,2840.0,1415.0865284499914,4200.0,4.408814772384123,0.0,4.913471550008522,355,1.5214285714285714,8.0,2.0,4.0,8.0,0.0
1212254,6,O'Higgins,6302,Navidad,13,True,1,1.0,13881.51418198031,REDPE_mid,3.77,7040.0,7908.846174457998,7040.0,3.77,7040.0,3520.0,0.0,10361.51418198031,0.0,0.0,880,3.7714285714285714,8.0,2.0,4.0,8.0,0.0
1214304,6,O'Higgins,6303,Litueche,14,False,1,1.0,4222.195978874556,REDPE_mid,3.77,7040.0,7908.846174457998,7040.0,3.77,7040.0,3520.0,0.0,702.1959788745559,0.0,0.0,880,3.7714285714285714,8.0,2.0,4.0,8.0,0.0
1182973,6,O'Higgins,6203,Nancagua,15,True,1,1.0,2914.390061730058,REDPE_mid,3.77,7040.0,7908.846174457998,7040.0,3.77,5320.0,2656.658803920471,1720.0,257.73125780958696,0.0,3.3411960795287414,665,2.8499999999999996,8.0,2.0,4.0,8.0,0.0
1203293,6,O'Higgins,6214,Pumanque,16,False,1,1.0,11245.435881427784,REDPE_mid,3.77,7040.0,7908.846174457998,7040.0,3.77,7040.0,3520.0,0.0,7725.435881427783,0.0,0.0,880,3.7714285714285714,8.0,2.0,4.0,8.0,0.0
1197781,6,O'Higgins,6207,Palmilla,17,True,1,1.0,4316.10741997627,REDPE_mid,3.77,7040.0,7908.846174457998,7040.0,3.77,6120.0,3055.6841338803133,920.0,1260.4232860959567,0.0,4.315866119686442,765,3.2785714285714285,8.0,2.0,4.0,8.0,0.0
1178845,6,O'Higgins,6202,Chimbarongo,18,False,1,1.0,3126.12698972284,REDPE_mid,3.77,7040.0,7908.846174457998,7040.0,3.77,5544.0,2768.547459598676,1496.0,357.57953012416385,0.0,3.4525404013242973,693,2.97,8.0,2.0,4.0,8.0,0.0
1147942,6,O'Higgins,6117,Quinta de Tilcoco,19,True,1,1.0,3718.202826363657,REDPE_mid,3.77,7040.0,7908.846174457998,7040.0,3.77,5632.0,2811.784211074548,1408.0,906.4186152891095,0.0,4.215788925452289,704,3.017142857142857,8.0,2.0,4.0,8.0,0.0
1043283,6,O'Higgins,6102,Machalí,20,False,1,1.0,13019.241712708437,REDPE_mid,3.77,7040.0,7908.846174457998,7040.0,3.77,7040.0,3520.0,0.0,9499.241712708437,0.0,0.0,880,3.7714285714285714,8.0,2.0,4.0,8.0,0.0
1080965,6,O'Higgins,6105,Doñihue,21,True,1,1.0,4825.160598116022,REDPE_mid,3.77,7040.0,7908.846174457998,7040.0,3.77,6632.0,3312.7630521947094,408.0,1512.3975459213116,0.0,3.236947805290417,829,3.552857142857143,8.0,2.0,4.0,8.0,0.0
1083560,6,O'Higgins,6106,Coltauco,22,False,1,1.0,2592.182964073067,REDPE_mid,3.77,7040.0,7908.846174457998,7040.0,3.77,4928.0,2460.243373415836,2112.0,131.9395906572318,0.0,3.7566265841644553,616,2.64,8.0,2.0,4.0,8.0,0.0
1146288,6,O'Higgins,6115,Malloa,23,True,1,1.0,3105.622013708222,REDPE_mid,3.77,7040.0,7908.846174457998,7040.0,3.77,5536.0,2765.115659869379,1504.0,340.5063538388419,0.0,2.8843401306204717,692,2.965714285714286,8.0,2.0,4.0,8.0,0.0
1216252,6,O'Higgins,6306,Paredones,24,False,1,1.0,13251.489648235243,REDPE_mid,3.77,7040.0,7908.846174457998,7040.0,3.77,7040.0,3520.0,0.0,9731.489648235243,0.0,0.0,880,3.7714285714285714,8.0,2.0,4.0,8.0,0.0
1018248,6,O'Higgins,6101,Rancagua,25,True,1,1.0,3162.6764588083884,REDPE_mid,3.77,7040.0,7908.846174457998,7040.0,3.77,5616.0,2804.9617800115607,1424.0,357.71467879682757,0.0,3.038219988439669,702,3.008571428571429,8.0,2.0,4.0,8.0,0.0
1099445,6,O'Higgins,6110,San Vicente,26,False,1,1.0,3021.871116220813,REDPE_mid,3.77,7040.0,7908.846174457998,7040.0,3.77,5464.0,2727.9735455294854,1576.0,293.89757069132685,0.0,4.026454470514321,683,2.927142857142857,8.0,2.0,4.0,8.0,0.0
1205177,6,O'Higgins,6301,Pichilemu,27,True,1,1.0,8821.286730126798,REDPE_mid,3.77,7040.0,7908.846174457998,7040.0,3.77,7040.0,3520.0,0.0,5301.286730126797,0.0,0.0,880,3.7714285714285714,8.0,2.0,4.0,8.0,0.0
1088065,6,O'Higgins,6107,Codegua,28,False,1,1.0,5771.519804720958,REDPE_mid,3.77,7040.0,7908.846174457998,7040.0,3.77,6600.0,3298.5197377356117,440.0,2473.000066985346,0.0,1.480262264388953,825,3.5357142857142856,8.0,2.0,4.0,8.0,0.0
1215978,6,O'Higgins,6305,Marchihue,29,True,1,1.0,1716.0926682663494,REDPE_mid,3.77,7040.0,7908.846174457998,7040.0,3.77,3320.0,1657.652355356288,3720.0,58.44031291006108,0.0,2.347644643711935,415,1.7785714285714282,8.0,2.0,4.0,8.0,0.0
1092076,6,O'Higgins,6109,Las Cabras,30,False,1,1.0,4716.882957990572,REDPE_mid,3.77,7040.0,7908.846174457998,7040.0,3.77,6568.0,3278.87697511472,472.0,1438.005982875852,0.0,5.123024885279991,821,3.5185714285714287,8.0,2.0,4.0,8.0,0.0
1120484,6,O'Higgins,6112,Rengo,31,True,1,1.0,3716.2517808632833,REDPE_mid,3.77,7040.0,7908.846174457998,7040.0,3.77,6160.0,3077.9123410979905,880.0,638.3394397652926,0.0,2.087658902009054,770,3.3000000000000003,8.0,2.0,4.0,8.0,0.0
1077276,6,O'Higgins,6104,Mostazal,32,False,1,1.0,5519.776074562773,REDPE_mid,3.77,7040.0,7908.846174457998,7040.0,3.77,7040.0,3518.0488976574684,0.0,2001.7271769053043,0.0,1.9511023425317844,880,3.7714285714285714,8.0,2.0,4.0,8.0,0.0
1141817,6,O'Higgins,6114,Olivar,33,True,1,1.0,5481.538484209495,REDPE_mid,3.77,7040.0,7908.846174457998,7040.0,3.77,6536.0,3262.3919204229023,504.0,2219.146563786593,0.0,5.608079577097415,817,3.5014285714285713,8.0,2.0,4.0,8.0,0.0
1176689,6,O'Higgins,6202,Chimbarongo,34,False,1,1.0,3398.1007806208095,REDPE_mid,3.77,7040.0,7908.846174457998,7040.0,3.77,5656.0,2822.4450276854377,1384.0,575.6557529353717,0.0,5.554972314562478,707,3.03,8.0,2.0,4.0,8.0,0.0
1212967,6,O'Higgins,6303,Litueche,35,True,1,1.0,7943.696364984037,REDPE_mid,3.77,7040.0,7908.846174457998,7040.0,3.77,7040.0,3520.0,0.0,4423.696364984036,0.0,0.0,880,3.7714285714285714,8.0,2.0,4.0,8.0,0.0
1440031,7,Maule,7210,San Rafael,1,True,1,1.0,2842.608336027233,REDPE_mid,5.345000000000001,9980.0,10798.046970963564,9980.0,5.345000000000001,5696.0,2842.608336027233,4284.0,0.0,0.0,5.391663972766923,712,3.051428571428572,8.0,2.0,1.0,8.0,0.0
1407406,7,Maule,7205,Pencahue,2,False,1,1.0,3653.7943864414547,REDPE_mid,5.345000000000001,9980.0,10798.046970963564,9980.0,5.345000000000001,7312.0,3653.068624855266,2668.0,0.7257615861884106,0.0,2.9313751447341327,914,3.9171428571428573,8.0,2.0,1.0,8.0,0.0
1279174,7,Maule,7103,Romeral,3,True,1,1.0,11905.528181006888,REDPE_mid,5.345000000000001,9980.0,10798.046970963564,9980.0,5.345000000000001,9980.0,4990.0,0.0,6915.528181006889,0.0,0.0,1248,5.346428571428571,8.0,2.0,1.0,8.0,0.0
1428174,7,Maule,7207,Curepto,4,False,1,1.0,10627.363886160274,REDPE_mid,5.345000000000001,9980.0,10798.046970963564,9980.0,5.345000000000001,9980.0,4990.0,0.0,5637.363886160274,0.0,0.0,1248,5.346428571428571,8.0,2.0,1.0,8.0,0.0
1506029,7,Maule,7310,San Javier,5,True,1,1.0,4069.1158927362285,REDPE_mid,5.345000000000001,9980.0,10798.046970963564,9980.0,5.345000000000001,7992.0,3991.1966328625963,1988.0,77.91925987363192,0.0,4.803367137403307,999,4.281428571428571,8.0,2.0,1.0,8.0,0.0
1473118,7,Maule,7302,Yerbas Buenas,6,False,1,1.0,5911.196769932565,REDPE_mid,5.345000000000001,9980.0,10798.046970963564,9980.0,5.345000000000001,9980.0,4990.0,0.0,921.1967699325653,0.0,0.0,1248,5.346428571428571,8.0,2.0,1.0,8.0,0.0
1494315,7,Maule,7305,Parral,7,True,1,1.0,6120.618969286942,REDPE_mid,5.345000000000001,9980.0,10798.046970963564,9980.0,5.345000000000001,9980.0,4990.0,0.0,1130.618969286942,0.0,0.0,1248,5.346428571428571,8.0,2.0,1.0,8.0,0.0
1293475,7,Maule,7108,Molina,8,False,1,1.0,22449.420272459323,REDPE_mid,5.345000000000001,9980.0,10798.046970963564,9980.0,5.345000000000001,9980.0,4990.0,0.0,17459.420272459323,0.0,0.0,1248,5.346428571428571,8.0,2.0,1.0,8.0,0.0
1448378,7,Maule,7301,Linares,9,True,1,1.0,4992.887551539406,REDPE_mid,5.345000000000001,9980.0,10798.046970963564,9980.0,5.345000000000001,9952.0,4972.563054849811,28.0,20.324496689594348,0.0,3.436945150188987,1244,5.331428571428572,8.0,2.0,1.0,8.0,0.0
1480196,7,Maule,7304,Longaví,10,False,1,1.0,3679.6779941163873,REDPE_mid,5.345000000000001,9980.0,10798.046970963564,9980.0,5.345000000000001,7344.0,3666.3548683506665,2636.0,13.323125765720867,0.0,5.645131649333597,918,3.9342857142857146,8.0,2.0,1.0,8.0,0.0
1438614,7,Maule,7209,Empedrado,11,True,1,1.0,3625.9218752623783,REDPE_mid,5.345000000000001,9980.0,10798.046970963564,9980.0,5.345000000000001,7256.0,3625.9218752623783,2724.0,0.0,0.0,2.078124737621611,907,3.887142857142857,8.0,2.0,1.0,8.0,0.0
1527022,7,Maule,7401,Cauquenes,12,False,1,1.0,16127.11733241274,REDPE_mid,5.345000000000001,9980.0,10798.046970963564,9980.0,5.345000000000001,9980.0,4990.0,0.0,11137.117332412738,0.0,0.0,1248,5.346428571428571,8.0,2.0,1.0,8.0,0.0
1273485,7,Maule,7102,Teno,13,True,1,1.0,10151.903070815148,REDPE_mid,5.345000000000001,9980.0,10798.046970963564,9980.0,5.345000000000001,9980.0,4990.0,0.0,5161.903070815147,0.0,0.0,1248,5.346428571428571,8.0,2.0,1.0,8.0,0.0
1287193,7,Maule,7106,Vichuquén,14,False,1,1.0,13079.90833555352,REDPE_mid,5.345000000000001,9980.0,10798.046970963564,9980.0,5.345000000000001,9980.0,4990.0,0.0,8089.90833555352,0.0,0.0,1248,5.346428571428571,8.0,2.0,1.0,8.0,0.0
1283864,7,Maule,7105,Licantén,15,True,1,1.0,11460.56705274037,REDPE_mid,5.345000000000001,9980.0,10798.046970963564,9980.0,5.345000000000001,9980.0,4990.0,0.0,6470.567052740374,0.0,0.0,1248,5.346428571428571,8.0,2.0,1.0,8.0,0.0
1501713,7,Maule,7309,Villa Alegre,16,False,1,1.0,4041.82055418029,REDPE_mid,5.345000000000001,9980.0,10798.046970963564,9980.0,5.345000000000001,8072.0,4030.3541269672164,1908.0,11.466427213073928,0.0,5.6458730327837285,1009,4.324285714285715,8.0,2.0,1.0,8.0,0.0
1538487,7,Maule,7402,Pelluhue,17,True,1,1.0,6241.479813951151,REDPE_mid,5.345000000000001,9980.0,10798.046970963564,9980.0,5.345000000000001,9980.0,4990.0,0.0,1251.4798139511513,0.0,0.0,1248,5.346428571428571,8.0,2.0,1.0,8.0,0.0
1306966,7,Maule,7109,Sagrada Familia,18,False,1,1.0,10480.587520480145,REDPE_mid,5.345000000000001,9980.0,10798.046970963564,9980.0,5.345000000000001,9980.0,4990.0,0.0,5490.587520480144,0.0,0.0,1248,5.346428571428571,8.0,2.0,1.0,8.0,0.0
1429015,7,Maule,7208,Constitución,19,True,1,1.0,3238.2651417228276,REDPE_mid,5.345000000000001,9980.0,10798.046970963564,9980.0,5.345000000000001,6480.0,3238.1418542577208,3500.0,0.1232874651068876,0.0,1.8581457422792655,810,3.471428571428572,8.0,2.0,1.0,8.0,0.0
1255460,7,Maule,7101,Curicó,20,False,1,1.0,5527.589104179252,REDPE_mid,5.345000000000001,9980.0,10798.046970963564,9980.0,5.345000000000001,9980.0,4990.0,0.0,537.5891041792518,0.0,0.0,1248,5.346428571428571,8.0,2.0,1.0,8.0,0.0
1325757,7,Maule,7201,Talca,21,True,1,1.0,3447.5706172733253,REDPE_mid,5.345000000000001,9980.0,10798.046970963564,9980.0,5.345000000000001,6896.0,3445.013477776212,3084.0,2.557139497113127,0.0,2.9865222237880094,862,3.6942857142857144,8.0,2.0,1.0,8.0,0.0
1394663,7,Maule,7202,San Clemente,22,False,1,1.0,30709.650742616646,REDPE_mid,5.345000000000001,9980.0,10798.046970963564,9980.0,5.345000000000001,9980.0,4990.0,0.0,25719.650742616646,0.0,0.0,1248,5.346428571428571,8.0,2.0,1.0,8.0,0.0
1402133,7,Maule,7203,Pelarco,23,True,1,1.0,1051.4293658205968,REDPE_mid,5.345000000000001,9980.0,10798.046970963564,9980.0,5.345000000000001,2112.0,1051.4293658205968,7868.0,0.0,0.0,4.570634179403113,264,1.1314285714285715,8.0,2.0,1.0,8.0,0.0
1290333,7,Maule,7107,Hualañé,24,False,1,1.0,3231.890093673273,REDPE_mid,5.345000000000001,9980.0,10798.046970963564,9980.0,5.345000000000001,6472.0,3230.6863192081305,3508.0,1.203774465142335,0.0,5.313680791869296,809,3.4671428571428566,8.0,2.0,1.0,8.0,0.0
1280802,7,Maule,7104,Rauco,25,True,1,1.0,2765.6219894639644,REDPE_mid,5.345000000000001,9980.0,10798.046970963564,9980.0,5.345000000000001,5536.0,2765.6219894639644,4444.0,0.0,0.0,2.3780105360355037,692,2.965714285714286,8.0,2.0,1.0,8.0,0.0
1478723,7,Maule,7303,Colbún,26,False,1,1.0,8334.797506048713,REDPE_mid,5.345000000000001,9980.0,10798.046970963564,9980.0,5.345000000000001,9980.0,4990.0,0.0,3344.797506048714,0.0,0.0,1248,5.346428571428571,8.0,2.0,1.0,8.0,0.0
1402713,7,Maule,7204,Río Claro,27,True,1,1.0,3363.3605202854133,REDPE_mid,5.345000000000001,9980.0,10798.046970963564,9980.0,5.345000000000001,6736.0,3362.4741400213325,3244.0,0.8863802640807861,0.0,5.525859978667417,842,3.608571428571429,8.0,2.0,1.0,8.0,0.0
1497623,7,Maule,7306,Retiro,28,False,1,1.0,4224.864840272225,REDPE_mid,5.345000000000001,9980.0,10798.046970963564,9980.0,5.345000000000001,8392.0,4192.088700676697,1588.0,32.776139595527916,0.0,3.911299323302989,1049,4.495714285714286,8.0,2.0,1.0,8.0,0.0
1422099,7,Maule,7206,Maule,29,True,1,1.0,3419.6087841551744,REDPE_mid,5.345000000000001,9980.0,10798.046970963564,9980.0,5.345000000000001,6840.0,3416.40162277135,3140.0,3.2071613838236877,0.0,3.5983772286494458,855,3.664285714285714,8.0,2.0,1.0,8.0,0.0
1539220,7,Maule,7403,Chanco,30,False,1,1.0,1156.4185973581364,REDPE_mid,5.345000000000001,9980.0,10798.046970963564,9980.0,5.345000000000001,2320.0,1156.4185973581364,7660.0,0.0,0.0,3.581402641863697,290,1.2428571428571427,8.0,2.0,1.0,8.0,0.0
1395702,7,Maule,7202,San Clemente,31,True,1,1.0,10429.990778067446,REDPE_mid,5.345000000000001,9980.0,10798.046970963564,9980.0,5.345000000000001,9980.0,4990.0,0.0,5439.990778067447,0.0,0.0,1248,5.346428571428571,8.0,2.0,1.0,8.0,0.0
1435112,7,Maule,7208,Constitución,32,False,1,1.0,10262.81634324932,REDPE_mid,5.345000000000001,9980.0,10798.046970963564,9980.0,5.345000000000001,9980.0,4990.0,0.0,5272.81634324932,0.0,0.0,1248,5.346428571428571,8.0,2.0,1.0,8.0,0.0
1540167,7,Maule,7403,Chanco,33,True,1,1.0,1261.9044877417484,REDPE_mid,5.345000000000001,9980.0,10798.046970963564,9980.0,5.345000000000001,2528.0,1261.9044877417484,7452.0,0.0,0.0,2.095512258251661,316,1.3542857142857143,8.0,2.0,1.0,8.0,0.0
1406105,7,Maule,7205,Pencahue,34,False,1,1.0,3063.346513370513,REDPE_mid,5.345000000000001,9980.0,10798.046970963564,9980.0,5.345000000000001,6136.0,3063.346513370513,3844.0,0.0,0.0,4.653486629486922,767,3.2871428571428574,8.0,2.0,1.0,8.0,0.0
1300893,7,Maule,7108,Molina,35,True,1,1.0,9559.608107910284,REDPE_mid,5.345000000000001,9980.0,10798.046970963564,9980.0,5.345000000000001,9980.0,4990.0,0.0,4569.608107910281,0.0,0.0,1248,5.346428571428571,8.0,2.0,1.0,8.0,0.0
1503783,7,Maule,7309,Villa Alegre,36,False,1,1.0,2770.2319030390954,REDPE_mid,5.345000000000001,9980.0,10798.046970963564,9980.0,5.345000000000001,5552.0,2770.2319030390954,4428.0,0.0,0.0,5.768096960904389,694,2.974285714285714,8.0,2.0,1.0,8.0,0.0
1283904,7,Maule,7105,Licantén,37,True,1,1.0,11451.766500751042,REDPE_mid,5.345000000000001,9980.0,10798.046970963564,9980.0,5.345000000000001,9980.0,4990.0,0.0,6461.766500751042,0.0,0.0,1248,5.346428571428571,8.0,2.0,1.0,8.0,0.0
1360162,7,Maule,7201,Talca,38,False,1,1.0,3248.3776757467876,REDPE_mid,5.345000000000001,9980.0,10798.046970963564,9980.0,5.345000000000001,6504.0,3246.659529878235,3476.0,1.718145868553146,0.0,5.340470121765046,813,3.484285714285714,8.0,2.0,1.0,8.0,0.0
1482342,7,Maule,7304,Longaví,39,True,1,1.0,3773.134173486524,REDPE_mid,5.345000000000001,9980.0,10798.046970963564,9980.0,5.345000000000001,7544.0,3770.062397046613,2436.0,3.071776439911099,0.0,1.9376029533866879,943,4.041428571428572,8.0,2.0,1.0,8.0,0.0
1521525,7,Maule,7310,San Javier,40,False,1,1.0,3409.4644377143077,REDPE_mid,5.345000000000001,9980.0,10798.046970963564,9980.0,5.345000000000001,6824.0,3409.4644377143077,3156.0,0.0,0.0,2.5355622856922593,853,3.6557142857142857,8.0,2.0,1.0,8.0,0.0
1308457,7,Maule,7109,Sagrada Familia,41,True,1,1.0,2506.3714687754573,REDPE_mid,5.345000000000001,9980.0,10798.046970963564,9980.0,5.345000000000001,5024.0,2506.3714687754573,4956.0,0.0,0.0,5.62853122454279,628,2.6914285714285713,8.0,2.0,1.0,8.0,0.0
1272202,7,Maule,7102,Teno,42,False,1,1.0,5060.467056561865,REDPE_mid,5.345000000000001,9980.0,10798.046970963564,9980.0,5.345000000000001,9632.0,4811.808107556029,348.0,248.6589490058366,0.0,4.191892443971099,1204,5.160000000000001,8.0,2.0,1.0,8.0,0.0
1403904,7,Maule,7204,Río Claro,43,True,1,1.0,2947.3227523539754,REDPE_mid,5.345000000000001,9980.0,10798.046970963564,9980.0,5.345000000000001,5904.0,2947.3162238690406,4076.0,0.006528484934797074,0.0,4.683776130959267,738,3.162857142857143,8.0,2.0,1.0,8.0,0.0
1448814,7,Maule,7301,Linares,44,False,1,1.0,5887.232100079213,REDPE_mid,5.345000000000001,9980.0,10798.046970963564,9980.0,5.345000000000001,9980.0,4990.0,0.0,897.2321000792128,0.0,0.0,1248,5.346428571428571,8.0,2.0,1.0,8.0,0.0
1427257,7,Maule,7207,Curepto,45,True,1,1.0,38026.351611288286,REDPE_mid,5.345000000000001,9980.0,10798.046970963564,9980.0,5.345000000000001,9980.0,4990.0,0.0,33036.35161128828,0.0,0.0,1248,5.346428571428571,8.0,2.0,1.0,8.0,0.0
1478136,7,Maule,7303,Colbún,46,False,1,1.0,11298.776220807562,REDPE_mid,5.345000000000001,9980.0,10798.046970963564,9980.0,5.345000000000001,9980.0,4990.0,0.0,6308.776220807563,0.0,0.0,1248,5.346428571428571,8.0,2.0,1.0,8.0,0.0
1281975,7,Maule,7104,Rauco,47,True,1,1.0,4874.569368984223,REDPE_mid,5.345000000000001,9980.0,10798.046970963564,9980.0,5.345000000000001,9224.0,4608.564480384962,756.0,266.00488859926054,0.0,3.435519615037915,1153,4.941428571428571,8.0,2.0,1.0,8.0,0.0
1287049,7,Maule,7106,Vichuquén,48,False,1,1.0,1359.3232727460102,REDPE_mid,5.345000000000001,9980.0,10798.046970963564,9980.0,5.345000000000001,2728.0,1359.3232727460102,7252.0,0.0,0.0,4.676727253989801,341,1.4614285714285715,8.0,2.0,1.0,8.0,0.0
1526593,7,Maule,7401,Cauquenes,49,True,1,1.0,24983.829611450117,REDPE_mid,5.345000000000001,9980.0,10798.046970963564,9980.0,5.345000000000001,9980.0,4990.0,0.0,19993.82961145012,0.0,0.0,1248,5.346428571428571,8.0,2.0,1.0,8.0,0.0
1500235,7,Maule,7306,Retiro,50,False,1,1.0,11303.88432145019,REDPE_mid,5.345000000000001,9980.0,10798.046970963564,9980.0,5.345000000000001,9980.0,4990.0,0.0,6313.884321450191,0.0,0.0,1248,5.346428571428571,8.0,2.0,1.0,8.0,0.0
1277021,7,Maule,7103,Romeral,51,True,1,1.0,9418.584614639618,REDPE_mid,5.345000000000001,9980.0,10798.046970963564,9980.0,5.345000000000001,9980.0,4990.0,0.0,4428.58461463962,0.0,0.0,1248,5.346428571428571,8.0,2.0,1.0,8.0,0.0
1439464,7,Maule,7210,San Rafael,52,False,1,1.0,6828.207046347625,REDPE_mid,5.345000000000001,9980.0,10798.046970963564,9980.0,5.345000000000001,9980.0,4990.0,0.0,1838.207046347625,0.0,0.0,1248,5.346428571428571,8.0,2.0,1.0,8.0,0.0
1400708,7,Maule,7203,Pelarco,53,True,1,1.0,2812.611253273698,REDPE_mid,5.345000000000001,9980.0,10798.046970963564,9980.0,5.345000000000001,5632.0,2811.506122406404,4348.0,1.1051308672942217,0.0,4.493877593596526,704,3.017142857142857,8.0,2.0,1.0,8.0,0.0
1438139,7,Maule,7209,Empedrado,54,False,1,1.0,5966.424795305663,REDPE_mid,5.345000000000001,9980.0,10798.046970963564,9980.0,5.345000000000001,9980.0,4990.0,0.0,976.4247953056624,0.0,0.0,1248,5.346428571428571,8.0,2.0,1.0,8.0,0.0
1538641,7,Maule,7402,Pelluhue,55,True,1,1.0,5699.329484356413,REDPE_mid,5.345000000000001,9980.0,10798.046970963564,9980.0,5.345000000000001,9980.0,4990.0,0.0,709.3294843564131,0.0,0.0,1248,5.346428571428571,8.0,2.0,1.0,8.0,0.0
1268220,7,Maule,7101,Curicó,56,False,1,1.0,10479.23201389958,REDPE_mid,5.345000000000001,9980.0,10798.046970963564,9980.0,5.345000000000001,9980.0,4990.0,0.0,5489.232013899579,0.0,0.0,1248,5.346428571428571,8.0,2.0,1.0,8.0,0.0
1289510,7,Maule,7107,Hualañé,57,True,1,1.0,2320.380063462991,REDPE_mid,5.345000000000001,9980.0,10798.046970963564,9980.0,5.345000000000001,4648.0,2320.380063462991,5332.0,0.0,0.0,3.619936537008855,581,2.4899999999999998,8.0,2.0,1.0,8.0,0.0
1902270,8,Biobio,8301,Arauco,1,True,1,1.0,5814.568591773078,REDPE_mid,7.145,13334.999999999998,9686.194023245673,13334.999999999998,7.145,12160.0,5808.960161155013,1174.9999999999982,5.608430618065274,0.0,3.6939365722993824,1520,6.514285714285714,8.0,1.0,1.0,8.0,0.01
1867724,8,Biobio,8211,Chiguayante,2,False,1,1.0,3241.337703062339,REDPE_mid,7.145,13334.999999999998,9686.194023245673,13334.999999999998,7.145,7064.0,3241.337703062339,6270.999999999998,0.0,0.0,4.242338701250686,883,3.7842857142857143,8.0,1.0,1.0,8.0,0.01
1922398,8,Biobio,8305,Cañete,3,True,1,1.0,5913.201584204229,REDPE_mid,7.145,13334.999999999998,9686.194023245673,13334.999999999998,7.145,12352.0,5907.77280390928,982.9999999999982,5.428780294949426,0.0,2.245713224940471,1544,6.617142857142857,8.0,1.0,1.0,8.0,0.01
2030462,8,Biobio,8414,Alto Biobío,4,False,1,1.0,9888.558407641844,REDPE_mid,7.145,13334.999999999998,9686.194023245673,13334.999999999998,7.145,13334.999999999998,6520.541002225687,0.0,3368.017405416154,0.0,0.0,1667,7.143749999999999,8.0,1.0,1.0,8.0,0.01
1708760,8,Biobio,8203,Hualqui,5,True,1,1.0,7000.306933719711,REDPE_mid,7.145,13334.999999999998,9686.194023245673,13334.999999999998,7.145,13334.999999999998,6470.370447923098,0.0,529.9364857966132,0.0,0.0,1667,7.143749999999999,8.0,1.0,1.0,8.0,0.01
1808654,8,Biobio,8208,Lota,6,False,1,1.0,6017.628537192674,REDPE_mid,7.145,13334.999999999998,9686.194023245673,13334.999999999998,7.145,12560.0,6012.595500519235,774.9999999999982,5.033036673438307,0.0,4.859925433683021,1570,6.728571428571428,8.0,1.0,1.0,8.0,0.01
2030191,8,Biobio,8413,Antuco,7,True,1,1.0,14496.809028158314,REDPE_mid,7.145,13334.999999999998,9686.194023245673,13334.999999999998,7.145,13334.999999999998,6560.869164166274,0.0,7935.939863992042,0.0,0.0,1667,7.143749999999999,8.0,1.0,1.0,8.0,0.01
2017726,8,Biobio,8410,Cabrero,8,False,1,1.0,3818.0244727783834,REDPE_mid,7.145,13334.999999999998,9686.194023245673,13334.999999999998,7.145,8176.0,3818.0244727783834,5158.999999999998,0.0,0.0,4.206078980532705,1022,4.380000000000001,8.0,1.0,1.0,8.0,0.01
1928409,8,Biobio,8306,Contulmo,9,True,1,1.0,1153.4499556094484,REDPE_mid,7.145,13334.999999999998,9686.194023245673,13334.999999999998,7.145,2944.0,1153.4499556094484,10390.999999999998,0.0,0.0,2.2211962539870105,368,1.5771428571428572,8.0,1.0,1.0,8.0,0.01
1671402,8,Biobio,8201,Concepción,10,False,1,1.0,36668.82882006177,REDPE_mid,7.145,13334.999999999998,9686.194023245673,13334.999999999998,7.145,13334.999999999998,6608.985184893453,0.0,30059.843635168312,0.0,0.0,1667,7.143749999999999,8.0,1.0,1.0,8.0,0.01
1709676,8,Biobio,8204,Florida,11,True,1,1.0,9366.169152938557,REDPE_mid,7.145,13334.999999999998,9686.194023245673,13334.999999999998,7.145,13334.999999999998,6577.540877372641,0.0,2788.628275565916,0.0,0.0,1667,7.143749999999999,8.0,1.0,1.0,8.0,0.01
1992997,8,Biobio,8403,Laja,12,False,1,1.0,2324.728536765341,REDPE_mid,7.145,13334.999999999998,9686.194023245673,13334.999999999998,7.145,5152.0,2324.728536765341,8182.999999999998,0.0,0.0,0.22359532031339982,644,2.76,8.0,1.0,1.0,8.0,0.01
1999208,8,Biobio,8405,Nacimiento,13,True,1,1.0,4594.485225178474,REDPE_mid,7.145,13334.999999999998,9686.194023245673,13334.999999999998,7.145,9704.0,4594.161420795941,3630.999999999998,0.32380438253233557,0.0,3.6762801072086195,1213,5.198571428571428,8.0,1.0,1.0,8.0,0.01
1713319,8,Biobio,8205,Tomé,14,False,1,1.0,3455.4239943028224,REDPE_mid,7.145,13334.999999999998,9686.194023245673,13334.999999999998,7.145,7456.0,3455.4239943028224,5878.999999999998,0.0,0.0,2.1654592796264343,932,3.994285714285714,8.0,1.0,1.0,8.0,0.01
1838983,8,Biobio,8210,San Pedro de la Paz,15,True,1,1.0,3210.2340074946696,REDPE_mid,7.145,13334.999999999998,9686.194023245673,13334.999999999998,7.145,6992.0,3210.2340074946696,6342.999999999998,0.0,0.0,3.155423831195415,874,3.745714285714286,8.0,1.0,1.0,8.0,0.01
2004943,8,Biobio,8407,Mulchén,16,False,1,1.0,3991.2769835128356,REDPE_mid,7.145,13334.999999999998,9686.194023245673,13334.999999999998,7.145,8512.0,3991.2769835128356,4822.999999999998,0.0,0.0,3.948829176100958,1064,4.5600000000000005,8.0,1.0,1.0,8.0,0.01
1909314,8,Biobio,8302,Curanilahue,17,True,1,1.0,7585.508639880745,REDPE_mid,7.145,13334.999999999998,9686.194023245673,13334.999999999998,7.145,13334.999999999998,6480.75103311507,0.0,1104.7576067656757,0.0,0.0,1667,7.143749999999999,8.0,1.0,1.0,8.0,0.01
1985375,8,Biobio,8402,Santa Bárbara,18,False,1,1.0,10679.409536962843,REDPE_mid,7.145,13334.999999999998,9686.194023245673,13334.999999999998,7.145,13334.999999999998,6540.250484580061,0.0,4139.159052382783,0.0,0.0,1667,7.143749999999999,8.0,1.0,1.0,8.0,0.01
1798291,8,Biobio,8207,Coronel,19,True,1,1.0,4390.24105962225,REDPE_mid,7.145,13334.999999999998,9686.194023245673,13334.999999999998,7.145,9336.0,4390.101657876651,3998.999999999998,0.1394017455989629,0.0,1.9849636732239269,1167,5.001428571428571,8.0,1.0,1.0,8.0,0.01
1812893,8,Biobio,8209,Santa Juana,20,False,1,1.0,3715.2466500080095,REDPE_mid,7.145,13334.999999999998,9686.194023245673,13334.999999999998,7.145,7944.0,3715.1663872715335,5390.999999999998,0.08026273647625048,0.0,3.7318142701108683,993,4.255714285714286,8.0,1.0,1.0,8.0,0.01
1914707,8,Biobio,8303,Lebu,21,True,1,1.0,3449.962269744581,REDPE_mid,7.145,13334.999999999998,9686.194023245673,13334.999999999998,7.145,7496.0,3449.962269744581,5838.999999999998,0.0,0.0,2.744699471333754,937,4.015714285714286,8.0,1.0,1.0,8.0,0.01
2010929,8,Biobio,8408,Quilaco,22,False,1,1.0,11117.901320174813,REDPE_mid,7.145,13334.999999999998,9686.194023245673,13334.999999999998,7.145,13334.999999999998,6538.710422312349,0.0,4579.190897862464,0.0,0.0,1667,7.143749999999999,8.0,1.0,1.0,8.0,0.01
1894866,8,Biobio,8212,Hualpén,23,True,1,1.0,10900.022110611724,REDPE_mid,7.145,13334.999999999998,9686.194023245673,13334.999999999998,7.145,13334.999999999998,6530.726281409186,0.0,4369.295829202537,0.0,0.0,1667,7.143749999999999,8.0,1.0,1.0,8.0,0.01
2024350,8,Biobio,8411,San Rosendo,24,False,1,1.0,4933.786651955538,REDPE_mid,7.145,13334.999999999998,9686.194023245673,13334.999999999998,7.145,10368.0,4932.648008699727,2966.999999999998,1.1386432558106914,0.0,3.573599676693777,1296,5.554285714285714,8.0,1.0,1.0,8.0,0.01
2002404,8,Biobio,8406,Negrete,25,True,1,1.0,2817.6083270221416,REDPE_mid,7.145,13334.999999999998,9686.194023245673,13334.999999999998,7.145,6176.0,2817.6083270221416,7158.999999999998,0.0,0.0,4.097772103739807,772,3.3085714285714287,8.0,1.0,1.0,8.0,0.01
1694695,8,Biobio,8202,Penco,26,False,1,1.0,4206.985755023004,REDPE_mid,7.145,13334.999999999998,9686.194023245673,13334.999999999998,7.145,8984.0,4206.8872669671055,4350.999999999998,0.09848805589805742,0.0,2.8081342023151508,1123,4.812857142857144,8.0,1.0,1.0,8.0,0.01
1917748,8,Biobio,8304,Los Álamos,27,True,1,1.0,7860.026273828326,REDPE_mid,7.145,13334.999999999998,9686.194023245673,13334.999999999998,7.145,13334.999999999998,6488.97942635027,0.0,1371.0468474780578,0.0,0.0,1667,7.143749999999999,8.0,1.0,1.0,8.0,0.01
1756876,8,Biobio,8206,Talcahuano,28,False,1,1.0,5445.483954942973,REDPE_mid,7.145,13334.999999999998,9686.194023245673,13334.999999999998,7.145,11400.0,5434.665668358587,1934.9999999999982,10.818286584386389,0.0,3.2599364154532076,1425,6.107142857142857,8.0,1.0,1.0,8.0,0.01
2026433,8,Biobio,8412,Tucapel,29,True,1,1.0,3483.2036690250106,REDPE_mid,7.145,13334.999999999998,9686.194023245673,13334.999999999998,7.145,7512.0,3483.2036690250106,5822.999999999998,0.0,0.0,3.5416951686592073,939,4.024285714285714,8.0,1.0,1.0,8.0,0.01
2012761,8,Biobio,8409,Yumbel,30,False,1,1.0,4378.835348219642,REDPE_mid,7.145,13334.999999999998,9686.194023245673,13334.999999999998,7.145,9320.0,4378.835348219642,4014.999999999998,0.0,0.0,3.0475015753784094,1165,4.992857142857143,8.0,1.0,1.0,8.0,0.01
1940997,8,Biobio,8401,Los Ángeles,31,True,1,1.0,15251.70460881899,REDPE_mid,7.145,13334.999999999998,9686.194023245673,13334.999999999998,7.145,13334.999999999998,6615.5440320513635,0.0,8636.160576767625,0.0,0.0,1667,7.143749999999999,8.0,1.0,1.0,8.0,0.01
1930288,8,Biobio,8307,Tirúa,32,False,1,1.0,3052.9354065237803,REDPE_mid,7.145,13334.999999999998,9686.194023245673,13334.999999999998,7.145,6720.0,3052.9354065237803,6614.999999999998,0.0,0.0,2.414439486971204,840,3.5999999999999996,8.0,1.0,1.0,8.0,0.01
1994100,8,Biobio,8404,Quilleco,33,True,1,1.0,3342.0520729743803,REDPE_mid,7.145,13334.999999999998,9686.194023245673,13334.999999999998,7.145,7208.0,3342.0520729743803,6126.999999999998,0.0,0.0,0.8029570838620735,901,3.861428571428571,8.0,1.0,1.0,8.0,0.01
1717163,8,Biobio,8205,Tomé,34,False,1,1.0,3414.3345596333793,REDPE_mid,7.145,13334.999999999998,9686.194023245673,13334.999999999998,7.145,7400.0,3414.3345596333793,5934.999999999998,0.0,0.0,1.556619123423649,925,3.964285714285714,8.0,1.0,1.0,8.0,0.01
1774044,8,Biobio,8207,Coronel,35,True,1,1.0,4693.601450100025,REDPE_mid,7.145,13334.999999999998,9686.194023245673,13334.999999999998,7.145,9960.0,4693.601450100025,3374.999999999998,0.0,0.0,3.318220957019577,1245,5.335714285714286,8.0,1.0,1.0,8.0,0.01
1813705,8,Biobio,8209,Santa Juana,36,False,1,1.0,7923.844753029986,REDPE_mid,7.145,13334.999999999998,9686.194023245673,13334.999999999998,7.145,13334.999999999998,6532.089737419931,0.0,1391.7550156100558,0.0,0.0,1667,7.143749999999999,8.0,1.0,1.0,8.0,0.01
2030405,8,Biobio,8414,Alto Biobío,37,True,1,1.0,10617.806622338738,REDPE_mid,7.145,13334.999999999998,9686.194023245673,13334.999999999998,7.145,13334.999999999998,6536.376398424383,0.0,4081.430223914352,0.0,0.0,1667,7.143749999999999,8.0,1.0,1.0,8.0,0.01
1917631,8,Biobio,8304,Los Álamos,38,False,1,1.0,6277.360465202713,REDPE_mid,7.145,13334.999999999998,9686.194023245673,13334.999999999998,7.145,13096.0,6276.508340809383,238.99999999999818,0.8521243933303508,0.0,2.5276946162673415,1637,7.015714285714286,8.0,1.0,1.0,8.0,0.01
1930216,8,Biobio,8307,Tirúa,39,True,1,1.0,4035.2941643455947,REDPE_mid,7.145,13334.999999999998,9686.194023245673,13334.999999999998,7.145,8648.0,4035.2941643455947,4686.999999999998,0.0,0.0,2.4437984407509847,1081,4.632857142857143,8.0,1.0,1.0,8.0,0.01
2027664,8,Biobio,8412,Tucapel,40,False,1,1.0,6007.017943105082,REDPE_mid,7.145,13334.999999999998,9686.194023245673,13334.999999999998,7.145,12544.0,6000.885666338243,790.9999999999982,6.132276766839117,0.0,3.9374440286619494,1568,6.72,8.0,1.0,1.0,8.0,0.01
1993597,8,Biobio,8404,Quilleco,41,True,1,1.0,4624.972149538269,REDPE_mid,7.145,13334.999999999998,9686.194023245673,13334.999999999998,7.145,9760.0,4622.6656536304645,3574.999999999998,2.3064959078046643,0.0,4.22069536261215,1220,5.228571428571429,8.0,1.0,1.0,8.0,0.01
2006403,8,Biobio,8407,Mulchén,42,False,1,1.0,5791.387223222856,REDPE_mid,7.145,13334.999999999998,9686.194023245673,13334.999999999998,7.145,12112.0,5788.185984638956,1222.9999999999982,3.201238583900517,0.0,4.320490855213351,1514,6.488571428571428,8.0,1.0,1.0,8.0,0.01
2012619,8,Biobio,8409,Yumbel,43,True,1,1.0,6975.009164476566,REDPE_mid,7.145,13334.999999999998,9686.194023245673,13334.999999999998,7.145,13334.999999999998,6494.384375040494,0.0,480.6247894360722,0.0,0.0,1667,7.143749999999999,8.0,1.0,1.0,8.0,0.01
2010565,8,Biobio,8408,Quilaco,44,False,1,1.0,9250.32786875614,REDPE_mid,7.145,13334.999999999998,9686.194023245673,13334.999999999998,7.145,13334.999999999998,6516.3467732263425,0.0,2733.981095529797,0.0,0.0,1667,7.143749999999999,8.0,1.0,1.0,8.0,0.01
1876771,8,Biobio,8212,Hualpén,45,True,1,1.0,2864.019540036989,REDPE_mid,7.145,13334.999999999998,9686.194023245673,13334.999999999998,7.145,6272.0,2864.019540036989,7062.999999999998,0.0,0.0,4.304267170804461,784,3.36,8.0,1.0,1.0,8.0,0.01
1753399,8,Biobio,8206,Talcahuano,46,False,1,1.0,12797.636027063794,REDPE_mid,7.145,13334.999999999998,9686.194023245673,13334.999999999998,7.145,13334.999999999998,6565.936065405938,0.0,6231.699961657854,0.0,0.0,1667,7.143749999999999,8.0,1.0,1.0,8.0,0.01
2020970,8,Biobio,8410,Cabrero,47,True,1,1.0,3339.4702495909223,REDPE_mid,7.145,13334.999999999998,9686.194023245673,13334.999999999998,7.145,7248.0,3339.4702495909223,6086.999999999998,0.0,0.0,2.956025204440763,906,3.8828571428571426,8.0,1.0,1.0,8.0,0.01
1922794,8,Biobio,8305,Cañete,48,False,1,1.0,4951.140176331877,REDPE_mid,7.145,13334.999999999998,9686.194023245673,13334.999999999998,7.145,10472.0,4951.140176331877,2862.999999999998,0.0,0.0,4.605450652959654,1309,5.61,8.0,1.0,1.0,8.0,0.01
2029888,8,Biobio,8413,Antuco,49,True,1,1.0,7481.016130551096,REDPE_mid,7.145,13334.999999999998,9686.194023245673,13334.999999999998,7.145,13334.999999999998,6477.889324291014,0.0,1003.1268062600806,0.0,0.0,1667,7.143749999999999,8.0,1.0,1.0,8.0,0.01
1988166,8,Biobio,8403,Laja,50,False,1,1.0,4283.681887201197,REDPE_mid,7.145,13334.999999999998,9686.194023245673,13334.999999999998,7.145,9048.0,4283.4211345171625,4286.999999999998,0.2607526840351122,0.0,0.16695624440177706,1131,4.847142857142857,8.0,1.0,1.0,8.0,0.01
1987498,8,Biobio,8402,Santa Bárbara,51,True,1,1.0,6269.862704327867,REDPE_mid,7.145,13334.999999999998,9686.194023245673,13334.999999999998,7.145,13040.0,6253.197384694344,294.9999999999982,16.665319633522092,0.0,4.233176611814971,1630,6.985714285714285,8.0,1.0,1.0,8.0,0.01
1906425,8,Biobio,8302,Curanilahue,52,False,1,1.0,5687.652044097173,REDPE_mid,7.145,13334.999999999998,9686.194023245673,13334.999999999998,7.145,11920.0,5686.805812909475,1414.9999999999982,0.8462311876979096,0.0,3.0705867249800645,1490,6.385714285714286,8.0,1.0,1.0,8.0,0.01
1711195,8,Biobio,8204,Florida,53,True,1,1.0,3847.830900223783,REDPE_mid,7.145,13334.999999999998,9686.194023245673,13334.999999999998,7.145,8256.0,3847.830900223783,5078.999999999998,0.0,0.0,4.3357621236130015,1032,4.422857142857143,8.0,1.0,1.0,8.0,0.01
2002828,8,Biobio,8406,Negrete,54,False,1,1.0,3745.1526414418863,REDPE_mid,7.145,13334.999999999998,9686.194023245673,13334.999999999998,7.145,8048.0,3745.1526414418863,5286.999999999998,0.0,0.0,2.0380073973316026,1006,4.311428571428571,8.0,1.0,1.0,8.0,0.01
1928300,8,Biobio,8306,Contulmo,55,True,1,1.0,2708.8945508776515,REDPE_mid,7.145,13334.999999999998,9686.194023245673,13334.999999999998,7.145,6024.0,2708.8945508776515,7310.999999999998,0.0,0.0,2.2545924906103294,753,3.227142857142857,8.0,1.0,1.0,8.0,0.01
1800369,8,Biobio,8208,Lota,56,False,1,1.0,4510.911452984342,REDPE_mid,7.145,13334.999999999998,9686.194023245673,13334.999999999998,7.145,9552.0,4510.63670516543,3782.999999999998,0.27474781891243616,0.0,3.7735343766628033,1194,5.117142857142858,8.0,1.0,1.0,8.0,0.01
1701521,8,Biobio,8202,Penco,57,True,1,1.0,15034.981428547128,REDPE_mid,7.145,13334.999999999998,9686.194023245673,13334.999999999998,7.145,13334.999999999998,6567.039257400316,0.0,8467.942171146811,0.0,0.0,1667,7.143749999999999,8.0,1.0,1.0,8.0,0.01
1816033,8,Biobio,8210,San Pedro de la Paz,58,False,1,1.0,3498.219383154074,REDPE_mid,7.145,13334.999999999998,9686.194023245673,13334.999999999998,7.145,7576.0,3498.219383154074,5758.999999999998,0.0,0.0,4.585531910000509,947,4.05857142857143,8.0,1.0,1.0,8.0,0.01
1704174,8,Biobio,8203,Hualqui,59,True,1,1.0,9912.694154054185,REDPE_mid,7.145,13334.999999999998,9686.194023245673,13334.999999999998,7.145,13334.999999999998,6535.114755332149,0.0,3377.579398722035,0.0,0.0,1667,7.143749999999999,8.0,1.0,1.0,8.0,0.01
1896645,8,Biobio,8301,Arauco,60,False,1,1.0,4546.852262898542,REDPE_mid,7.145,13334.999999999998,9686.194023245673,13334.999999999998,7.145,9656.0,4546.677206480731,3678.999999999998,0.17505641781087222,0.0,1.845754314230854,1207,5.172857142857143,8.0,1.0,1.0,8.0,0.01
2024428,8,Biobio,8411,San Rosendo,61,True,1,1.0,5113.139623805903,REDPE_mid,7.145,13334.999999999998,9686.194023245673,13334.999999999998,7.145,10608.0,5104.231705818948,2726.999999999998,8.907917986955402,0.0,0.0066519000591364254,1326,5.682857142857143,8.0,1.0,1.0,8.0,0.01
1661210,8,Biobio,8201,Concepción,62,False,1,1.0,12439.520536253724,REDPE_mid,7.145,13334.999999999998,9686.194023245673,13334.999999999998,7.145,13334.999999999998,6548.352330682183,0.0,5891.168205571543,0.0,0.0,1667,7.143749999999999,8.0,1.0,1.0,8.0,0.01
1866021,8,Biobio,8211,Chiguayante,63,True,1,1.0,13673.892199616286,REDPE_mid,7.145,13334.999999999998,9686.194023245673,13334.999999999998,7.145,13334.999999999998,6587.973059657187,0.0,7085.919139959099,0.0,0.0,1667,7.143749999999999,8.0,1.0,1.0,8.0,0.01
1940785,8,Biobio,8401,Los Ángeles,64,False,1,1.0,764.381765036193,REDPE_mid,7.145,13334.999999999998,9686.194023245673,13334.999999999998,7.145,2144.0,764.381765036193,11190.999999999998,0.0,0.0,3.263635304687392,268,1.1485714285714286,8.0,1.0,1.0,8.0,0.01
1912440,8,Biobio,8303,Lebu,65,True,1,1.0,4867.7556898670555,REDPE_mid,7.145,13334.999999999998,9686.194023245673,13334.999999999998,7.145,10312.0,4867.7556898670555,3022.999999999998,0.0,0.0,2.580402819538432,1289,5.524285714285714,8.0,1.0,1.0,8.0,0.01
1995072,8,Biobio,8405,Nacimiento,66,False,1,1.0,7490.677727022533,REDPE_mid,7.145,13334.999999999998,9686.194023245673,13334.999999999998,7.145,13334.999999999998,6514.962793722267,0.0,975.7149333002666,0.0,0.0,1667,7.143749999999999,8.0,1.0,1.0,8.0,0.01
1771323,8,Biobio,8207,Coronel,67,True,1,1.0,7343.579794950944,REDPE_mid,7.145,13334.999999999998,9686.194023245673,13334.999999999998,7.145,13334.999999999998,6494.601223437283,0.0,848.978571513661,0.0,0.0,1667,7.143749999999999,8.0,1.0,1.0,8.0,0.01
1895702,8,Biobio,8301,Arauco,68,False,1,1.0,4920.839904965651,REDPE_mid,7.145,13334.999999999998,9686.194023245673,13334.999999999998,7.145,10360.0,4918.183362206126,2974.999999999998,2.6565427595247106,0.0,2.4323779045085367,1295,5.55,8.0,1.0,1.0,8.0,0.01
2003626,8,Biobio,8406,Negrete,69,True,1,1.0,9774.19204835592,REDPE_mid,7.145,13334.999999999998,9686.194023245673,13334.999999999998,7.145,13334.999999999998,6555.541346941294,0.0,3218.650701414627,0.0,0.0,1667,7.143749999999999,8.0,1.0,1.0,8.0,0.01
2016241,8,Biobio,8409,Yumbel,70,False,1,1.0,4658.003764440258,REDPE_mid,7.145,13334.999999999998,9686.194023245673,13334.999999999998,7.145,9832.0,4657.7235027512215,3502.999999999998,0.28026168903654947,0.0,3.725905910758653,1229,5.267142857142858,8.0,1.0,1.0,8.0,0.01
1991045,8,Biobio,8403,Laja,71,True,1,1.0,4593.6363203251985,REDPE_mid,7.145,13334.999999999998,9686.194023245673,13334.999999999998,7.145,9712.0,4592.490019550281,3622.999999999998,1.1463007749175689,0.0,4.20026298620457,1214,5.202857142857143,8.0,1.0,1.0,8.0,0.01
1915799,8,Biobio,8303,Lebu,72,False,1,1.0,3099.323939751029,REDPE_mid,7.145,13334.999999999998,9686.194023245673,13334.999999999998,7.145,6800.0,3099.323939751029,6534.999999999998,0.0,0.0,4.999296113603924,850,3.642857142857143,8.0,1.0,1.0,8.0,0.01
1907645,8,Biobio,8302,Curanilahue,73,True,1,1.0,6084.279580979949,REDPE_mid,7.145,13334.999999999998,9686.194023245673,13334.999999999998,7.145,12680.0,6077.008533344456,654.9999999999982,7.271047635493561,0.0,4.377880312211901,1585,6.792857142857142,8.0,1.0,1.0,8.0,0.01
1922440,8,Biobio,8305,Cañete,74,False,1,1.0,7194.174660236422,REDPE_mid,7.145,13334.999999999998,9686.194023245673,13334.999999999998,7.145,13334.999999999998,6463.009803600586,0.0,731.1648566358361,0.0,0.0,1667,7.143749999999999,8.0,1.0,1.0,8.0,0.01
1929541,8,Biobio,8307,Tirúa,75,True,1,1.0,5114.255563892026,REDPE_mid,7.145,13334.999999999998,9686.194023245673,13334.999999999998,7.145,10792.0,5114.255563892026,2542.999999999998,0.0,0.0,2.1003149402806613,1349,5.781428571428572,8.0,1.0,1.0,8.0,0.01
1888098,8,Biobio,8212,Hualpén,76,False,1,1.0,5205.218288714208,REDPE_mid,7.145,13334.999999999998,9686.194023245673,13334.999999999998,7.145,10984.0,5204.132356402646,2350.999999999998,1.0859323115614048,0.0,3.889154982266133,1373,5.884285714285714,8.0,1.0,1.0,8.0,0.01
1813105,8,Biobio,8209,Santa Juana,77,True,1,1.0,4376.72811521884,REDPE_mid,7.145,13334.999999999998,9686.194023245673,13334.999999999998,7.145,9288.0,4376.663866108348,4046.999999999998,0.06424911049130744,0.0,2.240272965935558,1161,4.975714285714287,8.0,1.0,1.0,8.0,0.01
2030395,8,Biobio,8414,Alto Biobío,78,False,1,1.0,7600.500832332056,REDPE_mid,7.145,13334.999999999998,9686.194023245673,13334.999999999998,7.145,13334.999999999998,6485.97047457708,0.0,1114.5303577549764,0.0,0.0,1667,7.143749999999999,8.0,1.0,1.0,8.0,0.01
2020394,8,Biobio,8410,Cabrero,79,True,1,1.0,3331.294572743086,REDPE_mid,7.145,13334.999999999998,9686.194023245673,13334.999999999998,7.145,7232.0,3331.294572743086,6102.999999999998,0.0,0.0,3.6613344843335467,904,3.874285714285714,8.0,1.0,1.0,8.0,0.01
1856822,8,Biobio,8211,Chiguayante,80,False,1,1.0,4529.725860514618,REDPE_mid,7.145,13334.999999999998,9686.194023245673,13334.999999999998,7.145,9640.0,4529.555519899957,3694.999999999998,0.17034061466067874,0.0,3.777674682709404,1205,5.164285714285715,8.0,1.0,1.0,8.0,0.01
1714197,8,Biobio,8205,Tomé,81,True,1,1.0,3618.2905494353927,REDPE_mid,7.145,13334.999999999998,9686.194023245673,13334.999999999998,7.145,7784.0,3618.023254241494,5550.999999999998,0.2672951938984123,0.0,4.705584613041301,973,4.17,8.0,1.0,1.0,8.0,0.01
1752742,8,Biobio,8206,Talcahuano,82,False,1,1.0,6645.617568657376,REDPE_mid,7.145,13334.999999999998,9686.194023245673,13334.999999999998,7.145,13334.999999999998,6427.421889390876,0.0,218.19567926649952,0.0,0.0,1667,7.143749999999999,8.0,1.0,1.0,8.0,0.01
1928871,8,Biobio,8306,Contulmo,83,True,1,1.0,6810.201551242813,REDPE_mid,7.145,13334.999999999998,9686.194023245673,13334.999999999998,7.145,13334.999999999998,6442.8987823919015,0.0,367.30276885091155,0.0,0.0,1667,7.143749999999999,8.0,1.0,1.0,8.0,0.01
1822123,8,Biobio,8210,San Pedro de la Paz,84,False,1,1.0,3996.485305713454,REDPE_mid,7.145,13334.999999999998,9686.194023245673,13334.999999999998,7.145,8536.0,3996.485305713454,4798.999999999998,0.0,0.0,4.21498160193484,1067,4.572857142857144,8.0,1.0,1.0,8.0,0.01
1703083,8,Biobio,8203,Hualqui,85,True,1,1.0,6952.793516986095,REDPE_mid,7.145,13334.999999999998,9686.194023245673,13334.999999999998,7.145,13334.999999999998,6503.526453633895,0.0,449.26706335219944,0.0,0.0,1667,7.143749999999999,8.0,1.0,1.0,8.0,0.01
2026206,8,Biobio,8412,Tucapel,86,False,1,1.0,8982.223523070226,REDPE_mid,7.145,13334.999999999998,9686.194023245673,13334.999999999998,7.145,13334.999999999998,6533.872920331216,0.0,2448.3506027390094,0.0,0.0,1667,7.143749999999999,8.0,1.0,1.0,8.0,0.01
1987058,8,Biobio,8402,Santa Bárbara,87,True,1,1.0,9439.312168173394,REDPE_mid,7.145,13334.999999999998,9686.194023245673,13334.999999999998,7.145,13334.999999999998,6526.075027787922,0.0,2913.237140385472,0.0,0.0,1667,7.143749999999999,8.0,1.0,1.0,8.0,0.01
1920725,8,Biobio,8304,Los Álamos,88,False,1,1.0,5964.682079270804,REDPE_mid,7.145,13334.999999999998,9686.194023245673,13334.999999999998,7.145,12480.0,5963.970527638881,854.9999999999982,0.7115516319231681,0.0,2.147483880392175,1560,6.685714285714285,8.0,1.0,1.0,8.0,0.01
2205143,9,Araucania,9209,Carahue,1,True,1,1.0,7006.616827209978,REDPE_mid,11.055,20640.0,11547.55806178525,20640.0,11.055,17984.0,7006.616827209978,2656.0,0.0,0.0,18.447238338137844,562,9.634285714285713,32.0,1.0,1.0,64.0,0.01
2052242,9,Araucania,9104,Renaico,2,False,1,1.0,3885.8803445534722,REDPE_mid,11.055,20640.0,11547.55806178525,20640.0,11.055,11040.0,3885.8803445534722,9600.0,0.0,0.0,0.9144932382736172,345,5.914285714285715,32.0,1.0,1.0,64.0,0.01
2208792,9,Araucania,9211,Pitrufquén,3,True,1,1.0,11327.02469485666,REDPE_mid,11.055,20640.0,11547.55806178525,20640.0,11.055,20640.0,9098.301433833793,0.0,2228.723261022865,0.0,0.0,645,11.057142857142859,32.0,1.0,1.0,64.0,0.01
2208015,9,Araucania,9210,Saavedra,4,False,1,1.0,8266.819909709164,REDPE_mid,11.055,20640.0,11547.55806178525,20640.0,11.055,20480.0,8266.819909709164,160.0,0.0,0.0,24.65825893782683,640,10.97142857142857,32.0,1.0,1.0,64.0,0.01
2062104,9,Araucania,9106,Ercilla,5,True,1,1.0,6091.853770609383,REDPE_mid,11.055,20640.0,11547.55806178525,20640.0,11.055,16096.0,6091.853770609383,4544.0,0.0,0.0,17.41644670388433,503,8.622857142857143,32.0,1.0,1.0,64.0,0.01
2063485,9,Araucania,9107,Traiguén,6,False,1,1.0,1984.8477880830292,REDPE_mid,11.055,20640.0,11547.55806178525,20640.0,11.055,7776.0,1984.8477880830292,12864.0,0.0,0.0,25.19035349868513,243,4.165714285714286,32.0,1.0,1.0,64.0,0.01
2222390,9,Araucania,9214,Loncoche,7,True,1,1.0,6972.42357227456,REDPE_mid,11.055,20640.0,11547.55806178525,20640.0,11.055,17888.0,6972.42357227456,2752.0,0.0,0.0,24.399807379934227,559,9.582857142857144,32.0,1.0,1.0,64.0,0.01
2256413,9,Araucania,9218,Curarrehue,8,False,1,1.0,3063.626961293386,REDPE_mid,11.055,20640.0,11547.55806178525,20640.0,11.055,9888.0,3063.626961293386,10752.0,0.0,0.0,13.967317005596636,309,5.297142857142858,32.0,1.0,1.0,64.0,0.01
2254048,9,Araucania,9216,Pucón,9,True,1,1.0,9037.73894907108,REDPE_mid,11.055,20640.0,11547.55806178525,20640.0,11.055,20640.0,8714.685255779576,0.0,323.05369329150324,0.0,0.0,645,11.057142857142859,32.0,1.0,1.0,64.0,0.01
2106509,9,Araucania,9201,Temuco,10,False,1,1.0,4715.098019431647,REDPE_mid,11.055,20640.0,11547.55806178525,20640.0,11.055,13408.0,4715.098019431647,7232.0,0.0,0.0,21.056436611299386,419,7.182857142857143,32.0,1.0,1.0,64.0,0.01
2048439,9,Araucania,9102,Purén,11,True,1,1.0,2351.13061595928,REDPE_mid,11.055,20640.0,11547.55806178525,20640.0,11.055,8640.0,2351.13061595928,12000.0,0.0,0.0,18.53856975445157,270,4.628571428571428,32.0,1.0,1.0,64.0,0.01
2176648,9,Araucania,9203,Freire,12,False,1,1.0,13387.71206856066,REDPE_mid,11.055,20640.0,11547.55806178525,20640.0,11.055,20640.0,9165.144831022688,0.0,4222.567237537974,0.0,0.0,645,11.057142857142859,32.0,1.0,1.0,64.0,0.01
2061230,9,Araucania,9105,Collipulli,13,True,1,1.0,3417.2313894392396,REDPE_mid,11.055,20640.0,11547.55806178525,20640.0,11.055,10784.0,3417.2313894392396,9856.0,0.0,0.0,16.491902474162156,337,5.777142857142858,32.0,1.0,1.0,64.0,0.01
2275872,9,Araucania,9221,Cholchol,14,False,1,1.0,4576.227770675902,REDPE_mid,11.055,20640.0,11547.55806178525,20640.0,11.055,13120.0,4576.227770675902,7520.0,0.0,0.0,14.079854446800242,410,7.0285714285714285,32.0,1.0,1.0,64.0,0.01
2257008,9,Araucania,9219,Teodoro Schmidt,15,True,1,1.0,4023.895692859022,REDPE_mid,11.055,20640.0,11547.55806178525,20640.0,11.055,12032.0,4023.895692859022,8608.0,0.0,0.0,19.310390652311998,376,6.445714285714287,32.0,1.0,1.0,64.0,0.01
2218145,9,Araucania,9212,Gorbea,16,False,1,1.0,4611.679733303016,REDPE_mid,11.055,20640.0,11547.55806178525,20640.0,11.055,13216.0,4611.679733303016,7424.0,0.0,0.0,25.614386281902714,413,7.079999999999998,32.0,1.0,1.0,64.0,0.01
2084315,9,Araucania,9111,Lonquimay,17,True,1,1.0,6071.927869661014,REDPE_mid,11.055,20640.0,11547.55806178525,20640.0,11.055,15904.0,6071.927869661014,4736.0,0.0,0.0,17.450695908014435,497,8.52,32.0,1.0,1.0,64.0,0.01
2077320,9,Araucania,9109,Victoria,18,False,1,1.0,8204.258712800134,REDPE_mid,11.055,20640.0,11547.55806178525,20640.0,11.055,20320.0,8204.258712800134,320.0,0.0,0.0,27.00870156669879,635,10.885714285714286,32.0,1.0,1.0,64.0,0.01
2171817,9,Araucania,9202,Vilcún,19,True,1,1.0,4576.892538796101,REDPE_mid,11.055,20640.0,11547.55806178525,20640.0,11.055,13152.0,4576.892538796101,7488.0,0.0,0.0,26.444951077722173,411,7.045714285714287,32.0,1.0,1.0,64.0,0.01
2180293,9,Araucania,9204,Cunco,20,False,1,1.0,17862.870375061888,REDPE_mid,11.055,20640.0,11547.55806178525,20640.0,11.055,20640.0,9327.40767392008,0.0,8535.462701141809,0.0,0.0,645,11.057142857142859,32.0,1.0,1.0,64.0,0.01
2035392,9,Araucania,9101,Angol,21,True,1,1.0,5735.437926673251,REDPE_mid,11.055,20640.0,11547.55806178525,20640.0,11.055,15392.0,5735.437926673251,5248.0,0.0,0.0,25.459027367286435,481,8.245714285714287,32.0,1.0,1.0,64.0,0.01
2068648,9,Araucania,9108,Lumaco,22,False,1,1.0,7234.865159224806,REDPE_mid,11.055,20640.0,11547.55806178525,20640.0,11.055,18432.0,7234.865159224806,2208.0,0.0,0.0,20.603824286607118,576,9.874285714285714,32.0,1.0,1.0,64.0,0.01
2196403,9,Araucania,9208,Nueva Imperial,23,True,1,1.0,7803.234454854894,REDPE_mid,11.055,20640.0,11547.55806178525,20640.0,11.055,19328.0,7803.234454854894,1312.0,0.0,0.0,26.583781436487826,604,10.354285714285714,32.0,1.0,1.0,64.0,0.01
2228668,9,Araucania,9215,Villarrica,24,False,1,1.0,6312.974589074632,REDPE_mid,11.055,20640.0,11547.55806178525,20640.0,11.055,16576.0,6312.974589074632,4064.0,0.0,0.0,23.015614979152044,518,8.879999999999999,32.0,1.0,1.0,64.0,0.01
2191156,9,Araucania,9205,Lautaro,25,True,1,1.0,5373.850571266383,REDPE_mid,11.055,20640.0,11547.55806178525,20640.0,11.055,14688.0,5373.850571266383,5952.0,0.0,0.0,22.712982190599234,459,7.868571428571429,32.0,1.0,1.0,64.0,0.01
2256107,9,Araucania,9217,Melipeuco,26,False,1,1.0,8513.635914589353,REDPE_mid,11.055,20640.0,11547.55806178525,20640.0,11.055,20640.0,8509.100148378773,0.0,4.53576621058011,0.0,0.0,645,11.057142857142859,32.0,1.0,1.0,64.0,0.01
2220221,9,Araucania,9213,Toltén,27,True,1,1.0,8310.005223011043,REDPE_mid,11.055,20640.0,11547.55806178525,20640.0,11.055,20384.0,8310.005223011043,256.0,0.0,0.0,17.984361559415067,637,10.920000000000002,32.0,1.0,1.0,64.0,0.01
2194051,9,Araucania,9206,Perquenco,28,False,1,1.0,5298.715969255754,REDPE_mid,11.055,20640.0,11547.55806178525,20640.0,11.055,14592.0,5298.715969255754,6048.0,0.0,0.0,23.744297368004222,456,7.8171428571428585,32.0,1.0,1.0,64.0,0.01
2195848,9,Araucania,9207,Galvarino,29,True,1,1.0,5917.548434531592,REDPE_mid,11.055,20640.0,11547.55806178525,20640.0,11.055,15776.0,5917.548434531592,4864.0,0.0,0.0,21.000170965310645,493,8.45142857142857,32.0,1.0,1.0,64.0,0.01
2272399,9,Araucania,9220,Padre Las Casas,30,False,1,1.0,4980.697202306217,REDPE_mid,11.055,20640.0,11547.55806178525,20640.0,11.055,13920.0,4980.697202306217,6720.0,0.0,0.0,14.29360940653032,435,7.457142857142858,32.0,1.0,1.0,64.0,0.01
2052183,9,Araucania,9103,Los Sauces,31,True,1,1.0,9255.648938162336,REDPE_mid,11.055,20640.0,11547.55806178525,20640.0,11.055,20640.0,8752.46504833983,0.0,503.18388982250457,0.0,0.0,645,11.057142857142859,32.0,1.0,1.0,64.0,0.01
2082449,9,Araucania,9110,Curacautín,32,False,1,1.0,8573.434257953644,REDPE_mid,11.055,20640.0,11547.55806178525,20640.0,11.055,20640.0,8472.251443100678,0.0,101.1828148529648,0.0,0.0,645,11.057142857142859,32.0,1.0,1.0,64.0,0.01
2179826,9,Araucania,9204,Cunco,33,True,1,1.0,27039.725077554813,REDPE_mid,11.055,20640.0,11547.55806178525,20640.0,11.055,20640.0,9552.076665862407,0.0,17487.648411692408,0.0,0.0,645,11.057142857142859,32.0,1.0,1.0,64.0,0.01
2073021,9,Araucania,9109,Victoria,34,False,1,1.0,6173.816996468593,REDPE_mid,11.055,20640.0,11547.55806178525,20640.0,11.055,16320.0,6173.816996468593,4320.0,0.0,0.0,24.414289368309017,510,8.742857142857144,32.0,1.0,1.0,64.0,0.01
2256461,9,Araucania,9218,Curarrehue,35,True,1,1.0,17166.297536867572,REDPE_mid,11.055,20640.0,11547.55806178525,20640.0,11.055,20640.0,9378.39220325989,0.0,7787.90533360768,0.0,0.0,645,11.057142857142859,32.0,1.0,1.0,64.0,0.01
2216933,9,Araucania,9212,Gorbea,36,False,1,1.0,6128.821280734697,REDPE_mid,11.055,20640.0,11547.55806178525,20640.0,11.055,16256.0,6128.821280734697,4384.0,0.0,0.0,26.50374460564834,508,8.708571428571428,32.0,1.0,1.0,64.0,0.01
2059166,9,Araucania,9105,Collipulli,37,True,1,1.0,5803.400495120977,REDPE_mid,11.055,20640.0,11547.55806178525,20640.0,11.055,15552.0,5803.400495120977,5088.0,0.0,0.0,26.645544494126522,486,8.331428571428573,32.0,1.0,1.0,64.0,0.01
2169859,9,Araucania,9202,Vilcún,38,False,1,1.0,5896.8690845758165,REDPE_mid,11.055,20640.0,11547.55806178525,20640.0,11.055,15776.0,5896.8690845758165,4864.0,0.0,0.0,23.69727810122771,493,8.45142857142857,32.0,1.0,1.0,64.0,0.01
2069401,9,Araucania,9108,Lumaco,39,True,1,1.0,4722.595263821107,REDPE_mid,11.055,20640.0,11547.55806178525,20640.0,11.055,13472.0,4722.595263821107,7168.0,0.0,0.0,26.085607168263813,421,7.217142857142858,32.0,1.0,1.0,64.0,0.01
2207866,9,Araucania,9210,Saavedra,40,False,1,1.0,4247.183101372945,REDPE_mid,11.055,20640.0,11547.55806178525,20640.0,11.055,12480.0,4247.183101372945,8160.0,0.0,0.0,15.519349692542715,390,6.685714285714285,32.0,1.0,1.0,64.0,0.01
2244641,9,Araucania,9215,Villarrica,41,True,1,1.0,15452.533888717468,REDPE_mid,11.055,20640.0,11547.55806178525,20640.0,11.055,20640.0,9279.395128988474,0.0,6173.138759728995,0.0,0.0,645,11.057142857142859,32.0,1.0,1.0,64.0,0.01
2275586,9,Araucania,9221,Cholchol,42,False,1,1.0,5547.131971394464,REDPE_mid,11.055,20640.0,11547.55806178525,20640.0,11.055,15040.0,5547.131971394464,5600.0,0.0,0.0,21.85850932542536,470,8.057142857142857,32.0,1.0,1.0,64.0,0.01
2262501,9,Araucania,9220,Padre Las Casas,43,True,1,1.0,3967.495708216576,REDPE_mid,11.055,20640.0,11547.55806178525,20640.0,11.055,11744.0,3967.495708216576,8896.0,0.0,0.0,24.45687515848474,367,6.291428571428571,32.0,1.0,1.0,64.0,0.01
2258823,9,Araucania,9219,Teodoro Schmidt,44,False,1,1.0,8298.753320392734,REDPE_mid,11.055,20640.0,11547.55806178525,20640.0,11.055,20512.0,8298.753320392734,128.0,0.0,0.0,20.52970793495888,641,10.98857142857143,32.0,1.0,1.0,64.0,0.01
2201961,9,Araucania,9208,Nueva Imperial,45,True,1,1.0,4976.127672872856,REDPE_mid,11.055,20640.0,11547.55806178525,20640.0,11.055,13952.0,4976.127672872856,6688.0,0.0,0.0,19.007298319970012,436,7.474285714285715,32.0,1.0,1.0,64.0,0.01
2051773,9,Araucania,9103,Los Sauces,46,False,1,1.0,3904.8164422402933,REDPE_mid,11.055,20640.0,11547.55806178525,20640.0,11.055,11776.0,3904.8164422402933,8864.0,0.0,0.0,14.872807887103114,368,6.308571428571429,32.0,1.0,1.0,64.0,0.01
2082178,9,Araucania,9110,Curacautín,47,True,1,1.0,13607.683355004796,REDPE_mid,11.055,20640.0,11547.55806178525,20640.0,11.055,20640.0,9134.45905105982,0.0,4473.224303944977,0.0,0.0,645,11.057142857142859,32.0,1.0,1.0,64.0,0.01
2044517,9,Araucania,9101,Angol,48,False,1,1.0,3697.739932245621,REDPE_mid,11.055,20640.0,11547.55806178525,20640.0,11.055,11392.0,3697.739932245621,9248.0,0.0,0.0,18.74295898293552,356,6.102857142857144,32.0,1.0,1.0,64.0,0.01
2176853,9,Araucania,9203,Freire,49,True,1,1.0,6253.771339348667,REDPE_mid,11.055,20640.0,11547.55806178525,20640.0,11.055,16384.0,6253.771339348667,4256.0,0.0,0.0,14.36214416757934,512,8.777142857142858,32.0,1.0,1.0,64.0,0.01
2195024,9,Araucania,9207,Galvarino,50,False,1,1.0,6508.934891970942,REDPE_mid,11.055,20640.0,11547.55806178525,20640.0,11.055,16960.0,6508.934891970942,3680.0,0.0,0.0,16.081389816247217,530,9.085714285714285,32.0,1.0,1.0,64.0,0.01
2251236,9,Araucania,9216,Pucón,51,True,1,1.0,7265.500046350868,REDPE_mid,11.055,20640.0,11547.55806178525,20640.0,11.055,18048.0,7265.500046350868,2592.0,0.0,0.0,15.439097670173322,564,9.668571428571429,32.0,1.0,1.0,64.0,0.01
2256004,9,Araucania,9217,Melipeuco,52,False,1,1.0,5452.929312850617,REDPE_mid,11.055,20640.0,11547.55806178525,20640.0,11.055,14880.0,5452.929312850617,5760.0,0.0,0.0,21.628960716125963,465,7.971428571428571,32.0,1.0,1.0,64.0,0.01
2226529,9,Araucania,9214,Loncoche,53,True,1,1.0,6622.445057814151,REDPE_mid,11.055,20640.0,11547.55806178525,20640.0,11.055,17184.0,6622.445057814151,3456.0,0.0,0.0,24.533511471600082,537,9.205714285714285,32.0,1.0,1.0,64.0,0.01
2164423,9,Araucania,9201,Temuco,54,False,1,1.0,13883.63077432535,REDPE_mid,11.055,20640.0,11547.55806178525,20640.0,11.055,20640.0,9146.53837072514,0.0,4737.092403600209,0.0,0.0,645,11.057142857142859,32.0,1.0,1.0,64.0,0.01
2084562,9,Araucania,9111,Lonquimay,55,True,1,1.0,3598.538782036226,REDPE_mid,11.055,20640.0,11547.55806178525,20640.0,11.055,10976.0,3598.538782036226,9664.0,0.0,0.0,17.16955061597775,343,5.88,32.0,1.0,1.0,64.0,0.01
2205000,9,Araucania,9209,Carahue,56,False,1,1.0,7103.086722381258,REDPE_mid,11.055,20640.0,11547.55806178525,20640.0,11.055,18208.0,7103.086722381258,2432.0,0.0,0.0,29.825709688804665,569,9.754285714285714,32.0,1.0,1.0,64.0,0.01
2213400,9,Araucania,9211,Pitrufquén,57,True,1,1.0,6191.096904363399,REDPE_mid,11.055,20640.0,11547.55806178525,20640.0,11.055,16352.0,6191.096904363399,4288.0,0.0,0.0,20.041240303270477,511,8.760000000000002,32.0,1.0,1.0,64.0,0.01
2193264,9,Araucania,9206,Perquenco,58,False,1,1.0,8093.443953503986,REDPE_mid,11.055,20640.0,11547.55806178525,20640.0,11.055,20096.0,8093.443953503986,544.0,0.0,0.0,22.112961883391797,628,10.765714285714285,32.0,1.0,1.0,64.0,0.01
2049711,9,Araucania,9102,Purén,59,True,1,1.0,9024.920687139493,REDPE_mid,11.055,20640.0,11547.55806178525,20640.0,11.055,20640.0,8654.822835526655,0.0,370.0978516128372,0.0,0.0,645,11.057142857142859,32.0,1.0,1.0,64.0,0.01
2061423,9,Araucania,9106,Ercilla,60,False,1,1.0,7296.904019762102,REDPE_mid,11.055,20640.0,11547.55806178525,20640.0,11.055,18496.0,7296.904019762102,2144.0,0.0,0.0,14.866631830815473,578,9.90857142857143,32.0,1.0,1.0,64.0,0.01
2188073,9,Araucania,9205,Lautaro,61,True,1,1.0,3708.9545134315404,REDPE_mid,11.055,20640.0,11547.55806178525,20640.0,11.055,11424.0,3708.9545134315404,9216.0,0.0,0.0,15.645719085400335,357,6.12,32.0,1.0,1.0,64.0,0.01
2221328,9,Araucania,9213,Toltén,62,False,1,1.0,5457.782351749054,REDPE_mid,11.055,20640.0,11547.55806178525,20640.0,11.055,14912.0,5457.782351749054,5728.0,0.0,0.0,25.66987101666839,466,7.988571428571428,32.0,1.0,1.0,64.0,0.01
2054850,9,Araucania,9104,Renaico,63,True,1,1.0,6506.892539160762,REDPE_mid,11.055,20640.0,11547.55806178525,20640.0,11.055,16640.0,6506.892539160762,4000.0,0.0,0.0,16.848837851255055,520,8.914285714285713,32.0,1.0,1.0,64.0,0.01
2067429,9,Araucania,9107,Traiguén,64,False,1,1.0,5853.625905733579,REDPE_mid,11.055,20640.0,11547.55806178525,20640.0,11.055,15680.0,5853.625905733579,4960.0,0.0,0.0,22.05922315666046,490,8.399999999999999,32.0,1.0,1.0,64.0,0.01
2178819,9,Araucania,9204,Cunco,65,True,1,1.0,8865.837022218428,REDPE_mid,11.055,20640.0,11547.55806178525,20640.0,11.055,20640.0,8538.50206483015,0.0,327.33495738827696,0.0,0.0,645,11.057142857142859,32.0,1.0,1.0,64.0,0.01
2542125,10,Los Lagos,10503,Futaleufú,1,True,1,1.0,10459.312208885525,REDPE_mid,16.1,30045.0,12026.253027618335,30045.0,16.1,30045.0,8010.779109130159,0.0,2448.5330997553665,7011.720890869842,0.0,939,16.095535714285713,32.0,2.0,1.0,8.0,0.0
2503522,10,Los Lagos,10307,Maullín,2,False,1,1.0,12431.094643396767,REDPE_mid,16.1,30045.0,12026.253027618335,30045.0,16.1,30045.0,8800.458398768944,0.0,3630.636244627827,6222.041601231057,0.0,939,16.095535714285713,32.0,2.0,1.0,8.0,0.0
2417895,10,Los Lagos,10206,Purranque,3,True,1,1.0,3857.182023045295,REDPE_mid,16.1,30045.0,12026.253027618335,30045.0,16.1,16672.0,3857.182023045295,13373.0,0.0,4472.513197588876,6.304779365829117,521,8.931428571428572,32.0,2.0,1.0,8.0,0.0
2505442,10,Los Lagos,10308,Los Muermos,4,False,1,1.0,6382.990216508372,REDPE_mid,16.1,30045.0,12026.253027618335,30045.0,16.1,25440.0,6382.512474354598,4605.0,0.47774215377394214,6331.029819356804,6.457706288599114,795,13.628571428571428,32.0,2.0,1.0,8.0,0.0
2538086,10,Los Lagos,10407,Quemchi,5,True,1,1.0,6163.3154429913,REDPE_mid,16.1,30045.0,12026.253027618335,30045.0,16.1,25280.0,6163.3154429913,4765.0,0.0,6471.543749060634,5.140807948066498,790,13.542857142857143,32.0,2.0,1.0,8.0,0.0
2528452,10,Los Lagos,10405,Puqueldón,6,False,1,1.0,3478.3613152149364,REDPE_mid,16.1,30045.0,12026.253027618335,30045.0,16.1,15328.0,3478.3613152149364,14717.0,0.0,4178.111736069597,7.526948715466639,479,8.211428571428572,32.0,2.0,1.0,8.0,0.0
2540452,10,Los Lagos,10501,Chaitén,7,True,1,1.0,10510.315910602852,REDPE_mid,16.1,30045.0,12026.253027618335,30045.0,16.1,30045.0,8060.19224962607,0.0,2450.1236609767807,6962.30775037393,0.0,939,16.095535714285713,32.0,2.0,1.0,8.0,0.0
2539513,10,Los Lagos,10410,Curaco de Vélez,8,False,1,1.0,8830.461315713472,REDPE_mid,16.1,30045.0,12026.253027618335,30045.0,16.1,30045.0,7886.109114744728,0.0,944.3522009687442,7136.390885255271,0.0,939,16.095535714285713,32.0,2.0,1.0,8.0,0.0
2493208,10,Los Lagos,10304,Fresia,9,True,1,1.0,15102.946856054397,REDPE_mid,16.1,30045.0,12026.253027618335,30045.0,16.1,30045.0,9175.860573846505,0.0,5927.086282207894,5846.639426153495,0.0,939,16.095535714285713,32.0,2.0,1.0,8.0,0.0
2412585,10,Los Lagos,10202,San Pablo,10,False,1,1.0,4052.300110544241,REDPE_mid,16.1,30045.0,12026.253027618335,30045.0,16.1,17120.0,4052.300110544241,12925.0,0.0,4506.51204836021,1.1878410955481185,535,9.171428571428573,32.0,2.0,1.0,8.0,0.0
2523912,10,Los Lagos,10402,Chonchi,11,True,1,1.0,8421.313447941122,REDPE_mid,16.1,30045.0,12026.253027618335,30045.0,16.1,30045.0,7807.094789453937,0.0,614.2186584871843,7215.405210546064,0.0,939,16.095535714285713,32.0,2.0,1.0,8.0,0.0
2541906,10,Los Lagos,10502,Hualaihué,12,False,1,1.0,10554.663984688403,REDPE_mid,16.1,30045.0,12026.253027618335,30045.0,16.1,30045.0,8035.8042903106,0.0,2518.859694377801,6986.695709689399,0.0,939,16.095535714285713,32.0,2.0,1.0,8.0,0.0
2401699,10,Los Lagos,10201,Osorno,13,True,1,1.0,6055.589054011837,REDPE_mid,16.1,30045.0,12026.253027618335,30045.0,16.1,24064.0,6055.196668203601,5981.0,0.3923858082359821,5971.7653090876665,5.038022708730435,752,12.891428571428573,32.0,2.0,1.0,8.0,0.0
2414013,10,Los Lagos,10204,Puyehue,14,False,1,1.0,3913.5588696213176,REDPE_mid,16.1,30045.0,12026.253027618335,30045.0,16.1,17232.0,3913.5588696213176,12813.0,0.0,4694.9737529676295,7.467377411052408,539,9.231428571428571,32.0,2.0,1.0,8.0,0.0
2542758,10,Los Lagos,10504,Palena,15,True,1,1.0,9189.563847722511,REDPE_mid,16.1,30045.0,12026.253027618335,30045.0,16.1,30045.0,7745.639190668524,0.0,1443.9246570539888,7276.860809331478,0.0,939,16.095535714285713,32.0,2.0,1.0,8.0,0.0
2496570,10,Los Lagos,10305,Frutillar,16,False,1,1.0,4889.883403083926,REDPE_mid,16.1,30045.0,12026.253027618335,30045.0,16.1,20672.0,4889.883403083926,9373.0,0.0,5442.380904207506,3.735692708568531,646,11.074285714285715,32.0,2.0,1.0,8.0,0.0
2481705,10,Los Lagos,10302,Cochamó,17,True,1,1.0,14755.89876185831,REDPE_mid,16.1,30045.0,12026.253027618335,30045.0,16.1,30045.0,8889.4437451845,0.0,5866.45501667381,6133.056254815499,0.0,939,16.095535714285713,32.0,2.0,1.0,8.0,0.0
2510289,10,Los Lagos,10309,Calbuco,18,False,1,1.0,1686.685991149357,REDPE_mid,16.1,30045.0,12026.253027618335,30045.0,16.1,7872.0,1686.685991149357,22173.0,0.0,2244.928463288042,4.385545562600971,246,4.217142857142857,32.0,2.0,1.0,8.0,0.0
2539783,10,Los Lagos,10415,Quinchao,19,True,1,1.0,14057.50489263422,REDPE_mid,16.1,30045.0,12026.253027618335,30045.0,16.1,30045.0,8727.919950630998,0.0,5329.584942003223,6294.580049369002,0.0,939,16.095535714285713,32.0,2.0,1.0,8.0,0.0
2416188,10,Los Lagos,10205,Río Negro,20,False,1,1.0,9426.082226574921,REDPE_mid,16.1,30045.0,12026.253027618335,30045.0,16.1,30045.0,8201.883047745172,0.0,1224.1991788297491,6820.616952254828,0.0,939,16.095535714285713,32.0,2.0,1.0,8.0,0.0
2514531,10,Los Lagos,10401,Castro,21,True,1,1.0,4011.374175040702,REDPE_mid,16.1,30045.0,12026.253027618335,30045.0,16.1,17504.0,4011.374175040702,12541.0,0.0,4736.493728973131,4.132095986167506,547,9.377142857142857,32.0,2.0,1.0,8.0,0.0
2433844,10,Los Lagos,10301,Puerto Montt,22,False,1,1.0,7250.293429977557,REDPE_mid,16.1,30045.0,12026.253027618335,30045.0,16.1,29248.0,7250.268132961664,797.0,0.025297015892959074,7369.848046205597,3.883820832738727,914,15.668571428571429,32.0,2.0,1.0,8.0,0.0
2527211,10,Los Lagos,10404,Quellón,23,True,1,1.0,6930.536395720623,REDPE_mid,16.1,30045.0,12026.253027618335,30045.0,16.1,28768.0,6930.536395720623,1277.0,0.0,7449.254969897686,4.208634381690031,899,15.411428571428573,32.0,2.0,1.0,8.0,0.0
2534605,10,Los Lagos,10406,Ancud,24,False,1,1.0,8133.195325042005,REDPE_mid,16.1,30045.0,12026.253027618335,30045.0,16.1,30045.0,7783.339209348872,0.0,349.85611569313267,7239.160790651128,0.0,939,16.095535714285713,32.0,2.0,1.0,8.0,0.0
2486701,10,Los Lagos,10303,Puerto Varas,25,True,1,1.0,7356.664139251014,REDPE_mid,16.1,30045.0,12026.253027618335,30045.0,16.1,29408.0,7356.563908189012,637.0,0.10023106200146525,7341.514444663824,5.92164714716274,919,15.754285714285714,32.0,2.0,1.0,8.0,0.0
2413153,10,Los Lagos,10203,Puerto Octay,26,False,1,1.0,6582.772879729804,REDPE_mid,16.1,30045.0,12026.253027618335,30045.0,16.1,27168.0,6582.772879729804,2877.0,0.0,6996.657147679514,4.569972590682094,849,14.554285714285717,32.0,2.0,1.0,8.0,0.0
2502273,10,Los Lagos,10306,Llanquihue,27,True,1,1.0,5480.9826013561515,REDPE_mid,16.1,30045.0,12026.253027618335,30045.0,16.1,23040.0,5480.9826013561515,7005.0,0.0,6034.076931353729,4.940467290118467,720,12.342857142857143,32.0,2.0,1.0,8.0,0.0
2539064,10,Los Lagos,10408,Dalcahue,28,False,1,1.0,9091.021759579817,REDPE_mid,16.1,30045.0,12026.253027618335,30045.0,16.1,30045.0,7900.4480706465765,0.0,1190.5736889332413,7122.0519293534235,0.0,939,16.095535714285713,32.0,2.0,1.0,8.0,0.0
2421997,10,Los Lagos,10207,San Juan de la Costa,29,True,1,1.0,6537.549709890034,REDPE_mid,16.1,30045.0,12026.253027618335,30045.0,16.1,26400.0,6537.383555726923,3645.0,0.1661541631106549,6657.069248897823,5.547195375254159,825,14.142857142857142,32.0,2.0,1.0,8.0,0.0
2524402,10,Los Lagos,10403,Queilén,30,False,1,1.0,6446.008882410939,REDPE_mid,16.1,30045.0,12026.253027618335,30045.0,16.1,26784.0,6446.008882410939,3261.0,0.0,6941.521867362522,4.469250226540284,837,14.34857142857143,32.0,2.0,1.0,8.0,0.0
2416950,10,Los Lagos,10205,Río Negro,31,True,1,1.0,10272.905337207632,REDPE_mid,16.1,30045.0,12026.253027618335,30045.0,16.1,30045.0,8595.789541550765,0.0,1677.115795656868,6426.710458449235,0.0,939,16.095535714285713,32.0,2.0,1.0,8.0,0.0
2507602,10,Los Lagos,10308,Los Muermos,32,False,1,1.0,10754.514941221169,REDPE_mid,16.1,30045.0,12026.253027618335,30045.0,16.1,30045.0,8597.524037957444,0.0,2156.990903263727,6424.9759620425575,0.0,939,16.095535714285713,32.0,2.0,1.0,8.0,0.0
2524049,10,Los Lagos,10403,Queilén,33,True,1,1.0,5688.3297265952115,REDPE_mid,16.1,30045.0,12026.253027618335,30045.0,16.1,24128.0,5688.3297265952115,5917.0,0.0,6369.764887299655,5.905386105134059,754,12.925714285714287,32.0,2.0,1.0,8.0,0.0
2540169,10,Los Lagos,10501,Chaitén,34,False,1,1.0,7517.2835294880815,REDPE_mid,16.1,30045.0,12026.253027618335,30045.0,16.1,30045.0,7407.970883256172,0.0,109.31264623190951,7614.529116743827,0.0,939,16.095535714285713,32.0,2.0,1.0,8.0,0.0
2503570,10,Los Lagos,10307,Maullín,35,True,1,1.0,12254.125368524354,REDPE_mid,16.1,30045.0,12026.253027618335,30045.0,16.1,30045.0,8756.047575432634,0.0,3498.0777930917197,6266.4524245673665,0.0,939,16.095535714285713,32.0,2.0,1.0,8.0,0.0
2485422,10,Los Lagos,10303,Puerto Varas,36,False,1,1.0,2126.6431828104905,REDPE_mid,16.1,30045.0,12026.253027618335,30045.0,16.1,10080.0,2126.6431828104905,19965.0,0.0,2906.220809936387,7.136007253122032,315,5.3999999999999995,32.0,2.0,1.0,8.0,0.0
2481759,10,Los Lagos,10302,Cochamó,37,True,1,1.0,7538.76409782342,REDPE_mid,16.1,30045.0,12026.253027618335,30045.0,16.1,30045.0,7538.75730412505,0.0,0.006793698370240353,7482.684586921647,1.0581089533029064,939,16.095535714285713,32.0,2.0,1.0,8.0,0.0
2514892,10,Los Lagos,10401,Castro,38,False,1,1.0,4341.35015157801,REDPE_mid,16.1,30045.0,12026.253027618335,30045.0,16.1,18720.0,4341.35015157801,11325.0,0.0,5013.0153478581105,5.6345005638789125,585,10.028571428571428,32.0,2.0,1.0,8.0,0.0
2537857,10,Los Lagos,10407,Quemchi,39,True,1,1.0,1867.8811225698846,REDPE_mid,16.1,30045.0,12026.253027618335,30045.0,16.1,8768.0,1867.8811225698846,21277.0,0.0,2511.9208224355575,4.198054994558098,274,4.6971428571428575,32.0,2.0,1.0,8.0,0.0
2540119,10,Los Lagos,10415,Quinchao,40,False,1,1.0,3569.346312708792,REDPE_mid,16.1,30045.0,12026.253027618335,30045.0,16.1,15936.0,3569.346312708792,14109.0,0.0,4394.368427122133,4.2852601690764764,498,8.537142857142857,32.0,2.0,1.0,8.0,0.0
2542914,10,Los Lagos,10504,Palena,41,True,1,1.0,11842.932879595466,REDPE_mid,16.1,30045.0,12026.253027618335,30045.0,16.1,30045.0,8194.81367820627,0.0,3648.1192013891937,6827.68632179373,0.0,939,16.095535714285713,32.0,2.0,1.0,8.0,0.0
2418342,10,Los Lagos,10206,Purranque,42,False,1,1.0,4303.5274924296045,REDPE_mid,16.1,30045.0,12026.253027618335,30045.0,16.1,18400.0,4303.5274924296045,11645.0,0.0,4890.565953339341,5.906554231055613,575,9.857142857142858,32.0,2.0,1.0,8.0,0.0
2525737,10,Los Lagos,10404,Quellón,43,True,1,1.0,7716.266136278649,REDPE_mid,16.1,30045.0,12026.253027618335,30045.0,16.1,30045.0,7513.784623934672,0.0,202.4815123439775,7508.715376065328,0.0,939,16.095535714285713,32.0,2.0,1.0,8.0,0.0
2541010,10,Los Lagos,10502,Hualaihué,44,False,1,1.0,7711.163831480964,REDPE_mid,16.1,30045.0,12026.253027618335,30045.0,16.1,30045.0,7534.952282614435,0.0,176.2115488665289,7487.547717385564,0.0,939,16.095535714285713,32.0,2.0,1.0,8.0,0.0
2495422,10,Los Lagos,10305,Frutillar,45,True,1,1.0,5292.968263114113,REDPE_mid,16.1,30045.0,12026.253027618335,30045.0,16.1,22016.0,5292.968263114113,8029.0,0.0,5707.875776224883,7.155960661003723,688,11.794285714285714,32.0,2.0,1.0,8.0,0.0
2539063,10,Los Lagos,10408,Dalcahue,46,False,1,1.0,4729.704338523085,REDPE_mid,16.1,30045.0,12026.253027618335,30045.0,16.1,20640.0,4729.704338523085,9405.0,0.0,5583.322970292216,6.972691184698868,645,11.057142857142859,32.0,2.0,1.0,8.0,0.0
2414877,10,Los Lagos,10204,Puyehue,47,True,1,1.0,5631.978543472564,REDPE_mid,16.1,30045.0,12026.253027618335,30045.0,16.1,23328.0,5631.978543472564,6717.0,0.0,6027.125782488533,4.895674038902351,729,12.497142857142858,32.0,2.0,1.0,8.0,0.0
2523693,10,Los Lagos,10402,Chonchi,48,False,1,1.0,8154.931205780243,REDPE_mid,16.1,30045.0,12026.253027618335,30045.0,16.1,30045.0,7668.675140477343,0.0,486.2560653028984,7353.824859522656,0.0,939,16.095535714285713,32.0,2.0,1.0,8.0,0.0
2492578,10,Los Lagos,10304,Fresia,49,True,1,1.0,4955.387643288207,REDPE_mid,16.1,30045.0,12026.253027618335,30045.0,16.1,20992.0,4955.387643288207,9053.0,0.0,5535.32371374879,5.288642963002904,656,11.245714285714286,32.0,2.0,1.0,8.0,0.0
2501212,10,Los Lagos,10306,Llanquihue,50,False,1,1.0,4210.8691293302045,REDPE_mid,16.1,30045.0,12026.253027618335,30045.0,16.1,18304.0,4210.8691293302045,11741.0,0.0,4933.7584793762035,7.372391293592597,572,9.805714285714288,32.0,2.0,1.0,8.0,0.0
2539494,10,Los Lagos,10410,Curaco de Vélez,51,True,1,1.0,6503.463893242374,REDPE_mid,16.1,30045.0,12026.253027618335,30045.0,16.1,26016.0,6503.15508238703,4029.0,0.3088108553454232,6498.594146319381,6.2507712935881505,813,13.937142857142856,32.0,2.0,1.0,8.0,0.0
2508806,10,Los Lagos,10309,Calbuco,52,False,1,1.0,2545.594854628839,REDPE_mid,16.1,30045.0,12026.253027618335,30045.0,16.1,11520.0,2545.594854628839,18525.0,0.0,3206.5799846895507,7.825160681609922,360,6.171428571428572,32.0,2.0,1.0,8.0,0.0
2551775,11,Aysen,11104,Guaitecas,1,True,1,1.0,3625.4349082911026,REDPE_mid,24.865,46410.0,13466.78944394373,46410.0,24.865,20256.0,3625.4349082911026,26154.0,0.0,6103.289607870647,6.170731184027162,633,10.851428571428572,32.0,1.0,1.0,8.0,0.01
2555560,11,Aysen,11303,Tortel,2,False,1,1.0,9443.87763523171,REDPE_mid,24.865,46410.0,13466.78944394373,46410.0,24.865,46410.0,9298.710957782178,0.0,145.16667744953517,13554.924027756542,0.0,1451,24.862499999999997,32.0,1.0,1.0,8.0,0.01
2555513,11,Aysen,11302,O'Higgins,3,True,1,1.0,9990.048596298047,REDPE_mid,24.865,46410.0,13466.78944394373,46410.0,24.865,46410.0,9352.841145704726,0.0,637.2074505933208,13529.591041885218,0.0,1451,24.862499999999997,32.0,1.0,1.0,8.0,0.01
2560008,11,Aysen,11401,Coihaique,4,False,1,1.0,7084.114827693684,REDPE_mid,24.865,46410.0,13466.78944394373,46410.0,24.865,36256.0,7084.114827693684,10154.0,0.0,10657.306048050412,4.714495941836105,1133,19.422857142857143,32.0,1.0,1.0,8.0,0.01
2545315,11,Aysen,11101,Aisén,5,True,1,1.0,13149.272642806285,REDPE_mid,24.865,46410.0,13466.78944394373,46410.0,24.865,46410.0,9743.854388125608,0.0,3405.4182546806783,13228.982332002754,0.0,1451,24.862499999999997,32.0,1.0,1.0,8.0,0.01
2550218,11,Aysen,11102,Cisnes,6,False,1,1.0,9408.929743181649,REDPE_mid,24.865,46410.0,13466.78944394373,46410.0,24.865,46410.0,9334.949197971486,0.0,73.98054521016421,13519.435625525284,0.0,1451,24.862499999999997,32.0,1.0,1.0,8.0,0.01
2554083,11,Aysen,11203,Río Ibáñez,7,True,1,1.0,13449.052694326027,REDPE_mid,24.865,46410.0,13466.78944394373,46410.0,24.865,46410.0,9700.180655160271,0.0,3748.8720391657557,13276.690640363711,0.0,1451,24.862499999999997,32.0,1.0,1.0,8.0,0.01
2552015,11,Aysen,11201,Chile Chico,8,False,1,1.0,8262.876702373753,REDPE_mid,24.865,46410.0,13466.78944394373,46410.0,24.865,41568.0,8262.8696551668,4842.0,0.007047206952239371,12152.339508775907,1.2675791695349417,1299,22.26857142857143,32.0,1.0,1.0,8.0,0.01
2570135,11,Aysen,11402,Lago Verde,9,True,1,1.0,7399.949505388983,REDPE_mid,24.865,46410.0,13466.78944394373,46410.0,24.865,37760.0,7399.949505388983,8650.0,0.0,11097.531707339595,2.3311116190366206,1180,20.228571428571428,32.0,1.0,1.0,8.0,0.01
2554774,11,Aysen,11301,Cochrane,10,False,1,1.0,10807.185126666594,REDPE_mid,24.865,46410.0,13466.78944394373,46410.0,24.865,46410.0,9614.439040916808,0.0,1192.74608574979,13306.132310005014,0.0,1451,24.862499999999997,32.0,1.0,1.0,8.0,0.01
2551939,11,Aysen,11201,Chile Chico,11,True,1,1.0,7363.133222342807,REDPE_mid,24.865,46410.0,13466.78944394373,46410.0,24.865,37408.0,7363.133222342807,9002.0,0.0,10960.659789732144,5.738190011753291,1169,20.040000000000006,32.0,1.0,1.0,8.0,0.01
2557724,11,Aysen,11401,Coihaique,12,False,1,1.0,6801.25237043843,REDPE_mid,24.865,46410.0,13466.78944394373,46410.0,24.865,35168.0,6801.25237043843,11242.0,0.0,10395.991824454613,5.989169639628521,1099,18.839999999999996,32.0,1.0,1.0,8.0,0.01
2555660,11,Aysen,11303,Tortel,13,True,1,1.0,12734.709140475261,REDPE_mid,24.865,46410.0,13466.78944394373,46410.0,24.865,46410.0,9731.118700572622,0.0,3003.59043990264,13228.84622061197,0.0,1451,24.862499999999997,32.0,1.0,1.0,8.0,0.01
2550404,11,Aysen,11102,Cisnes,14,False,1,1.0,18749.186635088234,REDPE_mid,24.865,46410.0,13466.78944394373,46410.0,24.865,46410.0,10053.359796031287,0.0,8695.826839056945,12982.207530930893,0.0,1451,24.862499999999997,32.0,1.0,1.0,8.0,0.01
2551800,11,Aysen,11104,Guaitecas,15,True,1,1.0,6482.883226335,REDPE_mid,24.865,46410.0,13466.78944394373,46410.0,24.865,33440.0,6482.883226335,12970.0,0.0,9848.271206445841,5.437235110821938,1045,17.914285714285715,32.0,1.0,1.0,8.0,0.01
2549165,11,Aysen,11101,Aisén,16,False,1,1.0,10870.770031190155,REDPE_mid,24.865,46410.0,13466.78944394373,46410.0,24.865,46410.0,9493.14106521037,0.0,1377.6289659797844,13419.37152951882,0.0,1451,24.862499999999997,32.0,1.0,1.0,8.0,0.01
2554795,11,Aysen,11301,Cochrane,17,True,1,1.0,6606.25272739886,REDPE_mid,24.865,46410.0,13466.78944394373,46410.0,24.865,34144.0,6606.25272739886,12266.0,0.0,10083.1687977723,1.635522717522294,1067,18.291428571428575,32.0,1.0,1.0,8.0,0.01
2577343,12,Magallanes,12101,Natales,1,True,1,1.0,17910.3373687088,REDPE_mid,23.345,43580.0,33714.830354588215,43580.0,23.345,35792.0,17892.81582088847,7788.0,17.521547820329832,0.0,3.184179111530932,2237,19.174285714285713,16.0,2.0,1.0,16.0,0.0
2593509,12,Magallanes,12205,Punta Arenas,2,False,1,1.0,19155.00551946237,REDPE_mid,23.345,43580.0,33714.830354588215,43580.0,23.345,38256.0,19118.97498736486,5324.0,36.03053209750696,0.0,9.025012635135766,2391,20.494285714285713,16.0,2.0,1.0,16.0,0.0
2614773,12,Magallanes,12301,Porvenir,3,True,1,1.0,16518.94824030586,REDPE_mid,23.345,43580.0,33714.830354588215,43580.0,23.345,32976.0,16479.220904897156,10604.0,39.727335408704086,0.0,8.779095102842696,2061,17.665714285714287,16.0,2.0,1.0,16.0,0.0
2614434,12,Magallanes,12206,Laguna Blanca,4,False,1,1.0,12517.762062822123,REDPE_mid,23.345,43580.0,33714.830354588215,43580.0,23.345,25056.0,12517.762062822123,18524.0,0.0,0.0,10.237937177876063,1566,13.422857142857145,16.0,2.0,1.0,16.0,0.0
2577414,12,Magallanes,12103,Torres del Paine,5,True,1,1.0,45356.71154411781,REDPE_mid,23.345,43580.0,33714.830354588215,43580.0,23.345,43580.0,21790.0,0.0,23566.711544117814,0.0,0.0,2724,23.34642857142857,16.0,2.0,1.0,16.0,0.0
2577486,12,Magallanes,12204,San Gregorio,6,False,1,1.0,15134.623850504076,REDPE_mid,23.345,43580.0,33714.830354588215,43580.0,23.345,30256.0,15122.719827878353,13324.0,11.904022625724082,0.0,5.280172121645765,1891,16.20857142857143,16.0,2.0,1.0,16.0,0.0
2616043,12,Magallanes,12304,Timaukel,7,True,1,1.0,12433.107862108689,REDPE_mid,23.345,43580.0,33714.830354588215,43580.0,23.345,24880.0,12433.107862108689,18700.0,0.0,0.0,6.892137891309608,1555,13.328571428571427,16.0,2.0,1.0,16.0,0.0
2616079,12,Magallanes,12401,Cabo de Hornos,8,False,1,1.0,9859.973866679931,REDPE_mid,23.345,43580.0,33714.830354588215,43580.0,23.345,19728.0,9859.973866679931,23852.0,0.0,0.0,4.026133320068779,1233,10.568571428571428,16.0,2.0,1.0,16.0,0.0
2616012,12,Magallanes,12302,Primavera,9,True,1,1.0,24569.197346062312,REDPE_mid,23.345,43580.0,33714.830354588215,43580.0,23.345,43580.0,21790.0,0.0,2779.1973460623135,0.0,0.0,2724,23.34642857142857,16.0,2.0,1.0,16.0,0.0
2580174,12,Magallanes,12205,Punta Arenas,10,False,1,1.0,17988.34899414634,REDPE_mid,23.345,43580.0,33714.830354588215,43580.0,23.345,35944.0,17965.413774998102,7636.0,22.935219148241337,0.0,6.586225001898975,2247,19.25571428571429,16.0,2.0,1.0,16.0,0.0
2577410,12,Magallanes,12103,Torres del Paine,11,True,1,1.0,18071.019057049398,REDPE_mid,23.345,43580.0,33714.830354588215,43580.0,23.345,36144.0,18068.378724518934,7436.0,2.640332530464689,0.0,3.6212754810701355,2259,19.362857142857145,16.0,2.0,1.0,16.0,0.0
3136144,13,RM,14202,Lampa,1,True,1,1.0,1298.8640505972378,REDPE_mid,2.795,5225.0,6845.980218315131,5225.0,2.795,2608.0,1298.8640505972378,2617.0,0.0,0.0,5.13594940276224,326,1.3971428571428575,8.0,2.0,4.0,8.0,0.0
3121824,13,RM,14201,Colina,2,False,1,1.0,4999.757787196978,REDPE_mid,2.795,5225.0,6845.980218315131,5225.0,2.795,5225.0,2612.5,0.0,2387.257787196978,0.0,0.0,654,2.799107142857143,8.0,2.0,4.0,8.0,0.0
3012166,13,RM,14156,Cerro Navia,3,True,1,1.0,3737.239710072431,REDPE_mid,2.795,5225.0,6845.980218315131,5225.0,2.795,5225.0,2612.5,0.0,1124.7397100724315,0.0,0.0,654,2.799107142857143,8.0,2.0,4.0,8.0,0.0
3676466,13,RM,16163,San Joaquín,4,False,1,1.0,8206.752294500573,REDPE_mid,2.795,5225.0,6845.980218315131,5225.0,2.795,5225.0,2612.5,0.0,5594.252294500574,0.0,0.0,654,2.799107142857143,8.0,2.0,4.0,8.0,0.0
3284385,13,RM,15103,Providencia,5,True,4,4.0,3069.2265677819187,REDPE_mid,2.795,5225.0,6845.980218315131,5225.0,2.795,5225.0,2612.5,0.0,456.72656778191885,0.0,0.0,654,2.799107142857143,8.0,2.0,4.0,8.0,0.0
4006486,13,RM,16404,Paine,6,False,1,1.0,4045.8838135552114,REDPE_mid,2.795,5225.0,6845.980218315131,5225.0,2.795,5225.0,2612.5,0.0,1433.3838135552116,0.0,0.0,654,2.799107142857143,8.0,2.0,4.0,8.0,0.0
3440779,13,RM,15151,Macul,7,True,1,1.0,5885.336348829472,REDPE_mid,2.795,5225.0,6845.980218315131,5225.0,2.795,5225.0,2612.5,0.0,3272.836348829472,0.0,0.0,654,2.799107142857143,8.0,2.0,4.0,8.0,0.0
2617391,13,RM,13101,Santiago,8,False,1,1.0,9941.399010258416,REDPE_mid,2.795,5225.0,6845.980218315131,5225.0,2.795,5225.0,2612.5,0.0,7328.899010258416,0.0,0.0,654,2.799107142857143,8.0,2.0,4.0,8.0,0.0
3966952,13,RM,16402,Calera de Tango,9,True,1,1.0,4540.126235825472,REDPE_mid,2.795,5225.0,6845.980218315131,5225.0,2.795,5225.0,2612.5,0.0,1927.6262358254714,0.0,0.0,654,2.799107142857143,8.0,2.0,4.0,8.0,0.0
3201094,13,RM,14504,Peñaflor,10,False,1,1.0,2890.6397384834468,REDPE_mid,2.795,5225.0,6845.980218315131,5225.0,2.795,4944.0,2466.674972602884,281.0,423.9647658805634,0.0,5.325027397116285,618,2.648571428571429,8.0,2.0,4.0,8.0,0.0
2688539,13,RM,14107,Quinta Normal,11,True,1,1.0,3615.4006964790515,REDPE_mid,2.795,5225.0,6845.980218315131,5225.0,2.795,5225.0,2612.5,0.0,1002.9006964790515,0.0,0.0,654,2.799107142857143,8.0,2.0,4.0,8.0,0.0
3895588,13,RM,16303,San José de Maipo,12,False,1,1.0,95930.7150239875,REDPE_mid,2.795,5225.0,6845.980218315131,5225.0,2.795,5225.0,2612.5,0.0,93318.2150239875,0.0,0.0,654,2.799107142857143,8.0,2.0,4.0,8.0,0.0
3505199,13,RM,15152,Peñalolén,13,True,1,1.0,16811.49013210776,REDPE_mid,2.795,5225.0,6845.980218315131,5225.0,2.795,5225.0,2612.5,0.0,14198.990132107758,0.0,0.0,654,2.799107142857143,8.0,2.0,4.0,8.0,0.0
2769525,13,RM,14109,Maipú,14,False,1,1.0,4018.258791515051,REDPE_mid,2.795,5225.0,6845.980218315131,5225.0,2.795,5225.0,2612.5,0.0,1405.7587915150511,0.0,0.0,654,2.799107142857143,8.0,2.0,4.0,8.0,0.0
3577155,13,RM,16131,La Granja,15,True,1,1.0,5948.325642356522,REDPE_mid,2.795,5225.0,6845.980218315131,5225.0,2.795,5225.0,2612.5,0.0,3335.8256423565213,0.0,0.0,654,2.799107142857143,8.0,2.0,4.0,8.0,0.0
2877483,13,RM,14111,Pudahuel,16,False,1,1.0,7682.101967504892,REDPE_mid,2.795,5225.0,6845.980218315131,5225.0,2.795,5225.0,2612.5,0.0,5069.601967504893,0.0,0.0,654,2.799107142857143,8.0,2.0,4.0,8.0,0.0
2973162,13,RM,14127,Conchalí,17,True,1,1.0,2343.903971746731,REDPE_mid,2.795,5225.0,6845.980218315131,5225.0,2.795,4352.0,2173.5293486617543,873.0,170.37462308497635,0.0,2.4706513382457262,544,2.3314285714285714,8.0,2.0,4.0,8.0,0.0
3031578,13,RM,14157,Estación Central,18,False,1,1.0,4456.1830325155515,REDPE_mid,2.795,5225.0,6845.980218315131,5225.0,2.795,5225.0,2612.5,0.0,1843.6830325155506,0.0,0.0,654,2.799107142857143,8.0,2.0,4.0,8.0,0.0
3048726,13,RM,14158,Huechuraba,19,True,1,1.0,2874.2354995887877,REDPE_mid,2.795,5225.0,6845.980218315131,5225.0,2.795,5225.0,2612.5,0.0,261.735499588788,0.0,0.0,654,2.799107142857143,8.0,2.0,4.0,8.0,0.0
3165428,13,RM,14501,Talagante,20,False,1,1.0,2856.028099377866,REDPE_mid,2.795,5225.0,6845.980218315131,5225.0,2.795,5136.0,2562.234886332876,89.0,293.79321304498995,0.0,5.765113667123858,642,2.751428571428572,8.0,2.0,4.0,8.0,0.0
2355533,14,Los Rios,10110,Paillaco,1,True,1,1.0,7113.351371397602,REDPE_mid,14.16,26430.0,14739.890865865802,26430.0,14.16,19968.0,7113.351371397602,6462.0,0.0,2062.8451002517286,12.028315682066985,624,10.697142857142858,32.0,1.0,1.0,16.0,0.01
2301379,14,Los Rios,10101,Valdivia,2,False,1,1.0,3917.5462639687394,REDPE_mid,14.16,26430.0,14739.890865865802,26430.0,14.16,12032.0,3917.5462639687394,14398.0,0.0,1323.1542059221326,5.604370188112695,376,6.445714285714287,32.0,1.0,1.0,16.0,0.01
2366833,14,Los Rios,10112,Lago Ranco,3,True,1,1.0,17882.31966439378,REDPE_mid,14.16,26430.0,14739.890865865802,26430.0,14.16,26430.0,10757.7844195831,0.0,7124.53524481068,2038.8851743372925,0.0,826,14.158928571428572,32.0,1.0,1.0,16.0,0.01
2323851,14,Los Rios,10103,Lanco,4,False,1,1.0,6858.433809929053,REDPE_mid,14.16,26430.0,14739.890865865802,26430.0,14.16,19392.0,6858.433809929053,7038.0,0.0,2034.6617478052797,13.224990914508288,606,10.388571428571428,32.0,1.0,1.0,16.0,0.01
2363208,14,Los Rios,10111,Río Bueno,5,True,1,1.0,13615.567480684533,REDPE_mid,14.16,26430.0,14739.890865865802,26430.0,14.16,26430.0,10421.24497083962,0.0,3194.322509844913,2263.968393083596,0.0,826,14.158928571428572,32.0,1.0,1.0,16.0,0.01
2331913,14,Los Rios,10105,Futrono,6,False,1,1.0,10649.181862664818,REDPE_mid,14.16,26430.0,14739.890865865802,26430.0,14.16,26430.0,9985.489750943278,0.0,663.6921117215413,2553.395753055011,0.0,826,14.158928571428572,32.0,1.0,1.0,16.0,0.01
2339667,14,Los Rios,10108,Panguipulli,7,True,1,1.0,11541.697247335633,REDPE_mid,14.16,26430.0,14739.890865865802,26430.0,14.16,26430.0,10253.813192249401,0.0,1287.8840550862312,2359.2290799083244,0.0,826,14.158928571428572,32.0,1.0,1.0,16.0,0.01
2329058,14,Los Rios,10104,Los Lagos,8,False,1,1.0,7794.967156224864,REDPE_mid,14.16,26430.0,14739.890865865802,26430.0,14.16,21504.0,7794.967156224864,4926.0,0.0,2156.7214927234304,12.559642601347143,672,11.520000000000001,32.0,1.0,1.0,16.0,0.01
2321745,14,Los Rios,10102,Mariquina,9,True,1,1.0,2980.275609101162,REDPE_mid,14.16,26430.0,14739.890865865802,26430.0,14.16,9632.0,2980.275609101162,16798.0,0.0,1066.9625723166125,7.898693067663496,301,5.160000000000001,32.0,1.0,1.0,16.0,0.01
2334265,14,Los Rios,10106,Corral,10,False,1,1.0,4641.778449690507,REDPE_mid,14.16,26430.0,14739.890865865802,26430.0,14.16,13632.0,4641.778449690507,12798.0,0.0,1445.0535792910096,7.061803852098677,426,7.3028571428571425,32.0,1.0,1.0,16.0,0.01
2350060,14,Los Rios,10109,La Unión,11,True,1,1.0,7944.013520726853,REDPE_mid,14.16,26430.0,14739.890865865802,26430.0,14.16,21920.0,7944.013520726853,4510.0,0.0,2213.7060132528372,9.543884119764561,685,11.742857142857144,32.0,1.0,1.0,16.0,0.01
2336620,14,Los Rios,10107,Máfil,12,False,1,1.0,3854.272104690953,REDPE_mid,14.16,26430.0,14739.890865865802,26430.0,14.16,11808.0,3854.272104690953,14622.0,0.0,1270.9226647939777,6.31025942451852,369,6.325714285714286,32.0,1.0,1.0,16.0,0.01
2334777,14,Los Rios,10106,Corral,13,True,1,1.0,4642.452633315278,REDPE_mid,14.16,26430.0,14739.890865865802,26430.0,14.16,13888.0,4642.452633315278,12542.0,0.0,1504.0170935482272,11.942130353417598,434,7.44,32.0,1.0,1.0,16.0,0.01
2321737,14,Los Rios,10102,Mariquina,14,False,1,1.0,3857.602325969775,REDPE_mid,14.16,26430.0,14739.890865865802,26430.0,14.16,11744.0,3857.602325969775,14686.0,0.0,1265.2362091480704,7.076832975339923,367,6.291428571428571,32.0,1.0,1.0,16.0,0.01
2354580,14,Los Rios,10110,Paillaco,15,True,1,1.0,6696.934601493614,REDPE_mid,14.16,26430.0,14739.890865865802,26430.0,14.16,18976.0,6696.934601493614,7454.0,0.0,1978.9633742324338,5.322131280102055,593,10.165714285714287,32.0,1.0,1.0,16.0,0.01
2331594,14,Los Rios,10105,Futrono,16,False,1,1.0,10785.554043468617,REDPE_mid,14.16,26430.0,14739.890865865802,26430.0,14.16,26430.0,10019.7231017835,0.0,765.8309416851166,2532.4759585323104,0.0,826,14.158928571428572,32.0,1.0,1.0,16.0,0.01
2326412,14,Los Rios,10103,Lanco,17,True,1,1.0,9539.301767137094,REDPE_mid,14.16,26430.0,14739.890865865802,26430.0,14.16,25408.0,9539.301767137094,1022.0,0.0,2392.335878266465,6.487549361857708,794,13.611428571428572,32.0,1.0,1.0,16.0,0.01
2342848,14,Los Rios,10108,Panguipulli,18,False,1,1.0,17822.21741379127,REDPE_mid,14.16,26430.0,14739.890865865802,26430.0,14.16,26430.0,10827.76346088569,0.0,6994.453952905585,2000.3219002330684,0.0,826,14.158928571428572,32.0,1.0,1.0,16.0,0.01
2328792,14,Los Rios,10104,Los Lagos,19,True,1,1.0,6138.970946007339,REDPE_mid,14.16,26430.0,14739.890865865802,26430.0,14.16,17536.0,6138.970946007339,8894.0,0.0,1828.2683717276789,4.716525866092145,548,9.394285714285715,32.0,1.0,1.0,16.0,0.01
2363323,14,Los Rios,10111,Río Bueno,20,False,1,1.0,17969.229048033987,REDPE_mid,14.16,26430.0,14739.890865865802,26430.0,14.16,26430.0,10850.855119935222,0.0,7118.373928098762,1937.826786027349,0.0,826,14.158928571428572,32.0,1.0,1.0,16.0,0.01
2335409,14,Los Rios,10107,Máfil,21,True,1,1.0,2562.42745542031,REDPE_mid,14.16,26430.0,14739.890865865802,26430.0,14.16,8160.0,2562.42745542031,18270.0,0.0,893.0703858724459,13.274907307404757,255,4.371428571428572,32.0,1.0,1.0,16.0,0.01
2353618,14,Los Rios,10109,La Unión,22,False,1,1.0,6899.602382043098,REDPE_mid,14.16,26430.0,14739.890865865802,26430.0,14.16,19296.0,6899.602382043098,7134.0,0.0,1953.3328726579025,15.908043673449265,603,10.337142857142856,32.0,1.0,1.0,16.0,0.01
2284689,14,Los Rios,10101,Valdivia,23,True,1,1.0,4126.000051244747,REDPE_mid,14.16,26430.0,14739.890865865802,26430.0,14.16,12576.0,4126.000051244747,13854.0,0.0,1369.9801522889845,4.0849102999883415,393,6.737142857142857,32.0,1.0,1.0,16.0,0.01
2365647,14,Los Rios,10112,Lago Ranco,24,False,1,1.0,16617.88791497565,REDPE_mid,14.16,26430.0,14739.890865865802,26430.0,14.16,26430.0,10683.30910652945,0.0,5934.5788084462,2086.502344902183,0.0,826,14.158928571428572,32.0,1.0,1.0,16.0,0.01
2331769,14,Los Rios,10105,Futrono,25,True,1,1.0,42524.58014448141,REDPE_mid,14.16,26430.0,14739.890865865802,26430.0,14.16,26430.0,11815.121483303496,0.0,30709.45866117792,1157.821292130171,0.0,826,14.158928571428572,32.0,1.0,1.0,16.0,0.01
2280231,14,Los Rios,10101,Valdivia,26,False,1,1.0,5341.847783145413,REDPE_mid,14.16,26430.0,14739.890865865802,26430.0,14.16,15328.0,5341.847783145413,11102.0,0.0,1594.8015233947744,7.323039123393006,479,8.211428571428572,32.0,1.0,1.0,16.0,0.01
2350425,14,Los Rios,10109,La Unión,27,True,1,1.0,6202.553840416793,REDPE_mid,14.16,26430.0,14739.890865865802,26430.0,14.16,17792.0,6202.553840416793,8638.0,0.0,1892.7166892824132,4.595113692983849,556,9.53142857142857,32.0,1.0,1.0,16.0,0.01
2342810,14,Los Rios,10108,Panguipulli,28,False,1,1.0,7461.348251458739,REDPE_mid,14.16,26430.0,14739.890865865802,26430.0,14.16,20832.0,7461.348251458739,5598.0,0.0,2153.09188408371,10.937315571248948,651,11.159999999999998,32.0,1.0,1.0,16.0,0.01
2334311,14,Los Rios,10106,Corral,29,True,1,1.0,7012.001031973544,REDPE_mid,14.16,26430.0,14739.890865865802,26430.0,14.16,19680.0,7012.001031973544,6750.0,0.0,2015.7113564109518,15.327724535601085,615,10.542857142857143,32.0,1.0,1.0,16.0,0.01
2365900,14,Los Rios,10112,Lago Ranco,30,False,1,1.0,7229.597151244818,REDPE_mid,14.16,26430.0,14739.890865865802,26430.0,14.16,20256.0,7229.597151244818,6174.0,0.0,2106.4319508748968,7.982989154495648,633,10.851428571428572,32.0,1.0,1.0,16.0,0.01
2354832,14,Los Rios,10110,Paillaco,31,True,1,1.0,9772.505604116091,REDPE_mid,14.16,26430.0,14739.890865865802,26430.0,14.16,25952.0,9772.505604116091,478.0,0.0,2424.412809882853,11.166396031340104,811,13.902857142857142,32.0,1.0,1.0,16.0,0.01
2322465,14,Los Rios,10102,Mariquina,32,False,1,1.0,3580.071227147267,REDPE_mid,14.16,26430.0,14739.890865865802,26430.0,14.16,11264.0,3580.071227147267,15166.0,0.0,1236.7463762223106,10.276203966188127,352,6.034285714285714,32.0,1.0,1.0,16.0,0.01
2362450,14,Los Rios,10111,Río Bueno,33,True,1,1.0,6757.1435105666105,REDPE_mid,14.16,26430.0,14739.890865865802,26430.0,14.16,19200.0,6757.1435105666105,7230.0,0.0,2036.478290926298,9.365066052015647,600,10.285714285714285,32.0,1.0,1.0,16.0,0.01
45480,15,Arica y Parinacota,1106,Camarones,1,True,1,1.0,819.4778627252233,MVP_coverage_mid,,,13740.178421906141,13740.178421906141,,1648.0,819.4778627252233,12092.178421906141,0.0,0.0,4.522137274776679,206,0.8828571428571429,8.0,2.0,4.0,16.0,0.0
102596,15,Arica y Parinacota,1301,Putre,2,False,1,1.0,7385.640729107974,MVP_coverage_mid,,,13740.178421906141,13740.178421906141,,12840.0,6415.967257714718,900.178421906141,969.6734713932564,0.0,4.032742285282097,1605,6.878571428571428,8.0,2.0,4.0,16.0,0.0
103264,15,Arica y Parinacota,1302,General Lagos,3,True,1,1.0,8504.951637282249,MVP_coverage_mid,,,13740.178421906141,13740.178421906141,,12976.0,6482.913065339598,764.178421906141,2022.038571942652,0.0,5.086934660402202,1622,6.951428571428571,8.0,2.0,4.0,16.0,0.0
795,15,Arica y Parinacota,1101,Arica,4,False,1,1.0,3468.0581166598568,MVP_coverage_mid,,,13740.178421906141,13740.178421906141,,6880.0,3435.5583986001566,6860.178421906141,32.49971805970014,0.0,4.441601399843711,860,3.685714285714286,8.0,2.0,4.0,16.0,0.0
103216,15,Arica y Parinacota,1302,General Lagos,5,True,1,1.0,6583.178405168145,MVP_coverage_mid,,,13740.178421906141,13740.178421906141,,11884.0,5937.177385309187,1856.178421906141,646.0010198589579,0.0,4.822614690813259,1486,6.366428571428571,8.0,2.0,4.0,16.0,0.0
815,15,Arica y Parinacota,1101,Arica,6,False,1,1.0,3468.0574063465383,MVP_coverage_mid,,,13740.178421906141,13740.178421906141,,6880.0,3435.558272121204,6860.178421906141,32.4991342253341,0.0,4.44172787879614,860,3.685714285714286,8.0,2.0,4.0,16.0,0.0
102640,15,Arica y Parinacota,1301,Putre,7,True,1,1.0,27056.809232545045,MVP_coverage_mid,,,13740.178421906141,13740.178421906141,,13740.178421906141,6870.0892109530705,0.0,20186.720021591977,0.0,0.0,1718,7.36080986887829,8.0,2.0,4.0,16.0,0.0
103221,15,Arica y Parinacota,1302,General Lagos,8,False,1,1.0,6583.17773353077,MVP_coverage_mid,,,13740.178421906141,13740.178421906141,,11884.0,5937.177389431479,1856.178421906141,646.0003440992901,0.0,4.822610568521228,1486,6.366428571428571,8.0,2.0,4.0,16.0,0.0
45212,15,Arica y Parinacota,1101,Arica,9,True,1,1.0,2836.177601966478,MVP_coverage_mid,,,13740.178421906141,13740.178421906141,,5336.0,2665.618173139838,8404.178421906141,170.55942882663967,0.0,2.3818268601620183,667,2.8585714285714285,8.0,2.0,4.0,16.0,0.0
102594,15,Arica y Parinacota,1301,Putre,10,False,1,1.0,9287.06494307829,MVP_coverage_mid,,,13740.178421906141,13740.178421906141,,13740.178421906141,6870.0892109530705,0.0,2416.97573212522,0.0,0.0,1718,7.36080986887829,8.0,2.0,4.0,16.0,0.0
1643605,16,Nuble,8117,Pemuco,1,True,1,1.0,29642.234394265008,MVP_coverage_mid,,,9901.824651139577,9901.824651139577,,9901.824651139577,4950.912325569789,0.0,24691.32206869522,0.0,0.0,1238,5.304548920253345,8.0,2.0,1.0,8.0,0.0
1634101,16,Nuble,8114,San Ignacio,2,False,1,1.0,8301.010829881321,MVP_coverage_mid,,,9901.824651139577,9901.824651139577,,9901.824651139577,4950.912325569789,0.0,3350.0985043115315,0.0,0.0,1238,5.304548920253345,8.0,2.0,1.0,8.0,0.0
1627419,16,Nuble,8112,San Nicolás,3,True,1,1.0,3876.044278837133,MVP_coverage_mid,,,9901.824651139577,9901.824651139577,,7760.0,3875.72220799973,2141.8246511395773,0.32207083740263975,0.0,4.277792000269649,970,4.1571428571428575,8.0,2.0,1.0,8.0,0.0
1647301,16,Nuble,8120,Coelemu,4,False,1,1.0,9470.965307728602,MVP_coverage_mid,,,9901.824651139577,9901.824651139577,,9901.824651139577,4950.912325569789,0.0,4520.052982158814,0.0,0.0,1238,5.304548920253345,8.0,2.0,1.0,8.0,0.0
1610029,16,Nuble,8107,Cobquecura,5,True,1,1.0,5308.233480208801,MVP_coverage_mid,,,9901.824651139577,9901.824651139577,,9901.824651139577,4950.912325569789,0.0,357.3211546390128,0.0,0.0,1238,5.304548920253345,8.0,2.0,1.0,8.0,0.0
1604597,16,Nuble,8103,Coihueco,6,False,1,1.0,15911.564443954703,MVP_coverage_mid,,,9901.824651139577,9901.824651139577,,9901.824651139577,4950.912325569789,0.0,10960.652118384915,0.0,0.0,1238,5.304548920253345,8.0,2.0,1.0,8.0,0.0
1644670,16,Nuble,8118,El Carmen,7,True,1,1.0,4432.248905544333,MVP_coverage_mid,,,9901.824651139577,9901.824651139577,,8872.0,4432.248905544333,1029.8246511395773,0.0,0.0,3.751094455667828,1109,4.752857142857144,8.0,2.0,1.0,8.0,0.0
1642459,16,Nuble,8116,Yungay,8,False,1,1.0,6868.007922609552,MVP_coverage_mid,,,9901.824651139577,9901.824651139577,,9901.824651139577,4950.912325569789,0.0,1917.095597039764,0.0,0.0,1238,5.304548920253345,8.0,2.0,1.0,8.0,0.0
1612576,16,Nuble,8109,San Carlos,9,True,1,1.0,4074.654519064059,MVP_coverage_mid,,,9901.824651139577,9901.824651139577,,8024.0,4007.8150937307455,1877.8246511395773,66.83942533331285,0.0,4.184906269254532,1003,4.298571428571429,8.0,2.0,1.0,8.0,0.0
1601149,16,Nuble,8102,Pinto,10,False,1,1.0,10334.214444865831,MVP_coverage_mid,,,9901.824651139577,9901.824651139577,,9901.824651139577,4950.912325569789,0.0,5383.302119296043,0.0,0.0,1238,5.304548920253345,8.0,2.0,1.0,8.0,0.0
1638979,16,Nuble,8115,Quillón,11,True,1,1.0,3515.4200532005284,MVP_coverage_mid,,,9901.824651139577,9901.824651139577,,7040.0,3515.4200532005284,2861.8246511395773,0.0,0.0,4.579946799472286,880,3.7714285714285714,8.0,2.0,1.0,8.0,0.0
1611409,16,Nuble,8108,Treguaco,12,False,1,1.0,5378.6013324486385,MVP_coverage_mid,,,9901.824651139577,9901.824651139577,,9901.824651139577,4950.912325569789,0.0,427.6890068788496,0.0,0.0,1238,5.304548920253345,8.0,2.0,1.0,8.0,0.0
1630006,16,Nuble,8113,Bulnes,13,True,1,1.0,10364.57806581158,MVP_coverage_mid,,,9901.824651139577,9901.824651139577,,9901.824651139577,4950.912325569789,0.0,5413.665740241791,0.0,0.0,1238,5.304548920253345,8.0,2.0,1.0,8.0,0.0
1625886,16,Nuble,8110,Ñiquén,14,False,1,1.0,3641.677601095983,MVP_coverage_mid,,,9901.824651139577,9901.824651139577,,7264.0,3630.4950019793732,2637.8246511395773,11.18259911660973,0.0,1.504998020627,908,3.8914285714285715,8.0,2.0,1.0,8.0,0.0
1609062,16,Nuble,8105,Ninhue,15,True,1,1.0,3248.177929158962,MVP_coverage_mid,,,9901.824651139577,9901.824651139577,,6504.0,3248.177929158962,3397.8246511395773,0.0,0.0,3.8220708410375592,813,3.484285714285714,8.0,2.0,1.0,8.0,0.0
1597367,16,Nuble,8101,Chillán,16,False,1,1.0,5632.437820908277,MVP_coverage_mid,,,9901.824651139577,9901.824651139577,,9901.824651139577,4950.912325569789,0.0,681.5254953384888,0.0,0.0,1238,5.304548920253345,8.0,2.0,1.0,8.0,0.0
1626553,16,Nuble,8111,San Fabián,17,True,1,1.0,8887.838097053715,MVP_coverage_mid,,,9901.824651139577,9901.824651139577,,9901.824651139577,4950.912325569789,0.0,3936.9257714839255,0.0,0.0,1238,5.304548920253345,8.0,2.0,1.0,8.0,0.0
1609438,16,Nuble,8106,Portezuelo,18,False,1,1.0,3302.926079466369,MVP_coverage_mid,,,9901.824651139577,9901.824651139577,,6616.0,3302.926079466369,3285.8246511395773,0.0,0.0,5.073920533631005,827,3.5442857142857145,8.0,2.0,1.0,8.0,0.0
1654060,16,Nuble,8121,Chillán Viejo,19,True,1,1.0,3194.8962168754165,MVP_coverage_mid,,,9901.824651139577,9901.824651139577,,6400.0,3194.8962168754165,3501.8246511395773,0.0,0.0,5.103783124583045,800,3.428571428571429,8.0,2.0,1.0,8.0,0.0
1606482,16,Nuble,8104,Quirihue,20,False,1,1.0,4325.201342254476,MVP_coverage_mid,,,9901.824651139577,9901.824651139577,,8648.0,4321.51108200941,1253.8246511395773,3.690260245065911,0.0,2.4889179905903607,1081,4.632857142857143,8.0,2.0,1.0,8.0,0.0
1646036,16,Nuble,8119,Ránquil,21,True,1,1.0,3409.050336364345,MVP_coverage_mid,,,9901.824651139577,9901.824651139577,,6824.0,3408.8238022886626,3077.8246511395773,0.22653407568282935,0.0,3.176197711337859,853,3.6557142857142857,8.0,2.0,1.0,8.0,0.0
1606829,16,Nuble,8104,Quirihue,22,False,1,1.0,4923.7048640147805,MVP_coverage_mid,,,9901.824651139577,9901.824651139577,,9848.0,4922.523383734097,53.82465113957733,1.1814802806837594,0.0,1.4766162659026614,1231,5.275714285714286,8.0,2.0,1.0,8.0,0.0
1640616,16,Nuble,8116,Yungay,23,True,1,1.0,4059.5503941703487,MVP_coverage_mid,,,9901.824651139577,9901.824651139577,,8120.0,4057.6026791876907,1781.8246511395773,1.9477149826578222,0.0,2.3973208123093883,1015,4.35,8.0,2.0,1.0,8.0,0.0
1646533,16,Nuble,8120,Coelemu,24,False,1,1.0,5552.652453821892,MVP_coverage_mid,,,9901.824651139577,9901.824651139577,,9901.824651139577,4950.912325569789,0.0,601.7401282521029,0.0,0.0,1238,5.304548920253345,8.0,2.0,1.0,8.0,0.0
1652365,16,Nuble,8121,Chillán Viejo,25,True,1,1.0,3909.950294745802,MVP_coverage_mid,,,9901.824651139577,9901.824651139577,,7800.0,3896.397775308518,2101.8246511395773,13.552519437283962,0.0,3.6022246914822476,975,4.178571428571429,8.0,2.0,1.0,8.0,0.0
1561572,16,Nuble,8101,Chillán,26,False,1,1.0,6069.658094559484,MVP_coverage_mid,,,9901.824651139577,9901.824651139577,,9901.824651139577,4950.912325569789,0.0,1118.7457689896962,0.0,0.0,1238,5.304548920253345,8.0,2.0,1.0,8.0,0.0
1643750,16,Nuble,8117,Pemuco,27,True,1,1.0,4701.509595715402,MVP_coverage_mid,,,9901.824651139577,9901.824651139577,,9352.0,4672.469735685853,549.8246511395773,29.039860029548745,0.0,3.5302643141468875,1169,5.010000000000002,8.0,2.0,1.0,8.0,0.0
1626001,16,Nuble,8110,Ñiquén,28,False,1,1.0,2069.7351725529766,MVP_coverage_mid,,,9901.824651139577,9901.824651139577,,4144.0,2069.7351725529766,5757.824651139577,0.0,0.0,2.264827447023262,518,2.2199999999999998,8.0,2.0,1.0,8.0,0.0
1611050,16,Nuble,8107,Cobquecura,29,True,1,1.0,6393.859950380352,MVP_coverage_mid,,,9901.824651139577,9901.824651139577,,9901.824651139577,4950.912325569789,0.0,1442.9476248105625,0.0,0.0,1238,5.304548920253345,8.0,2.0,1.0,8.0,0.0
1621877,16,Nuble,8109,San Carlos,30,False,1,1.0,4993.209789451956,MVP_coverage_mid,,,9901.824651139577,9901.824651139577,,9576.0,4783.598365763817,325.8246511395773,209.61142368813864,0.0,4.401634236182957,1197,5.13,8.0,2.0,1.0,8.0,0.0
