edificio_id,codigo_comuna,tmy_commune_id,codigo_region,nombre_comuna,longitud,latitud,n_inmuebles,area_total_construida,area_promedio_inmueble,clasificacion,episcope_archetype,zona_termica,anio_construccion,n_pers_edificio,tipo_comb_calef,commune_rank,sample_order,regional_sample_rank,sample_quota,total_inmuebles_regional,wood_inmuebles_regional,total_records_regional,wood_records_regional,wood_share_regional,sampling_weight_wood_inmuebles,requested_samples,sample_expansion_weight
99748,1211,1107,1,Alto Hospicio,-70.100496,-20.258905,1,46.0,46.0,casa,CL.SFH.CEV.lad.A,A,2015,4.261682242990654,lena,1,2c9802f4d80819c3818fbb08cae9a2d9,1,10,89793,166,57059,166,0.0018486964462708674,0.0001684851560517635,10,16.6
64898,1201,1101,1,Iquique,-70.137476,-20.225554,1,36.0,36.0,casa,CL.SFH.preRT.lad.A,A,1979,5.48,lena,1,4662d694983f818bcc42ced2a07784d5,2,10,89793,166,57059,166,0.0018486964462708674,0.0001684851560517635,10,16.6
80892,1206,1404,1,Huara,-69.796016,-19.265436,1,31.0,31.0,casa,CL.SFH.post2021.lad.A,A,2022,1.4166666666666667,lena,1,6b68624614a5e74afe22f49d6dee75f1,3,10,89793,166,57059,166,0.0018486964462708674,0.0001684851560517635,10,16.6
81216,1210,1403,1,Colchane,-68.644222,-19.46758,1,48.0,48.0,casa,CL.SFH.preRT.adobe.H,H,1970,1.058252427184466,lena,1,93c7966480e59ea7c12ecd861d8c1418,4,10,89793,166,57059,166,0.0018486964462708674,0.0001684851560517635,10,16.6
81066,1208,1402,1,Camiña,-69.430414,-19.31095,1,47.0,47.0,casa,CL.SFH.preRT.adobe.B,B,1980,1.8181818181818181,lena,1,a1771132cd440c8234d29ff97a4f3aee,5,10,89793,166,57059,166,0.0018486964462708674,0.0001684851560517635,10,16.6
77089,1204,1401,1,Pozo Almonte,-69.656005,-20.332287,1,107.0,107.0,casa,CL.SFH.preRT.mad.B,B,1995,0.22580645161290322,lena,1,bc1c6a21a291a40b3bb0b2b2803a29af,6,10,89793,166,57059,166,0.0018486964462708674,0.0001684851560517635,10,16.6
81218,1210,1403,1,Colchane,-68.644287,-19.467488,1,48.0,48.0,casa,CL.SFH.preRT.adobe.H,H,1930,1.058252427184466,lena,2,0bbc86c3aa695d881c4a0861ca8cd141,7,10,89793,166,57059,166,0.0018486964462708674,0.0001684851560517635,10,16.6
85499,1211,1107,1,Alto Hospicio,-70.101244,-20.290087,1,40.0,40.0,casa,CL.SFH.RT2.mad.A,A,2007,3.5652173913043477,lena,2,3d57cd5bb119cbf18a05fd96533c40c1,8,10,89793,166,57059,166,0.0018486964462708674,0.0001684851560517635,10,16.6
81033,1208,1402,1,Camiña,-69.424597,-19.312267,1,46.0,46.0,casa,CL.SFH.RT2.lad.B,B,2009,1.625,lena,2,57f102ee1d9e922cabfff5dfbfe10888,9,10,89793,166,57059,166,0.0018486964462708674,0.0001684851560517635,10,16.6
80370,1206,1404,1,Huara,-69.772468,-19.992859,1,64.0,64.0,casa,CL.SFH.RT1.mad.B,B,2000,6.666666666666667,lena,2,81610fcd4a506fa0eca1e164fd805d2a,10,10,89793,166,57059,166,0.0018486964462708674,0.0001684851560517635,10,16.6
111131,2103,2302,2,María Elena,-69.534116,-21.656532,1,112.0,112.0,casa,CL.SFH.preRT.mad.B,B,1995,2.739130434782609,lena,1,12c5a0ee27360d392b8f3c4d9b486e2e,1,10,175972,970,120651,970,0.00551224058372923,0.0009845216950012687,10,97.0
182396,2206,2103,2,Sierra Gorda,-69.848016,-23.336257,1,36.0,36.0,casa,CL.SFH.RT1.lad.B,B,2005,4.8,lena,1,2dea0bab3c0057635b9bf866ef60edbd,2,10,175972,970,120651,970,0.00551224058372923,0.0009845216950012687,10,97.0
222578,2302,2202,2,Ollagüe,-68.252052,-21.223024,1,180.0,180.0,casa,CL.SFH.preRT.adobe.H,H,1960,3.640625,lena,1,4de36b548b6cf3b5cde3a7916b44b9d4,3,10,175972,970,120651,970,0.00551224058372923,0.0009845216950012687,10,97.0
222961,2303,2203,2,San Pedro de Atacama,-68.001219,-23.19015,1,150.0,150.0,casa,CL.SFH.CEV.lad.B,B,2019,1.625,lena,1,5b74c7ccb6dcb9c5b530212ace093cb5,4,10,175972,970,120651,970,0.00551224058372923,0.0009845216950012687,10,97.0
176691,2202,2104,2,Taltal,-70.477533,-25.410658,1,55.0,55.0,casa,CL.SFH.preRT.mad.A,A,1995,3.0285714285714285,lena,1,895f74b88ceb4bf786b6232dc902279d,5,10,175972,970,120651,970,0.00551224058372923,0.0009845216950012687,10,97.0
107805,2101,2301,2,Tocopilla,-70.187001,-22.086524,1,45.0,45.0,casa,CL.SFH.preRT.mad.A,A,1960,1.6363636363636365,lena,1,8d70d965786cb1704f82463899a184fb,6,10,175972,970,120651,970,0.00551224058372923,0.0009845216950012687,10,97.0
182290,2203,2102,2,Mejillones,-70.276542,-22.713342,1,24.0,24.0,casa,CL.SFH.RT1.mad.A,A,2000,1.9852941176470589,lena,1,d2b0aaa14e343c5d38dcafaa872cb756,7,10,175972,970,120651,970,0.00551224058372923,0.0009845216950012687,10,97.0
175950,2201,2101,2,Antofagasta,-70.534887,-23.513953,1,54.0,54.0,casa,CL.SFH.RT1.lad.A,A,2001,0.7609561752988048,lena,1,dda6d93bb22b328df7e2a9a36f3f0785,8,10,175972,970,120651,970,0.00551224058372923,0.0009845216950012687,10,97.0
199560,2301,2201,2,Calama,-68.910192,-22.454791,1,79.0,79.0,casa,CL.SFH.RT2.lad.B,B,2010,2.2549019607843137,lena,1,fbfb64d69425e687f0a948d66eede6ec,9,10,175972,970,120651,970,0.00551224058372923,0.0009845216950012687,10,97.0
119818,2201,2101,2,Antofagasta,-70.399794,-23.662865,1,199.0,199.0,casa,CL.SFH.RT1.lad.A,A,2002,2.097560975609756,lena,2,0b2a562e5272105bc546dc9a31fc8fcc,10,10,175972,970,120651,970,0.00551224058372923,0.0009845216950012687,10,97.0
307529,3304,3302,3,Alto del Carmen,-70.51888,-28.722775,1,13.0,13.0,casa,CL.SFH.CEV.mad.B,B,2015,4.230769230769231,lena,1,1035edc7a405b4d8c29048315eefd06e,1,10,93940,1342,83619,1286,0.014285714285714285,0.0013620908398883531,10,134.2
306390,3303,3304,3,Huasco,-71.225935,-28.462017,1,39.0,39.0,casa,CL.SFH.preRT.mad.A,A,1962,1.7333333333333334,lena,1,269e3b1a0792a8ca61e672ef18abdd0b,2,10,93940,1342,83619,1286,0.014285714285714285,0.0013620908398883531,10,134.2
278371,3202,3102,3,Caldera,-70.820751,-27.071811,1,77.0,77.0,casa,CL.SFH.preRT.lad.A,A,1980,1.8095238095238095,lena,1,3b2709954561f09afe4d808c922a53c7,3,10,93940,1342,83619,1286,0.014285714285714285,0.0013620908398883531,10,134.2
230168,3102,3202,3,Diego de Almagro,-70.05341,-26.390993,1,96.0,96.0,casa,CL.SFH.RT2.lad.B,B,2008,2.0555555555555554,lena,1,3ca2657887ca6a541d882b9b46e3b4e5,4,10,93940,1342,83619,1286,0.014285714285714285,0.0013620908398883531,10,134.2
283642,3203,3103,3,Tierra Amarilla,-70.265793,-27.476546,1,68.0,68.0,casa,CL.SFH.preRT.mad.B,B,1971,2.7432432432432434,lena,1,67a8c7c65635cbb2e39a5608f1ae90a4,5,10,93940,1342,83619,1286,0.014285714285714285,0.0013620908398883531,10,134.2
301258,3302,3303,3,Freirina,-70.916975,-28.534134,1,98.0,98.0,casa,CL.SFH.preRT.mad.A,A,1980,5.714285714285714,lena,1,78af2f11c5678656061ac47a233b75b2,6,10,93940,1342,83619,1286,0.014285714285714285,0.0013620908398883531,10,134.2
225693,3101,3201,3,Chañaral,-70.619655,-26.346042,1,80.0,80.0,casa,CL.SFH.preRT.lad.A,A,1993,1.6153846153846154,lena,1,ad06a9d8cdb831428de8a4e5147c8137,7,10,93940,1342,83619,1286,0.014285714285714285,0.0013620908398883531,10,134.2
268193,3201,3101,3,Copiapó,-70.325536,-27.356746,1,88.0,88.0,casa,CL.SFH.preRT.adobe.B,B,1979,3.75,lena,1,add0d8eec8404bd651cce9bde9919406,8,10,93940,1342,83619,1286,0.014285714285714285,0.0013620908398883531,10,134.2
285063,3301,3301,3,Vallenar,-70.890599,-28.956738,1,54.0,54.0,casa,CL.SFH.preRT.mad.B,B,1990,1.5833333333333333,lena,1,cca9d666f5760c636d82f8883d6f85af,9,10,93940,1342,83619,1286,0.014285714285714285,0.0013620908398883531,10,134.2
263945,3201,3101,3,Copiapó,-70.33269,-27.360511,1,53.0,53.0,casa,CL.SFH.preRT.lad.B,B,1965,2.2115384615384617,lena,2,2c21ca77b43194dfb67edb1f91209e6b,10,10,93940,1342,83619,1286,0.014285714285714285,0.0013620908398883531,10,134.2
529140,4304,4202,4,Canela,-71.37736,-31.384264,1,53.0,53.0,casa,CL.SFH.RT2.lad.C,C,2008,3.8852459016393444,lena,1,200149ca1007971eb2f18958bd8ff884,1,15,274131,14348,221688,14217,0.052339939663883325,0.014562801319462065,15,956.5333333333333
314715,4101,4101,4,La Serena,-71.26831,-29.942253,1,81.0,81.0,casa,CL.SFH.RT1.lad.C,C,2005,3.230769230769231,lena,1,5ee31ad1d3dccf28f1dc672178a540c0,2,15,274131,14348,221688,14217,0.052339939663883325,0.014562801319462065,15,956.5333333333333
500971,4204,4304,4,Punitaqui,-71.272281,-30.821183,1,38.0,38.0,casa,CL.SFH.preRT.lad.B,B,1996,3.176470588235294,lena,1,66b1005f5a16fe107b6d836632b2d26a,3,15,274131,14348,221688,14217,0.052339939663883325,0.014562801319462065,15,956.5333333333333
506350,4205,4302,4,Combarbalá,-71.197748,-30.907731,1,36.0,36.0,casa,CL.SFH.RT1.lad.B,B,2003,3.966666666666667,lena,1,6bad961b1fc2152a77f6e5c994444da1,4,15,274131,14348,221688,14217,0.052339939663883325,0.014562801319462065,15,956.5333333333333
456326,4106,4105,4,Paiguano,-70.492887,-30.125288,1,103.0,103.0,casa,CL.SFH.preRT.mad.B,B,1960,2.4461538461538463,lena,1,7d1bfc6cf54fcd76c178d4168e1e4ed3,5,15,274131,14348,221688,14217,0.052339939663883325,0.014562801319462065,15,956.5333333333333
508082,4301,4201,4,Illapel,-71.257852,-31.734499,1,40.0,40.0,casa,CL.SFH.preRT.mad.B,B,1976,8.55,lena,1,7fcf972e403ff361d514af5439fe3f13,6,15,274131,14348,221688,14217,0.052339939663883325,0.014562801319462065,15,956.5333333333333
448972,4105,4106,4,Vicuña,-70.710285,-30.038047,1,42.0,42.0,casa,CL.SFH.preRT.lad.B,B,1988,2.4523809523809526,lena,1,81d040c18857463e6acbe98cb885be42,7,15,274131,14348,221688,14217,0.052339939663883325,0.014562801319462065,15,956.5333333333333
507119,4206,4305,4,Río Hurtado,-70.861562,-30.390663,1,97.0,97.0,casa,CL.SFH.post2021.mad.B,B,2021,1.5714285714285714,lena,1,846ef53568a7c533b6971c27ff63ce19,8,15,274131,14348,221688,14217,0.052339939663883325,0.014562801319462065,15,956.5333333333333
517329,4302,4204,4,Salamanca,-70.969321,-31.77855,1,36.0,36.0,casa,CL.SFH.preRT.mad.B,B,1980,3.5,lena,1,ac27ffdab02eb00d515f28ac8776cf46,9,15,274131,14348,221688,14217,0.052339939663883325,0.014562801319462065,15,956.5333333333333
490602,4203,4303,4,Monte Patria,-70.764921,-30.954752,1,40.0,40.0,casa,CL.SFH.RT1.mad.B,B,2002,1.5633802816901408,lena,1,b8667c60f8860dc3988d0596a0f63716,10,15,274131,14348,221688,14217,0.052339939663883325,0.014562801319462065,15,956.5333333333333
387335,4103,4102,4,Coquimbo,-71.34955,-29.993062,1,63.0,63.0,casa,CL.SFH.RT1.lad.C,C,2006,3.074380165289256,lena,1,cdb8bdd553b3dc884992547fb4abdbfc,11,15,274131,14348,221688,14217,0.052339939663883325,0.014562801319462065,15,956.5333333333333
522075,4303,4203,4,Los Vilos,-71.507549,-31.924078,1,41.0,41.0,casa,CL.SFH.RT2.lad.C,C,2012,2.427536231884058,lena,1,d11c3275a776f9fb53fdc543fc419be0,12,15,274131,14348,221688,14217,0.052339939663883325,0.014562801319462065,15,956.5333333333333
372540,4102,4104,4,La Higuera,-71.199028,-29.511395,1,42.0,42.0,casa,CL.SFH.preRT.mad.C,C,1995,1.3333333333333333,lena,1,eba2807bc07c23e7a9709b5fa3832209,13,15,274131,14348,221688,14217,0.052339939663883325,0.014562801319462065,15,956.5333333333333
457381,4201,4301,4,Ovalle,-71.339919,-30.735126,1,51.0,51.0,casa,CL.SFH.post2021.lad.C,C,2022,10.7,lena,1,f52f1106067453b418b3502c0bda7b33,14,15,274131,14348,221688,14217,0.052339939663883325,0.014562801319462065,15,956.5333333333333
447428,4104,4103,4,Andacollo,-71.077837,-30.231151,1,30.0,30.0,casa,CL.SFH.preRT.mad.B,B,1995,4.285714285714286,lena,1,fd90c721aeea28fd0b1043ca8437702d,15,15,274131,14348,221688,14217,0.052339939663883325,0.014562801319462065,15,956.5333333333333
861373,5502,5506,5,Nogales,-71.21341,-32.687886,1,71.0,71.0,casa,CL.SFH.preRT.lad.D,D,1944,4.096774193548387,lena,1,064e41b4343ceac5e5400bbaa8c7670e,1,37,645498,79282,443992,74628,0.12282299867699048,0.08046891651865008,37,2142.7567567567567
605645,5302,5109,5,Viña del Mar,-71.530384,-33.055077,1,36.0,36.0,casa,CL.SFH.RT2.mad.C,C,2008,3.27027027027027,lena,1,12d7cba804db33721cf0504a34e88390,2,37,645498,79282,443992,74628,0.12282299867699048,0.08046891651865008,37,2142.7567567567567
925897,5603,5702,5,Catemu,-70.968542,-32.7765,1,32.0,32.0,casa,CL.SFH.preRT.lad.D,D,1983,2.017543859649123,lena,1,242bd599470073f47ed867c4bada6282,3,37,645498,79282,443992,74628,0.12282299867699048,0.08046891651865008,37,2142.7567567567567
945407,5701,5301,5,Los Andes,-70.595254,-32.85203,1,61.0,61.0,casa,CL.SFH.RT1.hor.D,D,2002,2.0,lena,1,264b8d0727252af12211270e1b299349,4,37,645498,79282,443992,74628,0.12282299867699048,0.08046891651865008,37,2142.7567567567567
548301,5205,5403,5,Papudo,-71.445033,-32.509646,1,70.0,70.0,casa,CL.SFH.preRT.mad.C,C,1974,1.7777777777777777,lena,1,29412322ecf7e14028b14b2fb3dd13cd,5,37,645498,79282,443992,74628,0.12282299867699048,0.08046891651865008,37,2142.7567567567567
582151,5301,5101,5,Valparaíso,-71.587286,-33.049837,1,157.0,157.0,casa,CL.SFH.preRT.lad.C,C,1965,3.210526315789474,lena,1,2c33eb7583f297de3ca2199e363794c2,6,37,645498,79282,443992,74628,0.12282299867699048,0.08046891651865008,37,2142.7567567567567
941364,5606,5703,5,Llaillay,-70.96948,-32.836701,1,32.0,32.0,casa,CL.SFH.preRT.lad.D,D,1996,2.883720930232558,lena,1,2d3feff021ba1611033985c2e2d5ee57,7,37,645498,79282,443992,74628,0.12282299867699048,0.08046891651865008,37,2142.7567567567567
863656,5503,5503,5,Hijuelas,-71.105814,-32.837799,1,60.0,60.0,casa,CL.SFH.preRT.mad.D,D,1955,11.538461538461538,lena,1,3269330389b08fdec5474504ef10e916,8,37,645498,79282,443992,74628,0.12282299867699048,0.08046891651865008,37,2142.7567567567567
776821,5401,5601,5,San Antonio,-71.602983,-33.594864,1,99.0,99.0,casa,CL.SFH.preRT.lad.C,C,1986,4.214285714285714,lena,1,356e8286482f58c71c2a6f723e0f385f,9,37,645498,79282,443992,74628,0.12282299867699048,0.08046891651865008,37,2142.7567567567567
970586,5704,5303,5,Rinconada,-70.686462,-32.852391,1,42.0,42.0,casa,CL.SFH.RT2.lad.D,D,2009,2.591304347826087,lena,1,3a050e67778896900b4dee9e4545a312,10,37,645498,79282,443992,74628,0.12282299867699048,0.08046891651865008,37,2142.7567567567567
529267,5101,5201,5,Isla de Pascua,-109.419128,-27.155351,1,100.0,100.0,casa,CL.SFH.preRT.mad.A,A,1990,9.115384615384615,lena,1,44e5a16dd65014ea3f50b6a38506a18a,11,37,645498,79282,443992,74628,0.12282299867699048,0.08046891651865008,37,2142.7567567567567
729118,5304,5801,5,Quilpué,-71.427866,-33.031668,1,231.0,231.0,casa,CL.SFH.CEV.lad.D,D,2020,2.5833333333333335,lena,1,4fef1c91ddb6956bf505424a025e38f6,12,37,645498,79282,443992,74628,0.12282299867699048,0.08046891651865008,37,2142.7567567567567
762576,5309,5103,5,Concón,-71.510718,-32.925083,1,81.0,81.0,casa,CL.SFH.preRT.mad.C,C,1956,3.8333333333333335,lena,1,50744b5382c8dc91c5c44b495ec6f5f6,13,37,645498,79282,443992,74628,0.12282299867699048,0.08046891651865008,37,2142.7567567567567
874745,5504,5502,5,Calera,-71.202117,-32.775778,1,42.0,42.0,casa,CL.SFH.preRT.lad.D,D,1992,5.786666666666667,lena,1,518be3ca03c339f560faf028457a8269,14,37,645498,79282,443992,74628,0.12282299867699048,0.08046891651865008,37,2142.7567567567567
532788,5201,5401,5,La Ligua,-71.22831,-32.449609,1,84.0,84.0,casa,CL.SFH.preRT.lad.D,D,1971,1.2,lena,1,5992476835b44aefd93627150c6a4bc7,15,37,645498,79282,443992,74628,0.12282299867699048,0.08046891651865008,37,2142.7567567567567
826851,5406,5602,5,Algarrobo,-71.639276,-33.324561,1,33.0,33.0,casa,CL.SFH.preRT.mad.C,C,1999,1.7307692307692308,lena,1,5d75cbc7937fd81cb8f46fc1b5eb3bcc,16,37,645498,79282,443992,74628,0.12282299867699048,0.08046891651865008,37,2142.7567567567567
738313,5306,5107,5,Quintero,-71.438896,-32.828561,1,315.0,315.0,casa,CL.SFH.RT2.lad.C,C,2013,2.5365853658536586,lena,1,5fc6052d1e267ea8181abcaa4226d315,17,37,645498,79282,443992,74628,0.12282299867699048,0.08046891651865008,37,2142.7567567567567
751534,5307,5105,5,Puchuncaví,-71.414334,-32.727056,1,69.0,69.0,casa,CL.SFH.preRT.lad.C,C,1999,5.0,lena,1,6a1193238164a52f76756622fb090601,18,37,645498,79282,443992,74628,0.12282299867699048,0.08046891651865008,37,2142.7567567567567
894339,5507,5803,5,Olmué,-71.044159,-33.050374,1,55.0,55.0,casa,CL.SFH.preRT.lad.D,D,1990,11.567567567567568,lena,1,802308f429bd3bec89ee402e493dcaee,19,37,645498,79282,443992,74628,0.12282299867699048,0.08046891651865008,37,2142.7567567567567
932683,5605,5706,5,Santa María,-70.630203,-32.781027,1,163.0,163.0,casa,CL.SFH.CEV.lad.D,D,2019,8.8,lena,1,8061a6b505dc01c748cf702ef551967a,20,37,645498,79282,443992,74628,0.12282299867699048,0.08046891651865008,37,2142.7567567567567
806361,5404,5605,5,El Tabo,-71.643116,-33.445092,1,64.0,64.0,casa,CL.SFH.CEV.mad.C,C,2016,4.461538461538462,lena,1,83699307a1fc9bde1300e649565f434f,21,37,645498,79282,443992,74628,0.12282299867699048,0.08046891651865008,37,2142.7567567567567
737494,5305,5102,5,Casablanca,-71.680764,-33.176505,1,300.0,300.0,casa,CL.SFH.RT1.lad.C,C,2002,0.028761061946902654,lena,1,845ea1b3aff04eadb95f08346e11dd36,22,37,645498,79282,443992,74628,0.12282299867699048,0.08046891651865008,37,2142.7567567567567
544062,5204,5405,5,Zapallar,-71.40274,-32.618457,1,169.0,169.0,casa,CL.SFH.RT2.mad.C,C,2011,0.5223880597014925,lena,1,979fac70ef80c22840cbbd78197bb79c,23,37,645498,79282,443992,74628,0.12282299867699048,0.08046891651865008,37,2142.7567567567567
799481,5403,5603,5,Cartagena,-71.592203,-33.526083,1,78.0,78.0,casa,CL.SFH.RT1.mad.C,C,2004,2.3793103448275863,lena,1,9d7eed5effffe0f13ea0a81c7653f7d2,24,37,645498,79282,443992,74628,0.12282299867699048,0.08046891651865008,37,2142.7567567567567
756240,5308,5104,5,Juan Fernández,-78.82655,-33.641832,1,40.0,40.0,casa,CL.SFH.preRT.mad.C,C,1970,3.5,lena,1,9ebbf51e069c622064f1548c99551c23,25,37,645498,79282,443992,74628,0.12282299867699048,0.08046891651865008,37,2142.7567567567567
919344,5601,5701,5,San Felipe,-70.733417,-32.738984,1,86.0,86.0,casa,CL.SFH.preRT.lad.D,D,1995,3.727272727272727,lena,1,b0da822df401d3185d8377746c888bb7,26,37,645498,79282,443992,74628,0.12282299867699048,0.08046891651865008,37,2142.7567567567567
931145,5604,5705,5,Putaendo,-70.716575,-32.616632,1,59.0,59.0,casa,CL.SFH.RT1.lad.D,D,2003,2.6341463414634148,lena,1,b467132bb82dab6d14a977aa91ce7460,27,37,645498,79282,443992,74628,0.12282299867699048,0.08046891651865008,37,2142.7567567567567
537881,5202,5404,5,Petorca,-70.921135,-32.249081,1,9.0,9.0,casa,CL.SFH.RT1.mad.D,D,2005,2.933333333333333,lena,1,bf35ddc52e9be1855241dc757d61e11c,28,37,645498,79282,443992,74628,0.12282299867699048,0.08046891651865008,37,2142.7567567567567
884946,5506,5802,5,Limache,-71.265615,-33.014498,1,25.0,25.0,casa,CL.SFH.RT1.mad.D,D,2002,3.388888888888889,lena,1,c06dd8eb0e733d87c42773902ee39c3d,29,37,645498,79282,443992,74628,0.12282299867699048,0.08046891651865008,37,2142.7567567567567
881508,5505,5504,5,La Cruz,-71.228222,-32.820456,1,43.0,43.0,casa,CL.SFH.RT2.lad.D,D,2009,2.4285714285714284,lena,1,c5b520e2fb6cb364eb6742ecac942f7c,30,37,645498,79282,443992,74628,0.12282299867699048,0.08046891651865008,37,2142.7567567567567
540936,5203,5402,5,Cabildo,-71.068284,-32.429957,1,45.0,45.0,casa,CL.SFH.RT2.lad.D,D,2010,2.72,lena,1,d01d76cab5dbdb7adcef24f7224f87a8,31,37,645498,79282,443992,74628,0.12282299867699048,0.08046891651865008,37,2142.7567567567567
807727,5405,5604,5,El Quisco,-71.676485,-33.433295,1,37.0,37.0,casa,CL.SFH.RT1.mad.C,C,2001,0.47058823529411764,lena,1,d0ae0ed2b23c36d5fdae494add1dcf16,32,37,645498,79282,443992,74628,0.12282299867699048,0.08046891651865008,37,2142.7567567567567
923368,5602,5704,5,Panquehue,-70.853175,-32.784323,1,75.0,75.0,casa,CL.SFH.preRT.lad.D,D,1990,3.080808080808081,lena,1,d3b486dfc4daa1a85b4fc9b46b431640,33,37,645498,79282,443992,74628,0.12282299867699048,0.08046891651865008,37,2142.7567567567567
788845,5402,5606,5,Santo Domingo,-71.626554,-33.65356,1,110.0,110.0,casa,CL.SFH.post2021.mad.C,C,2023,5.473684210526316,lena,1,dd2b458fb70d90e64cb7254cd78b7292,34,37,645498,79282,443992,74628,0.12282299867699048,0.08046891651865008,37,2142.7567567567567
961960,5702,5302,5,Calle Larga,-70.60843,-32.871385,1,56.0,56.0,casa,CL.SFH.preRT.mad.D,D,1975,17.75,lena,1,ef3ddca0a061f3d3041d890dfcf625c9,35,37,645498,79282,443992,74628,0.12282299867699048,0.08046891651865008,37,2142.7567567567567
969237,5703,5304,5,San Esteban,-70.551153,-32.784673,1,75.0,75.0,casa,CL.SFH.preRT.mad.D,D,1993,2.5,lena,1,f6cf6cfc53399b1bae9ee31bb4ba6b67,36,37,645498,79282,443992,74628,0.12282299867699048,0.08046891651865008,37,2142.7567567567567
844142,5501,5501,5,Quillota,-71.264069,-32.886159,1,42.0,42.0,casa,CL.SFH.preRT.lad.D,D,1994,2.828125,lena,1,fb665037aae4d388fb529c8e72ff096f,37,37,645498,79282,443992,74628,0.12282299867699048,0.08046891651865008,37,2142.7567567567567
1202172,6209,6302,6,Chépica,-71.276162,-34.728041,1,36.0,36.0,casa,CL.SFH.RT2.mad.D,D,2010,6.84,lena,1,00d76979c9b90f650dab038d5f306682,1,35,276334,71629,243603,71004,0.25921167862079947,0.07270134483633596,35,2046.5428571428572
1195855,6205,6310,6,Santa Cruz,-71.443743,-34.597918,1,182.0,182.0,casa,CL.SFH.preRT.lad.D,D,1978,5.181818181818182,lena,1,228df9b16df21bde666d8d307e4de102,2,35,276334,71629,243603,71004,0.25921167862079947,0.07270134483633596,35,2046.5428571428572
1112898,6111,6113,6,Pichidegua,-71.284148,-34.362129,1,118.0,118.0,casa,CL.SFH.preRT.lad.D,D,1970,5.2628571428571425,lena,1,23cf3ef6391953aeec9563ba98019f54,3,35,276334,71629,243603,71004,0.25921167862079947,0.07270134483633596,35,2046.5428571428572
1198594,6208,6307,6,Peralillo,-71.565735,-34.529705,1,7.0,7.0,casa,CL.SFH.RT1.lad.D,D,2000,13.545454545454545,lena,1,2bd14199ff19b5e73cea815ebd5d9605,4,35,276334,71629,243603,71004,0.25921167862079947,0.07270134483633596,35,2046.5428571428572
1214560,6304,6202,6,La Estrella,-71.709034,-34.208166,1,163.0,163.0,casa,CL.SFH.post2021.mad.D,D,2022,29.0,lena,1,2fa46bff7fc41f79283565707011d1e1,5,35,276334,71629,243603,71004,0.25921167862079947,0.07270134483633596,35,2046.5428571428572
1089505,6108,6112,6,Peumo,-71.175407,-34.391067,1,85.0,85.0,casa,CL.SFH.preRT.lad.D,D,1972,3.0277777777777777,lena,1,4bc2ba64b3a9b04e630f1bc4217b3fa5,6,35,276334,71629,243603,71004,0.25921167862079947,0.07270134483633596,35,2046.5428571428572
1136047,6113,6116,6,Requínoa,-70.821783,-34.290269,1,50.0,50.0,casa,CL.SFH.preRT.lad.D,D,1983,2.642857142857143,lena,1,4ef06a881d1c5c0787dd9ff819b9a6c1,7,35,276334,71629,243603,71004,0.25921167862079947,0.07270134483633596,35,2046.5428571428572
1156003,6201,6301,6,San Fernando,-70.970268,-34.595793,1,102.0,102.0,casa,CL.SFH.preRT.lad.D,D,1960,2.466666666666667,lena,1,504e9e69f15aa8e564c7be29cc1bac6e,8,35,276334,71629,243603,71004,0.25921167862079947,0.07270134483633596,35,2046.5428571428572
1146861,6116,6103,6,Coinco,-70.977804,-34.273446,1,75.0,75.0,casa,CL.SFH.RT1.lad.D,D,2006,4.454545454545454,lena,1,676886f93d23b29d50dfb4e9e46f3a6b,9,35,276334,71629,243603,71004,0.25921167862079947,0.07270134483633596,35,2046.5428571428572
1067256,6103,6106,6,Graneros,-70.733196,-34.070859,1,27.0,27.0,casa,CL.SFH.preRT.lad.D,D,1995,3.366883116883117,lena,1,7158340f074a133dc017d6acc27aaf41,10,35,276334,71629,243603,71004,0.25921167862079947,0.07270134483633596,35,2046.5428571428572
1196951,6206,6304,6,Lolol,-71.637163,-34.72067,1,106.0,106.0,casa,CL.SFH.post2021.mad.D,D,2022,10.428571428571429,lena,1,7391de2cf79af00571c8bf60b16de90e,11,35,276334,71629,243603,71004,0.25921167862079947,0.07270134483633596,35,2046.5428571428572
1183996,6204,6308,6,Placilla,-71.126625,-34.640429,1,26.0,26.0,casa,CL.SFH.post2021.mad.D,D,2023,10.115384615384615,lena,1,73f0223b65a6ca62b0db6dba0d117c7c,12,35,276334,71629,243603,71004,0.25921167862079947,0.07270134483633596,35,2046.5428571428572
1212254,6302,6205,6,Navidad,-71.840293,-33.946916,1,188.0,188.0,casa,CL.SFH.CEV.mad.C,C,2019,10.0,lena,1,7937d5e42bd7b90e198fd99f5d9842a6,13,35,276334,71629,243603,71004,0.25921167862079947,0.07270134483633596,35,2046.5428571428572
1214304,6303,6203,6,Litueche,-71.548492,-34.016049,1,29.0,29.0,casa,CL.SFH.CEV.mad.C,C,2019,20.714285714285715,lena,1,7c3859613679f828768c199c96ef7322,14,35,276334,71629,243603,71004,0.25921167862079947,0.07270134483633596,35,2046.5428571428572
1182973,6203,6305,6,Nancagua,-71.201245,-34.64737,1,41.0,41.0,casa,CL.SFH.preRT.lad.D,D,1996,3.920353982300885,lena,1,7f9292d47d70c78a912c73eb4aba7e74,15,35,276334,71629,243603,71004,0.25921167862079947,0.07270134483633596,35,2046.5428571428572
1203293,6214,6309,6,Pumanque,-71.652169,-34.600918,1,151.0,151.0,casa,CL.SFH.preRT.adobe.D,D,1982,2.857142857142857,lena,1,8314a5c93c18f3adb15e89a78c93ebe5,16,35,276334,71629,243603,71004,0.25921167862079947,0.07270134483633596,35,2046.5428571428572
1197781,6207,6306,6,Palmilla,-71.377173,-34.54915,1,81.0,81.0,casa,CL.SFH.preRT.lad.D,D,1970,14.227272727272727,lena,1,8fe85b87aba0ce5fea4fc123a264d852,17,35,276334,71629,243603,71004,0.25921167862079947,0.07270134483633596,35,2046.5428571428572
1178845,6202,6303,6,Chimbarongo,-71.031115,-34.695757,1,40.0,40.0,casa,CL.SFH.RT2.lad.D,D,2009,3.6296296296296298,lena,1,94d25873b154fa1c62950e6c1c48f64b,18,35,276334,71629,243603,71004,0.25921167862079947,0.07270134483633596,35,2046.5428571428572
1147942,6117,6114,6,Quinta de Tilcoco,-70.985864,-34.370416,1,66.0,66.0,casa,CL.SFH.preRT.lad.D,D,1965,3.5853658536585367,lena,1,9903f77d9070cfc95acff6fd7c7fbb97,19,35,276334,71629,243603,71004,0.25921167862079947,0.07270134483633596,35,2046.5428571428572
1043283,6102,6108,6,Machalí,-70.644009,-34.195889,1,39.0,39.0,casa,CL.SFH.RT1.mad.D,D,2004,3.82,lena,1,99769249949d427d06c7ee0034a213a2,20,35,276334,71629,243603,71004,0.25921167862079947,0.07270134483633596,35,2046.5428571428572
1080965,6105,6105,6,Doñihue,-70.89,-34.199506,1,72.0,72.0,casa,CL.SFH.RT1.lad.D,D,2002,4.580152671755725,lena,1,9987a70fd52d011baf8763232561ae7d,21,35,276334,71629,243603,71004,0.25921167862079947,0.07270134483633596,35,2046.5428571428572
1083560,6106,6104,6,Coltauco,-71.061276,-34.283753,1,36.0,36.0,casa,CL.SFH.RT1.lad.D,D,2000,3.4347826086956523,lena,1,9a9e862e60cf7fd1b1db1945633cf21b,22,35,276334,71629,243603,71004,0.25921167862079947,0.07270134483633596,35,2046.5428571428572
1146288,6115,6109,6,Malloa,-71.006012,-34.408745,1,35.0,35.0,casa,CL.SFH.RT1.lad.D,D,2004,6.0,lena,1,9bb711a08786864a52432845ad9f0dab,23,35,276334,71629,243603,71004,0.25921167862079947,0.07270134483633596,35,2046.5428571428572
1216252,6306,6206,6,Paredones,-72.017845,-34.657233,1,190.0,190.0,casa,CL.SFH.RT2.mad.C,C,2014,23.625,lena,1,a53a475905f08ccf20f5ef3c547b3af4,24,35,276334,71629,243603,71004,0.25921167862079947,0.07270134483633596,35,2046.5428571428572
1018248,6101,6101,6,Rancagua,-70.696102,-34.15856,1,46.0,46.0,casa,CL.SFH.CEV.lad.D,D,2015,3.430962343096234,lena,1,a83bf0243e555d98614148e86f80b8e4,25,35,276334,71629,243603,71004,0.25921167862079947,0.07270134483633596,35,2046.5428571428572
1099445,6110,6117,6,San Vicente,-71.027371,-34.48026,1,40.0,40.0,casa,CL.SFH.RT1.lad.D,D,2006,2.7162162162162162,lena,1,ab76f585d931dd9722623561ede292ea,26,35,276334,71629,243603,71004,0.25921167862079947,0.07270134483633596,35,2046.5428571428572
1205177,6301,6201,6,Pichilemu,-72.021311,-34.402592,1,83.0,83.0,casa,CL.SFH.RT2.mad.C,C,2010,1.1,lena,1,b87950874f9f9a04b15c950ee69fd9f4,27,35,276334,71629,243603,71004,0.25921167862079947,0.07270134483633596,35,2046.5428571428572
1088065,6107,6102,6,Codegua,-70.672482,-34.034337,1,80.0,80.0,casa,CL.SFH.preRT.adobe.D,D,1920,7.875,lena,1,c06ee4cc43990afdad9390b6dba22762,28,35,276334,71629,243603,71004,0.25921167862079947,0.07270134483633596,35,2046.5428571428572
1215978,6305,6204,6,Marchihue,-71.619482,-34.357243,1,56.0,56.0,casa,CL.SFH.CEV.mad.D,D,2018,14.0,lena,1,c140eec53f80c87d83ace6d7db735d0b,29,35,276334,71629,243603,71004,0.25921167862079947,0.07270134483633596,35,2046.5428571428572
1092076,6109,6107,6,Las Cabras,-71.29967,-34.293549,1,78.0,78.0,casa,CL.SFH.preRT.lad.D,D,1990,3.661870503597122,lena,1,e2deaa4b55a54b3e85aab32e1670b76a,30,35,276334,71629,243603,71004,0.25921167862079947,0.07270134483633596,35,2046.5428571428572
1120484,6112,6115,6,Rengo,-70.84771,-34.408714,1,42.0,42.0,casa,CL.SFH.RT1.lad.D,D,2000,2.3333333333333335,lena,1,eda5b7707eb39cd72ad964ae71807ae1,31,35,276334,71629,243603,71004,0.25921167862079947,0.07270134483633596,35,2046.5428571428572
1077276,6104,6110,6,Mostazal,-70.714026,-33.936621,1,68.0,68.0,casa,CL.SFH.RT1.lad.D,D,2000,6.882352941176471,lena,1,f30d7e27ac42e7c0e83b1d6b0e02823a,32,35,276334,71629,243603,71004,0.25921167862079947,0.07270134483633596,35,2046.5428571428572
1141817,6114,6111,6,Olivar,-70.878721,-34.230953,1,135.0,135.0,casa,CL.SFH.CEV.mad.D,D,2019,3.9583333333333335,lena,1,f3850818806046de2b04080170c4b193,33,35,276334,71629,243603,71004,0.25921167862079947,0.07270134483633596,35,2046.5428571428572
1176689,6202,6303,6,Chimbarongo,-71.046534,-34.709731,1,53.0,53.0,casa,CL.SFH.preRT.lad.D,D,1992,4.096153846153846,lena,2,02c1b88d748c84a0ebcce4c2bb5530ff,34,35,276334,71629,243603,71004,0.25921167862079947,0.07270134483633596,35,2046.5428571428572
1212967,6303,6203,6,Litueche,-71.727482,-34.207823,1,100.0,100.0,casa,CL.SFH.post2021.mad.C,C,2023,14.833333333333334,lena,2,0cd9ac49342cbb5c09873ca9e99f931b,35,35,276334,71629,243603,71004,0.25921167862079947,0.07270134483633596,35,2046.5428571428572
1440031,7210,7110,7,San Rafael,-71.514367,-35.306683,1,37.0,37.0,casa,CL.SFH.preRT.lad.D,D,1983,2.7777777777777777,lena,1,106c022a575820f8c2f1d01bb1d5652e,1,57,350269,135357,323549,133609,0.3864372810611273,0.13738340522709971,57,2374.684210526316
1407406,7205,7107,7,Pencahue,-71.958844,-35.315673,1,56.0,56.0,casa,CL.SFH.CEV.lad.D,D,2015,1.7777777777777777,lena,1,15a902a8b1f420bbd5101b87ba658bae,2,57,350269,135357,323549,133609,0.3864372810611273,0.13738340522709971,57,2374.684210526316
1279174,7103,7306,7,Romeral,-71.126183,-34.952499,1,66.0,66.0,casa,CL.SFH.RT1.lad.D,D,2000,4.05,lena,1,15d19e8b9e7f92cac89638c02ebb46b5,3,57,350269,135357,323549,133609,0.3864372810611273,0.13738340522709971,57,2374.684210526316
1428174,7207,7103,7,Curepto,-72.010203,-35.086246,1,117.0,117.0,casa,CL.SFH.RT2.lad.E,E,2013,9.192307692307692,lena,1,1857d52b2a0d744730d5ec0c9bd0f700,4,57,350269,135357,323549,133609,0.3864372810611273,0.13738340522709971,57,2374.684210526316
1506029,7310,7406,7,San Javier,-72.008036,-35.678339,1,84.0,84.0,casa,CL.SFH.post2021.mad.D,D,2022,11.0,lena,1,210b80accf4926a5b25a09cde0c01d1d,5,57,350269,135357,323549,133609,0.3864372810611273,0.13738340522709971,57,2374.684210526316
1473118,7302,7408,7,Yerbas Buenas,-71.527061,-35.754082,1,155.0,155.0,casa,CL.SFH.CEV.mad.D,D,2018,15.714285714285714,lena,1,28600980aac19dd105aab4958f3891d5,6,57,350269,135357,323549,133609,0.3864372810611273,0.13738340522709971,57,2374.684210526316
1494315,7305,7404,7,Parral,-71.814198,-36.130172,1,64.0,64.0,casa,CL.SFH.RT2.lad.D,D,2009,2.75,lena,1,2aa14564dd7ccd142bbb40d82cdaddba,7,57,350269,135357,323549,133609,0.3864372810611273,0.13738340522709971,57,2374.684210526316
1293475,7108,7304,7,Molina,-71.283292,-35.119508,1,120.0,120.0,casa,CL.SFH.preRT.adobe.D,D,1944,1.5769230769230769,lena,1,2bab9abeb72f33681f2d1f849fa96852,8,57,350269,135357,323549,133609,0.3864372810611273,0.13738340522709971,57,2374.684210526316
1448378,7301,7401,7,Linares,-71.593777,-35.858781,1,34.0,34.0,casa,CL.SFH.preRT.lad.D,D,1998,2.404255319148936,lena,1,333778bb689b47efc14d32c3bf33dc66,9,57,350269,135357,323549,133609,0.3864372810611273,0.13738340522709971,57,2374.684210526316
1480196,7304,7403,7,Longaví,-71.669979,-36.031339,1,43.0,43.0,casa,CL.SFH.RT2.lad.D,D,2009,18.2,lena,1,343dc1a154ccdee58af724389e6eae64,10,57,350269,135357,323549,133609,0.3864372810611273,0.13738340522709971,57,2374.684210526316
1438614,7209,7104,7,Empedrado,-72.282442,-35.591987,1,30.0,30.0,casa,CL.SFH.RT1.mad.E,E,2004,2.5625,lena,1,34bfafb7cc29d2dffdbc267f1f0ed200,11,57,350269,135357,323549,133609,0.3864372810611273,0.13738340522709971,57,2374.684210526316
1527022,7401,7201,7,Cauquenes,-72.320915,-35.967362,1,140.0,140.0,casa,CL.SFH.preRT.lad.E,E,1987,2.736842105263158,lena,1,4d3be5242e5760a25a2a8a96632b859a,12,57,350269,135357,323549,133609,0.3864372810611273,0.13738340522709971,57,2374.684210526316
1273485,7102,7308,7,Teno,-71.162085,-34.867905,1,225.0,225.0,casa,CL.SFH.CEV.lad.D,D,2016,2.55,lena,1,60840382f3b196333d2fcdc95ef960f3,13,57,350269,135357,323549,133609,0.3864372810611273,0.13738340522709971,57,2374.684210526316
1287193,7106,7309,7,Vichuquén,-72.075853,-34.76562,1,154.0,154.0,casa,CL.SFH.CEV.lad.C,C,2017,6.615384615384615,lena,1,608663a9b1bbfbe2c3c8fa83d9d19b2c,14,57,350269,135357,323549,133609,0.3864372810611273,0.13738340522709971,57,2374.684210526316
1283864,7105,7303,7,Licantén,-71.98298,-34.983662,1,90.0,90.0,casa,CL.SFH.preRT.mad.C,C,1987,3.638888888888889,lena,1,7976bdaa9918475f1f0ef10d7783346c,15,57,350269,135357,323549,133609,0.3864372810611273,0.13738340522709971,57,2374.684210526316
1501713,7309,7407,7,Villa Alegre,-71.725253,-35.690542,1,43.0,43.0,casa,CL.SFH.RT2.lad.D,D,2013,1.9166666666666667,lena,1,7d638756f7666e661ce4906d8c492315,16,57,350269,135357,323549,133609,0.3864372810611273,0.13738340522709971,57,2374.684210526316
1538487,7402,7203,7,Pelluhue,-72.565111,-35.803758,1,57.0,57.0,casa,CL.SFH.RT2.lad.E,E,2013,2.606060606060606,lena,1,80347e8dc6c2886be64b78e91c9645e3,17,57,350269,135357,323549,133609,0.3864372810611273,0.13738340522709971,57,2374.684210526316
1306966,7109,7307,7,Sagrada Familia,-71.6107,-35.088418,1,136.0,136.0,casa,CL.SFH.RT2.mad.D,D,2014,2.4,lena,1,8664c98b265c2676be957dfe1bd31721,18,57,350269,135357,323549,133609,0.3864372810611273,0.13738340522709971,57,2374.684210526316
1429015,7208,7102,7,Constitución,-72.513462,-35.490595,1,60.0,60.0,casa,CL.SFH.RT1.lad.E,E,2005,4.4,lena,1,a3ca054ead12ca2b7c10eb9b9941a744,19,57,350269,135357,323549,133609,0.3864372810611273,0.13738340522709971,57,2374.684210526316
1255460,7101,7301,7,Curicó,-71.23994,-34.966302,1,34.0,34.0,casa,CL.SFH.preRT.lad.D,D,1994,2.396551724137931,lena,1,a574840cf642bad40041d2d432e42777,20,57,350269,135357,323549,133609,0.3864372810611273,0.13738340522709971,57,2374.684210526316
1325757,7201,7101,7,Talca,-71.681863,-35.444699,1,47.0,47.0,casa,CL.SFH.preRT.lad.D,D,1996,2.9565217391304346,lena,1,a8d3a5764a4e97a3399d5baa156b7525,21,57,350269,135357,323549,133609,0.3864372810611273,0.13738340522709971,57,2374.684210526316
1394663,7202,7109,7,San Clemente,-71.234021,-35.538469,1,150.0,150.0,casa,CL.SFH.preRT.adobe.D,D,1980,27.0,lena,1,b1827f49a8e9f7e304def7c2db5eb14e,22,57,350269,135357,323549,133609,0.3864372810611273,0.13738340522709971,57,2374.684210526316
1402133,7203,7106,7,Pelarco,-71.441849,-35.381726,1,7.0,7.0,casa,CL.SFH.preRT.lad.D,D,1996,2.0,lena,1,c2193ee9811784944774b3076268605f,23,57,350269,135357,323549,133609,0.3864372810611273,0.13738340522709971,57,2374.684210526316
1290333,7107,7302,7,Hualañé,-71.663531,-34.916057,1,62.0,62.0,casa,CL.SFH.CEV.lad.D,D,2016,4.020833333333333,lena,1,cca94ca45ad5123427a88d310d2c9a26,24,57,350269,135357,323549,133609,0.3864372810611273,0.13738340522709971,57,2374.684210526316
1280802,7104,7305,7,Rauco,-71.349611,-34.959387,1,32.0,32.0,casa,CL.SFH.preRT.lad.D,D,1995,1.7333333333333334,lena,1,d1a52cbaa248a0f2e65208c296685955,25,57,350269,135357,323549,133609,0.3864372810611273,0.13738340522709971,57,2374.684210526316
1478723,7303,7402,7,Colbún,-71.408233,-35.69639,1,31.0,31.0,casa,CL.SFH.RT1.lad.D,D,2005,2.4166666666666665,lena,1,d4a7e8d18647b56e854938d607c485a2,26,57,350269,135357,323549,133609,0.3864372810611273,0.13738340522709971,57,2374.684210526316
1402713,7204,7108,7,Río Claro,-71.270359,-35.28922,1,42.0,42.0,casa,CL.SFH.RT1.lad.D,D,2005,2.6271186440677967,lena,1,e041c1aaa424353e2e7b63d11cd367e0,27,57,350269,135357,323549,133609,0.3864372810611273,0.13738340522709971,57,2374.684210526316
1497623,7306,7405,7,Retiro,-71.804317,-36.095999,1,57.0,57.0,casa,CL.SFH.CEV.hor.D,D,2019,2.608695652173913,lena,1,e1adfb968f8534a1a4d1a01a3cb1d5ec,28,57,350269,135357,323549,133609,0.3864372810611273,0.13738340522709971,57,2374.684210526316
1422099,7206,7105,7,Maule,-71.655494,-35.454327,1,60.0,60.0,casa,CL.SFH.post2021.lad.D,D,2021,1.7619047619047619,lena,1,f7ff476eadffabb822af1e5f04d23efc,29,57,350269,135357,323549,133609,0.3864372810611273,0.13738340522709971,57,2374.684210526316
1539220,7403,7202,7,Chanco,-72.537681,-35.742451,1,17.0,17.0,casa,CL.SFH.RT1.lad.E,E,2003,4.084033613445378,lena,1,ff3f1d31fe2d12881daecb9d16b9c275,30,57,350269,135357,323549,133609,0.3864372810611273,0.13738340522709971,57,2374.684210526316
1395702,7202,7109,7,San Clemente,-71.482544,-35.535652,1,45.0,45.0,casa,CL.SFH.preRT.lad.D,D,1980,2.45,lena,2,0d69907c2116e400256f87ccbf61812d,31,57,350269,135357,323549,133609,0.3864372810611273,0.13738340522709971,57,2374.684210526316
1435112,7208,7102,7,Constitución,-72.418866,-35.333003,1,94.0,94.0,casa,CL.SFH.preRT.lad.E,E,1968,2.6,lena,2,109bc5c9aa19a03206ed27f488eed897,32,57,350269,135357,323549,133609,0.3864372810611273,0.13738340522709971,57,2374.684210526316
1540167,7403,7202,7,Chanco,-72.527593,-35.728315,1,15.0,15.0,casa,CL.SFH.RT1.lad.E,E,2005,2.88,lena,2,17f0627dbde5389c40a175dd7b144201,33,57,350269,135357,323549,133609,0.3864372810611273,0.13738340522709971,57,2374.684210526316
1406105,7205,7107,7,Pencahue,-71.800925,-35.404572,1,40.0,40.0,casa,CL.SFH.post2021.mad.D,D,2021,3.2115384615384617,lena,2,1b348c686fed47217585181489f78ade,34,57,350269,135357,323549,133609,0.3864372810611273,0.13738340522709971,57,2374.684210526316
1300893,7108,7304,7,Molina,-71.290055,-35.106201,1,45.0,45.0,casa,CL.SFH.RT2.lad.D,D,2010,2.7666666666666666,lena,2,25407132ad9d071c57eb39c0f19ffe0b,35,57,350269,135357,323549,133609,0.3864372810611273,0.13738340522709971,57,2374.684210526316
1503783,7309,7407,7,Villa Alegre,-71.738422,-35.675316,1,30.0,30.0,casa,CL.SFH.RT2.lad.D,D,2007,2.5714285714285716,lena,2,2aa78a1c8e26940dbec1221f16c22a62,36,57,350269,135357,323549,133609,0.3864372810611273,0.13738340522709971,57,2374.684210526316
1283904,7105,7303,7,Licantén,-71.985958,-34.983158,1,73.0,73.0,casa,CL.SFH.preRT.lad.C,C,1994,2.3125,lena,2,2c59a00fcc7439552a61b774b83418ff,37,57,350269,135357,323549,133609,0.3864372810611273,0.13738340522709971,57,2374.684210526316
1360162,7201,7101,7,Talca,-71.646811,-35.4208,1,44.0,44.0,casa,CL.SFH.preRT.lad.D,D,1990,2.8214285714285716,lena,2,4118402a0d8f9ac8d06e5c431fb84133,38,57,350269,135357,323549,133609,0.3864372810611273,0.13738340522709971,57,2374.684210526316
1482342,7304,7403,7,Longaví,-71.684419,-35.963351,1,39.0,39.0,casa,CL.SFH.preRT.lad.D,D,1989,2.8333333333333335,lena,2,41d55e60d8e6f3c08a5238f2bcaefc18,39,57,350269,135357,323549,133609,0.3864372810611273,0.13738340522709971,57,2374.684210526316
1521525,7310,7406,7,San Javier,-72.092206,-35.5424,1,36.0,36.0,casa,CL.SFH.RT1.lad.D,D,2004,2.235294117647059,lena,2,482ca1a1c2ee3e5824e6f6bf1192c938,40,57,350269,135357,323549,133609,0.3864372810611273,0.13738340522709971,57,2374.684210526316
1308457,7109,7307,7,Sagrada Familia,-71.294923,-35.031098,1,35.0,35.0,casa,CL.SFH.CEV.lad.D,D,2016,3.1265822784810124,lena,2,54ccbac303cfd9453ff49915f7c464a6,41,57,350269,135357,323549,133609,0.3864372810611273,0.13738340522709971,57,2374.684210526316
1272202,7102,7308,7,Teno,-71.16806,-34.872718,1,94.0,94.0,casa,CL.SFH.CEV.mad.D,D,2018,3.0625,lena,2,6951426d59b5b9272d9a67a785add82c,42,57,350269,135357,323549,133609,0.3864372810611273,0.13738340522709971,57,2374.684210526316
1403904,7204,7108,7,Río Claro,-71.266115,-35.279125,1,36.0,36.0,casa,CL.SFH.RT1.lad.D,D,2001,3.28,lena,2,6aa09ee54071eea817e84a713b40547b,43,57,350269,135357,323549,133609,0.3864372810611273,0.13738340522709971,57,2374.684210526316
1448814,7301,7401,7,Linares,-71.586113,-35.85794,1,44.0,44.0,casa,CL.SFH.preRT.lad.D,D,1993,2.7358490566037736,lena,2,76b94ce5a1a79f78c76aadee4e53c974,44,57,350269,135357,323549,133609,0.3864372810611273,0.13738340522709971,57,2374.684210526316
1427257,7207,7103,7,Curepto,-72.018952,-35.09551,1,307.0,307.0,casa,CL.SFH.preRT.adobe.E,E,1912,2.0,lena,2,7d0515885519aebcf78a52252c39b8d8,45,57,350269,135357,323549,133609,0.3864372810611273,0.13738340522709971,57,2374.684210526316
1478136,7303,7402,7,Colbún,-71.394507,-35.698029,1,60.0,60.0,casa,CL.SFH.CEV.lad.D,D,2018,2.869565217391304,lena,2,8d778516a7dd5a72397f3616faf160df,46,57,350269,135357,323549,133609,0.3864372810611273,0.13738340522709971,57,2374.684210526316
1281975,7104,7305,7,Rauco,-71.521251,-34.922405,1,83.0,83.0,casa,CL.SFH.preRT.lad.D,D,1999,22.5,lena,2,9f3c22f6526358b7446612cfdfb15890,47,57,350269,135357,323549,133609,0.3864372810611273,0.13738340522709971,57,2374.684210526316
1287049,7106,7309,7,Vichuquén,-72.056646,-34.775976,1,9.0,9.0,casa,CL.SFH.preRT.mad.C,C,1998,4.0,lena,2,a2e53687ef66334748a741b92aba0466,48,57,350269,135357,323549,133609,0.3864372810611273,0.13738340522709971,57,2374.684210526316
1526593,7401,7201,7,Cauquenes,-72.313083,-35.968625,1,201.0,201.0,casa,CL.SFH.preRT.adobe.E,E,1945,3.6470588235294117,lena,2,a38ea63357ce01c571e1ae41a8299fd9,49,57,350269,135357,323549,133609,0.3864372810611273,0.13738340522709971,57,2374.684210526316
1500235,7306,7405,7,Retiro,-71.756892,-36.050494,1,153.0,153.0,casa,CL.SFH.preRT.lad.D,D,1979,2.8,lena,2,a398378b9d15b48fe3f94b9f50dd633c,50,57,350269,135357,323549,133609,0.3864372810611273,0.13738340522709971,57,2374.684210526316
1277021,7103,7306,7,Romeral,-71.085744,-34.962853,1,51.0,51.0,casa,CL.SFH.RT1.lad.D,D,2004,4.129032258064516,lena,2,a4c2499fc78c133ec45b19e2364a88cf,51,57,350269,135357,323549,133609,0.3864372810611273,0.13738340522709971,57,2374.684210526316
1439464,7210,7110,7,San Rafael,-71.535004,-35.319483,1,96.0,96.0,casa,CL.SFH.preRT.lad.D,D,1995,3.3684210526315788,lena,2,af049529fa7c6031cbedc53946baa98f,52,57,350269,135357,323549,133609,0.3864372810611273,0.13738340522709971,57,2374.684210526316
1400708,7203,7106,7,Pelarco,-71.464781,-35.413239,1,40.0,40.0,casa,CL.SFH.preRT.adobe.D,D,1987,15.333333333333334,lena,2,b1811219441e1686fdcaebbcf40d632c,53,57,350269,135357,323549,133609,0.3864372810611273,0.13738340522709971,57,2374.684210526316
1438139,7209,7104,7,Empedrado,-72.277853,-35.598793,1,56.0,56.0,casa,CL.SFH.RT2.lad.E,E,2011,4.416666666666667,lena,2,b5d13837ce7e390a509bdf7c65b940f7,54,57,350269,135357,323549,133609,0.3864372810611273,0.13738340522709971,57,2374.684210526316
1538641,7402,7203,7,Pelluhue,-72.56665,-35.802341,1,56.0,56.0,casa,CL.SFH.RT2.mad.E,E,2011,0.8085106382978723,lena,2,c03873573d4738d99adafa46d1c1ea0a,55,57,350269,135357,323549,133609,0.3864372810611273,0.13738340522709971,57,2374.684210526316
1268220,7101,7301,7,Curicó,-71.262241,-34.937814,1,77.0,77.0,casa,CL.SFH.preRT.lad.D,D,1998,3.6785714285714284,lena,2,c36fbf02faf6602608f49c4be92a9197,56,57,350269,135357,323549,133609,0.3864372810611273,0.13738340522709971,57,2374.684210526316
1289510,7107,7302,7,Hualañé,-71.796276,-34.973573,1,26.0,26.0,casa,CL.SFH.RT2.hor.D,D,2014,2.8275862068965516,lena,2,c6f6e6768a72159c8ffff4e1e38f7610,57,57,350269,135357,323549,133609,0.3864372810611273,0.13738340522709971,57,2374.684210526316
1902270,8301,8202,8,Arauco,-73.568103,-37.200794,1,65.0,65.0,casa,CL.SFH.RT2.mad.E,E,2014,2.823529411764706,lena,1,03d4eceb4229356aa48b4b367047f830,1,88,484775,224598,374271,213883,0.463303594451034,0.22796041613803603,88,2552.25
1867724,8211,8103,8,Chiguayante,-73.023071,-36.918866,1,40.0,40.0,casa,CL.SFH.preRT.mad.E,E,1990,3.5179856115107913,lena,1,0ab1bbd34d781352590d5422cabad149,2,88,484775,224598,374271,213883,0.463303594451034,0.22796041613803603,88,2552.25
1922398,8305,8203,8,Cañete,-73.268041,-37.814423,1,72.0,72.0,casa,CL.SFH.RT2.mad.E,E,2010,5.875,lena,1,124b4d33e343d10d9369a4345b324f9e,3,88,484775,224598,374271,213883,0.463303594451034,0.22796041613803603,88,2552.25
2030462,8414,8314,8,Alto Biobío,-71.639474,-37.875121,1,55.0,55.0,casa,CL.SFH.CEV.mad.F,F,2016,5.090909090909091,lena,1,1551be89ceff6a537e9cf10397c100b7,4,88,484775,224598,374271,213883,0.463303594451034,0.22796041613803603,88,2552.25
1708760,8203,8105,8,Hualqui,-72.934915,-36.960467,1,63.0,63.0,casa,CL.SFH.RT2.lad.E,E,2008,3.0,lena,1,172a00ff1fba22dfdfd696554e1785d6,5,88,484775,224598,374271,213883,0.463303594451034,0.22796041613803603,88,2552.25
1808654,8208,8106,8,Lota,-73.162112,-37.080111,1,48.0,48.0,casa,CL.SFH.preRT.lad.E,E,1984,3.2133333333333334,lena,1,1a8f4efd150d41d6542fede02fdaa649,6,88,484775,224598,374271,213883,0.463303594451034,0.22796041613803603,88,2552.25
2030191,8413,8302,8,Antuco,-71.674152,-37.327058,1,86.0,86.0,casa,CL.SFH.preRT.mad.F,F,1978,2.0,lena,1,2b66a49758027d89b267a22bf160d434,7,88,484775,224598,374271,213883,0.463303594451034,0.22796041613803603,88,2552.25
2017726,8410,8303,8,Cabrero,-72.431538,-37.088691,1,42.0,42.0,casa,CL.SFH.preRT.mad.F,F,1985,3.6666666666666665,lena,1,2cdc2938908e555bf278b5d9cb5b40eb,8,88,484775,224598,374271,213883,0.463303594451034,0.22796041613803603,88,2552.25
1928409,8306,8204,8,Contulmo,-73.234584,-38.026643,1,6.0,6.0,casa,CL.SFH.RT1.lad.E,E,2004,3.46,lena,1,3133d0ee3b9cddc6dacf5b6425676b6b,9,88,484775,224598,374271,213883,0.463303594451034,0.22796041613803603,88,2552.25
1671402,8201,8101,8,Concepción,-73.036209,-36.817356,1,302.0,302.0,casa,CL.SFH.preRT.lad.E,E,1942,3.324324324324324,lena,1,37dc5550d68890ad814762d46c441937,10,88,484775,224598,374271,213883,0.463303594451034,0.22796041613803603,88,2552.25
1709676,8204,8104,8,Florida,-72.671796,-36.82906,1,194.0,194.0,casa,CL.SFH.CEV.mad.F,F,2018,5.0256410256410255,lena,1,3b32cf6759403c5cf950d7c3b9f5a565,11,88,484775,224598,374271,213883,0.463303594451034,0.22796041613803603,88,2552.25
1992997,8403,8304,8,Laja,-72.703682,-37.261783,1,36.0,36.0,casa,CL.SFH.RT1.lad.F,F,2003,2.6363636363636362,lena,1,491e8d2eeba13a051674665c452142d6,12,88,484775,224598,374271,213883,0.463303594451034,0.22796041613803603,88,2552.25
1999208,8405,8306,8,Nacimiento,-72.691743,-37.49807,1,47.0,47.0,casa,CL.SFH.CEV.mad.F,F,2016,3.0,lena,1,498fd498dbc354f920c7b1e94908291c,13,88,484775,224598,374271,213883,0.463303594451034,0.22796041613803603,88,2552.25
1713319,8205,8111,8,Tomé,-72.952831,-36.634027,1,56.0,56.0,casa,CL.SFH.RT1.lad.E,E,2006,3.6666666666666665,lena,1,4e03d7fb14add5d0fc7ee4e2f9126f50,14,88,484775,224598,374271,213883,0.463303594451034,0.22796041613803603,88,2552.25
1838983,8210,8108,8,San Pedro de la Paz,-73.083424,-36.839968,1,42.0,42.0,casa,CL.SFH.preRT.mad.E,E,1978,3.5643564356435644,lena,1,592093e814c39b0361bd49096925f228,15,88,484775,224598,374271,213883,0.463303594451034,0.22796041613803603,88,2552.25
2004943,8407,8305,8,Mulchén,-72.234249,-37.730641,1,45.0,45.0,casa,CL.SFH.preRT.lad.F,F,1993,3.263157894736842,lena,1,5927f43ec6a4fbe14b0fcfd87cc6cb5b,16,88,484775,224598,374271,213883,0.463303594451034,0.22796041613803603,88,2552.25
1909314,8302,8205,8,Curanilahue,-73.353407,-37.469975,1,46.0,46.0,casa,CL.SFH.preRT.lad.E,E,1989,3.1875,lena,1,6b69b4cacc3db77c91fc97f51e67c74e,17,88,484775,224598,374271,213883,0.463303594451034,0.22796041613803603,88,2552.25
1985375,8402,8311,8,Santa Bárbara,-72.024675,-37.668648,1,90.0,90.0,casa,CL.SFH.preRT.mad.F,F,1991,4.318181818181818,lena,1,6b6ff8c463d7a90297f4e868cd056c9a,18,88,484775,224598,374271,213883,0.463303594451034,0.22796041613803603,88,2552.25
1798291,8207,8102,8,Coronel,-73.147068,-36.963865,1,49.0,49.0,casa,CL.SFH.CEV.lad.E,E,2016,3.088339222614841,lena,1,6cce75b19009572a8b7de3cb43de30bc,19,88,484775,224598,374271,213883,0.463303594451034,0.22796041613803603,88,2552.25
1812893,8209,8109,8,Santa Juana,-72.952798,-37.172335,1,48.0,48.0,casa,CL.SFH.RT1.lad.E,E,2002,2.7222222222222223,lena,1,73417083133e6b2ec81cbb2f2e14edf8,20,88,484775,224598,374271,213883,0.463303594451034,0.22796041613803603,88,2552.25
1914707,8303,8201,8,Lebu,-73.657935,-37.604411,1,39.0,39.0,casa,CL.SFH.preRT.mad.E,E,1984,3.0,lena,1,7b7a42f157aa9a77da4083d5f5a60977,21,88,484775,224598,374271,213883,0.463303594451034,0.22796041613803603,88,2552.25
2010929,8408,8308,8,Quilaco,-71.996956,-37.683503,1,58.0,58.0,casa,CL.SFH.preRT.mad.F,F,1968,4.25,lena,1,92a5e5be0902f2cb4ba2d4cd8cba901c,22,88,484775,224598,374271,213883,0.463303594451034,0.22796041613803603,88,2552.25
1894866,8212,8112,8,Hualpén,-73.115005,-36.776861,1,100.0,100.0,casa,CL.SFH.RT2.lad.E,E,2012,0.6973684210526315,lena,1,93896bceaa51ae76ad4b78ca345059e6,23,88,484775,224598,374271,213883,0.463303594451034,0.22796041613803603,88,2552.25
2024350,8411,8310,8,San Rosendo,-72.721061,-37.263789,1,52.0,52.0,casa,CL.SFH.preRT.mad.F,F,1968,2.25,lena,1,9cefd1cc02dc4d916bcadf8a2d465ae8,24,88,484775,224598,374271,213883,0.463303594451034,0.22796041613803603,88,2552.25
2002404,8406,8307,8,Negrete,-72.531663,-37.586918,1,38.0,38.0,casa,CL.SFH.preRT.lad.F,F,1988,2.0384615384615383,lena,1,bf821b80612f86a15db2dc3b84ac64a2,25,88,484775,224598,374271,213883,0.463303594451034,0.22796041613803603,88,2552.25
1694695,8202,8107,8,Penco,-73.005836,-36.748131,1,46.0,46.0,casa,CL.SFH.RT2.mad.E,E,2013,3.730769230769231,lena,1,cb9694f26f2a376f45b89b2ca6b421ea,26,88,484775,224598,374271,213883,0.463303594451034,0.22796041613803603,88,2552.25
1917748,8304,8206,8,Los Álamos,-73.453512,-37.634431,1,56.0,56.0,casa,CL.SFH.RT2.mad.E,E,2011,3.1882352941176473,lena,1,d17240522f67d5b09f9b06b4540094f3,27,88,484775,224598,374271,213883,0.463303594451034,0.22796041613803603,88,2552.25
1756876,8206,8110,8,Talcahuano,-73.125142,-36.717349,1,86.0,86.0,casa,CL.SFH.preRT.mad.E,E,1960,3.8095238095238093,lena,1,e0c98c5898dab352ac07ebb357016442,28,88,484775,224598,374271,213883,0.463303594451034,0.22796041613803603,88,2552.25
2026433,8412,8312,8,Tucapel,-71.822667,-37.27991,1,30.0,30.0,casa,CL.SFH.preRT.mad.F,F,1980,8.0,lena,1,e37139bfabc4bc9efd82c72e4dda3dd3,29,88,484775,224598,374271,213883,0.463303594451034,0.22796041613803603,88,2552.25
2012761,8409,8313,8,Yumbel,-72.721496,-37.134348,1,36.0,36.0,casa,CL.SFH.RT1.mad.F,F,2000,1.3675675675675676,lena,1,e72b46db30202d78550b6494197a1da9,30,88,484775,224598,374271,213883,0.463303594451034,0.22796041613803603,88,2552.25
1940997,8401,8301,8,Los Ángeles,-72.418072,-37.485741,1,276.0,276.0,casa,CL.SFH.RT1.lad.F,F,2002,4.424242424242424,lena,1,ee094dd28464fa927d18345764db42af,31,88,484775,224598,374271,213883,0.463303594451034,0.22796041613803603,88,2552.25
1930288,8307,8207,8,Tirúa,-73.48479,-38.336759,1,18.0,18.0,casa,CL.SFH.RT2.mad.E,E,2013,2.7142857142857144,lena,1,f64b9a0557c2079f5f327e0d63c7d3a6,32,88,484775,224598,374271,213883,0.463303594451034,0.22796041613803603,88,2552.25
1994100,8404,8309,8,Quilleco,-71.965976,-37.406623,1,39.0,39.0,casa,CL.SFH.RT1.lad.F,F,2002,2.9642857142857144,lena,1,f8872d28bba3d646d6638ede7e288fdd,33,88,484775,224598,374271,213883,0.463303594451034,0.22796041613803603,88,2552.25
1717163,8205,8111,8,Tomé,-72.943423,-36.612641,1,38.0,38.0,casa,CL.SFH.preRT.mad.E,E,1970,2.9291338582677167,lena,2,081fb90964397613b17f67c1b5fd0da2,34,88,484775,224598,374271,213883,0.463303594451034,0.22796041613803603,88,2552.25
1774044,8207,8102,8,Coronel,-73.145358,-37.003064,1,40.0,40.0,casa,CL.SFH.preRT.lad.E,E,1998,2.8823529411764706,lena,2,1efcbddb6ed2935854f7250f13477daa,35,88,484775,224598,374271,213883,0.463303594451034,0.22796041613803603,88,2552.25
1813705,8209,8109,8,Santa Juana,-72.948992,-37.170006,1,99.0,99.0,casa,CL.SFH.preRT.mad.E,E,1980,3.6666666666666665,lena,2,23c24428c34fa2609349d50ac3b8c159,36,88,484775,224598,374271,213883,0.463303594451034,0.22796041613803603,88,2552.25
2030405,8414,8314,8,Alto Biobío,-71.638232,-37.882853,1,60.0,60.0,casa,CL.SFH.preRT.mad.F,F,1990,16.75,lena,2,25fbdc9b3a63cb2336a2810b2ec4ce08,37,88,484775,224598,374271,213883,0.463303594451034,0.22796041613803603,88,2552.25
1917631,8304,8206,8,Los Álamos,-73.452787,-37.635222,1,40.0,40.0,casa,CL.SFH.RT2.mad.E,E,2011,3.1882352941176473,lena,2,27590075f0d9b2a4fc2cd0131a552905,38,88,484775,224598,374271,213883,0.463303594451034,0.22796041613803603,88,2552.25
1930216,8307,8207,8,Tirúa,-73.488466,-38.338102,1,36.0,36.0,casa,CL.SFH.RT1.mad.E,E,2002,5.4,lena,2,3753ad094ee59f3fa8cbd8058b449973,39,88,484775,224598,374271,213883,0.463303594451034,0.22796041613803603,88,2552.25
2027664,8412,8312,8,Tucapel,-71.947043,-37.241571,1,43.0,43.0,casa,CL.SFH.preRT.mad.F,F,1965,2.6666666666666665,lena,2,3c91174978634a5636d0379c83f3a612,40,88,484775,224598,374271,213883,0.463303594451034,0.22796041613803603,88,2552.25
1993597,8404,8309,8,Quilleco,-71.983273,-37.471756,1,48.0,48.0,casa,CL.SFH.preRT.mad.F,F,1965,7.875,lena,2,404da706042db384f32c4f681a6793b6,41,88,484775,224598,374271,213883,0.463303594451034,0.22796041613803603,88,2552.25
2006403,8407,8305,8,Mulchén,-72.240632,-37.725388,1,47.0,47.0,casa,CL.SFH.preRT.mad.F,F,1961,4.117647058823529,lena,2,422a6be35773eb89ef3d76aea1ad3a58,42,88,484775,224598,374271,213883,0.463303594451034,0.22796041613803603,88,2552.25
2012619,8409,8313,8,Yumbel,-72.537035,-37.141034,1,84.0,84.0,casa,CL.SFH.preRT.mad.F,F,1987,3.0833333333333335,lena,2,4d1fced0dff6bacf07cd215bf49552e5,43,88,484775,224598,374271,213883,0.463303594451034,0.22796041613803603,88,2552.25
2010565,8408,8308,8,Quilaco,-72.012034,-37.686777,1,50.0,50.0,casa,CL.SFH.CEV.mad.F,F,2020,3.590909090909091,lena,2,501a6c056b8cadeb166a7a9855149469,44,88,484775,224598,374271,213883,0.463303594451034,0.22796041613803603,88,2552.25
1876771,8212,8112,8,Hualpén,-73.105211,-36.798353,1,53.0,53.0,casa,CL.SFH.RT1.lad.E,E,2006,4.111111111111111,lena,2,5dae3a2ccdbb03a37fff513296c8b3f9,45,88,484775,224598,374271,213883,0.463303594451034,0.22796041613803603,88,2552.25
1753399,8206,8110,8,Talcahuano,-73.112091,-36.722638,1,215.0,215.0,casa,CL.SFH.preRT.mad.E,E,1927,4.136363636363637,lena,2,6b762165b5b5ad0dde14538f224fad1b,46,88,484775,224598,374271,213883,0.463303594451034,0.22796041613803603,88,2552.25
2020970,8410,8303,8,Cabrero,-72.396923,-37.036201,1,29.0,29.0,casa,CL.SFH.RT2.mad.F,F,2007,2.6451612903225805,lena,2,7536f0be02c980ef6f8ad0e6b4fd588f,47,88,484775,224598,374271,213883,0.463303594451034,0.22796041613803603,88,2552.25
1922794,8305,8203,8,Cañete,-73.410176,-37.807771,1,40.0,40.0,casa,CL.SFH.RT1.mad.E,E,2001,2.3,lena,2,75bc03e8a17e93f00fd6ad8f922d860e,48,88,484775,224598,374271,213883,0.463303594451034,0.22796041613803603,88,2552.25
2029888,8413,8302,8,Antuco,-71.665783,-37.330192,1,35.0,35.0,casa,CL.SFH.RT1.mad.F,F,2005,3.1666666666666665,lena,2,77b8044282cef52a91ab2e5cd924b56f,49,88,484775,224598,374271,213883,0.463303594451034,0.22796041613803603,88,2552.25
1988166,8403,8304,8,Laja,-72.537892,-37.350264,1,54.0,54.0,casa,CL.SFH.CEV.mad.F,F,2017,3.888888888888889,lena,2,78b1393e58195620721ee909ef015606,50,88,484775,224598,374271,213883,0.463303594451034,0.22796041613803603,88,2552.25
1987498,8402,8311,8,Santa Bárbara,-72.021757,-37.662234,1,44.0,44.0,casa,CL.SFH.RT2.mad.F,F,2012,3.657142857142857,lena,2,7dfb5fdd547196eee1ba28b685c98ad6,51,88,484775,224598,374271,213883,0.463303594451034,0.22796041613803603,88,2552.25
1906425,8302,8205,8,Curanilahue,-73.34108,-37.481331,1,45.0,45.0,casa,CL.SFH.preRT.mad.E,E,1963,2.142857142857143,lena,2,7eb36c52af6fcb65d3c3bcab660cb71d,52,88,484775,224598,374271,213883,0.463303594451034,0.22796041613803603,88,2552.25
1711195,8204,8104,8,Florida,-72.649211,-36.812672,1,36.0,36.0,casa,CL.SFH.preRT.mad.F,F,1998,2.537931034482759,lena,2,877a1531cf6ce4c263259ce2c6f18916,53,88,484775,224598,374271,213883,0.463303594451034,0.22796041613803603,88,2552.25
2002828,8406,8307,8,Negrete,-72.533191,-37.585877,1,30.0,30.0,casa,CL.SFH.preRT.mad.F,F,1988,2.4285714285714284,lena,2,9af8a58bdb3fc3f09f7f8ebf459d46b1,54,88,484775,224598,374271,213883,0.463303594451034,0.22796041613803603,88,2552.25
1928300,8306,8204,8,Contulmo,-73.238216,-38.212628,1,24.0,24.0,casa,CL.SFH.RT1.mad.E,E,2000,16.2,lena,2,9b137c269dc3a4154dc5fd24e57c3e8d,55,88,484775,224598,374271,213883,0.463303594451034,0.22796041613803603,88,2552.25
1800369,8208,8106,8,Lota,-73.146836,-37.112502,1,56.0,56.0,casa,CL.SFH.preRT.mad.E,E,1985,4.1875,lena,2,a00ddadb72ee071893855e64e0e42e1f,56,88,484775,224598,374271,213883,0.463303594451034,0.22796041613803603,88,2552.25
1701521,8202,8107,8,Penco,-72.975872,-36.718318,1,134.0,134.0,casa,CL.SFH.RT2.lad.E,E,2013,3.223684210526316,lena,2,a75badcac6b3f51356e756f11d1fc9c7,57,88,484775,224598,374271,213883,0.463303594451034,0.22796041613803603,88,2552.25
1816033,8210,8108,8,San Pedro de la Paz,-73.145419,-36.901217,1,35.0,35.0,casa,CL.SFH.RT2.lad.E,E,2007,2.7777777777777777,lena,2,adae7b817102c46c398588b2585d40ca,58,88,484775,224598,374271,213883,0.463303594451034,0.22796041613803603,88,2552.25
1704174,8203,8105,8,Hualqui,-72.93618,-36.977257,1,91.0,91.0,casa,CL.SFH.RT2.lad.E,E,2008,3.642857142857143,lena,2,b24753daad783777474ed532ce0de073,59,88,484775,224598,374271,213883,0.463303594451034,0.22796041613803603,88,2552.25
1896645,8301,8202,8,Arauco,-73.314756,-37.253722,1,50.0,50.0,casa,CL.SFH.RT2.mad.E,E,2014,3.5714285714285716,lena,2,e09b31ad1bf9a448dfdbf47c9344e58c,60,88,484775,224598,374271,213883,0.463303594451034,0.22796041613803603,88,2552.25
2024428,8411,8310,8,San Rosendo,-72.726698,-37.263044,1,85.0,85.0,casa,CL.SFH.preRT.lad.F,F,1945,3.3333333333333335,lena,2,e2b357772d9ed33826dee56b5030a9a2,61,88,484775,224598,374271,213883,0.463303594451034,0.22796041613803603,88,2552.25
1661210,8201,8101,8,Concepción,-73.010061,-36.830672,1,104.0,104.0,casa,CL.SFH.preRT.lad.E,E,1988,2.8369565217391304,lena,2,e8232b1adb5545c99f85147d0ac5cc69,62,88,484775,224598,374271,213883,0.463303594451034,0.22796041613803603,88,2552.25
1866021,8211,8103,8,Chiguayante,-73.031033,-36.924411,1,205.0,205.0,casa,CL.SFH.preRT.mad.E,E,1996,3.8545454545454545,lena,2,fc647e378b85c754b6c3dc1bfbab916e,63,88,484775,224598,374271,213883,0.463303594451034,0.22796041613803603,88,2552.25
1940785,8401,8301,8,Los Ángeles,-72.347262,-37.485917,1,7.0,7.0,casa,CL.SFH.preRT.lad.F,F,1985,3.1449275362318843,lena,2,fde68b7ee12459cf6994fa0654b6de91,64,88,484775,224598,374271,213883,0.463303594451034,0.22796041613803603,88,2552.25
1912440,8303,8201,8,Lebu,-73.646185,-37.611331,1,54.0,54.0,casa,CL.SFH.preRT.mad.E,E,1962,2.473684210526316,lena,2,fe200aa0795248b595e03d756085649a,65,88,484775,224598,374271,213883,0.463303594451034,0.22796041613803603,88,2552.25
1995072,8405,8306,8,Nacimiento,-72.653468,-37.509054,1,87.0,87.0,casa,CL.SFH.preRT.mad.F,F,1965,4.2,lena,2,ffb71bac4648240c2a6940015f1fe567,66,88,484775,224598,374271,213883,0.463303594451034,0.22796041613803603,88,2552.25
1771323,8207,8102,8,Coronel,-73.16399,-37.009372,1,96.0,96.0,casa,CL.SFH.preRT.mad.E,E,1965,2.0833333333333335,lena,3,14f46210391127747d91422eb6eb203f,67,88,484775,224598,374271,213883,0.463303594451034,0.22796041613803603,88,2552.25
1895702,8301,8202,8,Arauco,-73.329315,-37.258741,1,72.0,72.0,casa,CL.SFH.preRT.mad.E,E,1982,5.5,lena,3,1c662d07db8c8fdee53ff17345f72189,68,88,484775,224598,374271,213883,0.463303594451034,0.22796041613803603,88,2552.25
2003626,8406,8307,8,Negrete,-72.594549,-37.557111,1,128.0,128.0,casa,CL.SFH.preRT.mad.F,F,1941,5.2,lena,3,1ce620da9152e491014a43b39896a924,69,88,484775,224598,374271,213883,0.463303594451034,0.22796041613803603,88,2552.25
2016241,8409,8313,8,Yumbel,-72.566386,-37.088076,1,50.0,50.0,casa,CL.SFH.post2021.mad.F,F,2021,1.5,lena,3,1d49573e428f2a8c3dc27011fec6a6d7,70,88,484775,224598,374271,213883,0.463303594451034,0.22796041613803603,88,2552.25
1991045,8403,8304,8,Laja,-72.717207,-37.274184,1,52.0,52.0,casa,CL.SFH.preRT.mad.F,F,1984,3.566666666666667,lena,3,2a90b2522241ad9437b728a00397fe0c,71,88,484775,224598,374271,213883,0.463303594451034,0.22796041613803603,88,2552.25
1915799,8303,8201,8,Lebu,-73.643257,-37.596392,1,34.0,34.0,casa,CL.SFH.preRT.mad.E,E,1991,2.8333333333333335,lena,3,2d130a799f99eebf1f9d325bbcac6e3e,72,88,484775,224598,374271,213883,0.463303594451034,0.22796041613803603,88,2552.25
1907645,8302,8205,8,Curanilahue,-73.332952,-37.478225,1,56.0,56.0,casa,CL.SFH.preRT.mad.E,E,1974,3.6842105263157894,lena,3,36178c84c85085e811c08bbc32960f54,73,88,484775,224598,374271,213883,0.463303594451034,0.22796041613803603,88,2552.25
1922440,8305,8203,8,Cañete,-73.263891,-37.812152,1,73.0,73.0,casa,CL.SFH.preRT.mad.E,E,1995,1.3333333333333333,lena,3,3f0fca236c083e4a3a41e2ef287fe859,74,88,484775,224598,374271,213883,0.463303594451034,0.22796041613803603,88,2552.25
1929541,8307,8207,8,Tirúa,-73.490518,-38.342536,1,50.0,50.0,casa,CL.SFH.preRT.mad.E,E,1990,3.1538461538461537,lena,3,4530fea7acc737392e2084dbb9a23362,75,88,484775,224598,374271,213883,0.463303594451034,0.22796041613803603,88,2552.25
1888098,8212,8112,8,Hualpén,-73.112239,-36.787721,1,45.0,45.0,casa,CL.SFH.preRT.prefab.E,E,1970,3.25,lena,3,55b2be0b743afa1acbd39d4d581185c5,76,88,484775,224598,374271,213883,0.463303594451034,0.22796041613803603,88,2552.25
1813105,8209,8109,8,Santa Juana,-72.948642,-37.171621,1,42.0,42.0,casa,CL.SFH.preRT.mad.E,E,1985,2.0606060606060606,lena,3,696a7ff0a3a7276bdfe3b462605863c7,77,88,484775,224598,374271,213883,0.463303594451034,0.22796041613803603,88,2552.25
2030395,8414,8314,8,Alto Biobío,-71.637457,-37.884638,1,40.0,40.0,casa,CL.SFH.preRT.mad.F,F,1990,11.75,lena,3,799cb92373e616ab2038eb444af41e62,78,88,484775,224598,374271,213883,0.463303594451034,0.22796041613803603,88,2552.25
2020394,8410,8303,8,Cabrero,-72.394471,-37.037304,1,29.0,29.0,casa,CL.SFH.RT1.mad.F,F,2006,2.8076923076923075,lena,3,7cfe775a1cfeaf2ef1c9b2d33eb2b651,79,88,484775,224598,374271,213883,0.463303594451034,0.22796041613803603,88,2552.25
1856822,8211,8103,8,Chiguayante,-73.00899,-36.947035,1,38.0,38.0,casa,CL.SFH.preRT.lad.E,E,1996,3.0476190476190474,lena,3,80de34872759f68d7ec75232c7a9e0d0,80,88,484775,224598,374271,213883,0.463303594451034,0.22796041613803603,88,2552.25
1714197,8205,8111,8,Tomé,-72.778248,-36.624355,1,53.0,53.0,casa,CL.SFH.RT1.mad.E,E,2000,9.380952380952381,lena,3,8327c9ce1f2b0ce9890a37be98d955d8,81,88,484775,224598,374271,213883,0.463303594451034,0.22796041613803603,88,2552.25
1752742,8206,8110,8,Talcahuano,-73.141732,-36.723902,1,61.0,61.0,casa,CL.SFH.preRT.lad.E,E,1985,3.1875,lena,3,86976008af6d2d64ca3d8ba38fb1f169,82,88,484775,224598,374271,213883,0.463303594451034,0.22796041613803603,88,2552.25
1928871,8306,8204,8,Contulmo,-73.226336,-38.01676,1,56.0,56.0,casa,CL.SFH.RT1.mad.E,E,2000,3.1904761904761907,lena,3,8cb947bd7f5a661578cb6fa4e4d87075,83,88,484775,224598,374271,213883,0.463303594451034,0.22796041613803603,88,2552.25
1822123,8210,8108,8,San Pedro de la Paz,-73.148165,-36.886079,1,60.0,60.0,casa,CL.SFH.RT1.lad.E,E,2004,2.1875,lena,3,94e7c38e31578bac6a6bee29ea587359,84,88,484775,224598,374271,213883,0.463303594451034,0.22796041613803603,88,2552.25
1703083,8203,8105,8,Hualqui,-72.90839,-37.160218,1,96.0,96.0,casa,CL.SFH.RT1.mad.E,E,2005,5.5,lena,3,98162d6ac6aea2abdcb0960736a0d94f,85,88,484775,224598,374271,213883,0.463303594451034,0.22796041613803603,88,2552.25
2026206,8412,8312,8,Tucapel,-71.725512,-37.288199,1,81.0,81.0,casa,CL.SFH.preRT.mad.F,F,1993,5.0,lena,3,a5b3922da6089ae6c58d269bfb11b8c8,86,88,484775,224598,374271,213883,0.463303594451034,0.22796041613803603,88,2552.25
1987058,8402,8311,8,Santa Bárbara,-72.025097,-37.663311,1,72.0,72.0,casa,CL.SFH.RT1.mad.F,F,2005,2.0987654320987654,lena,3,ad9aa60f6485d7e7c655d82599750ccc,87,88,484775,224598,374271,213883,0.463303594451034,0.22796041613803603,88,2552.25
1920725,8304,8206,8,Los Álamos,-73.461555,-37.621295,1,40.0,40.0,casa,CL.SFH.RT2.mad.E,E,2007,3.8,lena,3,afe78e9207b1f155b148383c52fb4437,88,88,484775,224598,374271,213883,0.463303594451034,0.22796041613803603,88,2552.25
2205143,9209,9102,9,Carahue,-73.155843,-38.70896,1,58.0,58.0,casa,CL.SFH.preRT.mad.E,E,1978,2.0,lena,1,06d1a1e38d5caf015c1ae6b23bd6580d,1,65,283027,160179,245414,154754,0.5659495383832638,0.16257701091093632,65,2464.2923076923075
2052242,9104,9209,9,Renaico,-72.533131,-37.780173,1,59.0,59.0,casa,CL.SFH.post2021.mad.F,F,2024,31.555555555555557,lena,1,0bfdb9fe344f05e84ca4c704eb06b1f8,2,65,283027,160179,245414,154754,0.5659495383832638,0.16257701091093632,65,2464.2923076923075
2208792,9211,9114,9,Pitrufquén,-72.912358,-39.041918,1,145.0,145.0,casa,CL.SFH.RT1.mad.F,F,2000,14.1875,lena,1,28f3824d522b737e0a427522f4e4b9cc,3,65,283027,160179,245414,154754,0.5659495383832638,0.16257701091093632,65,2464.2923076923075
2208015,9210,9116,9,Saavedra,-73.394269,-38.793585,1,98.0,98.0,casa,CL.SFH.preRT.mad.E,E,1965,3.909090909090909,lena,1,29158e6433a99be7d2d826122f86063b,4,65,283027,160179,245414,154754,0.5659495383832638,0.16257701091093632,65,2464.2923076923075
2062104,9106,9204,9,Ercilla,-72.368408,-38.067963,1,53.0,53.0,casa,CL.SFH.CEV.mad.F,F,2019,2.5454545454545454,lena,1,2c422c4fbdfad36f2111fb595f0ecf9f,5,65,283027,160179,245414,154754,0.5659495383832638,0.16257701091093632,65,2464.2923076923075
2063485,9107,9210,9,Traiguén,-72.674321,-38.260736,1,25.0,25.0,casa,CL.SFH.preRT.lad.F,F,1960,3.6,lena,1,2dfde7a00fd06e667e24e684e02f8761,6,65,283027,160179,245414,154754,0.5659495383832638,0.16257701091093632,65,2464.2923076923075
2222390,9214,9109,9,Loncoche,-72.63131,-39.378998,1,55.0,55.0,casa,CL.SFH.RT2.mad.F,F,2011,2.710526315789474,lena,1,376f55d1a5355d8b73d7e0b9d5cdda4e,7,65,283027,160179,245414,154754,0.5659495383832638,0.16257701091093632,65,2464.2923076923075
2256413,9218,9104,9,Curarrehue,-71.58771,-39.36156,1,25.0,25.0,casa,CL.SFH.preRT.mad.H,H,1980,2.142857142857143,lena,1,4404aa17584a66c3a38741c11f107066,8,65,283027,160179,245414,154754,0.5659495383832638,0.16257701091093632,65,2464.2923076923075
2254048,9216,9115,9,Pucón,-71.823709,-39.257144,1,127.0,127.0,casa,CL.SFH.CEV.mad.H,H,2018,4.37037037037037,lena,1,496ca286824bd118dcd93765cb087677,9,65,283027,160179,245414,154754,0.5659495383832638,0.16257701091093632,65,2464.2923076923075
2106509,9201,9101,9,Temuco,-72.613551,-38.754479,1,37.0,37.0,casa,CL.SFH.preRT.mad.F,F,1978,3.5555555555555554,lena,1,4fbd0743556b98eaad876874e8ff345a,10,65,283027,160179,245414,154754,0.5659495383832638,0.16257701091093632,65,2464.2923076923075
2048439,9102,9208,9,Purén,-73.074593,-38.039438,1,24.0,24.0,casa,CL.SFH.preRT.lad.F,F,1983,2.2794117647058822,lena,1,50c2e39d1fc0ade8616b78b2f4c4bd4d,11,65,283027,160179,245414,154754,0.5659495383832638,0.16257701091093632,65,2464.2923076923075
2176648,9203,9105,9,Freire,-72.61492,-38.870291,1,140.0,140.0,casa,CL.SFH.RT2.mad.F,F,2012,3.1875,lena,1,51fec42bf952e8a7af2e683cf5b3da3b,12,65,283027,160179,245414,154754,0.5659495383832638,0.16257701091093632,65,2464.2923076923075
2061230,9105,9202,9,Collipulli,-72.472302,-37.79018,1,21.0,21.0,casa,CL.SFH.RT1.mad.F,F,2003,4.0,lena,1,60f587a6a900a7cd79b7892887b33fba,13,65,283027,160179,245414,154754,0.5659495383832638,0.16257701091093632,65,2464.2923076923075
2275872,9221,9121,9,Cholchol,-72.84261,-38.594869,1,36.0,36.0,casa,CL.SFH.RT1.mad.F,F,2004,4.032967032967033,lena,1,6436916c675b5c0da5566a20226e2125,14,65,283027,160179,245414,154754,0.5659495383832638,0.16257701091093632,65,2464.2923076923075
2257008,9219,9117,9,Teodoro Schmidt,-73.184177,-39.093316,1,36.0,36.0,casa,CL.SFH.preRT.mad.E,E,1998,2.35,lena,1,74273a8c06ba6fc2ecd850aadc9453a9,15,65,283027,160179,245414,154754,0.5659495383832638,0.16257701091093632,65,2464.2923076923075
2218145,9212,9107,9,Gorbea,-72.689735,-39.099081,1,31.0,31.0,casa,CL.SFH.preRT.mad.F,F,1994,3.125,lena,1,7486b39c8710c5d9fc5fda70f7eb6a29,16,65,283027,160179,245414,154754,0.5659495383832638,0.16257701091093632,65,2464.2923076923075
2084315,9111,9205,9,Lonquimay,-71.363809,-38.461466,1,48.0,48.0,casa,CL.SFH.CEV.mad.H,H,2018,2.1666666666666665,lena,1,78229b85267e4a1f9961862386974c68,17,65,283027,160179,245414,154754,0.5659495383832638,0.16257701091093632,65,2464.2923076923075
2077320,9109,9211,9,Victoria,-72.34085,-38.225149,1,62.0,62.0,casa,CL.SFH.preRT.mad.F,F,1980,3.0,lena,1,8a48cc0eb5cfd46a701c4bbda9f01df3,18,65,283027,160179,245414,154754,0.5659495383832638,0.16257701091093632,65,2464.2923076923075
2171817,9202,9119,9,Vilcún,-72.216116,-38.672259,1,22.0,22.0,casa,CL.SFH.RT1.mad.F,F,2000,2.7624309392265194,lena,1,9533b7392fb5875ac3cf3b5bf75156f9,19,65,283027,160179,245414,154754,0.5659495383832638,0.16257701091093632,65,2464.2923076923075
2180293,9204,9103,9,Cunco,-72.019826,-38.930528,1,135.0,135.0,casa,CL.SFH.preRT.mad.F,F,1996,2.6106870229007635,lena,1,97b461d128c03b1766c65cc4af251237,20,65,283027,160179,245414,154754,0.5659495383832638,0.16257701091093632,65,2464.2923076923075
2035392,9101,9201,9,Angol,-72.709812,-37.814139,1,40.0,40.0,casa,CL.SFH.RT2.mad.F,F,2011,3.02,lena,1,9ec662f9d221468bf52eb9cf56718333,21,65,283027,160179,245414,154754,0.5659495383832638,0.16257701091093632,65,2464.2923076923075
2068648,9108,9207,9,Lumaco,-72.994577,-38.193936,1,50.0,50.0,casa,CL.SFH.RT2.mad.F,F,2011,1.5555555555555556,lena,1,b18f3745791f2eda92bef509d5c4f1c4,22,65,283027,160179,245414,154754,0.5659495383832638,0.16257701091093632,65,2464.2923076923075
2196403,9208,9111,9,Nueva Imperial,-72.901209,-38.760273,1,128.0,128.0,casa,CL.SFH.post2021.mad.F,F,2024,28.75,lena,1,b53e581f1c49461d2e63f9e42fcd9810,23,65,283027,160179,245414,154754,0.5659495383832638,0.16257701091093632,65,2464.2923076923075
2228668,9215,9120,9,Villarrica,-72.150045,-39.489131,1,40.0,40.0,casa,CL.SFH.preRT.mad.F,F,1974,0.5384615384615384,lena,1,ba23384dbdc6b84c5db2071724fde3dd,24,65,283027,160179,245414,154754,0.5659495383832638,0.16257701091093632,65,2464.2923076923075
2191156,9205,9108,9,Lautaro,-72.428705,-38.516705,1,36.0,36.0,casa,CL.SFH.preRT.mad.F,F,1986,2.75,lena,1,c51c98b22c37072932a1cb375d2d8e5a,25,65,283027,160179,245414,154754,0.5659495383832638,0.16257701091093632,65,2464.2923076923075
2256107,9217,9110,9,Melipeuco,-71.690043,-38.836114,1,70.0,70.0,casa,CL.SFH.post2021.mad.H,H,2022,10.928571428571429,lena,1,cc8edae60b32d54290e611307cb1e56f,26,65,283027,160179,245414,154754,0.5659495383832638,0.16257701091093632,65,2464.2923076923075
2220221,9213,9118,9,Toltén,-73.174113,-39.182019,1,93.0,93.0,casa,CL.SFH.RT2.mad.E,E,2010,13.0,lena,1,d6219a311a959db53be9367b342265e4,27,65,283027,160179,245414,154754,0.5659495383832638,0.16257701091093632,65,2464.2923076923075
2194051,9206,9113,9,Perquenco,-72.382622,-38.420489,1,35.0,35.0,casa,CL.SFH.preRT.mad.F,F,1995,2.433333333333333,lena,1,da58db1368bb60c9a10f76572023cc90,28,65,283027,160179,245414,154754,0.5659495383832638,0.16257701091093632,65,2464.2923076923075
2195848,9207,9106,9,Galvarino,-72.788596,-38.408897,1,50.0,50.0,casa,CL.SFH.RT2.mad.F,F,2010,2.888888888888889,lena,1,e7305c24a91edf66d9887220487f8be6,29,65,283027,160179,245414,154754,0.5659495383832638,0.16257701091093632,65,2464.2923076923075
2272399,9220,9112,9,Padre Las Casas,-72.59691,-38.762631,1,46.0,46.0,casa,CL.SFH.CEV.mad.F,F,2015,4.266666666666667,lena,1,ef123f2574f97b28af53fd7b23004eda,30,65,283027,160179,245414,154754,0.5659495383832638,0.16257701091093632,65,2464.2923076923075
2052183,9103,9206,9,Los Sauces,-72.747336,-37.925512,1,95.0,95.0,casa,CL.SFH.preRT.mad.F,F,1965,2.88659793814433,lena,1,f2cd6835ef08572fc076cb625ca89b06,31,65,283027,160179,245414,154754,0.5659495383832638,0.16257701091093632,65,2464.2923076923075
2082449,9110,9203,9,Curacautín,-71.899184,-38.437371,1,40.0,40.0,casa,CL.SFH.preRT.mad.F,F,1960,2.393939393939394,lena,1,fd737ea8a0de385a9a6e23ba40ce9fb4,32,65,283027,160179,245414,154754,0.5659495383832638,0.16257701091093632,65,2464.2923076923075
2179826,9204,9103,9,Cunco,-72.028369,-38.933753,1,220.0,220.0,casa,CL.SFH.preRT.mad.F,F,1952,3.230769230769231,lena,2,0e89be874b132d39cd7665ccab8c0082,33,65,283027,160179,245414,154754,0.5659495383832638,0.16257701091093632,65,2464.2923076923075
2073021,9109,9211,9,Victoria,-72.317467,-38.240792,1,44.0,44.0,casa,CL.SFH.RT1.mad.F,F,2003,3.590909090909091,lena,2,0ebc55c1bf46d8466245c514f85d493f,34,65,283027,160179,245414,154754,0.5659495383832638,0.16257701091093632,65,2464.2923076923075
2256461,9218,9104,9,Curarrehue,-71.58819,-39.360987,1,133.0,133.0,casa,CL.SFH.RT1.mad.H,H,2000,2.259259259259259,lena,2,278b094a421f3fc32a3774a42b037f63,35,65,283027,160179,245414,154754,0.5659495383832638,0.16257701091093632,65,2464.2923076923075
2216933,9212,9107,9,Gorbea,-72.678651,-39.108778,1,42.0,42.0,casa,CL.SFH.RT2.mad.F,F,2009,2.369565217391304,lena,2,2fe61d2d81adda144e9cf9d9749ccb89,36,65,283027,160179,245414,154754,0.5659495383832638,0.16257701091093632,65,2464.2923076923075
2059166,9105,9202,9,Collipulli,-72.435933,-37.950908,1,43.0,43.0,casa,CL.SFH.preRT.mad.F,F,1992,1.7916666666666667,lena,2,374a27ba84e4fae0cdefbb990b32b408,37,65,283027,160179,245414,154754,0.5659495383832638,0.16257701091093632,65,2464.2923076923075
2169859,9202,9119,9,Vilcún,-72.504578,-38.679886,1,31.0,31.0,casa,CL.SFH.RT1.mad.F,F,2004,2.1904761904761907,lena,2,3e9cb39a7ebe80bddde1f0b905286af6,38,65,283027,160179,245414,154754,0.5659495383832638,0.16257701091093632,65,2464.2923076923075
2069401,9108,9207,9,Lumaco,-72.904136,-38.161409,1,24.0,24.0,casa,CL.SFH.preRT.mad.F,F,1980,1.375,lena,2,41698856579191685f74f890389ff36a,39,65,283027,160179,245414,154754,0.5659495383832638,0.16257701091093632,65,2464.2923076923075
2207866,9210,9116,9,Saavedra,-73.400071,-38.798836,1,39.0,39.0,casa,CL.SFH.preRT.mad.E,E,1962,2.2142857142857144,lena,2,4a34f7cf98ac8f44f5f543da6ddfb0e7,40,65,283027,160179,245414,154754,0.5659495383832638,0.16257701091093632,65,2464.2923076923075
2244641,9215,9120,9,Villarrica,-72.223095,-39.279756,1,136.0,136.0,casa,CL.SFH.preRT.mad.F,F,1949,1.4090909090909092,lena,2,4dbc41b06099c4e800a300f0b8591513,41,65,283027,160179,245414,154754,0.5659495383832638,0.16257701091093632,65,2464.2923076923075
2275586,9221,9121,9,Cholchol,-72.851067,-38.596961,1,44.0,44.0,casa,CL.SFH.RT2.mad.F,F,2010,3.1818181818181817,lena,2,5bddb478d086c207c55467ac65515733,42,65,283027,160179,245414,154754,0.5659495383832638,0.16257701091093632,65,2464.2923076923075
2262501,9220,9112,9,Padre Las Casas,-72.593054,-38.776296,1,51.0,51.0,casa,CL.SFH.RT1.lad.F,F,2004,3.210526315789474,lena,2,6002ab34b2a56d9ef20cd07e277cdf2e,43,65,283027,160179,245414,154754,0.5659495383832638,0.16257701091093632,65,2464.2923076923075
2258823,9219,9117,9,Teodoro Schmidt,-73.080549,-38.990752,1,89.0,89.0,casa,CL.SFH.RT1.mad.E,E,2004,2.810810810810811,lena,2,61e0415fa0fdc1ba969da3a8b4fc7063,44,65,283027,160179,245414,154754,0.5659495383832638,0.16257701091093632,65,2464.2923076923075
2201961,9208,9111,9,Nueva Imperial,-72.94593,-38.732886,1,37.0,37.0,casa,CL.SFH.RT2.mad.F,F,2009,3.161290322580645,lena,2,75a1802819343aa958bef8605a984ffb,45,65,283027,160179,245414,154754,0.5659495383832638,0.16257701091093632,65,2464.2923076923075
2051773,9103,9206,9,Los Sauces,-72.844227,-37.979341,1,26.0,26.0,casa,CL.SFH.preRT.mad.F,F,1997,2.4782608695652173,lena,2,7a6e931daae67c3d250d1232df7420ab,46,65,283027,160179,245414,154754,0.5659495383832638,0.16257701091093632,65,2464.2923076923075
2082178,9110,9203,9,Curacautín,-71.900717,-38.438158,1,79.0,79.0,casa,CL.SFH.preRT.mad.F,F,1977,2.849056603773585,lena,2,7aaebbcbf0c7877756cadf21d8e9cb2d,47,65,283027,160179,245414,154754,0.5659495383832638,0.16257701091093632,65,2464.2923076923075
2044517,9101,9201,9,Angol,-72.720451,-37.792971,1,21.0,21.0,casa,CL.SFH.preRT.mad.F,F,1970,2.875,lena,2,80729c925d7f30b9aaed6fc660630c18,48,65,283027,160179,245414,154754,0.5659495383832638,0.16257701091093632,65,2464.2923076923075
2176853,9203,9105,9,Freire,-72.615269,-38.866078,1,58.0,58.0,casa,CL.SFH.CEV.mad.F,F,2015,2.75,lena,2,863c5c0f93be3ed42481826c80450293,49,65,283027,160179,245414,154754,0.5659495383832638,0.16257701091093632,65,2464.2923076923075
2195024,9207,9106,9,Galvarino,-72.781502,-38.413582,1,58.0,58.0,casa,CL.SFH.preRT.mad.F,F,1979,3.4615384615384617,lena,2,913e349474f18564757e16c1025e10ec,50,65,283027,160179,245414,154754,0.5659495383832638,0.16257701091093632,65,2464.2923076923075
2251236,9216,9115,9,Pucón,-71.942977,-39.281369,1,95.0,95.0,casa,CL.SFH.RT2.mad.H,H,2014,4.5,lena,2,954a4c7dccb1edc89f12a9e42392cc4b,51,65,283027,160179,245414,154754,0.5659495383832638,0.16257701091093632,65,2464.2923076923075
2256004,9217,9110,9,Melipeuco,-71.684945,-38.848558,1,30.0,30.0,casa,CL.SFH.RT1.mad.H,H,2004,4.339285714285714,lena,2,a9934c42c350ed5254fa60a44c4e811d,52,65,283027,160179,245414,154754,0.5659495383832638,0.16257701091093632,65,2464.2923076923075
2226529,9214,9109,9,Loncoche,-72.618195,-39.363568,1,51.0,51.0,casa,CL.SFH.RT2.mad.F,F,2011,3.210526315789474,lena,2,c4923f74bf8b6562f07ddfe6e827de7f,53,65,283027,160179,245414,154754,0.5659495383832638,0.16257701091093632,65,2464.2923076923075
2164423,9201,9101,9,Temuco,-72.659765,-38.694227,1,96.0,96.0,casa,CL.SFH.RT2.lad.F,F,2010,7.2,lena,2,cc42d26c3570162835a845311c55fb3d,54,65,283027,160179,245414,154754,0.5659495383832638,0.16257701091093632,65,2464.2923076923075
2084562,9111,9205,9,Lonquimay,-71.367362,-38.459182,1,29.0,29.0,casa,CL.SFH.preRT.mad.H,H,1993,1.619047619047619,lena,2,d01ae10ff863307a34948a299ee16efa,55,65,283027,160179,245414,154754,0.5659495383832638,0.16257701091093632,65,2464.2923076923075
2205000,9209,9102,9,Carahue,-73.139258,-38.709175,1,63.0,63.0,casa,CL.SFH.CEV.mad.E,E,2017,3.1739130434782608,lena,2,d1014fddcccc7d51e08b8695a8dab124,56,65,283027,160179,245414,154754,0.5659495383832638,0.16257701091093632,65,2464.2923076923075
2213400,9211,9114,9,Pitrufquén,-72.652724,-38.98347,1,49.0,49.0,casa,CL.SFH.RT2.mad.F,F,2010,2.25531914893617,lena,2,d42291b465985a1a2df597b752f8c917,57,65,283027,160179,245414,154754,0.5659495383832638,0.16257701091093632,65,2464.2923076923075
2193264,9206,9113,9,Perquenco,-72.378908,-38.428356,1,65.0,65.0,casa,CL.SFH.RT1.mad.F,F,2005,2.35,lena,2,d5367c9b5da2564e415beba83ae5d1bf,58,65,283027,160179,245414,154754,0.5659495383832638,0.16257701091093632,65,2464.2923076923075
2049711,9102,9208,9,Purén,-73.070911,-38.029422,1,84.0,84.0,casa,CL.SFH.preRT.mad.F,F,1965,3.1578947368421053,lena,2,d87d0600f174568f84ebb42c24234e88,59,65,283027,160179,245414,154754,0.5659495383832638,0.16257701091093632,65,2464.2923076923075
2061423,9106,9204,9,Ercilla,-72.316109,-38.134924,1,57.0,57.0,casa,CL.SFH.preRT.mad.F,F,1968,1.5454545454545454,lena,2,dd852b9195fcdc9835468d3745fb40e6,60,65,283027,160179,245414,154754,0.5659495383832638,0.16257701091093632,65,2464.2923076923075
2188073,9205,9108,9,Lautaro,-72.435282,-38.528437,1,20.0,20.0,casa,CL.SFH.preRT.mad.F,F,1900,2.8,lena,2,de70f6104dac4ad0b2f887d2a43f7b42,61,65,283027,160179,245414,154754,0.5659495383832638,0.16257701091093632,65,2464.2923076923075
2221328,9213,9118,9,Toltén,-73.096931,-39.154832,1,36.0,36.0,casa,CL.SFH.RT2.mad.E,E,2010,2.0,lena,2,eb202badb867c8ac3f22cfcfb24bb597,62,65,283027,160179,245414,154754,0.5659495383832638,0.16257701091093632,65,2464.2923076923075
2054850,9104,9209,9,Renaico,-72.578638,-37.67161,1,72.0,72.0,casa,CL.SFH.preRT.mad.F,F,1968,3.8526315789473684,lena,2,f0ebbd4ab332c82454db7a1e018cda5e,63,65,283027,160179,245414,154754,0.5659495383832638,0.16257701091093632,65,2464.2923076923075
2067429,9107,9210,9,Traiguén,-72.684403,-38.242176,1,42.0,42.0,casa,CL.SFH.RT2.mad.F,F,2012,2.5,lena,2,f251a6ea547a6c0c19f097cd5cf0c579,64,65,283027,160179,245414,154754,0.5659495383832638,0.16257701091093632,65,2464.2923076923075
2178819,9204,9103,9,Cunco,-72.154211,-38.94378,1,50.0,50.0,casa,CL.SFH.preRT.mad.F,F,1970,1.2666666666666666,lena,3,00cd157b61366b001efe0c3a2ce357c9,65,65,283027,160179,245414,154754,0.5659495383832638,0.16257701091093632,65,2464.2923076923075
2542125,10503,10402,10,Futaleufú,-71.864506,-43.192422,1,48.0,48.0,casa,CL.SFH.RT2.mad.I,I,2012,2.25,lena,1,0e8fce1dd706593a0ae29ce10cc08b74,1,52,190634,120683,175604,118039,0.633061258747128,0.12248972342045167,52,2320.826923076923
2503522,10307,10108,10,Maullín,-73.703165,-41.741401,1,143.0,143.0,casa,CL.SFH.preRT.mad.G,G,1987,4.222222222222222,lena,1,1494d7680d2a7750940d046f90b13d8b,2,52,190634,120683,175604,118039,0.633061258747128,0.12248972342045167,52,2320.826923076923
2417895,10206,10303,10,Purranque,-73.146299,-40.915437,1,45.0,45.0,casa,CL.SFH.preRT.mad.G,G,1981,6.5,lena,1,2708cfbe3e81fd9a2a6b505fec3a1469,3,52,190634,120683,175604,118039,0.633061258747128,0.12248972342045167,52,2320.826923076923
2505442,10308,10106,10,Los Muermos,-73.468833,-41.405653,1,72.0,72.0,casa,CL.SFH.preRT.mad.G,G,1962,5.625,lena,1,31d3329f19b1463afa1a696bf61a238e,4,52,190634,120683,175604,118039,0.633061258747128,0.12248972342045167,52,2320.826923076923
2538086,10407,10209,10,Quemchi,-73.481219,-42.142995,1,70.0,70.0,casa,CL.SFH.RT1.mad.G,G,2002,5.421052631578948,lena,1,323df07cae5956ca11cc1c16d8c2a0b5,5,52,190634,120683,175604,118039,0.633061258747128,0.12248972342045167,52,2320.826923076923
2528452,10405,10206,10,Puqueldón,-73.577437,-42.605836,1,63.0,63.0,casa,CL.SFH.CEV.mad.G,G,2017,16.181818181818183,lena,1,4079f137461e94b51379022f02e22b49,6,52,190634,120683,175604,118039,0.633061258747128,0.12248972342045167,52,2320.826923076923
2540452,10501,10401,10,Chaitén,-72.712716,-42.925167,1,54.0,54.0,casa,CL.SFH.RT1.mad.G,G,2000,1.8461538461538463,lena,1,424f5e4684b7e4a0f085f522993191f2,7,52,190634,120683,175604,118039,0.633061258747128,0.12248972342045167,52,2320.826923076923
2539513,10410,10204,10,Curaco de Vélez,-73.600203,-42.44075,1,90.0,90.0,casa,CL.SFH.preRT.mad.G,G,1950,3.142857142857143,lena,1,52011de39c189f59e2a67c66e72797f8,8,52,190634,120683,175604,118039,0.633061258747128,0.12248972342045167,52,2320.826923076923
2493208,10304,10104,10,Fresia,-73.428486,-41.152431,1,147.0,147.0,casa,CL.SFH.preRT.mad.G,G,1940,2.508771929824561,lena,1,5ad97c84bf00a08c75ede3042353054f,9,52,190634,120683,175604,118039,0.633061258747128,0.12248972342045167,52,2320.826923076923
2412585,10202,10307,10,San Pablo,-73.005456,-40.406516,1,64.0,64.0,casa,CL.SFH.post2021.mad.G,G,2022,4.6,lena,1,7634ae3097056008c13c0db47223fe31,10,52,190634,120683,175604,118039,0.633061258747128,0.12248972342045167,52,2320.826923076923
2523912,10402,10203,10,Chonchi,-73.824066,-42.54578,1,84.0,84.0,casa,CL.SFH.RT2.mad.G,G,2010,29.0,lena,1,77f94877576e9a2d90857855e0172969,11,52,190634,120683,175604,118039,0.633061258747128,0.12248972342045167,52,2320.826923076923
2541906,10502,10403,10,Hualaihué,-72.451342,-41.950289,1,48.0,48.0,casa,CL.SFH.RT1.mad.G,G,2001,2.1666666666666665,lena,1,7ed73f2adcd8aafd9c2970864df3a329,12,52,190634,120683,175604,118039,0.633061258747128,0.12248972342045167,52,2320.826923076923
2401699,10201,10301,10,Osorno,-73.163105,-40.562485,1,70.0,70.0,casa,CL.SFH.preRT.mad.G,G,1975,5.043478260869565,lena,1,828932c36c15e33f6b624959ba1b3e70,13,52,190634,120683,175604,118039,0.633061258747128,0.12248972342045167,52,2320.826923076923
2414013,10204,10304,10,Puyehue,-72.60386,-40.694939,1,46.0,46.0,casa,CL.SFH.post2021.mad.G,G,2023,4.214285714285714,lena,1,8cfeb30354d21258d61c104a0db02e2b,14,52,190634,120683,175604,118039,0.633061258747128,0.12248972342045167,52,2320.826923076923
2542758,10504,10404,10,Palena,-71.794222,-43.617569,1,39.0,39.0,casa,CL.SFH.preRT.mad.I,I,1994,2.6666666666666665,lena,1,b0490abc361ac7c9cf4ce77917a5f01d,15,52,190634,120683,175604,118039,0.633061258747128,0.12248972342045167,52,2320.826923076923
2496570,10305,10105,10,Frutillar,-73.056598,-41.121079,1,50.0,50.0,casa,CL.SFH.preRT.mad.G,G,1998,3.4347826086956523,lena,1,b0d135bb4300124e8c59b8490d955414,16,52,190634,120683,175604,118039,0.633061258747128,0.12248972342045167,52,2320.826923076923
2481705,10302,10103,10,Cochamó,-72.283436,-41.663527,1,116.0,116.0,casa,CL.SFH.post2021.prefab.G,G,2024,36.888888888888886,lena,1,b1e17d1a53030129043801979e21ad09,17,52,190634,120683,175604,118039,0.633061258747128,0.12248972342045167,52,2320.826923076923
2510289,10309,10102,10,Calbuco,-73.147805,-41.761172,1,37.0,37.0,casa,CL.SFH.preRT.mad.G,G,1996,8.555555555555555,lena,1,bfad2b0a07a646503e0e9ab4f69636f8,18,52,190634,120683,175604,118039,0.633061258747128,0.12248972342045167,52,2320.826923076923
2539783,10415,10210,10,Quinchao,-73.405138,-42.576544,1,160.0,160.0,casa,CL.SFH.RT2.mad.G,G,2011,34.0,lena,1,c1ccbd451914c2f4393acfe541a930dd,19,52,190634,120683,175604,118039,0.633061258747128,0.12248972342045167,52,2320.826923076923
2416188,10205,10305,10,Río Negro,-73.216689,-40.793925,1,86.0,86.0,casa,CL.SFH.preRT.mad.G,G,1981,2.5,lena,1,cf5637c6e7cd8dd66352cc67d9021f97,20,52,190634,120683,175604,118039,0.633061258747128,0.12248972342045167,52,2320.826923076923
2514531,10401,10201,10,Castro,-73.767163,-42.472601,1,45.0,45.0,casa,CL.SFH.preRT.mad.G,G,1999,8.846153846153847,lena,1,d3feb5845ae2dbc29da036484cfd900e,21,52,190634,120683,175604,118039,0.633061258747128,0.12248972342045167,52,2320.826923076923
2433844,10301,10101,10,Puerto Montt,-72.988163,-41.477453,1,45.0,45.0,casa,CL.SFH.RT1.mad.G,G,2001,2.7746478873239435,lena,1,da505997853cefa985b962531fa10961,22,52,190634,120683,175604,118039,0.633061258747128,0.12248972342045167,52,2320.826923076923
2527211,10404,10208,10,Quellón,-73.619031,-43.112606,1,42.0,42.0,casa,CL.SFH.RT2.mad.G,G,2012,3.181159420289855,lena,1,df5053461fe43605c284f84c80a6e332,23,52,190634,120683,175604,118039,0.633061258747128,0.12248972342045167,52,2320.826923076923
2534605,10406,10202,10,Ancud,-73.827303,-41.871602,1,96.0,96.0,casa,CL.SFH.preRT.mad.G,G,1972,3.8214285714285716,lena,1,eba008c639fe4c166d0a842dd6127c05,24,52,190634,120683,175604,118039,0.633061258747128,0.12248972342045167,52,2320.826923076923
2486701,10303,10109,10,Puerto Varas,-73.081538,-41.327942,1,49.0,49.0,casa,CL.SFH.RT1.mad.G,G,2005,3.68,lena,1,edbbb757ec117e0d34d0cbaff8ae5969,25,52,190634,120683,175604,118039,0.633061258747128,0.12248972342045167,52,2320.826923076923
2413153,10203,10302,10,Puerto Octay,-72.88864,-40.953987,1,38.0,38.0,casa,CL.SFH.RT2.mad.G,G,2010,2.95,lena,1,f6b46f9533ef9faea087dfa2dbdb53ff,26,52,190634,120683,175604,118039,0.633061258747128,0.12248972342045167,52,2320.826923076923
2502273,10306,10107,10,Llanquihue,-73.010305,-41.248581,1,40.0,40.0,casa,CL.SFH.RT2.mad.G,G,2008,2.9523809523809526,lena,1,f9becdb62c49346c134155fea5781249,27,52,190634,120683,175604,118039,0.633061258747128,0.12248972342045167,52,2320.826923076923
2539064,10408,10205,10,Dalcahue,-73.653409,-42.369813,1,120.0,120.0,casa,CL.SFH.post2021.mad.G,G,2021,0.324468085106383,lena,1,fadcd9f0ac9de3d0ab0981f6df9d2975,28,52,190634,120683,175604,118039,0.633061258747128,0.12248972342045167,52,2320.826923076923
2421997,10207,10306,10,San Juan de la Costa,-73.732551,-40.580295,1,56.0,56.0,casa,CL.SFH.RT1.mad.G,G,2005,1.5263157894736843,lena,1,fd44e35d3647fc8b0dff0902960a655f,29,52,190634,120683,175604,118039,0.633061258747128,0.12248972342045167,52,2320.826923076923
2524402,10403,10207,10,Queilén,-73.468479,-42.881747,1,58.0,58.0,casa,CL.SFH.RT1.mad.G,G,2005,2.5208333333333335,lena,1,fe5f3fe70d2409353fbe0b5f7b326894,30,52,190634,120683,175604,118039,0.633061258747128,0.12248972342045167,52,2320.826923076923
2416950,10205,10305,10,Río Negro,-73.119302,-40.696823,1,200.0,200.0,casa,CL.SFH.post2021.mad.G,G,2022,10.25,lena,2,1b805ba24160a627ebe19f4993a530fc,31,52,190634,120683,175604,118039,0.633061258747128,0.12248972342045167,52,2320.826923076923
2507602,10308,10106,10,Los Muermos,-73.438126,-41.290581,1,124.0,124.0,casa,CL.SFH.preRT.mad.G,G,1960,7.947368421052632,lena,2,2075c1e4240ee917eff529ce70247f6c,32,52,190634,120683,175604,118039,0.633061258747128,0.12248972342045167,52,2320.826923076923
2524049,10403,10207,10,Queilén,-73.470441,-42.889279,1,50.0,50.0,casa,CL.SFH.RT1.mad.G,G,2006,2.588235294117647,lena,2,26219ff2e9295ef35d6561c53d72d1a9,33,52,190634,120683,175604,118039,0.633061258747128,0.12248972342045167,52,2320.826923076923
2540169,10501,10401,10,Chaitén,-72.365941,-43.413486,1,36.0,36.0,casa,CL.SFH.preRT.mad.G,G,1982,1.4915254237288136,lena,2,281bc8a5d7010d43339c809bce3828bc,34,52,190634,120683,175604,118039,0.633061258747128,0.12248972342045167,52,2320.826923076923
2503570,10307,10108,10,Maullín,-73.702195,-41.739913,1,141.0,141.0,casa,CL.SFH.preRT.mad.G,G,1980,4.222222222222222,lena,2,298e45d172f31f0fd9518e6f30fb2029,35,52,190634,120683,175604,118039,0.633061258747128,0.12248972342045167,52,2320.826923076923
2485422,10303,10109,10,Puerto Varas,-72.97332,-41.331147,1,17.0,17.0,casa,CL.SFH.preRT.mad.G,G,1998,5.5,lena,2,354be7d744f25fb76d66a71e2624b1b9,36,52,190634,120683,175604,118039,0.633061258747128,0.12248972342045167,52,2320.826923076923
2481759,10302,10103,10,Cochamó,-72.309948,-41.493754,1,49.0,49.0,casa,CL.SFH.preRT.mad.G,G,1978,9.5,lena,2,36f4990765e8e0d12a96c779d5c1421f,37,52,190634,120683,175604,118039,0.633061258747128,0.12248972342045167,52,2320.826923076923
2514892,10401,10201,10,Castro,-73.763828,-42.471888,1,48.0,48.0,casa,CL.SFH.preRT.mad.G,G,1980,9.294117647058824,lena,2,3c8c2d012c7495530f9b17b5b039234b,38,52,190634,120683,175604,118039,0.633061258747128,0.12248972342045167,52,2320.826923076923
2537857,10407,10209,10,Quemchi,-73.259756,-42.315126,1,35.0,35.0,casa,CL.SFH.preRT.mad.G,G,1970,36.0,lena,2,3e6f52a96e3096aeeca21c9fe663af4a,39,52,190634,120683,175604,118039,0.633061258747128,0.12248972342045167,52,2320.826923076923
2540119,10415,10210,10,Quinchao,-73.33476,-42.420873,1,47.0,47.0,casa,CL.SFH.RT1.mad.G,G,2005,76.5,lena,2,517ad887b00e08a63f858deabf71739a,40,52,190634,120683,175604,118039,0.633061258747128,0.12248972342045167,52,2320.826923076923
2542914,10504,10404,10,Palena,-71.805391,-43.616511,1,52.0,52.0,casa,CL.SFH.preRT.mad.I,I,1962,2.0,lena,2,543a07394af8edb25d3d0b2c7c6893f3,41,52,190634,120683,175604,118039,0.633061258747128,0.12248972342045167,52,2320.826923076923
2418342,10206,10303,10,Purranque,-73.16688,-40.912803,1,43.0,43.0,casa,CL.SFH.preRT.mad.G,G,1996,4.283333333333333,lena,2,5d17a99232718ac2ca72b6dac09c2e99,42,52,190634,120683,175604,118039,0.633061258747128,0.12248972342045167,52,2320.826923076923
2525737,10404,10208,10,Quellón,-73.623299,-43.116871,1,69.0,69.0,casa,CL.SFH.preRT.mad.G,G,1969,3.6363636363636362,lena,2,667185a6a63d4bef9740f8409342453d,43,52,190634,120683,175604,118039,0.633061258747128,0.12248972342045167,52,2320.826923076923
2541010,10502,10403,10,Hualaihué,-72.594713,-42.005291,1,48.0,48.0,casa,CL.SFH.preRT.mad.G,G,1994,9.0,lena,2,6b9149647479c59e21f00dc7f608386a,44,52,190634,120683,175604,118039,0.633061258747128,0.12248972342045167,52,2320.826923076923
2495422,10305,10105,10,Frutillar,-73.059637,-41.128899,1,58.0,58.0,casa,CL.SFH.preRT.mad.G,G,1969,3.6,lena,2,70d46197a6b96ba6eea85912158ba26f,45,52,190634,120683,175604,118039,0.633061258747128,0.12248972342045167,52,2320.826923076923
2539063,10408,10205,10,Dalcahue,-73.654064,-42.369818,1,44.0,44.0,casa,CL.SFH.CEV.mad.G,G,2018,0.324468085106383,lena,2,78aef714d316f2c134d73d7d6e9a264c,46,52,190634,120683,175604,118039,0.633061258747128,0.12248972342045167,52,2320.826923076923
2414877,10204,10304,10,Puyehue,-72.601776,-40.683096,1,47.0,47.0,casa,CL.SFH.RT1.mad.G,G,2000,3.0,lena,2,9e8547318a3e5eda1ed6b6895bfb93d6,47,52,190634,120683,175604,118039,0.633061258747128,0.12248972342045167,52,2320.826923076923
2523693,10402,10203,10,Chonchi,-73.775874,-42.618733,1,75.0,75.0,casa,CL.SFH.preRT.mad.G,G,1999,2.8461538461538463,lena,2,a72d93198dac528dd497c69a770232e8,48,52,190634,120683,175604,118039,0.633061258747128,0.12248972342045167,52,2320.826923076923
2492578,10304,10104,10,Fresia,-73.418725,-41.155885,1,43.0,43.0,casa,CL.SFH.preRT.mad.G,G,1970,2.4,lena,2,a98af54947f35ba996c714c3b23b1fd5,49,52,190634,120683,175604,118039,0.633061258747128,0.12248972342045167,52,2320.826923076923
2501212,10306,10107,10,Llanquihue,-73.013114,-41.254754,1,39.0,39.0,casa,CL.SFH.RT1.mad.G,G,2001,2.891304347826087,lena,2,b01f5613a31590185ff70573b811845c,50,52,190634,120683,175604,118039,0.633061258747128,0.12248972342045167,52,2320.826923076923
2539494,10410,10204,10,Curaco de Vélez,-73.563412,-42.442898,1,84.0,84.0,casa,CL.SFH.RT1.mad.G,G,2004,17.0,lena,2,b9f2026c2a6bd48123447757ec60f925,51,52,190634,120683,175604,118039,0.633061258747128,0.12248972342045167,52,2320.826923076923
2508806,10309,10102,10,Calbuco,-73.125875,-41.77421,1,49.0,49.0,casa,CL.SFH.preRT.mad.G,G,1963,8.035714285714286,lena,2,cc6d130fea66307a4cde02b962528212,52,52,190634,120683,175604,118039,0.633061258747128,0.12248972342045167,52,2320.826923076923
2551775,11104,11203,11,Guaitecas,-73.746398,-43.895933,1,35.0,35.0,casa,CL.SFH.preRT.mad.I,I,1975,2.4545454545454546,lena,1,02c93d8256d87a9716fa19ae0676e28f,1,17,27888,20143,27360,20095,0.7222819850831899,0.020444557218979954,17,1184.8823529411766
2555560,11303,11303,11,Tortel,-73.545777,-47.805118,1,28.0,28.0,casa,CL.SFH.preRT.mad.I,I,1990,1.8,lena,1,18694f7dde349c3a9b918dd977cde66f,2,17,27888,20143,27360,20095,0.7222819850831899,0.020444557218979954,17,1184.8823529411766
2555513,11302,11302,11,O'Higgins,-72.559098,-48.465174,1,32.0,32.0,casa,CL.SFH.RT2.mad.I,I,2011,1.9230769230769231,lena,1,2e2c53f7899c6a26ae2df3f973102c1e,3,17,27888,20143,27360,20095,0.7222819850831899,0.020444557218979954,17,1184.8823529411766
2560008,11401,11101,11,Coihaique,-72.051325,-45.584503,1,22.0,22.0,casa,CL.SFH.preRT.lad.I,I,1983,2.1219512195121952,lena,1,4000876d18ef7afbd5ac0ce89abc326c,4,17,27888,20143,27360,20095,0.7222819850831899,0.020444557218979954,17,1184.8823529411766
2545315,11101,11201,11,Aisén,-72.682764,-45.411802,1,49.0,49.0,casa,CL.SFH.preRT.mad.I,I,1990,2.5454545454545454,lena,1,7d9582c8ad341c4574b0fa71d5f93b76,5,17,27888,20143,27360,20095,0.7222819850831899,0.020444557218979954,17,1184.8823529411766
2550218,11102,11202,11,Cisnes,-72.672867,-44.731964,1,48.0,48.0,casa,CL.SFH.CEV.mad.I,I,2019,3.1052631578947367,lena,1,7ddced4f495ffd7006bd67feb1ec6079,6,17,27888,20143,27360,20095,0.7222819850831899,0.020444557218979954,17,1184.8823529411766
2554083,11203,11402,11,Río Ibáñez,-72.130566,-46.131193,1,42.0,42.0,casa,CL.SFH.post2021.mad.I,I,2022,2.4,lena,1,812d3ecd58f38f5a24381c4b182e35a4,7,17,27888,20143,27360,20095,0.7222819850831899,0.020444557218979954,17,1184.8823529411766
2552015,11201,11401,11,Chile Chico,-72.704577,-46.846931,1,36.0,36.0,casa,CL.SFH.preRT.mad.I,I,1988,1.45,lena,1,a940f91eac1c76bfb1ab9343482739a0,8,17,27888,20143,27360,20095,0.7222819850831899,0.020444557218979954,17,1184.8823529411766
2570135,11402,11102,11,Lago Verde,-71.669456,-44.647138,1,24.0,24.0,casa,CL.SFH.preRT.mad.I,I,1970,2.185185185185185,lena,1,b0a38c7bc28daeef6758db073d6132c4,9,17,27888,20143,27360,20095,0.7222819850831899,0.020444557218979954,17,1184.8823529411766
2554774,11301,11301,11,Cochrane,-72.579186,-47.251913,1,49.0,49.0,casa,CL.SFH.preRT.mad.I,I,1974,2.2222222222222223,lena,1,f7f32be4e454b25cae660ee7ab82f845,10,17,27888,20143,27360,20095,0.7222819850831899,0.020444557218979954,17,1184.8823529411766
2551939,11201,11401,11,Chile Chico,-72.827012,-47.014294,1,33.0,33.0,casa,CL.SFH.RT1.mad.I,I,2006,1.5625,lena,2,0ba322de5ed1ee9a6b0d33194a44fcfb,11,17,27888,20143,27360,20095,0.7222819850831899,0.020444557218979954,17,1184.8823529411766
2557724,11401,11101,11,Coihaique,-71.907422,-45.587988,1,18.0,18.0,casa,CL.SFH.post2021.mad.I,I,2021,2.0,lena,2,15a412127a7115d958d352eba8a4a5cf,12,17,27888,20143,27360,20095,0.7222819850831899,0.020444557218979954,17,1184.8823529411766
2555660,11303,11303,11,Tortel,-73.529576,-47.795989,1,44.0,44.0,casa,CL.SFH.CEV.mad.I,I,2018,4.25,lena,2,3917548d273744b8ec451b91f7485ec8,13,17,27888,20143,27360,20095,0.7222819850831899,0.020444557218979954,17,1184.8823529411766
2550404,11102,11202,11,Cisnes,-72.678083,-44.729755,1,118.0,118.0,casa,CL.SFH.preRT.mad.I,I,1998,2.8181818181818183,lena,2,40c52723bce77b0b980d4c61983fc481,14,17,27888,20143,27360,20095,0.7222819850831899,0.020444557218979954,17,1184.8823529411766
2551800,11104,11203,11,Guaitecas,-73.748916,-43.895461,1,80.0,80.0,casa,CL.SFH.preRT.mad.I,I,1990,3.727272727272727,lena,2,47920f8db317d142392917bbe5e49fec,15,17,27888,20143,27360,20095,0.7222819850831899,0.020444557218979954,17,1184.8823529411766
2549165,11101,11201,11,Aisén,-72.144747,-45.179121,1,36.0,36.0,casa,CL.SFH.preRT.mad.I,I,1990,1.9736842105263157,lena,2,5bd8a3dba5379785684b08b3edc51256,16,17,27888,20143,27360,20095,0.7222819850831899,0.020444557218979954,17,1184.8823529411766
2554795,11301,11301,11,Cochrane,-72.569035,-47.251754,1,27.0,27.0,casa,CL.SFH.preRT.mad.I,I,1982,3.090909090909091,lena,2,73c5057e33795cc5221c1b3a71aecefb,17,17,27888,20143,27360,20095,0.7222819850831899,0.020444557218979954,17,1184.8823529411766
2577343,12101,12401,12,Natales,-72.331095,-51.606458,1,76.0,76.0,casa,CL.SFH.preRT.mad.I,I,1983,3.0384615384615383,lena,1,1d4a11b45e30c7357eef2cf9dc5760a9,1,11,50171,1384,46078,1384,0.027585657052879152,0.0014047196143110886,11,125.81818181818181
2593509,12205,12101,12,Punta Arenas,-70.966615,-53.154676,1,101.0,101.0,casa,CL.SFH.CEV.mad.I,I,2016,2.4352941176470586,lena,1,5b85cf1f5e64ce5088bc42d08f848d77,2,11,50171,1384,46078,1384,0.027585657052879152,0.0014047196143110886,11,125.81818181818181
2614773,12301,12301,12,Porvenir,-70.377382,-53.297125,1,96.0,96.0,casa,CL.SFH.preRT.mad.I,I,1930,4.0,lena,1,845baae76674088093465372157817cd,3,11,50171,1384,46078,1384,0.027585657052879152,0.0014047196143110886,11,125.81818181818181
2614434,12206,12102,12,Laguna Blanca,-71.347998,-52.458881,1,59.0,59.0,casa,CL.SFH.preRT.mad.I,I,1967,0.3,lena,1,8889df6ec4f3fed8518284baf34743f1,4,11,50171,1384,46078,1384,0.027585657052879152,0.0014047196143110886,11,125.81818181818181
2577414,12103,12402,12,Torres del Paine,-72.344126,-51.255568,1,390.0,390.0,casa,CL.SFH.CEV.mad.I,I,2016,3.0,lena,1,8c1965d2e33f918409372180bae17a5b,5,11,50171,1384,46078,1384,0.027585657052879152,0.0014047196143110886,11,125.81818181818181
2577486,12204,12104,12,San Gregorio,-69.229426,-52.197208,1,80.0,80.0,casa,CL.SFH.preRT.mad.I,I,1970,0.46511627906976744,lena,1,a2ed5168f19a5f7c9a824562a1f72389,6,11,50171,1384,46078,1384,0.027585657052879152,0.0014047196143110886,11,125.81818181818181
2616043,12304,12303,12,Timaukel,-69.716793,-53.657817,1,56.0,56.0,casa,CL.SFH.preRT.mad.I,I,1973,14.0,lena,1,c2dca1401506d4178f47a9d66f2c481f,7,11,50171,1384,46078,1384,0.027585657052879152,0.0014047196143110886,11,125.81818181818181
2616079,12401,12201,12,Cabo de Hornos,-67.610874,-54.937005,1,35.0,35.0,casa,CL.SFH.preRT.mad.I,I,1982,2.4,lena,1,e1b361ccecf7929eb4961a1460498324,8,11,50171,1384,46078,1384,0.027585657052879152,0.0014047196143110886,11,125.81818181818181
2616012,12302,12302,12,Primavera,-69.295118,-52.77738,1,170.0,170.0,casa,CL.SFH.preRT.mad.I,I,1990,3.796875,lena,1,fa42ce7ffbafdd7a2f4ed14af1222487,9,11,50171,1384,46078,1384,0.027585657052879152,0.0014047196143110886,11,125.81818181818181
2580174,12205,12101,12,Punta Arenas,-70.962945,-53.180083,1,81.0,81.0,casa,CL.SFH.preRT.mad.I,I,1990,2.857142857142857,lena,2,0e02b0918ece8bc56792944b7a105acd,10,11,50171,1384,46078,1384,0.027585657052879152,0.0014047196143110886,11,125.81818181818181
2577410,12103,12402,12,Torres del Paine,-72.343561,-51.255977,1,112.0,112.0,casa,CL.SFH.post2021.mad.I,I,2021,3.0,lena,2,2ceaf82d6c454999517975c7b8438a77,11,11,50171,1384,46078,1384,0.027585657052879152,0.0014047196143110886,11,125.81818181818181
3136144,14202,13302,13,Lampa,-70.8881,-33.290721,1,18.0,18.0,casa,CL.SFH.RT2.mad.D,D,2009,6.0,lena,1,053daeaa1bbb059fec4376c450089c18,1,20,2378702,28987,1401806,28787,0.01218605777436602,0.02942095914742451,20,1449.35
3121824,14201,13301,13,Colina,-70.66042,-33.181098,1,50.0,50.0,casa,CL.SFH.RT1.lad.D,D,2002,3.171875,lena,1,10e9829c2e2878f4fff55389ca282c7d,2,20,2378702,28987,1401806,28787,0.01218605777436602,0.02942095914742451,20,1449.35
3012166,14156,13103,13,Cerro Navia,-70.733283,-33.420031,1,55.0,55.0,casa,CL.SFH.preRT.mad.D,D,1968,4.6875,lena,1,13f91b4db83f2d8eff15da2f21b5335a,3,20,2378702,28987,1401806,28787,0.01218605777436602,0.02942095914742451,20,1449.35
3676466,16163,13129,13,San Joaquín,-70.630751,-33.489694,1,105.0,105.0,casa,CL.SFH.preRT.lad.D,D,1954,5.421052631578948,lena,1,187fd04e17ebb29b5285e573ca45e0db,4,20,2378702,28987,1401806,28787,0.01218605777436602,0.02942095914742451,20,1449.35
3284385,15103,13123,13,Providencia,-70.607812,-33.418354,4,211.0,52.75,edificio,CL.MFH.preRT.lad.D,D,1946,8.545454545454545,lena,1,1c6bceaca739070007d56258c787d886,5,20,2378702,28987,1401806,28787,0.01218605777436602,0.02942095914742451,20,1449.35
4006486,16404,13404,13,Paine,-70.822623,-33.835819,1,66.0,66.0,casa,CL.SFH.RT2.mad.D,D,2010,6.65979381443299,lena,1,20fdcdd34a525068ca41b735d78a03f2,6,20,2378702,28987,1401806,28787,0.01218605777436602,0.02942095914742451,20,1449.35
3440779,15151,13118,13,Macul,-70.599099,-33.499665,1,71.0,71.0,casa,CL.SFH.preRT.lad.D,D,1980,2.6710526315789473,lena,1,26fab0e51773df8216d44a1fe3c2198f,7,20,2378702,28987,1401806,28787,0.01218605777436602,0.02942095914742451,20,1449.35
2617391,13101,13101,13,Santiago,-70.634839,-33.449315,1,158.0,158.0,casa,CL.SFH.preRT.lad.D,D,1920,1.5060975609756098,lena,1,2c649701e54f0070e2df0cbbab7f2628,8,20,2378702,28987,1401806,28787,0.01218605777436602,0.02942095914742451,20,1449.35
3966952,16402,13403,13,Calera de Tango,-70.781345,-33.626258,1,92.0,92.0,casa,CL.SFH.post2021.mad.D,D,2021,3.4461538461538463,lena,1,2e4c2a91b987fb50f003734c0598312e,9,20,2378702,28987,1401806,28787,0.01218605777436602,0.02942095914742451,20,1449.35
3201094,14504,13605,13,Peñaflor,-70.852912,-33.608254,1,52.0,52.0,casa,CL.SFH.preRT.lad.D,D,1964,5.313432835820896,lena,1,34c7a3b3f130f21a64359831a10ade3f,10,20,2378702,28987,1401806,28787,0.01218605777436602,0.02942095914742451,20,1449.35
2688539,14107,13126,13,Quinta Normal,-70.704142,-33.415439,1,48.0,48.0,casa,CL.SFH.preRT.mad.D,D,1970,3.216666666666667,lena,1,3870e07365fd8129732dd7000c9544ae,11,20,2378702,28987,1401806,28787,0.01218605777436602,0.02942095914742451,20,1449.35
3895588,16303,13203,13,San José de Maipo,-70.378618,-33.591552,1,405.0,405.0,casa,CL.SFH.RT2.lad.D,D,2010,5.260504201680672,lena,1,3ff7184e0ca5c12379654af02307bf32,12,20,2378702,28987,1401806,28787,0.01218605777436602,0.02942095914742451,20,1449.35
3505199,15152,13122,13,Peñalolén,-70.518935,-33.462343,1,123.0,123.0,casa,CL.SFH.preRT.mad.D,D,1998,3.53125,lena,1,43c98f72797665ce802d9ad194e1a94a,13,20,2378702,28987,1401806,28787,0.01218605777436602,0.02942095914742451,20,1449.35
2769525,14109,13119,13,Maipú,-70.809259,-33.504206,1,64.0,64.0,casa,CL.SFH.preRT.mad.D,D,1993,21.571428571428573,lena,1,4794bbacdbfe8f9f97e66d2a8ec37252,14,20,2378702,28987,1401806,28787,0.01218605777436602,0.02942095914742451,20,1449.35
3577155,16131,13111,13,La Granja,-70.622317,-33.530358,1,78.0,78.0,casa,CL.SFH.preRT.lad.D,D,1987,4.645161290322581,lena,1,557d29014aa0dcaa3b6214ff9272c6f5,15,20,2378702,28987,1401806,28787,0.01218605777436602,0.02942095914742451,20,1449.35
2877483,14111,13124,13,Pudahuel,-70.859498,-33.377274,1,104.0,104.0,casa,CL.SFH.RT1.mad.D,D,2000,38.0,lena,1,5592b37fd9b1149a5cb1fffd5380af05,16,20,2378702,28987,1401806,28787,0.01218605777436602,0.02942095914742451,20,1449.35
2973162,14127,13104,13,Conchalí,-70.668772,-33.377696,1,36.0,36.0,casa,CL.SFH.preRT.mad.D,D,1957,4.584905660377358,lena,1,5bc2cd97dda245700fe03f61fd0e38fc,17,20,2378702,28987,1401806,28787,0.01218605777436602,0.02942095914742451,20,1449.35
3031578,14157,13106,13,Estación Central,-70.721958,-33.469477,1,62.0,62.0,casa,CL.SFH.preRT.lad.D,D,1979,0.455531453362256,lena,1,5c58af94b5f1868f620b8c522be073b5,18,20,2378702,28987,1401806,28787,0.01218605777436602,0.02942095914742451,20,1449.35
3048726,14158,13107,13,Huechuraba,-70.637771,-33.374833,1,29.0,29.0,casa,CL.SFH.preRT.mad.D,D,1998,3.1666666666666665,lena,1,69a5624a004b71274724696ca13cdd72,19,20,2378702,28987,1401806,28787,0.01218605777436602,0.02942095914742451,20,1449.35
3165428,14501,13601,13,Talagante,-70.925559,-33.659384,1,38.0,38.0,casa,CL.SFH.preRT.mad.D,D,1973,2.642857142857143,lena,1,6dd92d92555a2bb753b9c064952c5741,20,20,2378702,28987,1401806,28787,0.01218605777436602,0.02942095914742451,20,1449.35
2355533,10110,14107,14,Paillaco,-72.871632,-40.069397,1,49.0,49.0,casa,CL.SFH.preRT.mad.F,F,1948,2.5357142857142856,lena,1,02d476afdf6535e404a93f7c76406c7a,1,33,97794,67772,91314,66151,0.6930077509867681,0.06878660238518143,33,2053.6969696969695
2301379,10101,14101,14,Valdivia,-73.208631,-39.832021,1,45.0,45.0,casa,CL.SFH.preRT.mad.G,G,1985,3.5217391304347827,lena,1,2e144effb714b723b0e98b0ca077369e,2,33,97794,67772,91314,66151,0.6930077509867681,0.06878660238518143,33,2053.6969696969695
2366833,10112,14203,14,Lago Ranco,-72.47241,-40.318297,1,100.0,100.0,casa,CL.SFH.preRT.mad.F,F,1965,1.5,lena,1,2f47bb8fe0a88fc64be21246c7f8924a,3,33,97794,67772,91314,66151,0.6930077509867681,0.06878660238518143,33,2053.6969696969695
2323851,10103,14103,14,Lanco,-72.507312,-39.534934,1,46.0,46.0,casa,CL.SFH.post2021.mad.F,F,2022,2.263157894736842,lena,1,7bb8f2a7bfd4c8f9a7e8e3e71be1b73e,4,33,97794,67772,91314,66151,0.6930077509867681,0.06878660238518143,33,2053.6969696969695
2363208,10111,14204,14,Río Bueno,-72.957287,-40.335679,1,100.0,100.0,casa,CL.SFH.preRT.mad.F,F,1963,2.142857142857143,lena,1,7fb6ee50d1175dd856fbe4d53de186fb,5,33,97794,67772,91314,66151,0.6930077509867681,0.06878660238518143,33,2053.6969696969695
2331913,10105,14202,14,Futrono,-72.380194,-40.131822,1,55.0,55.0,casa,CL.SFH.RT2.mad.F,F,2010,3.6575342465753424,lena,1,92c985eee30c33ba164b64cccada4873,6,33,97794,67772,91314,66151,0.6930077509867681,0.06878660238518143,33,2053.6969696969695
2339667,10108,14108,14,Panguipulli,-72.334641,-39.644397,1,72.0,72.0,casa,CL.SFH.preRT.mad.F,F,1987,3.2758620689655173,lena,1,a20fd36ae714d1c5cf87726f4ef1817a,7,33,97794,67772,91314,66151,0.6930077509867681,0.06878660238518143,33,2053.6969696969695
2329058,10104,14104,14,Los Lagos,-72.808756,-39.861188,1,57.0,57.0,casa,CL.SFH.preRT.mad.F,F,1970,3.4827586206896552,lena,1,af35e161eb91353f44389b1f9c06a85d,8,33,97794,67772,91314,66151,0.6930077509867681,0.06878660238518143,33,2053.6969696969695
2321745,10102,14106,14,Mariquina,-72.945908,-39.535172,1,43.0,43.0,casa,CL.SFH.CEV.mad.G,G,2015,2.9420289855072466,lena,1,bd025543457226b3aa79e74356043eb1,9,33,97794,67772,91314,66151,0.6930077509867681,0.06878660238518143,33,2053.6969696969695
2334265,10106,14102,14,Corral,-73.650701,-39.963693,1,90.0,90.0,casa,CL.SFH.post2021.mad.G,G,2021,68.0,lena,1,cd7dc78e5b5f25aa36241ee641f50633,10,33,97794,67772,91314,66151,0.6930077509867681,0.06878660238518143,33,2053.6969696969695
2350060,10109,14201,14,La Unión,-73.0662,-40.297695,1,50.0,50.0,casa,CL.SFH.RT1.mad.F,F,2003,2.28,lena,1,e9bab6020fba0c48958090b14066b26c,11,33,97794,67772,91314,66151,0.6930077509867681,0.06878660238518143,33,2053.6969696969695
2336620,10107,14105,14,Máfil,-72.947808,-39.65698,1,42.0,42.0,casa,CL.SFH.RT1.mad.G,G,2003,3.875,lena,1,f5ed78f5b5cd97c9844c991d33df5692,12,33,97794,67772,91314,66151,0.6930077509867681,0.06878660238518143,33,2053.6969696969695
2334777,10106,14102,14,Corral,-73.432745,-39.889966,1,48.0,48.0,casa,CL.SFH.preRT.mad.G,G,1972,3.7291666666666665,lena,2,1e5a286f7a292d0fbd89a5c31268dc08,13,33,97794,67772,91314,66151,0.6930077509867681,0.06878660238518143,33,2053.6969696969695
2321737,10102,14106,14,Mariquina,-72.952145,-39.535184,1,54.0,54.0,casa,CL.SFH.preRT.mad.G,G,1995,5.444444444444445,lena,2,20af7e78fdf8e2ce8dba4439d6f85244,14,33,97794,67772,91314,66151,0.6930077509867681,0.06878660238518143,33,2053.6969696969695
2354580,10110,14107,14,Paillaco,-72.872279,-40.076052,1,42.0,42.0,casa,CL.SFH.preRT.mad.F,F,1999,2.5,lena,2,2a92fb0685f9a19813cd7afc3a652c77,15,33,97794,67772,91314,66151,0.6930077509867681,0.06878660238518143,33,2053.6969696969695
2331594,10105,14202,14,Futrono,-72.377697,-40.133609,1,56.0,56.0,casa,CL.SFH.RT2.mad.F,F,2013,3.6575342465753424,lena,2,2fc92398135a9f245a60bccca1c5ed9e,16,33,97794,67772,91314,66151,0.6930077509867681,0.06878660238518143,33,2053.6969696969695
2326412,10103,14103,14,Lanco,-72.767593,-39.450091,1,73.0,73.0,casa,CL.SFH.RT1.mad.F,F,2001,2.7058823529411766,lena,2,4eefa4b43cbd61ba9592843343469d37,17,33,97794,67772,91314,66151,0.6930077509867681,0.06878660238518143,33,2053.6969696969695
2342848,10108,14108,14,Panguipulli,-72.335874,-39.597691,1,200.0,200.0,casa,CL.SFH.post2021.mad.F,F,2024,6.064516129032258,lena,2,5e9d347ed950ac058579268c76800826,18,33,97794,67772,91314,66151,0.6930077509867681,0.06878660238518143,33,2053.6969696969695
2328792,10104,14104,14,Los Lagos,-72.803305,-39.862737,1,38.0,38.0,casa,CL.SFH.preRT.mad.F,F,1990,2.5,lena,2,5fb3699c46a0af4eb7371c2d79f07ba6,19,33,97794,67772,91314,66151,0.6930077509867681,0.06878660238518143,33,2053.6969696969695
2363323,10111,14204,14,Río Bueno,-72.964405,-40.335396,1,145.0,145.0,casa,CL.SFH.preRT.mad.F,F,1972,3.3076923076923075,lena,2,62993aea764cf121064e8a3d9986b451,20,33,97794,67772,91314,66151,0.6930077509867681,0.06878660238518143,33,2053.6969696969695
2335409,10107,14105,14,Máfil,-72.944313,-39.705471,1,60.0,60.0,casa,CL.SFH.post2021.mad.G,G,2024,30.0,lena,2,c1e80a6fa1e821aa64b42ea1139a75bd,21,33,97794,67772,91314,66151,0.6930077509867681,0.06878660238518143,33,2053.6969696969695
2353618,10109,14201,14,La Unión,-72.76034,-40.202106,1,60.0,60.0,casa,CL.SFH.preRT.mad.F,F,1970,17.0,lena,2,ca760bd6f9d2ac6cb6639295aef76d42,22,33,97794,67772,91314,66151,0.6930077509867681,0.06878660238518143,33,2053.6969696969695
2284689,10101,14101,14,Valdivia,-73.246684,-39.849125,1,39.0,39.0,casa,CL.SFH.RT1.mad.G,G,2004,2.5846774193548385,lena,2,d5f8b285ee35765902d8844fd53192ff,23,33,97794,67772,91314,66151,0.6930077509867681,0.06878660238518143,33,2053.6969696969695
2365647,10112,14203,14,Lago Ranco,-72.555235,-40.33017,1,91.0,91.0,casa,CL.SFH.preRT.mad.F,F,1998,2.5,lena,2,df2920016816c2953ebae80d7135d4dd,24,33,97794,67772,91314,66151,0.6930077509867681,0.06878660238518143,33,2053.6969696969695
2331769,10105,14202,14,Futrono,-72.41911,-40.132719,1,351.0,351.0,casa,CL.SFH.RT1.hor.F,F,2003,1.3333333333333333,lena,3,2f6e13be82b101ec15e7929119f361a6,25,33,97794,67772,91314,66151,0.6930077509867681,0.06878660238518143,33,2053.6969696969695
2280231,10101,14101,14,Valdivia,-73.208574,-39.853048,1,82.0,82.0,casa,CL.SFH.post2021.mad.G,G,2021,3.243353783231084,lena,3,4f2418b4d87c272da220f780bef5f939,26,33,97794,67772,91314,66151,0.6930077509867681,0.06878660238518143,33,2053.6969696969695
2350425,10109,14201,14,La Unión,-73.063153,-40.296541,1,35.0,35.0,casa,CL.SFH.CEV.mad.F,F,2016,2.4545454545454546,lena,3,59240c482b37ddf871d9adbc9e83f9e6,27,33,97794,67772,91314,66151,0.6930077509867681,0.06878660238518143,33,2053.6969696969695
2342810,10108,14108,14,Panguipulli,-72.359002,-39.604577,1,36.0,36.0,casa,CL.SFH.RT1.mad.F,F,2000,2.3421052631578947,lena,3,64f40aff1eac320179e5a1f449e539a9,28,33,97794,67772,91314,66151,0.6930077509867681,0.06878660238518143,33,2053.6969696969695
2334311,10106,14102,14,Corral,-73.559429,-39.927612,1,56.0,56.0,casa,CL.SFH.RT2.mad.G,G,2011,4.0,lena,3,75b0c432c1d842aa33915b669773b3bf,29,33,97794,67772,91314,66151,0.6930077509867681,0.06878660238518143,33,2053.6969696969695
2365900,10112,14203,14,Lago Ranco,-72.485462,-40.325995,1,28.0,28.0,casa,CL.SFH.preRT.mad.F,F,1982,1.7857142857142858,lena,3,7e00e9eefeab946ec3fb0fd353de75d3,30,33,97794,67772,91314,66151,0.6930077509867681,0.06878660238518143,33,2053.6969696969695
2354832,10110,14107,14,Paillaco,-72.86735,-40.074735,1,85.0,85.0,casa,CL.SFH.preRT.mad.F,F,1999,5.545454545454546,lena,3,83a924d7bb32b53ba577ec7bab7af9c1,31,33,97794,67772,91314,66151,0.6930077509867681,0.06878660238518143,33,2053.6969696969695
2322465,10102,14106,14,Mariquina,-73.213517,-39.442709,1,30.0,30.0,casa,CL.SFH.RT1.mad.G,G,2000,1.0909090909090908,lena,3,8f63c2affb39ff39f98dbb9551fadae8,32,33,97794,67772,91314,66151,0.6930077509867681,0.06878660238518143,33,2053.6969696969695
2362450,10111,14204,14,Río Bueno,-72.948373,-40.337135,1,44.0,44.0,casa,CL.SFH.CEV.mad.F,F,2018,2.511111111111111,lena,3,c4a1e3dacee0fd2e87d6dd7ae7514f07,33,33,97794,67772,91314,66151,0.6930077509867681,0.06878660238518143,33,2053.6969696969695
45480,1106,15102,15,Camarones,-69.691473,-18.750777,1,32.0,32.0,casa,CL.SFH.preRT.mad.B,B,1980,2.2857142857142856,lena,1,2f28bb3cb3885f6536599b6ef902a32b,1,10,64076,122,46207,122,0.0019039890130470066,0.0001238264399898503,10,12.2
102596,1301,15201,15,Putre,-69.5163,-18.467955,1,30.0,30.0,casa,CL.SFH.preRT.adobe.H,H,1935,0.6494845360824743,lena,1,45c2e039d18d01bda11ea41fa0779b31,2,10,64076,122,46207,122,0.0019039890130470066,0.0001238264399898503,10,12.2
103264,1302,15202,15,General Lagos,-69.481471,-17.593881,1,45.0,45.0,casa,CL.SFH.preRT.adobe.H,H,1996,1.703125,lena,1,6bd70754d358945f33e0b1605e9a6485,3,10,64076,122,46207,122,0.0019039890130470066,0.0001238264399898503,10,12.2
795,1101,15101,15,Arica,-70.281525,-18.502514,1,36.0,36.0,casa,CL.SFH.preRT.lad.A,A,1991,5.1466666666666665,lena,1,a3172f8c2d2909c5fce215baab851f1a,4,10,64076,122,46207,122,0.0019039890130470066,0.0001238264399898503,10,12.2
103216,1302,15202,15,General Lagos,-69.480563,-17.595756,1,32.0,32.0,casa,CL.SFH.preRT.adobe.H,H,1980,1.703125,lena,2,5b5abcc880cd2b07f1e4fd4dfb28cdd3,5,10,64076,122,46207,122,0.0019039890130470066,0.0001238264399898503,10,12.2
815,1101,15101,15,Arica,-70.281913,-18.502434,1,36.0,36.0,casa,CL.SFH.preRT.lad.A,A,1991,5.1466666666666665,lena,2,6ddebd866b82da67fe883b00306cf443,6,10,64076,122,46207,122,0.0019039890130470066,0.0001238264399898503,10,12.2
102640,1301,15201,15,Putre,-69.514291,-18.467378,1,159.0,159.0,casa,CL.SFH.preRT.adobe.H,H,1950,0.6494845360824743,lena,2,bc4db62e8310314ad2764c2f6d0693b2,7,10,64076,122,46207,122,0.0019039890130470066,0.0001238264399898503,10,12.2
103221,1302,15202,15,General Lagos,-69.480822,-17.595662,1,32.0,32.0,casa,CL.SFH.preRT.adobe.H,H,1980,1.703125,lena,3,1035465e8462fe07010c4e5105403a0a,8,10,64076,122,46207,122,0.0019039890130470066,0.0001238264399898503,10,12.2
45212,1101,15101,15,Arica,-70.320889,-18.397825,1,100.0,100.0,casa,CL.SFH.post2021.lad.A,A,2022,4.625,lena,3,200ec1348b49a2f17887cbc703caa599,9,10,64076,122,46207,122,0.0019039890130470066,0.0001238264399898503,10,12.2
102594,1301,15201,15,Putre,-69.516348,-18.467978,1,41.0,41.0,casa,CL.SFH.preRT.adobe.H,H,1925,0.6494845360824743,lena,3,f0917103d2b590d8132a2a862ba695f8,10,10,64076,122,46207,122,0.0019039890130470066,0.0001238264399898503,10,12.2
1643605,8117,16105,16,Pemuco,-72.092857,-36.977648,1,375.0,375.0,casa,CL.SFH.preRT.adobe.F,F,1910,3.272727272727273,lena,1,0bde586bdc81fb8d2824fc33bb2d63ea,1,30,126745,58288,115902,57289,0.4598840190934554,0.05916061913219995,30,1942.9333333333334
1634101,8114,16108,16,San Ignacio,-72.096897,-36.878787,1,103.0,103.0,casa,CL.SFH.RT2.mad.F,F,2014,2.7857142857142856,lena,1,10da500c17201ce2c845aa47077ffd23,2,30,126745,58288,115902,57289,0.4598840190934554,0.05916061913219995,30,1942.9333333333334
1627419,8112,16305,16,San Nicolás,-72.218106,-36.507988,1,36.0,36.0,casa,CL.SFH.RT2.mad.F,F,2007,2.403225806451613,lena,1,13b65c65acc229d629e10869f296c921,3,30,126745,58288,115902,57289,0.4598840190934554,0.05916061913219995,30,1942.9333333333334
1647301,8120,16203,16,Coelemu,-72.70339,-36.488994,1,136.0,136.0,casa,CL.SFH.preRT.mad.E,E,1958,5.076923076923077,lena,1,13d4dcc5846aa0fa2aee72753d16597d,4,30,126745,58288,115902,57289,0.4598840190934554,0.05916061913219995,30,1942.9333333333334
1610029,8107,16202,16,Cobquecura,-72.79188,-36.198723,1,79.0,79.0,casa,CL.SFH.RT2.mad.E,E,2010,36.0,lena,1,1823a29d83f389c5c3cd36f1a872265e,5,30,126745,58288,115902,57289,0.4598840190934554,0.05916061913219995,30,1942.9333333333334
1604597,8103,16302,16,Coihueco,-71.829388,-36.624607,1,115.0,115.0,casa,CL.SFH.preRT.mad.F,F,1950,3.5,lena,1,2bb5d4833fe31b4db1e562021af64a66,6,30,126745,58288,115902,57289,0.4598840190934554,0.05916061913219995,30,1942.9333333333334
1644670,8118,16104,16,El Carmen,-72.026654,-36.89891,1,24.0,24.0,casa,CL.SFH.preRT.adobe.F,F,1964,2.25,lena,1,2c4673c9e0e8d789a213b456846462d6,7,30,126745,58288,115902,57289,0.4598840190934554,0.05916061913219995,30,1942.9333333333334
1642459,8116,16109,16,Yungay,-72.019342,-37.118139,1,61.0,61.0,casa,CL.SFH.preRT.mad.F,F,1994,2.35,lena,1,2dc3f756e12cc1763da80cc1382e3f9f,8,30,126745,58288,115902,57289,0.4598840190934554,0.05916061913219995,30,1942.9333333333334
1612576,8109,16301,16,San Carlos,-71.722787,-36.462553,1,77.0,77.0,casa,CL.SFH.RT1.lad.F,F,2001,3.5833333333333335,lena,1,392a1b4d9f1b7e928f4826c54eaeb062,9,30,126745,58288,115902,57289,0.4598840190934554,0.05916061913219995,30,1942.9333333333334
1601149,8102,16106,16,Pinto,-71.917324,-36.714232,1,76.0,76.0,casa,CL.SFH.CEV.mad.F,F,2020,34.5,lena,1,3ad8cd46c48d3a7fdfb3527d37a05511,10,30,126745,58288,115902,57289,0.4598840190934554,0.05916061913219995,30,1942.9333333333334
1638979,8115,16107,16,Quillón,-72.471051,-36.73775,1,35.0,35.0,casa,CL.SFH.RT1.mad.F,F,2002,4.25,lena,1,42c286787345272ef25c372e9642ce0f,11,30,126745,58288,115902,57289,0.4598840190934554,0.05916061913219995,30,1942.9333333333334
1611409,8108,16207,16,Treguaco,-72.683392,-36.433922,1,62.0,62.0,casa,CL.SFH.CEV.lad.E,E,2018,3.230769230769231,lena,1,665eb2fbef044618fa2b232418eb250c,12,30,126745,58288,115902,57289,0.4598840190934554,0.05916061913219995,30,1942.9333333333334
1630006,8113,16102,16,Bulnes,-72.292962,-36.747212,1,126.0,126.0,casa,CL.SFH.preRT.adobe.F,F,1945,7.285714285714286,lena,1,7a9eebb897d6a02ed6d2e8ee41d1a9fe,13,30,126745,58288,115902,57289,0.4598840190934554,0.05916061913219995,30,1942.9333333333334
1625886,8110,16303,16,Ñiquén,-71.813031,-36.284303,1,59.0,59.0,casa,CL.SFH.preRT.lad.F,F,1980,2.347826086956522,lena,1,8bce627b8d924a7f9c1167f173bb7332,14,30,126745,58288,115902,57289,0.4598840190934554,0.05916061913219995,30,1942.9333333333334
1609062,8105,16204,16,Ninhue,-72.395341,-36.393947,1,20.0,20.0,casa,CL.SFH.preRT.adobe.F,F,1980,3.0,lena,1,beb3d7453bfedbdcc76dbb7a6acecdb3,15,30,126745,58288,115902,57289,0.4598840190934554,0.05916061913219995,30,1942.9333333333334
1597367,8101,16101,16,Chillán,-72.068441,-36.586148,1,44.0,44.0,casa,CL.SFH.RT2.lad.F,F,2011,2.4434250764525993,lena,1,e701e135f9b4ca8756d7885e685292ae,16,30,126745,58288,115902,57289,0.4598840190934554,0.05916061913219995,30,1942.9333333333334
1626553,8111,16304,16,San Fabián,-71.54697,-36.552571,1,51.0,51.0,casa,CL.SFH.CEV.mad.F,F,2017,5.1063829787234045,lena,1,eb0d6a4481d4cabf8055d148813fad60,17,30,126745,58288,115902,57289,0.4598840190934554,0.05916061913219995,30,1942.9333333333334
1609438,8106,16205,16,Portezuelo,-72.429291,-36.532252,1,30.0,30.0,casa,CL.SFH.RT1.mad.F,F,2003,3.2698412698412698,lena,1,ee15a536d967b714a74a06ff58a98c9e,18,30,126745,58288,115902,57289,0.4598840190934554,0.05916061913219995,30,1942.9333333333334
1654060,8121,16103,16,Chillán Viejo,-72.118398,-36.626932,1,48.0,48.0,casa,CL.SFH.preRT.lad.F,F,1992,1.7374100719424461,lena,1,fbd00afffda301231aa37c9a0a547e3e,19,30,126745,58288,115902,57289,0.4598840190934554,0.05916061913219995,30,1942.9333333333334
1606482,8104,16201,16,Quirihue,-72.547881,-36.284868,1,49.0,49.0,casa,CL.SFH.RT2.mad.E,E,2012,4.6571428571428575,lena,1,fdbefdccc68754855d3db39aa2812cc9,20,30,126745,58288,115902,57289,0.4598840190934554,0.05916061913219995,30,1942.9333333333334
1646036,8119,16206,16,Ránquil,-72.533156,-36.608333,1,52.0,52.0,casa,CL.SFH.post2021.mad.F,F,2022,7.117647058823529,lena,1,fef1d4093a9fe93f2f8143818e046279,21,30,126745,58288,115902,57289,0.4598840190934554,0.05916061913219995,30,1942.9333333333334
1606829,8104,16201,16,Quirihue,-72.542302,-36.281304,1,30.0,30.0,casa,CL.SFH.preRT.adobe.E,E,1939,1.6,lena,2,38fdee8f4768b2a61c3028b8387bb265,22,30,126745,58288,115902,57289,0.4598840190934554,0.05916061913219995,30,1942.9333333333334
1640616,8116,16109,16,Yungay,-72.00917,-37.127013,1,50.0,50.0,casa,CL.SFH.RT1.lad.F,F,2005,2.1944444444444446,lena,2,5867e24e4803fca9934ffcf1512f239c,23,30,126745,58288,115902,57289,0.4598840190934554,0.05916061913219995,30,1942.9333333333334
1646533,8120,16203,16,Coelemu,-72.718345,-36.503619,1,70.0,70.0,casa,CL.SFH.RT2.mad.E,E,2012,4.545454545454546,lena,2,5939e93c6bcf2f07c7dbe2e3b004593d,24,30,126745,58288,115902,57289,0.4598840190934554,0.05916061913219995,30,1942.9333333333334
1652365,8121,16103,16,Chillán Viejo,-72.137224,-36.629389,1,60.0,60.0,casa,CL.SFH.preRT.lad.F,F,1996,2.433333333333333,lena,2,5952219797b012bb3b1f0329a5abf123,25,30,126745,58288,115902,57289,0.4598840190934554,0.05916061913219995,30,1942.9333333333334
1561572,8101,16101,16,Chillán,-72.087549,-36.620561,1,68.0,68.0,casa,CL.SFH.preRT.mad.F,F,1981,1.608695652173913,lena,2,5fa3dd9e5e1f6d0d59da864f4e796d3b,26,30,126745,58288,115902,57289,0.4598840190934554,0.05916061913219995,30,1942.9333333333334
1643750,8117,16105,16,Pemuco,-72.100849,-36.973946,1,48.0,48.0,casa,CL.SFH.preRT.mad.F,F,1972,2.761904761904762,lena,2,6208870a6b1c56193de5877be5fc1b6a,27,30,126745,58288,115902,57289,0.4598840190934554,0.05916061913219995,30,1942.9333333333334
1626001,8110,16303,16,Ñiquén,-71.815199,-36.281299,1,31.0,31.0,casa,CL.SFH.preRT.lad.F,F,1994,2.176470588235294,lena,2,82ad4a58e0e1a3c409a0cc95c7eaffe1,28,30,126745,58288,115902,57289,0.4598840190934554,0.05916061913219995,30,1942.9333333333334
1611050,8107,16202,16,Cobquecura,-72.776262,-36.015091,1,129.0,129.0,casa,CL.SFH.CEV.mad.E,E,2018,29.0,lena,2,831e4591b312eadbd2ebb9b715c1d4d8,29,30,126745,58288,115902,57289,0.4598840190934554,0.05916061913219995,30,1942.9333333333334
1621877,8109,16301,16,San Carlos,-71.975111,-36.418161,1,84.0,84.0,casa,CL.SFH.preRT.lad.F,F,1998,2.5681818181818183,lena,2,8a462187acb6d02ad08868832dee248f,30,30,126745,58288,115902,57289,0.4598840190934554,0.05916061913219995,30,1942.9333333333334
