edificio_id,regional_sample_rank,codigo_region,region,codigo_comuna,tmy_commune_id,nombre_comuna,year,episcope_archetype,area_promedio_inmueble_m2,n_inmuebles,total_inmuebles_regional,wood_inmuebles_regional,wood_share_regional,sampling_weight_wood_inmuebles,sample_expansion_weight,requested_samples_region,n_pers_edificio,heating_demand_kwh,heating_demand_kwh_m2,scenario,efficiency,target_fuel_energy_kwh,assigned_useful_energy_kwh,assigned_fuel_energy_kwh,unallocated_fuel_energy_kwh,unmet_heating_energy_kwh,wood_mass_kg,wood_volume_solid_m3,wood_volume_stere,scenario_source,useful_coverage_target,redpe_case,redpe_target_m3st,weather_rows,building_year,building_type,material,thermal_zone,model_persons,model_area_m2,climate_severity_adjustment,hdd_base_c,hdd_regional,hdd_reference_region,hdd_reference_c,hdd_ratio_to_reference,wall_u_multiplier,window_u_multiplier,infiltration_multiplier
99748,1,1,Tarapaca,1211,1107,Alto Hospicio,2024,CL.SFH.CEV.lad.A,46.0,1,89793,166,0.0018486964462708674,0.0001684851560517635,16.6,10,4.261682242990654,2769.8789442975335,60.21475965864203,coverage_mid,0.5,4154.8184164463,2077.40920822315,4154.8184164463,0.0,692.4697360743835,997.156419947112,1.4245091713530171,2.2257955802390894,coverage_sensitivity,0.75,,,8784,2018,SFH,lad,A,4,46.0,False,12.0,,9,,,1.0,1.0,1.0
64898,2,1,Tarapaca,1201,1101,Iquique,2024,CL.SFH.preRT.lad.A,36.0,1,89793,166,0.0018486964462708674,0.0001684851560517635,16.6,10,5.48,4582.974484410004,127.30484678916679,coverage_mid,0.5,6874.461726615006,3437.2308633075027,6874.461726615005,9.094947017729282e-13,1145.743621102502,1649.8708143876015,2.356958306268002,3.6827473535437534,coverage_sensitivity,0.75,,,8784,1990,SFH,lad,A,5,36.0,False,12.0,,9,,,1.0,1.0,1.0
80892,3,1,Tarapaca,1206,1404,Huara,2024,CL.SFH.post2021.lad.A,31.0,1,89793,166,0.0018486964462708674,0.0001684851560517635,16.6,10,1.4166666666666667,6728.32345371888,217.04269205544773,coverage_mid,0.5,10092.48518057832,5046.242590289159,10092.485180578318,1.8189894035458565e-12,1682.0808634297207,2422.1964433387966,3.460280633341138,5.406688489595528,coverage_sensitivity,0.75,,,8784,2022,SFH,lad,A,1,31.0,False,12.0,,9,,,1.0,1.0,1.0
81216,4,1,Tarapaca,1210,1403,Colchane,2024,CL.SFH.preRT.adobe.H,48.0,1,89793,166,0.0018486964462708674,0.0001684851560517635,16.6,10,1.058252427184466,8860.51775235224,184.59411984067165,coverage_mid,0.5,13290.77662852836,6645.38831426418,13290.77662852836,0.0,2215.12943808806,3189.786390846806,4.556837701209723,7.120058908140192,coverage_sensitivity,0.75,,,8784,1990,SFH,adobe,H,1,48.0,False,12.0,,9,,,1.0,1.0,1.0
81066,5,1,Tarapaca,1208,1402,Camiña,2024,CL.SFH.preRT.adobe.B,47.0,1,89793,166,0.0018486964462708674,0.0001684851560517635,16.6,10,1.8181818181818181,3007.534117499057,63.99008760636292,coverage_mid,0.5,4511.301176248586,2255.6505881242924,4511.301176248585,9.094947017729282e-13,751.8835293747642,1082.7122822996603,1.5467318318566576,2.4167684872760273,coverage_sensitivity,0.75,,,8784,1990,SFH,adobe,B,2,47.0,False,12.0,,9,,,1.0,1.0,1.0
77089,6,1,Tarapaca,1204,1401,Pozo Almonte,2024,CL.SFH.preRT.mad.B,107.0,1,89793,166,0.0018486964462708674,0.0001684851560517635,16.6,10,0.22580645161290322,418.9937611442746,3.9158295434044352,coverage_mid,0.5,628.4906417164118,314.2453208582059,628.4906417164118,0.0,104.74844028606877,150.8377540119388,0.21548250573134117,0.33669141520522056,coverage_sensitivity,0.75,,,8784,1990,SFH,mad,B,1,107.0,False,12.0,,9,,,1.0,1.0,1.0
81218,7,1,Tarapaca,1210,1403,Colchane,2024,CL.SFH.preRT.adobe.H,48.0,1,89793,166,0.0018486964462708674,0.0001684851560517635,16.6,10,1.058252427184466,8860.51834199115,184.59413212481562,coverage_mid,0.5,13290.777512986726,6645.388756493365,13290.77751298673,0.0,2215.1295854977852,3189.786603116815,4.556838004452593,7.1200593819571765,coverage_sensitivity,0.75,,,8784,1990,SFH,adobe,H,1,48.0,False,12.0,,9,,,1.0,1.0,1.0
85499,8,1,Tarapaca,1211,1107,Alto Hospicio,2024,CL.SFH.RT2.mad.A,40.0,1,89793,166,0.0018486964462708674,0.0001684851560517635,16.6,10,3.5652173913043477,1609.7415804336867,40.24353951084217,coverage_mid,0.5,2414.61237065053,1207.306185325265,2414.61237065053,0.0,402.4353951084218,579.5069689561273,0.8278670985087532,1.2935423414199267,coverage_sensitivity,0.75,,,8784,2011,SFH,mad,A,4,40.0,False,12.0,,9,,,1.0,1.0,1.0
81033,9,1,Tarapaca,1208,1402,Camiña,2024,CL.SFH.RT2.lad.B,46.0,1,89793,166,0.0018486964462708674,0.0001684851560517635,16.6,10,1.625,1904.7509972603957,41.40763037522599,coverage_mid,0.5,2857.1264958905936,1428.5632479452966,2857.126495890593,4.547473508864641e-13,476.1877493150989,685.7103590137424,0.9795862271624891,1.5306034799413892,coverage_sensitivity,0.75,,,8784,2011,SFH,lad,B,2,46.0,False,12.0,,9,,,1.0,1.0,1.0
80370,10,1,Tarapaca,1206,1404,Huara,2024,CL.SFH.RT1.mad.B,64.0,1,89793,166,0.0018486964462708674,0.0001684851560517635,16.6,10,6.666666666666667,3982.0819950745813,62.22003117304033,coverage_mid,0.5,5973.122992611872,2986.5614963059365,5973.122992611873,0.0,995.5204987686449,1433.5495182268496,2.0479278831812135,3.199887317470646,coverage_sensitivity,0.75,,,8784,2003,SFH,mad,B,7,64.0,False,12.0,,9,,,1.0,1.0,1.0
111131,1,2,Antofagasta,2103,2302,María Elena,2024,CL.SFH.preRT.mad.B,112.0,1,175972,970,0.00551224058372923,0.0009845216950012687,97.0,10,2.739130434782609,222.55400912550186,1.987089367191981,coverage_mid,0.5,333.8310136882528,166.9155068441264,333.8310136882528,0.0,55.638502281375445,80.11944328518068,0.11445634755025812,0.1788380430472783,coverage_sensitivity,0.75,,,8784,1990,SFH,mad,B,3,112.0,False,12.0,,9,,,1.0,1.0,1.0
182396,2,2,Antofagasta,2206,2103,Sierra Gorda,2024,CL.SFH.RT1.lad.B,36.0,1,175972,970,0.00551224058372923,0.0009845216950012687,97.0,10,4.8,1234.282537536184,34.28562604267178,coverage_mid,0.5,1851.423806304276,925.711903152138,1851.423806304276,0.0,308.570634384046,444.34171351302626,0.6347738764471804,0.9918341819487194,coverage_sensitivity,0.75,,,8784,2003,SFH,lad,B,5,36.0,False,12.0,,9,,,1.0,1.0,1.0
222578,3,2,Antofagasta,2302,2202,Ollagüe,2024,CL.SFH.preRT.adobe.H,180.0,1,175972,970,0.00551224058372923,0.0009845216950012687,97.0,10,3.640625,18383.581167014596,102.13100648341442,coverage_mid,0.5,27575.371750521896,13787.685875260948,27575.371750521896,0.0,4595.895291753652,6618.089220125255,9.454413171607507,14.77252058063673,coverage_sensitivity,0.75,,,8784,1990,SFH,adobe,H,4,180.0,False,12.0,,9,,,1.0,1.0,1.0
222961,4,2,Antofagasta,2303,2203,San Pedro de Atacama,2024,CL.SFH.CEV.lad.B,150.0,1,175972,970,0.00551224058372923,0.0009845216950012687,97.0,10,1.625,11966.481408558298,79.77654272372199,coverage_mid,0.5,17949.722112837448,8974.861056418724,17949.722112837448,0.0,2991.620352139573,4307.933307080987,6.154190438687125,9.615922560448633,coverage_sensitivity,0.75,,,8784,2018,SFH,lad,B,2,150.0,False,12.0,,9,,,1.0,1.0,1.0
176691,5,2,Antofagasta,2202,2104,Taltal,2024,CL.SFH.preRT.mad.A,55.0,1,175972,970,0.00551224058372923,0.0009845216950012687,97.0,10,3.0285714285714285,2068.7115659267683,37.61293756230488,coverage_mid,0.5,3103.0673488901525,1551.533674445076,3103.067348890152,4.547473508864641e-13,517.1778914816921,744.7361637336365,1.0639088053337664,1.66235750833401,coverage_sensitivity,0.75,,,8784,1990,SFH,mad,A,3,55.0,False,12.0,,9,,,1.0,1.0,1.0
107805,6,2,Antofagasta,2101,2301,Tocopilla,2024,CL.SFH.preRT.mad.A,45.0,1,175972,970,0.00551224058372923,0.0009845216950012687,97.0,10,1.6363636363636365,820.2786263942659,18.228413919872576,coverage_mid,0.5,1230.4179395913989,615.2089697956995,1230.417939591399,0.0,205.06965659856635,295.30030550193584,0.4218575792884798,0.6591524676382496,coverage_sensitivity,0.75,,,8784,1990,SFH,mad,A,2,45.0,False,12.0,,9,,,1.0,1.0,1.0
182290,7,2,Antofagasta,2203,2102,Mejillones,2024,CL.SFH.RT1.mad.A,24.0,1,175972,970,0.00551224058372923,0.0009845216950012687,97.0,10,1.9852941176470589,3423.7251404398467,142.6552141849936,coverage_mid,0.5,5135.58771065977,2567.7938553298845,5135.587710659769,9.094947017729282e-13,855.9312851099617,1232.5410505583448,1.760772929369064,2.7512077021391623,coverage_sensitivity,0.75,,,8784,2003,SFH,mad,A,2,24.0,False,12.0,,9,,,1.0,1.0,1.0
175950,8,2,Antofagasta,2201,2101,Antofagasta,2024,CL.SFH.RT1.lad.A,54.0,1,175972,970,0.00551224058372923,0.0009845216950012687,97.0,10,0.7609561752988048,10313.503831135127,190.99081168768754,coverage_mid,0.5,15470.25574670269,7735.127873351345,15470.25574670269,0.0,2578.375957783782,3712.8613792086458,5.30408768458378,8.287637007162155,coverage_sensitivity,0.75,,,8784,2003,SFH,lad,A,1,54.0,False,12.0,,9,,,1.0,1.0,1.0
199560,9,2,Antofagasta,2301,2201,Calama,2024,CL.SFH.RT2.lad.B,79.0,1,175972,970,0.00551224058372923,0.0009845216950012687,97.0,10,2.2549019607843137,9405.369444375818,119.0553094224787,coverage_mid,0.5,14108.054166563727,7054.027083281864,14108.054166563728,0.0,2351.342361093951,3385.932999975295,4.8370471428218496,7.55788616065914,coverage_sensitivity,0.75,,,8784,2011,SFH,lad,B,2,79.0,False,12.0,,9,,,1.0,1.0,1.0
119818,10,2,Antofagasta,2201,2101,Antofagasta,2024,CL.SFH.RT1.lad.A,199.0,1,175972,970,0.00551224058372923,0.0009845216950012687,97.0,10,2.097560975609756,31735.24689161984,159.47360247045145,coverage_mid,0.5,47602.87033742976,23801.43516871488,47602.87033742976,0.0,7933.811722904963,11424.688880983142,16.3209841156902,25.50153768076594,coverage_sensitivity,0.75,,,8784,2003,SFH,lad,A,2,199.0,False,12.0,,9,,,1.0,1.0,1.0
307529,1,3,Atacama,3304,3302,Alto del Carmen,2024,CL.SFH.CEV.mad.B,13.0,1,93940,1342,0.014285714285714285,0.0013620908398883531,134.2,10,4.230769230769231,5957.464860747752,458.2665277498271,coverage_mid,0.5,8936.197291121629,4468.0986455608145,8936.197291121629,0.0,1489.3662151869376,2144.687349869191,3.0638390712417016,4.787248548815159,coverage_sensitivity,0.75,,,8784,2018,SFH,mad,B,4,13.0,False,12.0,,9,,,1.0,1.0,1.0
306390,2,3,Atacama,3303,3304,Huasco,2024,CL.SFH.preRT.mad.A,39.0,1,93940,1342,0.014285714285714285,0.0013620908398883531,134.2,10,1.7333333333333334,1647.266332298771,42.23759826407105,coverage_mid,0.5,2470.8994984481565,1235.4497492240785,2470.899498448157,0.0,411.81658307469274,593.0158796275576,0.8471655423250823,1.323696159882941,coverage_sensitivity,0.75,,,8784,1990,SFH,mad,A,2,39.0,False,12.0,,9,,,1.0,1.0,1.0
278371,3,3,Atacama,3202,3102,Caldera,2024,CL.SFH.preRT.lad.A,77.0,1,93940,1342,0.014285714285714285,0.0013620908398883531,134.2,10,1.8095238095238095,10789.124532874966,140.1185004269476,coverage_mid,0.5,16183.68679931245,8091.843399656225,16183.68679931245,0.0,2697.2811332187393,3884.084831834988,5.548692616907126,8.669832213917385,coverage_sensitivity,0.75,,,8784,1990,SFH,lad,A,2,77.0,False,12.0,,9,,,1.0,1.0,1.0
230168,4,3,Atacama,3102,3202,Diego de Almagro,2024,CL.SFH.RT2.lad.B,96.0,1,93940,1342,0.014285714285714285,0.0013620908398883531,134.2,10,2.0555555555555554,18206.80034462297,189.65417025648927,coverage_mid,0.5,27310.200516934456,13655.100258467228,27310.200516934456,0.0,4551.700086155743,6554.448124064269,9.363497320091813,14.630464562643457,coverage_sensitivity,0.75,,,8784,2011,SFH,lad,B,2,96.0,False,12.0,,9,,,1.0,1.0,1.0
283642,5,3,Atacama,3203,3103,Tierra Amarilla,2024,CL.SFH.preRT.mad.B,68.0,1,93940,1342,0.014285714285714285,0.0013620908398883531,134.2,10,2.7432432432432434,14034.041384518876,206.3829615370423,coverage_mid,0.5,21051.062076778315,10525.531038389157,21051.062076778315,0.0,3508.5103461297203,5052.254898426795,7.217506997752564,11.277354683988381,coverage_sensitivity,0.75,,,8784,1990,SFH,mad,B,3,68.0,False,12.0,,9,,,1.0,1.0,1.0
301258,6,3,Atacama,3302,3303,Freirina,2024,CL.SFH.preRT.mad.A,98.0,1,93940,1342,0.014285714285714285,0.0013620908398883531,134.2,10,5.714285714285714,2561.606851605823,26.138845424549213,coverage_mid,0.5,3842.4102774087346,1921.2051387043675,3842.410277408735,0.0,640.4017129014553,922.1784665780964,1.3173978093972805,2.0584340771832506,coverage_sensitivity,0.75,,,8784,1990,SFH,mad,A,6,98.0,False,12.0,,9,,,1.0,1.0,1.0
225693,7,3,Atacama,3101,3201,Chañaral,2024,CL.SFH.preRT.lad.A,80.0,1,93940,1342,0.014285714285714285,0.0013620908398883531,134.2,10,1.6153846153846154,8851.03879676358,110.63798495954475,coverage_mid,0.5,13276.55819514537,6638.279097572686,13276.558195145371,0.0,2212.759699190895,3186.373966834889,4.551962809764127,7.112441890256449,coverage_sensitivity,0.75,,,8784,1990,SFH,lad,A,2,80.0,False,12.0,,9,,,1.0,1.0,1.0
268193,8,3,Atacama,3201,3101,Copiapó,2024,CL.SFH.preRT.adobe.B,88.0,1,93940,1342,0.014285714285714285,0.0013620908398883531,134.2,10,3.75,5321.589267468928,60.472605312146904,coverage_mid,0.5,7982.383901203391,3991.191950601695,7982.38390120339,9.094947017729282e-13,1330.397316867232,1915.7721362888137,2.7368173375554483,4.276277089930388,coverage_sensitivity,0.75,,,8784,1990,SFH,adobe,B,4,88.0,False,12.0,,9,,,1.0,1.0,1.0
285063,9,3,Atacama,3301,3301,Vallenar,2024,CL.SFH.preRT.mad.B,54.0,1,93940,1342,0.014285714285714285,0.0013620908398883531,134.2,10,1.5833333333333333,2507.5052479713604,46.43528236984001,coverage_mid,0.5,3761.2578719570406,1880.62893597852,3761.25787195704,4.547473508864641e-13,626.8763119928401,902.7018892696896,1.2895741275281278,2.0149595742627,coverage_sensitivity,0.75,,,8784,1990,SFH,mad,B,2,54.0,False,12.0,,9,,,1.0,1.0,1.0
263945,10,3,Atacama,3201,3101,Copiapó,2024,CL.SFH.preRT.lad.B,53.0,1,93940,1342,0.014285714285714285,0.0013620908398883531,134.2,10,2.2115384615384617,4246.905492138016,80.13029230449087,coverage_mid,0.5,6370.3582382070235,3185.1791191035113,6370.358238207023,9.094947017729282e-13,1061.7263730345041,1528.8859771696855,2.184122824528122,3.4126919133251907,coverage_sensitivity,0.75,,,8784,1990,SFH,lad,B,2,53.0,False,12.0,,9,,,1.0,1.0,1.0
529140,1,4,Coquimbo,4304,4202,Canela,2024,CL.SFH.RT2.lad.C,53.0,1,274131,14348,0.052339939663883325,0.014562801319462065,956.5333333333333,15,3.8852459016393444,6285.901690791,118.60191869416981,coverage_mid,0.5,9428.8525361865,4714.42626809325,9428.8525361865,0.0,1571.4754226977514,2262.92460868476,3.2327494409782287,5.051171001528482,coverage_sensitivity,0.75,,,8784,2011,SFH,lad,C,4,53.0,False,12.0,,9,,,1.0,1.0,1.0
314715,2,4,Coquimbo,4101,4101,La Serena,2024,CL.SFH.RT1.lad.C,81.0,1,274131,14348,0.052339939663883325,0.014562801319462065,956.5333333333333,15,3.230769230769231,3836.8747114031253,47.368823597569445,coverage_mid,0.5,5755.312067104688,2877.656033552344,5755.312067104688,0.0,959.2186778507808,1381.2748961051252,1.9732498515787502,3.083202893091797,coverage_sensitivity,0.75,,,8784,2003,SFH,lad,C,3,81.0,False,12.0,,9,,,1.0,1.0,1.0
500971,3,4,Coquimbo,4204,4304,Punitaqui,2024,CL.SFH.preRT.lad.B,38.0,1,274131,14348,0.052339939663883325,0.014562801319462065,956.5333333333333,15,3.176470588235294,4266.517351844234,112.27677241695353,coverage_mid,0.5,6399.776027766351,3199.8880138831755,6399.776027766351,0.0,1066.6293379610588,1535.9462466639243,2.194208923805606,3.428451443446259,coverage_sensitivity,0.75,,,8784,1990,SFH,lad,B,3,38.0,False,12.0,,9,,,1.0,1.0,1.0
506350,4,4,Coquimbo,4205,4302,Combarbalá,2024,CL.SFH.RT1.lad.B,36.0,1,274131,14348,0.052339939663883325,0.014562801319462065,956.5333333333333,15,3.966666666666667,2721.3303067831794,75.59250852175498,coverage_mid,0.5,4081.995460174769,2040.9977300873848,4081.9954601747695,0.0,680.3325766957948,979.6789104419447,1.3995413006313495,2.1867832822364837,coverage_sensitivity,0.75,,,8784,2003,SFH,lad,B,4,36.0,False,12.0,,9,,,1.0,1.0,1.0
456326,5,4,Coquimbo,4106,4105,Paiguano,2024,CL.SFH.preRT.mad.B,103.0,1,274131,14348,0.052339939663883325,0.014562801319462065,956.5333333333333,15,2.4461538461538463,23823.671791509474,231.29778438358713,coverage_mid,0.5,35735.50768726421,17867.7538436321,35735.5076872642,7.275957614183426e-12,5955.917947877374,8576.521844943409,12.252174064204869,19.144021975320108,coverage_sensitivity,0.75,,,8784,1990,SFH,mad,B,2,103.0,False,12.0,,9,,,1.0,1.0,1.0
508082,6,4,Coquimbo,4301,4201,Illapel,2024,CL.SFH.preRT.mad.B,40.0,1,274131,14348,0.052339939663883325,0.014562801319462065,956.5333333333333,15,8.55,3976.251291596532,99.4062822899133,coverage_mid,0.5,5964.376937394798,2982.188468697399,5964.376937394798,0.0,994.0628228991336,1431.4504649747514,2.0449292356782163,3.195201930747213,coverage_sensitivity,0.75,,,8784,1990,SFH,mad,B,8,40.0,False,12.0,,9,,,1.0,1.0,1.0
448972,7,4,Coquimbo,4105,4106,Vicuña,2024,CL.SFH.preRT.lad.B,42.0,1,274131,14348,0.052339939663883325,0.014562801319462065,956.5333333333333,15,2.4523809523809526,12102.355744151642,288.15132724170576,coverage_mid,0.5,18153.53361622746,9076.766808113729,18153.533616227458,3.637978807091713e-12,3025.588936037915,4356.84806789459,6.224068668420842,9.725107294407566,coverage_sensitivity,0.75,,,8784,1990,SFH,lad,B,2,42.0,False,12.0,,9,,,1.0,1.0,1.0
507119,8,4,Coquimbo,4206,4305,Río Hurtado,2024,CL.SFH.post2021.mad.B,97.0,1,274131,14348,0.052339939663883325,0.014562801319462065,956.5333333333333,15,1.5714285714285714,10204.620279630235,105.20227092402304,coverage_mid,0.5,15306.930419445353,7653.465209722676,15306.930419445353,0.0,2551.1550699075588,3673.663300666885,5.2480904295241215,8.20014129613144,coverage_sensitivity,0.75,,,8784,2022,SFH,mad,B,2,97.0,False,12.0,,9,,,1.0,1.0,1.0
517329,9,4,Coquimbo,4302,4204,Salamanca,2024,CL.SFH.preRT.mad.B,36.0,1,274131,14348,0.052339939663883325,0.014562801319462065,956.5333333333333,15,3.5,5769.939365362588,160.27609348229413,coverage_mid,0.5,8654.909048043883,4327.454524021942,8654.909048043884,0.0,1442.4848413406453,2077.1781715305324,2.9673973879007605,4.636558418594938,coverage_sensitivity,0.75,,,8784,1990,SFH,mad,B,4,36.0,False,12.0,,9,,,1.0,1.0,1.0
490602,10,4,Coquimbo,4203,4303,Monte Patria,2024,CL.SFH.RT1.mad.B,40.0,1,274131,14348,0.052339939663883325,0.014562801319462065,956.5333333333333,15,1.5633802816901408,6252.290970101319,156.30727425253298,coverage_mid,0.5,9378.436455151977,4689.218227575988,9378.436455151976,1.8189894035458565e-12,1563.0727425253306,2250.8247492364744,3.2154639274806778,5.024162386688559,coverage_sensitivity,0.75,,,8784,2003,SFH,mad,B,2,40.0,False,12.0,,9,,,1.0,1.0,1.0
387335,11,4,Coquimbo,4103,4102,Coquimbo,2024,CL.SFH.RT1.lad.C,63.0,1,274131,14348,0.052339939663883325,0.014562801319462065,956.5333333333333,15,3.074380165289256,3523.4334280239977,55.92751473053965,coverage_mid,0.5,5285.150142035996,2642.5750710179987,5285.150142035997,0.0,880.858357005999,1268.4360340886392,1.8120514772694845,2.8313304332335694,coverage_sensitivity,0.75,,,8784,2003,SFH,lad,C,3,63.0,False,12.0,,9,,,1.0,1.0,1.0
522075,12,4,Coquimbo,4303,4203,Los Vilos,2024,CL.SFH.RT2.lad.C,41.0,1,274131,14348,0.052339939663883325,0.014562801319462065,956.5333333333333,15,2.427536231884058,6256.601473572888,152.60003594080214,coverage_mid,0.5,9384.90221035933,4692.451105179665,9384.90221035933,0.0,1564.1503683932224,2252.3765304862395,3.217680757837485,5.02762618412107,coverage_sensitivity,0.75,,,8784,2011,SFH,lad,C,2,41.0,False,12.0,,9,,,1.0,1.0,1.0
372540,13,4,Coquimbo,4102,4104,La Higuera,2024,CL.SFH.preRT.mad.C,42.0,1,274131,14348,0.052339939663883325,0.014562801319462065,956.5333333333333,15,1.3333333333333333,2896.210097377753,68.95738327089887,coverage_mid,0.5,4344.3151460666295,2172.1575730333147,4344.3151460666295,0.0,724.052524344438,1042.635635055991,1.4894794786514158,2.327311685392837,coverage_sensitivity,0.75,,,8784,1990,SFH,mad,C,1,42.0,False,12.0,,9,,,1.0,1.0,1.0
457381,14,4,Coquimbo,4201,4301,Ovalle,2024,CL.SFH.post2021.lad.C,51.0,1,274131,14348,0.052339939663883325,0.014562801319462065,956.5333333333333,15,10.7,2729.881495416465,53.52708814542088,coverage_mid,0.5,4094.8222431246977,2047.411121562349,4094.822243124698,0.0,682.4703738541157,982.7573383499275,1.4039390547856108,2.1936547731025167,coverage_sensitivity,0.75,,,8784,2022,SFH,lad,C,8,51.0,False,12.0,,9,,,1.0,1.0,1.0
447428,15,4,Coquimbo,4104,4103,Andacollo,2024,CL.SFH.preRT.mad.B,30.0,1,274131,14348,0.052339939663883325,0.014562801319462065,956.5333333333333,15,4.285714285714286,1945.3915408262274,64.84638469420757,coverage_mid,0.5,2918.087311239341,1459.0436556196705,2918.087311239341,0.0,486.3478852065569,700.3409546974418,1.0004870781392026,1.563261059592504,coverage_sensitivity,0.75,,,8784,1990,SFH,mad,B,4,30.0,False,12.0,,9,,,1.0,1.0,1.0
861373,1,5,Valparaiso,5502,5506,Nogales,2024,CL.SFH.preRT.lad.D,71.0,1,645498,79282,0.12282299867699048,0.08046891651865008,2142.7567567567567,37,4.096774193548387,3427.5724150199885,48.275667817182935,coverage_mid,0.5,5141.358622529982,2570.679311264991,5141.358622529982,0.0,856.8931037549974,1233.9260694071959,1.7627515277245656,2.7542992620696336,coverage_sensitivity,0.75,,,8784,1990,SFH,lad,D,4,71.0,False,12.0,,9,,,1.0,1.0,1.0
605645,2,5,Valparaiso,5302,5109,Viña del Mar,2024,CL.SFH.RT2.mad.C,36.0,1,645498,79282,0.12282299867699048,0.08046891651865008,2142.7567567567567,37,3.27027027027027,3952.690663950787,109.79696288752186,coverage_mid,0.5,5929.0359959261805,2964.5179979630902,5929.0359959261805,0.0,988.1726659876964,1422.9686390222835,2.032812341460405,3.176269283531883,coverage_sensitivity,0.75,,,8784,2011,SFH,mad,C,3,36.0,False,12.0,,9,,,1.0,1.0,1.0
925897,3,5,Valparaiso,5603,5702,Catemu,2024,CL.SFH.preRT.lad.D,32.0,1,645498,79282,0.12282299867699048,0.08046891651865008,2142.7567567567567,37,2.017543859649123,2507.608444778625,78.36276389933204,coverage_mid,0.5,3761.412667167938,1880.706333583969,3761.412667167938,0.0,626.9021111946563,902.739040120305,1.2896272001718643,2.015042500268538,coverage_sensitivity,0.75,,,8784,1990,SFH,lad,D,2,32.0,False,12.0,,9,,,1.0,1.0,1.0
945407,4,5,Valparaiso,5701,5301,Los Andes,2024,CL.SFH.RT1.hor.D,61.0,1,645498,79282,0.12282299867699048,0.08046891651865008,2142.7567567567567,37,2.0,18528.312543201806,303.7428285770788,coverage_mid,0.5,27792.46881480271,13896.234407401354,27792.46881480271,0.0,4632.0781358004515,6670.192515552651,9.528846450789501,14.888822579358596,coverage_sensitivity,0.75,,,8784,2003,SFH,hor,D,2,61.0,False,12.0,,9,,,1.0,1.0,1.0
548301,5,5,Valparaiso,5205,5403,Papudo,2024,CL.SFH.preRT.mad.C,70.0,1,645498,79282,0.12282299867699048,0.08046891651865008,2142.7567567567567,37,1.7777777777777777,6144.426850964559,87.77752644235085,coverage_mid,0.5,9216.640276446838,4608.320138223419,9216.640276446838,0.0,1536.1067127411397,2211.9936663472413,3.1599909519246303,4.937485862382235,coverage_sensitivity,0.75,,,8784,1990,SFH,mad,C,2,70.0,False,12.0,,9,,,1.0,1.0,1.0
582151,6,5,Valparaiso,5301,5101,Valparaíso,2024,CL.SFH.preRT.lad.C,157.0,1,645498,79282,0.12282299867699048,0.08046891651865008,2142.7567567567567,37,3.210526315789474,19824.378060980576,126.2699239552903,coverage_mid,0.5,29736.567091470864,14868.283545735434,29736.567091470868,0.0,4956.094515245144,7136.776101953009,10.195394431361441,15.930303799002251,coverage_sensitivity,0.75,,,8784,1990,SFH,lad,C,3,157.0,False,12.0,,9,,,1.0,1.0,1.0
941364,7,5,Valparaiso,5606,5703,Llaillay,2024,CL.SFH.preRT.lad.D,32.0,1,645498,79282,0.12282299867699048,0.08046891651865008,2142.7567567567567,37,2.883720930232558,2077.5633240169436,64.92385387552949,coverage_mid,0.5,3116.3449860254154,1558.1724930127077,3116.3449860254154,0.0,519.3908310042359,747.9227966460998,1.0684611380658569,1.6694705282279012,coverage_sensitivity,0.75,,,8784,1990,SFH,lad,D,3,32.0,False,12.0,,9,,,1.0,1.0,1.0
863656,8,5,Valparaiso,5503,5503,Hijuelas,2024,CL.SFH.preRT.mad.D,60.0,1,645498,79282,0.12282299867699048,0.08046891651865008,2142.7567567567567,37,11.538461538461538,2774.817485796856,46.24695809661427,coverage_mid,0.5,4162.226228695285,2081.1131143476423,4162.226228695285,0.0,693.7043714492138,998.9342948868683,1.427048992695526,2.2297640510867596,coverage_sensitivity,0.75,,,8784,1990,SFH,mad,D,8,60.0,False,12.0,,9,,,1.0,1.0,1.0
776821,9,5,Valparaiso,5401,5601,San Antonio,2024,CL.SFH.preRT.lad.C,99.0,1,645498,79282,0.12282299867699048,0.08046891651865008,2142.7567567567567,37,4.214285714285714,12805.57382946578,129.34923060066444,coverage_mid,0.5,19208.36074419867,9604.180372099336,19208.36074419867,0.0,3201.393457366443,4610.006578607682,6.58572368372526,10.29019325582072,coverage_sensitivity,0.75,,,8784,1990,SFH,lad,C,4,99.0,False,12.0,,9,,,1.0,1.0,1.0
970586,10,5,Valparaiso,5704,5303,Rinconada,2024,CL.SFH.RT2.lad.D,42.0,1,645498,79282,0.12282299867699048,0.08046891651865008,2142.7567567567567,37,2.591304347826087,3238.529971464786,77.10785646344728,coverage_mid,0.5,4857.7949571971785,2428.8974785985893,4857.7949571971785,0.0,809.6324928661961,1165.870789727323,1.6655296996104614,2.602390155641346,coverage_sensitivity,0.75,,,8784,2011,SFH,lad,D,3,42.0,False,12.0,,9,,,1.0,1.0,1.0
529267,11,5,Valparaiso,5101,5201,Isla de Pascua,2024,CL.SFH.preRT.mad.A,100.0,1,645498,79282,0.12282299867699048,0.08046891651865008,2142.7567567567567,37,9.115384615384615,6875.676530177975,68.75676530177975,coverage_mid,0.5,10313.514795266963,5156.757397633482,10313.514795266963,0.0,1718.9191325444936,2475.243550864071,3.5360622155201016,5.525097211750158,coverage_sensitivity,0.75,,,8784,1990,SFH,mad,A,8,100.0,False,12.0,,9,,,1.0,1.0,1.0
729118,12,5,Valparaiso,5304,5801,Quilpué,2024,CL.SFH.CEV.lad.D,231.0,1,645498,79282,0.12282299867699048,0.08046891651865008,2142.7567567567567,37,2.5833333333333335,7356.509562621152,31.846361742948712,coverage_mid,0.5,11034.764343931729,5517.3821719658645,11034.764343931729,0.0,1839.1273906552888,2648.343442543615,3.783347775062307,5.911480898534855,coverage_sensitivity,0.75,,,8784,2018,SFH,lad,D,3,231.0,False,12.0,,9,,,1.0,1.0,1.0
762576,13,5,Valparaiso,5309,5103,Concón,2024,CL.SFH.preRT.mad.C,81.0,1,645498,79282,0.12282299867699048,0.08046891651865008,2142.7567567567567,37,3.8333333333333335,8321.29403317085,102.7320251008747,coverage_mid,0.5,12481.941049756275,6240.9705248781365,12481.941049756273,1.8189894035458565e-12,2080.3235082927145,2995.6658519415055,4.279522645630722,6.686754133798003,coverage_sensitivity,0.75,,,8784,1990,SFH,mad,C,4,81.0,False,12.0,,9,,,1.0,1.0,1.0
874745,14,5,Valparaiso,5504,5502,Calera,2024,CL.SFH.preRT.lad.D,42.0,1,645498,79282,0.12282299867699048,0.08046891651865008,2142.7567567567567,37,5.786666666666667,1510.6478036580688,35.96780484900164,coverage_mid,0.5,2265.9717054871035,1132.9858527435517,2265.9717054871035,0.0,377.6619509145173,543.8332093169049,0.7769045847384356,1.2139134136538057,coverage_sensitivity,0.75,,,8784,1990,SFH,lad,D,6,42.0,False,12.0,,9,,,1.0,1.0,1.0
532788,15,5,Valparaiso,5201,5401,La Ligua,2024,CL.SFH.preRT.lad.D,84.0,1,645498,79282,0.12282299867699048,0.08046891651865008,2142.7567567567567,37,1.2,3544.7001727458774,42.19881158030806,coverage_mid,0.5,5317.050259118816,2658.525129559408,5317.050259118816,0.0,886.1750431864693,1276.092062188516,1.8229886602693084,2.848419781670794,coverage_sensitivity,0.75,,,8784,1990,SFH,lad,D,1,84.0,False,12.0,,9,,,1.0,1.0,1.0
826851,16,5,Valparaiso,5406,5602,Algarrobo,2024,CL.SFH.preRT.mad.C,33.0,1,645498,79282,0.12282299867699048,0.08046891651865008,2142.7567567567567,37,1.7307692307692308,4321.499917941542,130.9545429679255,coverage_mid,0.5,6482.249876912312,3241.124938456156,6482.249876912312,0.0,1080.3749794853857,1555.739970458955,2.2224856720842214,3.472633862631596,coverage_sensitivity,0.75,,,8784,1990,SFH,mad,C,2,33.0,False,12.0,,9,,,1.0,1.0,1.0
738313,17,5,Valparaiso,5306,5107,Quintero,2024,CL.SFH.RT2.lad.C,315.0,1,645498,79282,0.12282299867699048,0.08046891651865008,2142.7567567567567,37,2.5365853658536586,23217.375845652794,73.70595506556442,coverage_mid,0.5,34826.06376847919,17413.031884239594,34826.06376847919,0.0,5804.3439614132,8358.255304435004,11.940364720621435,18.656819875970992,coverage_sensitivity,0.75,,,8784,2011,SFH,lad,C,3,315.0,False,12.0,,9,,,1.0,1.0,1.0
751534,18,5,Valparaiso,5307,5105,Puchuncaví,2024,CL.SFH.preRT.lad.C,69.0,1,645498,79282,0.12282299867699048,0.08046891651865008,2142.7567567567567,37,5.0,7549.971198241473,109.41987243828221,coverage_mid,0.5,11324.956797362209,5662.478398681104,11324.956797362209,0.0,1887.4927995603678,2717.98963136693,3.882842330524186,6.06694114144404,coverage_sensitivity,0.75,,,8784,1990,SFH,lad,C,5,69.0,False,12.0,,9,,,1.0,1.0,1.0
894339,19,5,Valparaiso,5507,5803,Olmué,2024,CL.SFH.preRT.lad.D,55.0,1,645498,79282,0.12282299867699048,0.08046891651865008,2142.7567567567567,37,11.567567567567568,2523.3141571897004,45.87843922163091,coverage_mid,0.5,3784.9712357845506,1892.4856178922755,3784.971235784551,0.0,630.8285392974251,908.3930965882922,1.2977044236975603,2.027663162027438,coverage_sensitivity,0.75,,,8784,1990,SFH,lad,D,8,55.0,False,12.0,,9,,,1.0,1.0,1.0
932683,20,5,Valparaiso,5605,5706,Santa María,2024,CL.SFH.CEV.lad.D,163.0,1,645498,79282,0.12282299867699048,0.08046891651865008,2142.7567567567567,37,8.8,7096.037211292113,43.533970621424004,coverage_mid,0.5,10644.05581693817,5322.027908469085,10644.05581693817,0.0,1774.0093028230278,2554.573396065161,3.649390565807373,5.70217275907402,coverage_sensitivity,0.75,,,8784,2018,SFH,lad,D,8,163.0,False,12.0,,9,,,1.0,1.0,1.0
806361,21,5,Valparaiso,5404,5605,El Tabo,2024,CL.SFH.CEV.mad.C,64.0,1,645498,79282,0.12282299867699048,0.08046891651865008,2142.7567567567567,37,4.461538461538462,7452.87893070769,116.45123329230766,coverage_mid,0.5,11179.318396061535,5589.6591980307685,11179.318396061537,0.0,1863.219732676922,2683.036415054769,3.8329091643639557,5.98892056931868,coverage_sensitivity,0.75,,,8784,2018,SFH,mad,C,4,64.0,False,12.0,,9,,,1.0,1.0,1.0
737494,22,5,Valparaiso,5305,5102,Casablanca,2024,CL.SFH.RT1.lad.C,300.0,1,645498,79282,0.12282299867699048,0.08046891651865008,2142.7567567567567,37,0.028761061946902654,23564.344046903996,78.54781348967998,coverage_mid,0.5,35346.516070355996,17673.258035177998,35346.516070355996,0.0,5891.086011725998,8483.16385688544,12.118805509836342,18.935633609119286,coverage_sensitivity,0.75,,,8784,2003,SFH,lad,C,1,300.0,False,12.0,,9,,,1.0,1.0,1.0
544062,23,5,Valparaiso,5204,5405,Zapallar,2024,CL.SFH.RT2.mad.C,169.0,1,645498,79282,0.12282299867699048,0.08046891651865008,2142.7567567567567,37,0.5223880597014925,10246.259425607035,60.628753997674764,coverage_mid,0.5,15369.389138410552,7684.694569205276,15369.389138410552,0.0,2561.564856401758,3688.6533932185325,5.269504847455046,8.233601324148509,coverage_sensitivity,0.75,,,8784,2011,SFH,mad,C,1,169.0,False,12.0,,9,,,1.0,1.0,1.0
799481,24,5,Valparaiso,5403,5603,Cartagena,2024,CL.SFH.RT1.mad.C,78.0,1,645498,79282,0.12282299867699048,0.08046891651865008,2142.7567567567567,37,2.3793103448275863,7710.899386910121,98.85768444756566,coverage_mid,0.5,11566.349080365182,5783.174540182591,11566.349080365182,0.0,1927.7248467275303,2775.923779287644,3.965605398982348,6.196258435909919,coverage_sensitivity,0.75,,,8784,2003,SFH,mad,C,2,78.0,False,12.0,,9,,,1.0,1.0,1.0
756240,25,5,Valparaiso,5308,5104,Juan Fernández,2024,CL.SFH.preRT.mad.C,40.0,1,645498,79282,0.12282299867699048,0.08046891651865008,2142.7567567567567,37,3.5,5325.5298651612775,133.13824662903193,coverage_mid,0.5,7988.294797741916,3994.147398870958,7988.294797741916,0.0,1331.38246629032,1917.1907514580598,2.738843930654371,4.279443641647455,coverage_sensitivity,0.75,,,8784,1990,SFH,mad,C,4,40.0,False,12.0,,9,,,1.0,1.0,1.0
919344,26,5,Valparaiso,5601,5701,San Felipe,2024,CL.SFH.preRT.lad.D,86.0,1,645498,79282,0.12282299867699048,0.08046891651865008,2142.7567567567567,37,3.727272727272727,4662.831430513019,54.21897012224441,coverage_mid,0.5,6994.247145769528,3497.1235728847646,6994.247145769529,0.0,1165.7078576282547,1678.619314984687,2.398027592835267,3.7469181138051044,coverage_sensitivity,0.75,,,8784,1990,SFH,lad,D,4,86.0,False,12.0,,9,,,1.0,1.0,1.0
931145,27,5,Valparaiso,5604,5705,Putaendo,2024,CL.SFH.RT1.lad.D,59.0,1,645498,79282,0.12282299867699048,0.08046891651865008,2142.7567567567567,37,2.6341463414634148,7416.127903009645,125.69708310185838,coverage_mid,0.5,11124.191854514467,5562.095927257234,11124.191854514467,0.0,1854.0319757524112,2669.8060450834723,3.814008635833532,5.959388493489893,coverage_sensitivity,0.75,,,8784,2003,SFH,lad,D,3,59.0,False,12.0,,9,,,1.0,1.0,1.0
537881,28,5,Valparaiso,5202,5404,Petorca,2024,CL.SFH.RT1.mad.D,9.0,1,645498,79282,0.12282299867699048,0.08046891651865008,2142.7567567567567,37,2.933333333333333,1752.6144410530603,194.73493789478448,coverage_mid,0.5,2628.9216615795904,1314.4608307897952,2628.9216615795904,0.0,438.1536102632653,630.9411987791017,0.901344569684431,1.4083508901319235,coverage_sensitivity,0.75,,,8784,2003,SFH,mad,D,3,9.0,False,12.0,,9,,,1.0,1.0,1.0
884946,29,5,Valparaiso,5506,5802,Limache,2024,CL.SFH.RT1.mad.D,25.0,1,645498,79282,0.12282299867699048,0.08046891651865008,2142.7567567567567,37,3.388888888888889,2442.130561576507,97.68522246306027,coverage_mid,0.5,3663.19584236476,1831.5979211823803,3663.1958423647607,0.0,610.5326403941267,879.1670021675425,1.2559528602393464,1.9624263441239786,coverage_sensitivity,0.75,,,8784,2003,SFH,mad,D,3,25.0,False,12.0,,9,,,1.0,1.0,1.0
881508,30,5,Valparaiso,5505,5504,La Cruz,2024,CL.SFH.RT2.lad.D,43.0,1,645498,79282,0.12282299867699048,0.08046891651865008,2142.7567567567567,37,2.4285714285714284,3050.007787737309,70.93041366830951,coverage_mid,0.5,4575.0116816059635,2287.5058408029818,4575.0116816059635,0.0,762.5019469343277,1098.0028035854311,1.568575433693473,2.4508991151460515,coverage_sensitivity,0.75,,,8784,2011,SFH,lad,D,2,43.0,False,12.0,,9,,,1.0,1.0,1.0
540936,31,5,Valparaiso,5203,5402,Cabildo,2024,CL.SFH.RT2.lad.D,45.0,1,645498,79282,0.12282299867699048,0.08046891651865008,2142.7567567567567,37,2.72,2789.4242098191394,61.98720466264754,coverage_mid,0.5,4184.136314728709,2092.0681573643546,4184.136314728709,0.0,697.3560524547847,1004.1927155348902,1.4345610221927003,2.2415015971760943,coverage_sensitivity,0.75,,,8784,2011,SFH,lad,D,3,45.0,False,12.0,,9,,,1.0,1.0,1.0
807727,32,5,Valparaiso,5405,5604,El Quisco,2024,CL.SFH.RT1.mad.C,37.0,1,645498,79282,0.12282299867699048,0.08046891651865008,2142.7567567567567,37,0.47058823529411764,4638.793622935803,125.37280061988656,coverage_mid,0.5,6958.190434403705,3479.095217201852,6958.190434403704,9.094947017729282e-13,1159.6984057339514,1669.965704256889,2.3856652917955556,3.727602018430556,coverage_sensitivity,0.75,,,8784,2003,SFH,mad,C,1,37.0,False,12.0,,9,,,1.0,1.0,1.0
923368,33,5,Valparaiso,5602,5704,Panquehue,2024,CL.SFH.preRT.lad.D,75.0,1,645498,79282,0.12282299867699048,0.08046891651865008,2142.7567567567567,37,3.080808080808081,3850.6344315306874,51.34179242040916,coverage_mid,0.5,5775.951647296031,2887.9758236480156,5775.951647296031,0.0,962.6586078826717,1386.2283953510475,1.980326279072925,3.094259811051445,coverage_sensitivity,0.75,,,8784,1990,SFH,lad,D,3,75.0,False,12.0,,9,,,1.0,1.0,1.0
788845,34,5,Valparaiso,5402,5606,Santo Domingo,2024,CL.SFH.post2021.mad.C,110.0,1,645498,79282,0.12282299867699048,0.08046891651865008,2142.7567567567567,37,5.473684210526316,8226.678112570666,74.78798284155151,coverage_mid,0.5,12340.017168855999,6170.008584427998,12340.017168855997,1.8189894035458565e-12,2056.6695281426664,2961.604120525439,4.230863029322056,6.610723483315713,coverage_sensitivity,0.75,,,8784,2022,SFH,mad,C,5,110.0,False,12.0,,9,,,1.0,1.0,1.0
961960,35,5,Valparaiso,5702,5302,Calle Larga,2024,CL.SFH.preRT.mad.D,56.0,1,645498,79282,0.12282299867699048,0.08046891651865008,2142.7567567567567,37,17.75,9676.334305031407,172.79168401841798,coverage_mid,0.5,14514.50145754711,7257.250728773554,14514.501457547109,1.8189894035458565e-12,2419.0835762578517,3483.480349811306,4.976400499730437,7.7756257808288085,coverage_sensitivity,0.75,,,8784,1990,SFH,mad,D,8,56.0,False,12.0,,9,,,1.0,1.0,1.0
969237,36,5,Valparaiso,5703,5304,San Esteban,2024,CL.SFH.preRT.mad.D,75.0,1,645498,79282,0.12282299867699048,0.08046891651865008,2142.7567567567567,37,2.5,18518.76571302254,246.91687617363388,coverage_mid,0.5,27778.148569533812,13889.074284766906,27778.148569533812,0.0,4629.691428255639,6666.755656688115,9.523936652411592,14.881151019393112,coverage_sensitivity,0.75,,,8784,1990,SFH,mad,D,2,75.0,False,12.0,,9,,,1.0,1.0,1.0
844142,37,5,Valparaiso,5501,5501,Quillota,2024,CL.SFH.preRT.lad.D,42.0,1,645498,79282,0.12282299867699048,0.08046891651865008,2142.7567567567567,37,2.828125,2259.0291753014417,53.78640893574861,coverage_mid,0.5,3388.5437629521625,1694.2718814760815,3388.543762952163,0.0,564.7572938253604,813.2505031085191,1.16178643301217,1.8152913015815157,coverage_sensitivity,0.75,,,8784,1990,SFH,lad,D,3,42.0,False,12.0,,9,,,1.0,1.0,1.0
1202172,1,6,O'Higgins,6209,6302,Chépica,2024,CL.SFH.RT2.mad.D,36.0,1,276334,71629,0.25921167862079947,0.07270134483633596,2046.5428571428572,35,6.84,2407.5492244520055,66.87636734588904,coverage_mid,0.5,3611.3238366780083,1805.6619183390042,3611.3238366780083,0.0,601.8873061130018,866.717720802722,1.2381681725753173,1.9346377696489332,coverage_sensitivity,0.75,,,8784,2011,SFH,mad,D,7,36.0,False,12.0,,9,,,1.0,1.0,1.0
1202172,1,6,O'Higgins,6209,6302,Chépica,2024,CL.SFH.RT2.mad.D,36.0,1,276334,71629,0.25921167862079947,0.07270134483633596,2046.5428571428572,35,6.84,2407.5492244520055,66.87636734588904,redpe_mid,0.5,7040.0,2407.5492244520055,4815.098448904011,2224.901551095989,0.0,1155.6236277369628,1.6508908967670897,2.5795170261985776,REDPE_2020,,mid,3.77,8784,2011,SFH,mad,D,7,36.0,False,12.0,,9,,,1.0,1.0,1.0
1195855,2,6,O'Higgins,6205,6310,Santa Cruz,2024,CL.SFH.preRT.lad.D,182.0,1,276334,71629,0.25921167862079947,0.07270134483633596,2046.5428571428572,35,5.181818181818182,11524.105448407501,63.31926070553572,coverage_mid,0.5,17286.158172611253,8643.079086305628,17286.158172611256,0.0,2881.026362101875,4148.677961426702,5.926682802038145,9.2604418781846,coverage_sensitivity,0.75,,,8784,1990,SFH,lad,D,5,182.0,False,12.0,,9,,,1.0,1.0,1.0
1195855,2,6,O'Higgins,6205,6310,Santa Cruz,2024,CL.SFH.preRT.lad.D,182.0,1,276334,71629,0.25921167862079947,0.07270134483633596,2046.5428571428572,35,5.181818181818182,11524.105448407501,63.31926070553572,redpe_mid,0.5,7040.0,3520.0000000000005,7040.000000000001,0.0,8004.105448407502,1689.6000000000001,2.4137142857142857,3.7714285714285714,REDPE_2020,,mid,3.77,8784,1990,SFH,lad,D,5,182.0,False,12.0,,9,,,1.0,1.0,1.0
1112898,3,6,O'Higgins,6111,6113,Pichidegua,2024,CL.SFH.preRT.lad.D,118.0,1,276334,71629,0.25921167862079947,0.07270134483633596,2046.5428571428572,35,5.2628571428571425,6722.13018699286,56.96720497451577,coverage_mid,0.5,10083.19528048929,5041.597640244644,10083.195280489288,1.8189894035458565e-12,1680.5325467482164,2419.966867317429,3.457095524739185,5.401711757404976,coverage_sensitivity,0.75,,,8784,1990,SFH,lad,D,5,118.0,False,12.0,,9,,,1.0,1.0,1.0
1112898,3,6,O'Higgins,6111,6113,Pichidegua,2024,CL.SFH.preRT.lad.D,118.0,1,276334,71629,0.25921167862079947,0.07270134483633596,2046.5428571428572,35,5.2628571428571425,6722.13018699286,56.96720497451577,redpe_mid,0.5,7040.0,3520.0,7040.0,0.0,3202.1301869928607,1689.6,2.4137142857142857,3.7714285714285714,REDPE_2020,,mid,3.77,8784,1990,SFH,lad,D,5,118.0,False,12.0,,9,,,1.0,1.0,1.0
1198594,4,6,O'Higgins,6208,6307,Peralillo,2024,CL.SFH.RT1.lad.D,7.0,1,276334,71629,0.25921167862079947,0.07270134483633596,2046.5428571428572,35,13.545454545454545,312.74274257170845,44.677534653101205,coverage_mid,0.5,469.11411385756264,234.55705692878135,469.1141138575627,0.0,78.18568564292708,112.58738732581506,0.16083912475116438,0.25131113242369435,coverage_sensitivity,0.75,,,8784,2003,SFH,lad,D,8,7.0,False,12.0,,9,,,1.0,1.0,1.0
1198594,4,6,O'Higgins,6208,6307,Peralillo,2024,CL.SFH.RT1.lad.D,7.0,1,276334,71629,0.25921167862079947,0.07270134483633596,2046.5428571428572,35,13.545454545454545,312.74274257170845,44.677534653101205,redpe_mid,0.5,7040.0,312.74274257170845,625.4854851434169,6414.514514856583,0.0,150.11651643442008,0.2144521663348858,0.3350815098982591,REDPE_2020,,mid,3.77,8784,2003,SFH,lad,D,8,7.0,False,12.0,,9,,,1.0,1.0,1.0
1214560,5,6,O'Higgins,6304,6202,La Estrella,2024,CL.SFH.post2021.mad.D,163.0,1,276334,71629,0.25921167862079947,0.07270134483633596,2046.5428571428572,35,29.0,5728.900412826169,35.14662829954705,coverage_mid,0.5,8593.350619239252,4296.675309619627,8593.350619239254,0.0,1432.2251032065417,2062.404148617421,2.94629164088203,4.603580688878172,coverage_sensitivity,0.75,,,8784,2022,SFH,mad,D,8,163.0,False,12.0,,9,,,1.0,1.0,1.0
1214560,5,6,O'Higgins,6304,6202,La Estrella,2024,CL.SFH.post2021.mad.D,163.0,1,276334,71629,0.25921167862079947,0.07270134483633596,2046.5428571428572,35,29.0,5728.900412826169,35.14662829954705,redpe_mid,0.5,7040.0,3520.0000000000005,7040.000000000001,0.0,2208.900412826168,1689.6000000000001,2.4137142857142857,3.7714285714285714,REDPE_2020,,mid,3.77,8784,2022,SFH,mad,D,8,163.0,False,12.0,,9,,,1.0,1.0,1.0
1089505,6,6,O'Higgins,6108,6112,Peumo,2024,CL.SFH.preRT.lad.D,85.0,1,276334,71629,0.25921167862079947,0.07270134483633596,2046.5428571428572,35,3.0277777777777777,5455.699656414515,64.18470184017076,coverage_mid,0.5,8183.549484621772,4091.7747423108854,8183.549484621771,9.094947017729282e-13,1363.9249141036296,1964.051876309225,2.805788394727464,4.384044366761663,coverage_sensitivity,0.75,,,8784,1990,SFH,lad,D,3,85.0,False,12.0,,9,,,1.0,1.0,1.0
1089505,6,6,O'Higgins,6108,6112,Peumo,2024,CL.SFH.preRT.lad.D,85.0,1,276334,71629,0.25921167862079947,0.07270134483633596,2046.5428571428572,35,3.0277777777777777,5455.699656414515,64.18470184017076,redpe_mid,0.5,7040.0,3519.9999999999995,7039.999999999999,9.094947017729282e-13,1935.6996564145156,1689.5999999999997,2.4137142857142853,3.7714285714285705,REDPE_2020,,mid,3.77,8784,1990,SFH,lad,D,3,85.0,False,12.0,,9,,,1.0,1.0,1.0
1136047,7,6,O'Higgins,6113,6116,Requínoa,2024,CL.SFH.preRT.lad.D,50.0,1,276334,71629,0.25921167862079947,0.07270134483633596,2046.5428571428572,35,2.642857142857143,7304.238455145917,146.08476910291836,coverage_mid,0.5,10956.357682718875,5478.178841359437,10956.357682718874,1.8189894035458565e-12,1826.0596137864804,2629.5258438525298,3.7564654912178996,5.869477330027968,coverage_sensitivity,0.75,,,8784,1990,SFH,lad,D,3,50.0,False,12.0,,9,,,1.0,1.0,1.0
1136047,7,6,O'Higgins,6113,6116,Requínoa,2024,CL.SFH.preRT.lad.D,50.0,1,276334,71629,0.25921167862079947,0.07270134483633596,2046.5428571428572,35,2.642857142857143,7304.238455145917,146.08476910291836,redpe_mid,0.5,7040.0,3519.999999999999,7039.999999999998,1.8189894035458565e-12,3784.238455145918,1689.5999999999995,2.413714285714285,3.77142857142857,REDPE_2020,,mid,3.77,8784,1990,SFH,lad,D,3,50.0,False,12.0,,9,,,1.0,1.0,1.0
1156003,8,6,O'Higgins,6201,6301,San Fernando,2024,CL.SFH.preRT.lad.D,102.0,1,276334,71629,0.25921167862079947,0.07270134483633596,2046.5428571428572,35,2.466666666666667,17320.32824308563,169.8071396380944,coverage_mid,0.5,25980.492364628444,12990.246182314222,25980.492364628444,0.0,4330.082060771409,6235.318167510826,8.907597382158324,13.918120909622381,coverage_sensitivity,0.75,,,8784,1990,SFH,lad,D,2,102.0,False,12.0,,9,,,1.0,1.0,1.0
1156003,8,6,O'Higgins,6201,6301,San Fernando,2024,CL.SFH.preRT.lad.D,102.0,1,276334,71629,0.25921167862079947,0.07270134483633596,2046.5428571428572,35,2.466666666666667,17320.32824308563,169.8071396380944,redpe_mid,0.5,7040.0,3520.0,7040.0,0.0,13800.32824308563,1689.6,2.4137142857142857,3.7714285714285714,REDPE_2020,,mid,3.77,8784,1990,SFH,lad,D,2,102.0,False,12.0,,9,,,1.0,1.0,1.0
1146861,9,6,O'Higgins,6116,6103,Coinco,2024,CL.SFH.RT1.lad.D,75.0,1,276334,71629,0.25921167862079947,0.07270134483633596,2046.5428571428572,35,4.454545454545454,4613.736673084665,61.516488974462206,coverage_mid,0.5,6920.605009626997,3460.3025048134987,6920.605009626997,0.0,1153.4341682711665,1660.9452023104793,2.372778860443542,3.7074669694430344,coverage_sensitivity,0.75,,,8784,2003,SFH,lad,D,4,75.0,False,12.0,,9,,,1.0,1.0,1.0
1146861,9,6,O'Higgins,6116,6103,Coinco,2024,CL.SFH.RT1.lad.D,75.0,1,276334,71629,0.25921167862079947,0.07270134483633596,2046.5428571428572,35,4.454545454545454,4613.736673084665,61.516488974462206,redpe_mid,0.5,7040.0,3520.0000000000005,7040.000000000001,0.0,1093.7366730846652,1689.6000000000001,2.4137142857142857,3.7714285714285714,REDPE_2020,,mid,3.77,8784,2003,SFH,lad,D,4,75.0,False,12.0,,9,,,1.0,1.0,1.0
1067256,10,6,O'Higgins,6103,6106,Graneros,2024,CL.SFH.preRT.lad.D,27.0,1,276334,71629,0.25921167862079947,0.07270134483633596,2046.5428571428572,35,3.366883116883117,2197.3187897866305,81.38217739950484,coverage_mid,0.5,3295.978184679946,1647.989092339973,3295.978184679946,0.0,549.3296974466571,791.0347643231871,1.1300496633188388,1.7657025989356856,coverage_sensitivity,0.75,,,8784,1990,SFH,lad,D,3,27.0,False,12.0,,9,,,1.0,1.0,1.0
1067256,10,6,O'Higgins,6103,6106,Graneros,2024,CL.SFH.preRT.lad.D,27.0,1,276334,71629,0.25921167862079947,0.07270134483633596,2046.5428571428572,35,3.366883116883117,2197.3187897866305,81.38217739950484,redpe_mid,0.5,7040.0,2197.3187897866305,4394.637579573261,2645.362420426739,0.0,1054.7130190975827,1.5067328844251182,2.354270131914247,REDPE_2020,,mid,3.77,8784,1990,SFH,lad,D,3,27.0,False,12.0,,9,,,1.0,1.0,1.0
1196951,11,6,O'Higgins,6206,6304,Lolol,2024,CL.SFH.post2021.mad.D,106.0,1,276334,71629,0.25921167862079947,0.07270134483633596,2046.5428571428572,35,10.428571428571429,4527.059551861485,42.708108979825326,coverage_mid,0.5,6790.589327792227,3395.294663896113,6790.589327792226,9.094947017729282e-13,1131.7648879653711,1629.7414386701344,2.328202055243049,3.637815711317264,coverage_sensitivity,0.75,,,8784,2022,SFH,mad,D,8,106.0,False,12.0,,9,,,1.0,1.0,1.0
1196951,11,6,O'Higgins,6206,6304,Lolol,2024,CL.SFH.post2021.mad.D,106.0,1,276334,71629,0.25921167862079947,0.07270134483633596,2046.5428571428572,35,10.428571428571429,4527.059551861485,42.708108979825326,redpe_mid,0.5,7040.0,3520.0,7040.0,0.0,1007.0595518614846,1689.6,2.4137142857142857,3.7714285714285714,REDPE_2020,,mid,3.77,8784,2022,SFH,mad,D,8,106.0,False,12.0,,9,,,1.0,1.0,1.0
1183996,12,6,O'Higgins,6204,6308,Placilla,2024,CL.SFH.post2021.mad.D,26.0,1,276334,71629,0.25921167862079947,0.07270134483633596,2046.5428571428572,35,10.115384615384615,1419.4953432223756,54.59597473932214,coverage_mid,0.5,2129.2430148335634,1064.6215074167817,2129.2430148335634,0.0,354.8738358055939,511.01832356005525,0.7300261765143646,1.1406659008036948,coverage_sensitivity,0.75,,,8784,2022,SFH,mad,D,8,26.0,False,12.0,,9,,,1.0,1.0,1.0
1183996,12,6,O'Higgins,6204,6308,Placilla,2024,CL.SFH.post2021.mad.D,26.0,1,276334,71629,0.25921167862079947,0.07270134483633596,2046.5428571428572,35,10.115384615384615,1419.4953432223756,54.59597473932214,redpe_mid,0.5,7040.0,1419.4953432223756,2838.990686444751,4201.009313555249,0.0,681.3577647467404,0.9733682353524863,1.5208878677382598,REDPE_2020,,mid,3.77,8784,2022,SFH,mad,D,8,26.0,False,12.0,,9,,,1.0,1.0,1.0
1212254,13,6,O'Higgins,6302,6205,Navidad,2024,CL.SFH.CEV.mad.C,188.0,1,276334,71629,0.25921167862079947,0.07270134483633596,2046.5428571428572,35,10.0,13881.51418198031,73.83784139351229,coverage_mid,0.5,20822.271272970465,10411.135636485233,20822.271272970465,0.0,3470.3785454950776,4997.345105512912,7.139064436447017,11.154788181948463,coverage_sensitivity,0.75,,,8784,2018,SFH,mad,C,8,188.0,False,12.0,,9,,,1.0,1.0,1.0
1212254,13,6,O'Higgins,6302,6205,Navidad,2024,CL.SFH.CEV.mad.C,188.0,1,276334,71629,0.25921167862079947,0.07270134483633596,2046.5428571428572,35,10.0,13881.51418198031,73.83784139351229,redpe_mid,0.5,7040.0,3520.000000000001,7040.000000000002,0.0,10361.514181980312,1689.6000000000006,2.4137142857142866,3.7714285714285727,REDPE_2020,,mid,3.77,8784,2018,SFH,mad,C,8,188.0,False,12.0,,9,,,1.0,1.0,1.0
1214304,14,6,O'Higgins,6303,6203,Litueche,2024,CL.SFH.CEV.mad.C,29.0,1,276334,71629,0.25921167862079947,0.07270134483633596,2046.5428571428572,35,20.714285714285715,4222.195978874556,145.5929647887778,coverage_mid,0.5,6333.293968311835,3166.646984155917,6333.293968311834,9.094947017729282e-13,1055.5489947186388,1519.99055239484,2.1714150748497714,3.3928360544527676,coverage_sensitivity,0.75,,,8784,2018,SFH,mad,C,8,29.0,False,12.0,,9,,,1.0,1.0,1.0
1214304,14,6,O'Higgins,6303,6203,Litueche,2024,CL.SFH.CEV.mad.C,29.0,1,276334,71629,0.25921167862079947,0.07270134483633596,2046.5428571428572,35,20.714285714285715,4222.195978874556,145.5929647887778,redpe_mid,0.5,7040.0,3520.0,7040.0,0.0,702.1959788745562,1689.6,2.4137142857142857,3.7714285714285714,REDPE_2020,,mid,3.77,8784,2018,SFH,mad,C,8,29.0,False,12.0,,9,,,1.0,1.0,1.0
1182973,15,6,O'Higgins,6203,6305,Nancagua,2024,CL.SFH.preRT.lad.D,41.0,1,276334,71629,0.25921167862079947,0.07270134483633596,2046.5428571428572,35,3.920353982300885,2914.390061730058,71.08268443244043,coverage_mid,0.5,4371.585092595087,2185.792546297543,4371.585092595086,9.094947017729282e-13,728.597515432515,1049.1804222228207,1.4988291746040294,2.341920585318796,coverage_sensitivity,0.75,,,8784,1990,SFH,lad,D,4,41.0,False,12.0,,9,,,1.0,1.0,1.0
1182973,15,6,O'Higgins,6203,6305,Nancagua,2024,CL.SFH.preRT.lad.D,41.0,1,276334,71629,0.25921167862079947,0.07270134483633596,2046.5428571428572,35,3.920353982300885,2914.390061730058,71.08268443244043,redpe_mid,0.5,7040.0,2914.390061730058,5828.780123460116,1211.2198765398844,0.0,1398.907229630428,1.99843889947204,3.1225607804250624,REDPE_2020,,mid,3.77,8784,1990,SFH,lad,D,4,41.0,False,12.0,,9,,,1.0,1.0,1.0
1203293,16,6,O'Higgins,6214,6309,Pumanque,2024,CL.SFH.preRT.adobe.D,151.0,1,276334,71629,0.25921167862079947,0.07270134483633596,2046.5428571428572,35,2.857142857142857,11245.435881427784,74.47308530746876,coverage_mid,0.5,16868.153822141678,8434.076911070839,16868.153822141678,0.0,2811.358970356945,4048.356917314003,5.78336702473429,9.036510976147328,coverage_sensitivity,0.75,,,8784,1990,SFH,adobe,D,3,151.0,False,12.0,,9,,,1.0,1.0,1.0
1203293,16,6,O'Higgins,6214,6309,Pumanque,2024,CL.SFH.preRT.adobe.D,151.0,1,276334,71629,0.25921167862079947,0.07270134483633596,2046.5428571428572,35,2.857142857142857,11245.435881427784,74.47308530746876,redpe_mid,0.5,7040.0,3520.0,7040.0,0.0,7725.435881427784,1689.6,2.4137142857142857,3.7714285714285714,REDPE_2020,,mid,3.77,8784,1990,SFH,adobe,D,3,151.0,False,12.0,,9,,,1.0,1.0,1.0
1197781,17,6,O'Higgins,6207,6306,Palmilla,2024,CL.SFH.preRT.lad.D,81.0,1,276334,71629,0.25921167862079947,0.07270134483633596,2046.5428571428572,35,14.227272727272727,4316.10741997627,53.28527678983049,coverage_mid,0.5,6474.161129964405,3237.0805649822023,6474.161129964405,0.0,1079.0268549940681,1553.798671191457,2.2197123874163673,3.468300605338074,coverage_sensitivity,0.75,,,8784,1990,SFH,lad,D,8,81.0,False,12.0,,9,,,1.0,1.0,1.0
1197781,17,6,O'Higgins,6207,6306,Palmilla,2024,CL.SFH.preRT.lad.D,81.0,1,276334,71629,0.25921167862079947,0.07270134483633596,2046.5428571428572,35,14.227272727272727,4316.10741997627,53.28527678983049,redpe_mid,0.5,7040.0,3519.9999999999995,7039.999999999999,9.094947017729282e-13,796.1074199762706,1689.5999999999997,2.4137142857142853,3.7714285714285705,REDPE_2020,,mid,3.77,8784,1990,SFH,lad,D,8,81.0,False,12.0,,9,,,1.0,1.0,1.0
1178845,18,6,O'Higgins,6202,6303,Chimbarongo,2024,CL.SFH.RT2.lad.D,40.0,1,276334,71629,0.25921167862079947,0.07270134483633596,2046.5428571428572,35,3.6296296296296298,3126.12698972284,78.15317474307099,coverage_mid,0.5,4689.19048458426,2344.59524229213,4689.19048458426,0.0,781.5317474307094,1125.4057163002224,1.6077224518574604,2.512066331027282,coverage_sensitivity,0.75,,,8784,2011,SFH,lad,D,4,40.0,False,12.0,,9,,,1.0,1.0,1.0
1178845,18,6,O'Higgins,6202,6303,Chimbarongo,2024,CL.SFH.RT2.lad.D,40.0,1,276334,71629,0.25921167862079947,0.07270134483633596,2046.5428571428572,35,3.6296296296296298,3126.12698972284,78.15317474307099,redpe_mid,0.5,7040.0,3126.12698972284,6252.25397944568,787.7460205543202,0.0,1500.5409550669633,2.1436299358099475,3.349421774703043,REDPE_2020,,mid,3.77,8784,2011,SFH,lad,D,4,40.0,False,12.0,,9,,,1.0,1.0,1.0
1147942,19,6,O'Higgins,6117,6114,Quinta de Tilcoco,2024,CL.SFH.preRT.lad.D,66.0,1,276334,71629,0.25921167862079947,0.07270134483633596,2046.5428571428572,35,3.5853658536585367,3718.202826363657,56.33640646005541,coverage_mid,0.5,5577.304239545486,2788.6521197727434,5577.304239545487,0.0,929.5507065909142,1338.553017490917,1.9122185964155958,2.9878415568993684,coverage_sensitivity,0.75,,,8784,1990,SFH,lad,D,4,66.0,False,12.0,,9,,,1.0,1.0,1.0
1147942,19,6,O'Higgins,6117,6114,Quinta de Tilcoco,2024,CL.SFH.preRT.lad.D,66.0,1,276334,71629,0.25921167862079947,0.07270134483633596,2046.5428571428572,35,3.5853658536585367,3718.202826363657,56.33640646005541,redpe_mid,0.5,7040.0,3519.9999999999995,7039.999999999999,9.094947017729282e-13,198.20282636365712,1689.5999999999997,2.4137142857142853,3.7714285714285705,REDPE_2020,,mid,3.77,8784,1990,SFH,lad,D,4,66.0,False,12.0,,9,,,1.0,1.0,1.0
1043283,20,6,O'Higgins,6102,6108,Machalí,2024,CL.SFH.RT1.mad.D,39.0,1,276334,71629,0.25921167862079947,0.07270134483633596,2046.5428571428572,35,3.82,13019.241712708437,333.8267105822676,coverage_mid,0.5,19528.862569062658,9764.43128453133,19528.86256906266,0.0,3254.8104281771084,4686.927016575039,6.6956100236786265,10.461890661997854,coverage_sensitivity,0.75,,,8784,2003,SFH,mad,D,4,39.0,False,12.0,,9,,,1.0,1.0,1.0
1043283,20,6,O'Higgins,6102,6108,Machalí,2024,CL.SFH.RT1.mad.D,39.0,1,276334,71629,0.25921167862079947,0.07270134483633596,2046.5428571428572,35,3.82,13019.241712708437,333.8267105822676,redpe_mid,0.5,7040.0,3520.0,7040.0,0.0,9499.241712708437,1689.6,2.4137142857142857,3.7714285714285714,REDPE_2020,,mid,3.77,8784,2003,SFH,mad,D,4,39.0,False,12.0,,9,,,1.0,1.0,1.0
1080965,21,6,O'Higgins,6105,6105,Doñihue,2024,CL.SFH.RT1.lad.D,72.0,1,276334,71629,0.25921167862079947,0.07270134483633596,2046.5428571428572,35,4.580152671755725,4825.160598116022,67.01611941827808,coverage_mid,0.5,7237.740897174033,3618.870448587017,7237.740897174034,0.0,1206.2901495290046,1737.0578153217682,2.4815111647453834,3.8773611949146614,coverage_sensitivity,0.75,,,8784,2003,SFH,lad,D,5,72.0,False,12.0,,9,,,1.0,1.0,1.0
1080965,21,6,O'Higgins,6105,6105,Doñihue,2024,CL.SFH.RT1.lad.D,72.0,1,276334,71629,0.25921167862079947,0.07270134483633596,2046.5428571428572,35,4.580152671755725,4825.160598116022,67.01611941827808,redpe_mid,0.5,7040.0,3520.0000000000005,7040.000000000001,0.0,1305.160598116021,1689.6000000000001,2.4137142857142857,3.7714285714285714,REDPE_2020,,mid,3.77,8784,2003,SFH,lad,D,5,72.0,False,12.0,,9,,,1.0,1.0,1.0
1083560,22,6,O'Higgins,6106,6104,Coltauco,2024,CL.SFH.RT1.lad.D,36.0,1,276334,71629,0.25921167862079947,0.07270134483633596,2046.5428571428572,35,3.4347826086956523,2592.182964073067,72.00508233536297,coverage_mid,0.5,3888.274446109601,1944.1372230548004,3888.274446109601,0.0,648.0457410182671,933.1858670663042,1.3331226672375776,2.0830041675587148,coverage_sensitivity,0.75,,,8784,2003,SFH,lad,D,3,36.0,False,12.0,,9,,,1.0,1.0,1.0
1083560,22,6,O'Higgins,6106,6104,Coltauco,2024,CL.SFH.RT1.lad.D,36.0,1,276334,71629,0.25921167862079947,0.07270134483633596,2046.5428571428572,35,3.4347826086956523,2592.182964073067,72.00508233536297,redpe_mid,0.5,7040.0,2592.182964073067,5184.365928146134,1855.6340718538659,0.0,1244.247822755072,1.7774968896501029,2.7773388900782856,REDPE_2020,,mid,3.77,8784,2003,SFH,lad,D,3,36.0,False,12.0,,9,,,1.0,1.0,1.0
1146288,23,6,O'Higgins,6115,6109,Malloa,2024,CL.SFH.RT1.lad.D,35.0,1,276334,71629,0.25921167862079947,0.07270134483633596,2046.5428571428572,35,6.0,3105.622013708222,88.73205753452062,coverage_mid,0.5,4658.433020562333,2329.2165102811664,4658.433020562333,0.0,776.405503427055,1118.02392493496,1.5971770356213713,2.4955891181583927,coverage_sensitivity,0.75,,,8784,2003,SFH,lad,D,6,35.0,False,12.0,,9,,,1.0,1.0,1.0
1146288,23,6,O'Higgins,6115,6109,Malloa,2024,CL.SFH.RT1.lad.D,35.0,1,276334,71629,0.25921167862079947,0.07270134483633596,2046.5428571428572,35,6.0,3105.622013708222,88.73205753452062,redpe_mid,0.5,7040.0,3105.622013708222,6211.244027416444,828.7559725835563,0.0,1490.6985665799466,2.129569380828495,3.3274521575445233,REDPE_2020,,mid,3.77,8784,2003,SFH,lad,D,6,35.0,False,12.0,,9,,,1.0,1.0,1.0
1216252,24,6,O'Higgins,6306,6206,Paredones,2024,CL.SFH.RT2.mad.C,190.0,1,276334,71629,0.25921167862079947,0.07270134483633596,2046.5428571428572,35,23.625,13251.489648235243,69.74468235913285,coverage_mid,0.5,19877.234472352866,9938.617236176433,19877.234472352866,0.0,3312.8724120588117,4770.536273364688,6.815051819092411,10.648518467331892,coverage_sensitivity,0.75,,,8784,2011,SFH,mad,C,8,190.0,False,12.0,,9,,,1.0,1.0,1.0
1216252,24,6,O'Higgins,6306,6206,Paredones,2024,CL.SFH.RT2.mad.C,190.0,1,276334,71629,0.25921167862079947,0.07270134483633596,2046.5428571428572,35,23.625,13251.489648235243,69.74468235913285,redpe_mid,0.5,7040.0,3520.0,7040.0,0.0,9731.489648235245,1689.6,2.4137142857142857,3.7714285714285714,REDPE_2020,,mid,3.77,8784,2011,SFH,mad,C,8,190.0,False,12.0,,9,,,1.0,1.0,1.0
1018248,25,6,O'Higgins,6101,6101,Rancagua,2024,CL.SFH.CEV.lad.D,46.0,1,276334,71629,0.25921167862079947,0.07270134483633596,2046.5428571428572,35,3.430962343096234,3162.6764588083884,68.75383606105193,coverage_mid,0.5,4744.014688212583,2372.0073441062914,4744.014688212583,0.0,790.6691147020966,1138.5635251710198,1.6265193216728855,2.5414364401138836,coverage_sensitivity,0.75,,,8784,2018,SFH,lad,D,3,46.0,False,12.0,,9,,,1.0,1.0,1.0
1018248,25,6,O'Higgins,6101,6101,Rancagua,2024,CL.SFH.CEV.lad.D,46.0,1,276334,71629,0.25921167862079947,0.07270134483633596,2046.5428571428572,35,3.430962343096234,3162.6764588083884,68.75383606105193,redpe_mid,0.5,7040.0,3162.6764588083884,6325.352917616777,714.6470823832233,0.0,1518.0847002280266,2.168692428897181,3.3885819201518452,REDPE_2020,,mid,3.77,8784,2018,SFH,lad,D,3,46.0,False,12.0,,9,,,1.0,1.0,1.0
1099445,26,6,O'Higgins,6110,6117,San Vicente,2024,CL.SFH.RT1.lad.D,40.0,1,276334,71629,0.25921167862079947,0.07270134483633596,2046.5428571428572,35,2.7162162162162162,3021.871116220813,75.54677790552032,coverage_mid,0.5,4532.806674331219,2266.4033371656096,4532.806674331219,0.0,755.4677790552032,1087.8736018394927,1.5541051454849897,2.428289289820296,coverage_sensitivity,0.75,,,8784,2003,SFH,lad,D,3,40.0,False,12.0,,9,,,1.0,1.0,1.0
1099445,26,6,O'Higgins,6110,6117,San Vicente,2024,CL.SFH.RT1.lad.D,40.0,1,276334,71629,0.25921167862079947,0.07270134483633596,2046.5428571428572,35,2.7162162162162162,3021.871116220813,75.54677790552032,redpe_mid,0.5,7040.0,3021.871116220813,6043.742232441626,996.2577675583743,0.0,1450.4981357859901,2.072140193979986,3.237719053093728,REDPE_2020,,mid,3.77,8784,2003,SFH,lad,D,3,40.0,False,12.0,,9,,,1.0,1.0,1.0
1205177,27,6,O'Higgins,6301,6201,Pichilemu,2024,CL.SFH.RT2.mad.C,83.0,1,276334,71629,0.25921167862079947,0.07270134483633596,2046.5428571428572,35,1.1,8821.286730126798,106.28056301357587,coverage_mid,0.5,13231.930095190197,6615.965047595098,13231.930095190197,0.0,2205.3216825316995,3175.663222845647,4.536661746922353,7.088533979566177,coverage_sensitivity,0.75,,,8784,2011,SFH,mad,C,1,83.0,False,12.0,,9,,,1.0,1.0,1.0
1205177,27,6,O'Higgins,6301,6201,Pichilemu,2024,CL.SFH.RT2.mad.C,83.0,1,276334,71629,0.25921167862079947,0.07270134483633596,2046.5428571428572,35,1.1,8821.286730126798,106.28056301357587,redpe_mid,0.5,7040.0,3519.9999999999995,7039.999999999999,9.094947017729282e-13,5301.286730126798,1689.5999999999997,2.4137142857142853,3.7714285714285705,REDPE_2020,,mid,3.77,8784,2011,SFH,mad,C,1,83.0,False,12.0,,9,,,1.0,1.0,1.0
1088065,28,6,O'Higgins,6107,6102,Codegua,2024,CL.SFH.preRT.adobe.D,80.0,1,276334,71629,0.25921167862079947,0.07270134483633596,2046.5428571428572,35,7.875,5771.519804720958,72.14399755901198,coverage_mid,0.5,8657.279707081438,4328.639853540718,8657.279707081436,1.8189894035458565e-12,1442.879951180239,2077.7471296995445,2.9682101852850638,4.637828414507912,coverage_sensitivity,0.75,,,8784,1990,SFH,adobe,D,8,80.0,False,12.0,,9,,,1.0,1.0,1.0
1088065,28,6,O'Higgins,6107,6102,Codegua,2024,CL.SFH.preRT.adobe.D,80.0,1,276334,71629,0.25921167862079947,0.07270134483633596,2046.5428571428572,35,7.875,5771.519804720958,72.14399755901198,redpe_mid,0.5,7040.0,3519.9999999999995,7039.999999999999,9.094947017729282e-13,2251.519804720958,1689.5999999999997,2.4137142857142853,3.7714285714285705,REDPE_2020,,mid,3.77,8784,1990,SFH,adobe,D,8,80.0,False,12.0,,9,,,1.0,1.0,1.0
1215978,29,6,O'Higgins,6305,6204,Marchihue,2024,CL.SFH.CEV.mad.D,56.0,1,276334,71629,0.25921167862079947,0.07270134483633596,2046.5428571428572,35,14.0,1716.0926682663494,30.644511933327667,coverage_mid,0.5,2574.139002399524,1287.0695011997623,2574.1390023995245,0.0,429.0231670665871,617.7933605758859,0.882561943679837,1.3790030369997452,coverage_sensitivity,0.75,,,8784,2018,SFH,mad,D,8,56.0,False,12.0,,9,,,1.0,1.0,1.0
1215978,29,6,O'Higgins,6305,6204,Marchihue,2024,CL.SFH.CEV.mad.D,56.0,1,276334,71629,0.25921167862079947,0.07270134483633596,2046.5428571428572,35,14.0,1716.0926682663494,30.644511933327667,redpe_mid,0.5,7040.0,1716.0926682663494,3432.185336532699,3607.814663467301,0.0,823.7244807678477,1.1767492582397825,1.83867071599966,REDPE_2020,,mid,3.77,8784,2018,SFH,mad,D,8,56.0,False,12.0,,9,,,1.0,1.0,1.0
1092076,30,6,O'Higgins,6109,6107,Las Cabras,2024,CL.SFH.preRT.lad.D,78.0,1,276334,71629,0.25921167862079947,0.07270134483633596,2046.5428571428572,35,3.661870503597122,4716.882957990572,60.472858435776565,coverage_mid,0.5,7075.3244369858585,3537.662218492929,7075.324436985858,9.094947017729282e-13,1179.220739497643,1698.0778648766059,2.425825521252294,3.7903523769567093,coverage_sensitivity,0.75,,,8784,1990,SFH,lad,D,4,78.0,False,12.0,,9,,,1.0,1.0,1.0
1092076,30,6,O'Higgins,6109,6107,Las Cabras,2024,CL.SFH.preRT.lad.D,78.0,1,276334,71629,0.25921167862079947,0.07270134483633596,2046.5428571428572,35,3.661870503597122,4716.882957990572,60.472858435776565,redpe_mid,0.5,7040.0,3520.0,7040.0,0.0,1196.8829579905723,1689.6,2.4137142857142857,3.7714285714285714,REDPE_2020,,mid,3.77,8784,1990,SFH,lad,D,4,78.0,False,12.0,,9,,,1.0,1.0,1.0
1120484,31,6,O'Higgins,6112,6115,Rengo,2024,CL.SFH.RT1.lad.D,42.0,1,276334,71629,0.25921167862079947,0.07270134483633596,2046.5428571428572,35,2.3333333333333335,3716.2517808632833,88.48218525864961,coverage_mid,0.5,5574.377671294925,2787.1888356474624,5574.377671294925,0.0,929.0629452158213,1337.850641110782,1.9112152015868313,2.986273752479424,coverage_sensitivity,0.75,,,8784,2003,SFH,lad,D,2,42.0,False,12.0,,9,,,1.0,1.0,1.0
1120484,31,6,O'Higgins,6112,6115,Rengo,2024,CL.SFH.RT1.lad.D,42.0,1,276334,71629,0.25921167862079947,0.07270134483633596,2046.5428571428572,35,2.3333333333333335,3716.2517808632833,88.48218525864961,redpe_mid,0.5,7040.0,3520.0,7040.0,0.0,196.25178086328378,1689.6,2.4137142857142857,3.7714285714285714,REDPE_2020,,mid,3.77,8784,2003,SFH,lad,D,2,42.0,False,12.0,,9,,,1.0,1.0,1.0
1077276,32,6,O'Higgins,6104,6110,Mostazal,2024,CL.SFH.RT1.lad.D,68.0,1,276334,71629,0.25921167862079947,0.07270134483633596,2046.5428571428572,35,6.882352941176471,5519.776074562773,81.1731775670996,coverage_mid,0.5,8279.664111844158,4139.832055922079,8279.664111844158,0.0,1379.9440186406937,1987.119386842598,2.8387419812037114,4.435534345630799,coverage_sensitivity,0.75,,,8784,2003,SFH,lad,D,7,68.0,False,12.0,,9,,,1.0,1.0,1.0
1077276,32,6,O'Higgins,6104,6110,Mostazal,2024,CL.SFH.RT1.lad.D,68.0,1,276334,71629,0.25921167862079947,0.07270134483633596,2046.5428571428572,35,6.882352941176471,5519.776074562773,81.1731775670996,redpe_mid,0.5,7040.0,3519.9999999999995,7039.999999999999,9.094947017729282e-13,1999.7760745627725,1689.5999999999997,2.4137142857142853,3.7714285714285705,REDPE_2020,,mid,3.77,8784,2003,SFH,lad,D,7,68.0,False,12.0,,9,,,1.0,1.0,1.0
1141817,33,6,O'Higgins,6114,6111,Olivar,2024,CL.SFH.CEV.mad.D,135.0,1,276334,71629,0.25921167862079947,0.07270134483633596,2046.5428571428572,35,3.9583333333333335,5481.538484209495,40.60398877192219,coverage_mid,0.5,8222.307726314244,4111.153863157122,8222.307726314244,0.0,1370.3846210523736,1973.3538543154186,2.8190769347363123,4.404807710525488,coverage_sensitivity,0.75,,,8784,2018,SFH,mad,D,4,135.0,False,12.0,,9,,,1.0,1.0,1.0
1141817,33,6,O'Higgins,6114,6111,Olivar,2024,CL.SFH.CEV.mad.D,135.0,1,276334,71629,0.25921167862079947,0.07270134483633596,2046.5428571428572,35,3.9583333333333335,5481.538484209495,40.60398877192219,redpe_mid,0.5,7040.0,3520.0000000000005,7040.000000000001,0.0,1961.5384842094954,1689.6000000000001,2.4137142857142857,3.7714285714285714,REDPE_2020,,mid,3.77,8784,2018,SFH,mad,D,4,135.0,False,12.0,,9,,,1.0,1.0,1.0
1176689,34,6,O'Higgins,6202,6303,Chimbarongo,2024,CL.SFH.preRT.lad.D,53.0,1,276334,71629,0.25921167862079947,0.07270134483633596,2046.5428571428572,35,4.096153846153846,3398.1007806208095,64.11510906831715,coverage_mid,0.5,5097.151170931214,2548.575585465607,5097.151170931214,0.0,849.5251951552019,1223.3162810234915,1.7475946871764163,2.7306166987131504,coverage_sensitivity,0.75,,,8784,1990,SFH,lad,D,4,53.0,False,12.0,,9,,,1.0,1.0,1.0
1176689,34,6,O'Higgins,6202,6303,Chimbarongo,2024,CL.SFH.preRT.lad.D,53.0,1,276334,71629,0.25921167862079947,0.07270134483633596,2046.5428571428572,35,4.096153846153846,3398.1007806208095,64.11510906831715,redpe_mid,0.5,7040.0,3398.1007806208095,6796.201561241619,243.79843875838105,0.0,1631.0883746979887,2.330126249568555,3.640822264950867,REDPE_2020,,mid,3.77,8784,1990,SFH,lad,D,4,53.0,False,12.0,,9,,,1.0,1.0,1.0
1212967,35,6,O'Higgins,6303,6203,Litueche,2024,CL.SFH.post2021.mad.C,100.0,1,276334,71629,0.25921167862079947,0.07270134483633596,2046.5428571428572,35,14.833333333333334,7943.696364984037,79.43696364984038,coverage_mid,0.5,11915.544547476056,5957.772273738028,11915.544547476056,0.0,1985.9240912460082,2859.7306913942534,4.085329559134648,6.383327436147887,coverage_sensitivity,0.75,,,8784,2022,SFH,mad,C,8,100.0,False,12.0,,9,,,1.0,1.0,1.0
1212967,35,6,O'Higgins,6303,6203,Litueche,2024,CL.SFH.post2021.mad.C,100.0,1,276334,71629,0.25921167862079947,0.07270134483633596,2046.5428571428572,35,14.833333333333334,7943.696364984037,79.43696364984038,redpe_mid,0.5,7040.0,3520.0000000000005,7040.000000000001,0.0,4423.696364984036,1689.6000000000001,2.4137142857142857,3.7714285714285714,REDPE_2020,,mid,3.77,8784,2022,SFH,mad,C,8,100.0,False,12.0,,9,,,1.0,1.0,1.0
1440031,1,7,Maule,7210,7110,San Rafael,2024,CL.SFH.preRT.lad.D,37.0,1,350269,135357,0.3864372810611273,0.13738340522709971,2374.684210526316,57,2.7777777777777777,2842.608336027233,76.82725232506034,coverage_mid,0.5,4263.912504040849,2131.9562520204245,4263.912504040849,0.0,710.6520840068088,1023.3390009698037,1.461912858528291,2.284238841450455,coverage_sensitivity,0.75,,,8784,1990,SFH,lad,D,3,37.0,False,12.0,,9,,,1.0,1.0,1.0
1440031,1,7,Maule,7210,7110,San Rafael,2024,CL.SFH.preRT.lad.D,37.0,1,350269,135357,0.3864372810611273,0.13738340522709971,2374.684210526316,57,2.7777777777777777,2842.608336027233,76.82725232506034,redpe_mid,0.5,9980.0,2842.608336027233,5685.216672054466,4294.783327945534,0.0,1364.4520012930718,1.9492171447043882,3.0456517886006065,REDPE_2020,,mid,5.345000000000001,8784,1990,SFH,lad,D,3,37.0,False,12.0,,9,,,1.0,1.0,1.0
1407406,2,7,Maule,7205,7107,Pencahue,2024,CL.SFH.CEV.lad.D,56.0,1,350269,135357,0.3864372810611273,0.13738340522709971,2374.684210526316,57,1.7777777777777777,3653.7943864414547,65.2463283293117,coverage_mid,0.5,5480.6915796621815,2740.3457898310908,5480.6915796621815,0.0,913.4485966103636,1315.3659791189236,1.8790942558841766,2.936084774819026,coverage_sensitivity,0.75,,,8784,2018,SFH,lad,D,2,56.0,False,12.0,,9,,,1.0,1.0,1.0
1407406,2,7,Maule,7205,7107,Pencahue,2024,CL.SFH.CEV.lad.D,56.0,1,350269,135357,0.3864372810611273,0.13738340522709971,2374.684210526316,57,1.7777777777777777,3653.7943864414547,65.2463283293117,redpe_mid,0.5,9980.0,3653.7943864414547,7307.588772882909,2672.4112271170907,0.0,1753.8213054918983,2.505459007845569,3.914779699758702,REDPE_2020,,mid,5.345000000000001,8784,2018,SFH,lad,D,2,56.0,False,12.0,,9,,,1.0,1.0,1.0
1279174,3,7,Maule,7103,7306,Romeral,2024,CL.SFH.RT1.lad.D,66.0,1,350269,135357,0.3864372810611273,0.13738340522709971,2374.684210526316,57,4.05,11905.528181006888,180.3867906213165,coverage_mid,0.5,17858.292271510334,8929.146135755167,17858.292271510334,0.0,2976.3820452517225,4285.99014516248,6.122843064517829,9.566942288309107,coverage_sensitivity,0.75,,,8784,2003,SFH,lad,D,4,66.0,False,12.0,,9,,,1.0,1.0,1.0
1279174,3,7,Maule,7103,7306,Romeral,2024,CL.SFH.RT1.lad.D,66.0,1,350269,135357,0.3864372810611273,0.13738340522709971,2374.684210526316,57,4.05,11905.528181006888,180.3867906213165,redpe_mid,0.5,9980.0,4989.999999999999,9979.999999999998,1.8189894035458565e-12,6915.52818100689,2395.1999999999994,3.421714285714285,5.34642857142857,REDPE_2020,,mid,5.345000000000001,8784,2003,SFH,lad,D,4,66.0,False,12.0,,9,,,1.0,1.0,1.0
1428174,4,7,Maule,7207,7103,Curepto,2024,CL.SFH.RT2.lad.E,117.0,1,350269,135357,0.3864372810611273,0.13738340522709971,2374.684210526316,57,9.192307692307692,10627.363886160274,90.83216996718183,coverage_mid,0.5,15941.045829240411,7970.522914620206,15941.045829240413,0.0,2656.8409715400685,3825.850999017699,5.4655014271681415,8.53984597995022,coverage_sensitivity,0.75,,,8784,2011,SFH,lad,E,8,117.0,False,12.0,,9,,,1.0,1.0,1.0
1428174,4,7,Maule,7207,7103,Curepto,2024,CL.SFH.RT2.lad.E,117.0,1,350269,135357,0.3864372810611273,0.13738340522709971,2374.684210526316,57,9.192307692307692,10627.363886160274,90.83216996718183,redpe_mid,0.5,9980.0,4990.0,9980.0,0.0,5637.363886160273,2395.2,3.4217142857142853,5.346428571428571,REDPE_2020,,mid,5.345000000000001,8784,2011,SFH,lad,E,8,117.0,False,12.0,,9,,,1.0,1.0,1.0
1506029,5,7,Maule,7310,7406,San Javier,2024,CL.SFH.post2021.mad.D,84.0,1,350269,135357,0.3864372810611273,0.13738340522709971,2374.684210526316,57,11.0,4069.1158927362285,48.441855865907485,coverage_mid,0.5,6103.673839104343,3051.836919552171,6103.673839104342,9.094947017729282e-13,1017.2789731840571,1464.881721385042,2.092688173407203,3.269825270948755,coverage_sensitivity,0.75,,,8784,2022,SFH,mad,D,8,84.0,False,12.0,,9,,,1.0,1.0,1.0
1506029,5,7,Maule,7310,7406,San Javier,2024,CL.SFH.post2021.mad.D,84.0,1,350269,135357,0.3864372810611273,0.13738340522709971,2374.684210526316,57,11.0,4069.1158927362285,48.441855865907485,redpe_mid,0.5,9980.0,4069.1158927362285,8138.231785472457,1841.768214527543,0.0,1953.1756285133897,2.790250897876271,4.359767027931674,REDPE_2020,,mid,5.345000000000001,8784,2022,SFH,mad,D,8,84.0,False,12.0,,9,,,1.0,1.0,1.0
1473118,6,7,Maule,7302,7408,Yerbas Buenas,2024,CL.SFH.CEV.mad.D,155.0,1,350269,135357,0.3864372810611273,0.13738340522709971,2374.684210526316,57,15.714285714285714,5911.196769932565,38.136753354403645,coverage_mid,0.5,8866.795154898848,4433.397577449424,8866.795154898848,0.0,1477.7991924831413,2128.0308371757233,3.040044053108176,4.750068832981525,coverage_sensitivity,0.75,,,8784,2018,SFH,mad,D,8,155.0,False,12.0,,9,,,1.0,1.0,1.0
1473118,6,7,Maule,7302,7408,Yerbas Buenas,2024,CL.SFH.CEV.mad.D,155.0,1,350269,135357,0.3864372810611273,0.13738340522709971,2374.684210526316,57,15.714285714285714,5911.196769932565,38.136753354403645,redpe_mid,0.5,9980.0,4990.0,9980.0,0.0,921.1967699325651,2395.2,3.4217142857142853,5.346428571428571,REDPE_2020,,mid,5.345000000000001,8784,2018,SFH,mad,D,8,155.0,False,12.0,,9,,,1.0,1.0,1.0
1494315,7,7,Maule,7305,7404,Parral,2024,CL.SFH.RT2.lad.D,64.0,1,350269,135357,0.3864372810611273,0.13738340522709971,2374.684210526316,57,2.75,6120.618969286942,95.63467139510847,coverage_mid,0.5,9180.928453930414,4590.464226965206,9180.928453930412,1.8189894035458565e-12,1530.1547423217353,2203.422828943299,3.147746898490427,4.918354528891292,coverage_sensitivity,0.75,,,8784,2011,SFH,lad,D,3,64.0,False,12.0,,9,,,1.0,1.0,1.0
1494315,7,7,Maule,7305,7404,Parral,2024,CL.SFH.RT2.lad.D,64.0,1,350269,135357,0.3864372810611273,0.13738340522709971,2374.684210526316,57,2.75,6120.618969286942,95.63467139510847,redpe_mid,0.5,9980.0,4990.0,9980.0,0.0,1130.618969286942,2395.2,3.4217142857142853,5.346428571428571,REDPE_2020,,mid,5.345000000000001,8784,2011,SFH,lad,D,3,64.0,False,12.0,,9,,,1.0,1.0,1.0
1293475,8,7,Maule,7108,7304,Molina,2024,CL.SFH.preRT.adobe.D,120.0,1,350269,135357,0.3864372810611273,0.13738340522709971,2374.684210526316,57,1.5769230769230769,22449.420272459323,187.07850227049437,coverage_mid,0.5,33674.13040868899,16837.065204344493,33674.13040868899,0.0,5612.35506811483,8081.791298085357,11.545416140121938,18.039712718940528,coverage_sensitivity,0.75,,,8784,1990,SFH,adobe,D,2,120.0,False,12.0,,9,,,1.0,1.0,1.0
1293475,8,7,Maule,7108,7304,Molina,2024,CL.SFH.preRT.adobe.D,120.0,1,350269,135357,0.3864372810611273,0.13738340522709971,2374.684210526316,57,1.5769230769230769,22449.420272459323,187.07850227049437,redpe_mid,0.5,9980.0,4990.0,9980.0,0.0,17459.420272459327,2395.2,3.4217142857142853,5.346428571428571,REDPE_2020,,mid,5.345000000000001,8784,1990,SFH,adobe,D,2,120.0,False,12.0,,9,,,1.0,1.0,1.0
1448378,9,7,Maule,7301,7401,Linares,2024,CL.SFH.preRT.lad.D,34.0,1,350269,135357,0.3864372810611273,0.13738340522709971,2374.684210526316,57,2.404255319148936,4992.887551539406,146.84963386880605,coverage_mid,0.5,7489.331327309108,3744.665663654553,7489.331327309106,1.8189894035458565e-12,1248.221887884852,1797.4395185541857,2.567770740791694,4.012141782487022,coverage_sensitivity,0.75,,,8784,1990,SFH,lad,D,2,34.0,False,12.0,,9,,,1.0,1.0,1.0
1448378,9,7,Maule,7301,7401,Linares,2024,CL.SFH.preRT.lad.D,34.0,1,350269,135357,0.3864372810611273,0.13738340522709971,2374.684210526316,57,2.404255319148936,4992.887551539406,146.84963386880605,redpe_mid,0.5,9980.0,4989.999999999998,9979.999999999996,3.637978807091713e-12,2.8875515394065623,2395.199999999999,3.4217142857142844,5.346428571428569,REDPE_2020,,mid,5.345000000000001,8784,1990,SFH,lad,D,2,34.0,False,12.0,,9,,,1.0,1.0,1.0
1480196,10,7,Maule,7304,7403,Longaví,2024,CL.SFH.RT2.lad.D,43.0,1,350269,135357,0.3864372810611273,0.13738340522709971,2374.684210526316,57,18.2,3679.6779941163873,85.57390683991598,coverage_mid,0.5,5519.516991174581,2759.75849558729,5519.51699117458,9.094947017729282e-13,919.919498529097,1324.6840778818992,1.8924058255455702,2.9568841024149535,coverage_sensitivity,0.75,,,8784,2011,SFH,lad,D,8,43.0,False,12.0,,9,,,1.0,1.0,1.0
1480196,10,7,Maule,7304,7403,Longaví,2024,CL.SFH.RT2.lad.D,43.0,1,350269,135357,0.3864372810611273,0.13738340522709971,2374.684210526316,57,18.2,3679.6779941163873,85.57390683991598,redpe_mid,0.5,9980.0,3679.6779941163873,7359.3559882327745,2620.6440117672255,0.0,1766.2454371758658,2.5232077673940942,3.942512136553272,REDPE_2020,,mid,5.345000000000001,8784,2011,SFH,lad,D,8,43.0,False,12.0,,9,,,1.0,1.0,1.0
1438614,11,7,Maule,7209,7104,Empedrado,2024,CL.SFH.RT1.mad.E,30.0,1,350269,135357,0.3864372810611273,0.13738340522709971,2374.684210526316,57,2.5625,3625.9218752623783,120.86406250874595,coverage_mid,0.5,5438.8828128935675,2719.4414064467837,5438.8828128935675,0.0,906.4804688155946,1305.3318750944563,1.864759821563509,2.913687221192983,coverage_sensitivity,0.75,,,8784,2003,SFH,mad,E,3,30.0,False,12.0,,9,,,1.0,1.0,1.0
1438614,11,7,Maule,7209,7104,Empedrado,2024,CL.SFH.RT1.mad.E,30.0,1,350269,135357,0.3864372810611273,0.13738340522709971,2374.684210526316,57,2.5625,3625.9218752623783,120.86406250874595,redpe_mid,0.5,9980.0,3625.9218752623783,7251.843750524757,2728.1562494752434,0.0,1740.4425001259415,2.486346428751345,3.8849162949239764,REDPE_2020,,mid,5.345000000000001,8784,2003,SFH,mad,E,3,30.0,False,12.0,,9,,,1.0,1.0,1.0
1527022,12,7,Maule,7401,7201,Cauquenes,2024,CL.SFH.preRT.lad.E,140.0,1,350269,135357,0.3864372810611273,0.13738340522709971,2374.684210526316,57,2.736842105263158,16127.11733241274,115.19369523151957,coverage_mid,0.5,24190.67599861911,12095.337999309555,24190.67599861911,0.0,4031.779333103183,5805.7622396685865,8.293946056669409,12.95929071354595,coverage_sensitivity,0.75,,,8784,1990,SFH,lad,E,3,140.0,False,12.0,,9,,,1.0,1.0,1.0
1527022,12,7,Maule,7401,7201,Cauquenes,2024,CL.SFH.preRT.lad.E,140.0,1,350269,135357,0.3864372810611273,0.13738340522709971,2374.684210526316,57,2.736842105263158,16127.11733241274,115.19369523151957,redpe_mid,0.5,9980.0,4989.999999999999,9979.999999999998,1.8189894035458565e-12,11137.117332412738,2395.1999999999994,3.421714285714285,5.34642857142857,REDPE_2020,,mid,5.345000000000001,8784,1990,SFH,lad,E,3,140.0,False,12.0,,9,,,1.0,1.0,1.0
1273485,13,7,Maule,7102,7308,Teno,2024,CL.SFH.CEV.lad.D,225.0,1,350269,135357,0.3864372810611273,0.13738340522709971,2374.684210526316,57,2.55,10151.903070815148,45.11956920362288,coverage_mid,0.5,15227.854606222721,7613.92730311136,15227.85460622272,1.8189894035458565e-12,2537.975767703787,3654.6851054934527,5.220978722133504,8.157779253333599,coverage_sensitivity,0.75,,,8784,2018,SFH,lad,D,3,225.0,False,12.0,,9,,,1.0,1.0,1.0
1273485,13,7,Maule,7102,7308,Teno,2024,CL.SFH.CEV.lad.D,225.0,1,350269,135357,0.3864372810611273,0.13738340522709971,2374.684210526316,57,2.55,10151.903070815148,45.11956920362288,redpe_mid,0.5,9980.0,4990.0,9980.0,0.0,5161.903070815147,2395.2,3.4217142857142853,5.346428571428571,REDPE_2020,,mid,5.345000000000001,8784,2018,SFH,lad,D,3,225.0,False,12.0,,9,,,1.0,1.0,1.0
1287193,14,7,Maule,7106,7309,Vichuquén,2024,CL.SFH.CEV.lad.C,154.0,1,350269,135357,0.3864372810611273,0.13738340522709971,2374.684210526316,57,6.615384615384615,13079.90833555352,84.9344697113865,coverage_mid,0.5,19619.86250333028,9809.93125166514,19619.86250333028,0.0,3269.9770838883796,4708.767000799268,6.7268100011418115,10.510640626784081,coverage_sensitivity,0.75,,,8784,2018,SFH,lad,C,7,154.0,False,12.0,,9,,,1.0,1.0,1.0
1287193,14,7,Maule,7106,7309,Vichuquén,2024,CL.SFH.CEV.lad.C,154.0,1,350269,135357,0.3864372810611273,0.13738340522709971,2374.684210526316,57,6.615384615384615,13079.90833555352,84.9344697113865,redpe_mid,0.5,9980.0,4990.000000000001,9980.000000000002,0.0,8089.908335553521,2395.2000000000003,3.421714285714286,5.346428571428572,REDPE_2020,,mid,5.345000000000001,8784,2018,SFH,lad,C,7,154.0,False,12.0,,9,,,1.0,1.0,1.0
1283864,15,7,Maule,7105,7303,Licantén,2024,CL.SFH.preRT.mad.C,90.0,1,350269,135357,0.3864372810611273,0.13738340522709971,2374.684210526316,57,3.638888888888889,11460.56705274037,127.33963391933746,coverage_mid,0.5,17190.850579110556,8595.425289555278,17190.850579110556,0.0,2865.1417631850945,4125.804138986534,5.894005912837906,9.209384238809227,coverage_sensitivity,0.75,,,8784,1990,SFH,mad,C,4,90.0,False,12.0,,9,,,1.0,1.0,1.0
1283864,15,7,Maule,7105,7303,Licantén,2024,CL.SFH.preRT.mad.C,90.0,1,350269,135357,0.3864372810611273,0.13738340522709971,2374.684210526316,57,3.638888888888889,11460.56705274037,127.33963391933746,redpe_mid,0.5,9980.0,4990.0,9980.0,0.0,6470.567052740374,2395.2,3.4217142857142853,5.346428571428571,REDPE_2020,,mid,5.345000000000001,8784,1990,SFH,mad,C,4,90.0,False,12.0,,9,,,1.0,1.0,1.0
1501713,16,7,Maule,7309,7407,Villa Alegre,2024,CL.SFH.RT2.lad.D,43.0,1,350269,135357,0.3864372810611273,0.13738340522709971,2374.684210526316,57,1.9166666666666667,4041.82055418029,93.99582684140209,coverage_mid,0.5,6062.730831270435,3031.3654156352177,6062.730831270435,0.0,1010.4551385450727,1455.0553995049045,2.078650570721292,3.247891516752019,coverage_sensitivity,0.75,,,8784,2011,SFH,lad,D,2,43.0,False,12.0,,9,,,1.0,1.0,1.0
1501713,16,7,Maule,7309,7407,Villa Alegre,2024,CL.SFH.RT2.lad.D,43.0,1,350269,135357,0.3864372810611273,0.13738340522709971,2374.684210526316,57,1.9166666666666667,4041.82055418029,93.99582684140209,redpe_mid,0.5,9980.0,4041.82055418029,8083.64110836058,1896.35889163942,0.0,1940.0738660065392,2.771534094295056,4.330522022336025,REDPE_2020,,mid,5.345000000000001,8784,2011,SFH,lad,D,2,43.0,False,12.0,,9,,,1.0,1.0,1.0
1538487,17,7,Maule,7402,7203,Pelluhue,2024,CL.SFH.RT2.lad.E,57.0,1,350269,135357,0.3864372810611273,0.13738340522709971,2374.684210526316,57,2.606060606060606,6241.479813951151,109.49964585879212,coverage_mid,0.5,9362.219720926727,4681.109860463363,9362.219720926725,1.8189894035458565e-12,1560.3699534877878,2246.932733022414,3.2099039043177346,5.01547485049646,coverage_sensitivity,0.75,,,8784,2011,SFH,lad,E,3,57.0,False,12.0,,9,,,1.0,1.0,1.0
1538487,17,7,Maule,7402,7203,Pelluhue,2024,CL.SFH.RT2.lad.E,57.0,1,350269,135357,0.3864372810611273,0.13738340522709971,2374.684210526316,57,2.606060606060606,6241.479813951151,109.49964585879212,redpe_mid,0.5,9980.0,4990.0,9980.0,0.0,1251.4798139511513,2395.2,3.4217142857142853,5.346428571428571,REDPE_2020,,mid,5.345000000000001,8784,2011,SFH,lad,E,3,57.0,False,12.0,,9,,,1.0,1.0,1.0
1306966,18,7,Maule,7109,7307,Sagrada Familia,2024,CL.SFH.RT2.mad.D,136.0,1,350269,135357,0.3864372810611273,0.13738340522709971,2374.684210526316,57,2.4,10480.587520480145,77.06314353294225,coverage_mid,0.5,15720.881280720218,7860.440640360108,15720.881280720216,1.8189894035458565e-12,2620.1468801200363,3773.011507372852,5.390016439104074,8.421900686100116,coverage_sensitivity,0.75,,,8784,2011,SFH,mad,D,2,136.0,False,12.0,,9,,,1.0,1.0,1.0
1306966,18,7,Maule,7109,7307,Sagrada Familia,2024,CL.SFH.RT2.mad.D,136.0,1,350269,135357,0.3864372810611273,0.13738340522709971,2374.684210526316,57,2.4,10480.587520480145,77.06314353294225,redpe_mid,0.5,9980.0,4989.999999999998,9979.999999999996,3.637978807091713e-12,5490.587520480145,2395.199999999999,3.4217142857142844,5.346428571428569,REDPE_2020,,mid,5.345000000000001,8784,2011,SFH,mad,D,2,136.0,False,12.0,,9,,,1.0,1.0,1.0
1429015,19,7,Maule,7208,7102,Constitución,2024,CL.SFH.RT1.lad.E,60.0,1,350269,135357,0.3864372810611273,0.13738340522709971,2374.684210526316,57,4.4,3238.2651417228276,53.97108569538046,coverage_mid,0.5,4857.397712584241,2428.69885629212,4857.39771258424,9.094947017729282e-13,809.566285430707,1165.7754510202176,1.6653935014574537,2.6021773460272715,coverage_sensitivity,0.75,,,8784,2003,SFH,lad,E,4,60.0,False,12.0,,9,,,1.0,1.0,1.0
1429015,19,7,Maule,7208,7102,Constitución,2024,CL.SFH.RT1.lad.E,60.0,1,350269,135357,0.3864372810611273,0.13738340522709971,2374.684210526316,57,4.4,3238.2651417228276,53.97108569538046,redpe_mid,0.5,9980.0,3238.2651417228276,6476.530283445655,3503.469716554345,0.0,1554.3672680269572,2.2205246686099387,3.469569794703029,REDPE_2020,,mid,5.345000000000001,8784,2003,SFH,lad,E,4,60.0,False,12.0,,9,,,1.0,1.0,1.0
1255460,20,7,Maule,7101,7301,Curicó,2024,CL.SFH.preRT.lad.D,34.0,1,350269,135357,0.3864372810611273,0.13738340522709971,2374.684210526316,57,2.396551724137931,5527.589104179252,162.5761501229192,coverage_mid,0.5,8291.383656268878,4145.691828134438,8291.383656268876,1.8189894035458565e-12,1381.8972760448132,1989.9320775045303,2.8427601107207576,4.441812673001183,coverage_sensitivity,0.75,,,8784,1990,SFH,lad,D,2,34.0,False,12.0,,9,,,1.0,1.0,1.0
1255460,20,7,Maule,7101,7301,Curicó,2024,CL.SFH.preRT.lad.D,34.0,1,350269,135357,0.3864372810611273,0.13738340522709971,2374.684210526316,57,2.396551724137931,5527.589104179252,162.5761501229192,redpe_mid,0.5,9980.0,4990.0,9980.0,0.0,537.5891041792519,2395.2,3.4217142857142853,5.346428571428571,REDPE_2020,,mid,5.345000000000001,8784,1990,SFH,lad,D,2,34.0,False,12.0,,9,,,1.0,1.0,1.0
1325757,21,7,Maule,7201,7101,Talca,2024,CL.SFH.preRT.lad.D,47.0,1,350269,135357,0.3864372810611273,0.13738340522709971,2374.684210526316,57,2.9565217391304346,3447.5706172733253,73.35256632496437,coverage_mid,0.5,5171.3559259099875,2585.6779629549933,5171.355925909987,9.094947017729282e-13,861.8926543183316,1241.1254222183968,1.7730363174548527,2.770369246023207,coverage_sensitivity,0.75,,,8784,1990,SFH,lad,D,3,47.0,False,12.0,,9,,,1.0,1.0,1.0
1325757,21,7,Maule,7201,7101,Talca,2024,CL.SFH.preRT.lad.D,47.0,1,350269,135357,0.3864372810611273,0.13738340522709971,2374.684210526316,57,2.9565217391304346,3447.5706172733253,73.35256632496437,redpe_mid,0.5,9980.0,3447.5706172733253,6895.141234546651,3084.8587654533494,0.0,1654.8338962911962,2.3640484232731374,3.693825661364277,REDPE_2020,,mid,5.345000000000001,8784,1990,SFH,lad,D,3,47.0,False,12.0,,9,,,1.0,1.0,1.0
1394663,22,7,Maule,7202,7109,San Clemente,2024,CL.SFH.preRT.adobe.D,150.0,1,350269,135357,0.3864372810611273,0.13738340522709971,2374.684210526316,57,27.0,30709.650742616646,204.73100495077765,coverage_mid,0.5,46064.47611392497,23032.238056962484,46064.47611392497,0.0,7677.412685654159,11055.474267341991,15.793534667631416,24.677397918174087,coverage_sensitivity,0.75,,,8784,1990,SFH,adobe,D,8,150.0,False,12.0,,9,,,1.0,1.0,1.0
1394663,22,7,Maule,7202,7109,San Clemente,2024,CL.SFH.preRT.adobe.D,150.0,1,350269,135357,0.3864372810611273,0.13738340522709971,2374.684210526316,57,27.0,30709.650742616646,204.73100495077765,redpe_mid,0.5,9980.0,4990.0,9980.0,0.0,25719.65074261664,2395.2,3.4217142857142853,5.346428571428571,REDPE_2020,,mid,5.345000000000001,8784,1990,SFH,adobe,D,8,150.0,False,12.0,,9,,,1.0,1.0,1.0
1402133,23,7,Maule,7203,7106,Pelarco,2024,CL.SFH.preRT.lad.D,7.0,1,350269,135357,0.3864372810611273,0.13738340522709971,2374.684210526316,57,2.0,1051.4293658205968,150.20419511722812,coverage_mid,0.5,1577.144048730895,788.5720243654473,1577.1440487308946,4.547473508864641e-13,262.8573414551494,378.5145716954147,0.540735102422021,0.8448985975344079,coverage_sensitivity,0.75,,,8784,1990,SFH,lad,D,2,7.0,False,12.0,,9,,,1.0,1.0,1.0
1402133,23,7,Maule,7203,7106,Pelarco,2024,CL.SFH.preRT.lad.D,7.0,1,350269,135357,0.3864372810611273,0.13738340522709971,2374.684210526316,57,2.0,1051.4293658205968,150.20419511722812,redpe_mid,0.5,9980.0,1051.4293658205968,2102.8587316411936,7877.141268358806,0.0,504.6860955938865,0.720980136562695,1.126531463379211,REDPE_2020,,mid,5.345000000000001,8784,1990,SFH,lad,D,2,7.0,False,12.0,,9,,,1.0,1.0,1.0
1290333,24,7,Maule,7107,7302,Hualañé,2024,CL.SFH.CEV.lad.D,62.0,1,350269,135357,0.3864372810611273,0.13738340522709971,2374.684210526316,57,4.020833333333333,3231.890093673273,52.12725957537537,coverage_mid,0.5,4847.835140509909,2423.917570254955,4847.83514050991,0.0,807.9725234183179,1163.4804337223786,1.6621149053176838,2.597054539558881,coverage_sensitivity,0.75,,,8784,2018,SFH,lad,D,4,62.0,False,12.0,,9,,,1.0,1.0,1.0
1290333,24,7,Maule,7107,7302,Hualañé,2024,CL.SFH.CEV.lad.D,62.0,1,350269,135357,0.3864372810611273,0.13738340522709971,2374.684210526316,57,4.020833333333333,3231.890093673273,52.12725957537537,redpe_mid,0.5,9980.0,3231.890093673273,6463.780187346546,3516.219812653454,0.0,1551.3072449631711,2.2161532070902443,3.4627393860785065,REDPE_2020,,mid,5.345000000000001,8784,2018,SFH,lad,D,4,62.0,False,12.0,,9,,,1.0,1.0,1.0
1280802,25,7,Maule,7104,7305,Rauco,2024,CL.SFH.preRT.lad.D,32.0,1,350269,135357,0.3864372810611273,0.13738340522709971,2374.684210526316,57,1.7333333333333334,2765.6219894639644,86.42568717074889,coverage_mid,0.5,4148.432984195946,2074.216492097973,4148.432984195946,0.0,691.4054973659912,995.623916207027,1.4223198802957528,2.222374812962114,coverage_sensitivity,0.75,,,8784,1990,SFH,lad,D,2,32.0,False,12.0,,9,,,1.0,1.0,1.0
1280802,25,7,Maule,7104,7305,Rauco,2024,CL.SFH.preRT.lad.D,32.0,1,350269,135357,0.3864372810611273,0.13738340522709971,2374.684210526316,57,1.7333333333333334,2765.6219894639644,86.42568717074889,redpe_mid,0.5,9980.0,2765.6219894639644,5531.243978927929,4448.756021072071,0.0,1327.498554942703,1.8964265070610045,2.9631664172828196,REDPE_2020,,mid,5.345000000000001,8784,1990,SFH,lad,D,2,32.0,False,12.0,,9,,,1.0,1.0,1.0
1478723,26,7,Maule,7303,7402,Colbún,2024,CL.SFH.RT1.lad.D,31.0,1,350269,135357,0.3864372810611273,0.13738340522709971,2374.684210526316,57,2.4166666666666665,8334.797506048713,268.86443567899073,coverage_mid,0.5,12502.196259073069,6251.098129536534,12502.196259073067,1.8189894035458565e-12,2083.69937651218,3000.527102177536,4.286467288825052,6.697605138789143,coverage_sensitivity,0.75,,,8784,2003,SFH,lad,D,2,31.0,False,12.0,,9,,,1.0,1.0,1.0
1478723,26,7,Maule,7303,7402,Colbún,2024,CL.SFH.RT1.lad.D,31.0,1,350269,135357,0.3864372810611273,0.13738340522709971,2374.684210526316,57,2.4166666666666665,8334.797506048713,268.86443567899073,redpe_mid,0.5,9980.0,4990.0,9980.0,0.0,3344.797506048715,2395.2,3.4217142857142853,5.346428571428571,REDPE_2020,,mid,5.345000000000001,8784,2003,SFH,lad,D,2,31.0,False,12.0,,9,,,1.0,1.0,1.0
1402713,27,7,Maule,7204,7108,Río Claro,2024,CL.SFH.RT1.lad.D,42.0,1,350269,135357,0.3864372810611273,0.13738340522709971,2374.684210526316,57,2.6271186440677967,3363.3605202854133,80.08001238774793,coverage_mid,0.5,5045.04078042812,2522.52039021406,5045.04078042812,0.0,840.8401300713531,1210.8097873027489,1.7297282675753556,2.702700418086493,coverage_sensitivity,0.75,,,8784,2003,SFH,lad,D,3,42.0,False,12.0,,9,,,1.0,1.0,1.0
1402713,27,7,Maule,7204,7108,Río Claro,2024,CL.SFH.RT1.lad.D,42.0,1,350269,135357,0.3864372810611273,0.13738340522709971,2374.684210526316,57,2.6271186440677967,3363.3605202854133,80.08001238774793,redpe_mid,0.5,9980.0,3363.3605202854133,6726.7210405708265,3253.2789594291735,0.0,1614.4130497369983,2.3063043567671406,3.603600557448657,REDPE_2020,,mid,5.345000000000001,8784,2003,SFH,lad,D,3,42.0,False,12.0,,9,,,1.0,1.0,1.0
1497623,28,7,Maule,7306,7405,Retiro,2024,CL.SFH.CEV.hor.D,57.0,1,350269,135357,0.3864372810611273,0.13738340522709971,2374.684210526316,57,2.608695652173913,4224.864840272225,74.12043579424956,coverage_mid,0.5,6337.297260408337,3168.648630204169,6337.297260408338,0.0,1056.2162100680562,1520.951342498001,2.1727876321400013,3.394980675218752,coverage_sensitivity,0.75,,,8784,2018,SFH,hor,D,3,57.0,False,12.0,,9,,,1.0,1.0,1.0
1497623,28,7,Maule,7306,7405,Retiro,2024,CL.SFH.CEV.hor.D,57.0,1,350269,135357,0.3864372810611273,0.13738340522709971,2374.684210526316,57,2.608695652173913,4224.864840272225,74.12043579424956,redpe_mid,0.5,9980.0,4224.864840272225,8449.72968054445,1530.2703194555506,0.0,2027.9351233306677,2.897050176186668,4.526640900291668,REDPE_2020,,mid,5.345000000000001,8784,2018,SFH,hor,D,3,57.0,False,12.0,,9,,,1.0,1.0,1.0
1422099,29,7,Maule,7206,7105,Maule,2024,CL.SFH.post2021.lad.D,60.0,1,350269,135357,0.3864372810611273,0.13738340522709971,2374.684210526316,57,1.7619047619047619,3419.6087841551744,56.99347973591957,coverage_mid,0.5,5129.4131762327615,2564.7065881163808,5129.4131762327615,0.0,854.9021960387936,1231.059162295863,1.758655946136947,2.7478999158389796,coverage_sensitivity,0.75,,,8784,2022,SFH,lad,D,2,60.0,False,12.0,,9,,,1.0,1.0,1.0
1422099,29,7,Maule,7206,7105,Maule,2024,CL.SFH.post2021.lad.D,60.0,1,350269,135357,0.3864372810611273,0.13738340522709971,2374.684210526316,57,1.7619047619047619,3419.6087841551744,56.99347973591957,redpe_mid,0.5,9980.0,3419.6087841551744,6839.217568310349,3140.7824316896513,0.0,1641.4122163944837,2.3448745948492626,3.663866554451973,REDPE_2020,,mid,5.345000000000001,8784,2022,SFH,lad,D,2,60.0,False,12.0,,9,,,1.0,1.0,1.0
1539220,30,7,Maule,7403,7202,Chanco,2024,CL.SFH.RT1.lad.E,17.0,1,350269,135357,0.3864372810611273,0.13738340522709971,2374.684210526316,57,4.084033613445378,1156.4185973581364,68.02462337400802,coverage_mid,0.5,1734.6278960372047,867.3139480186023,1734.6278960372047,0.0,289.1046493395338,416.3106950489291,0.5947295643556131,0.9292649443056454,coverage_sensitivity,0.75,,,8784,2003,SFH,lad,E,4,17.0,False,12.0,,9,,,1.0,1.0,1.0
1539220,30,7,Maule,7403,7202,Chanco,2024,CL.SFH.RT1.lad.E,17.0,1,350269,135357,0.3864372810611273,0.13738340522709971,2374.684210526316,57,4.084033613445378,1156.4185973581364,68.02462337400802,redpe_mid,0.5,9980.0,1156.4185973581364,2312.8371947162727,7667.162805283728,0.0,555.0809267319055,0.7929727524741507,1.2390199257408603,REDPE_2020,,mid,5.345000000000001,8784,2003,SFH,lad,E,4,17.0,False,12.0,,9,,,1.0,1.0,1.0
1395702,31,7,Maule,7202,7109,San Clemente,2024,CL.SFH.preRT.lad.D,45.0,1,350269,135357,0.3864372810611273,0.13738340522709971,2374.684210526316,57,2.45,10429.990778067446,231.77757284594324,coverage_mid,0.5,15644.986167101168,7822.493083550584,15644.986167101168,0.0,2607.4976945168632,3754.7966801042803,5.363995257291829,8.381242589518482,coverage_sensitivity,0.75,,,8784,1990,SFH,lad,D,2,45.0,False,12.0,,9,,,1.0,1.0,1.0
1395702,31,7,Maule,7202,7109,San Clemente,2024,CL.SFH.preRT.lad.D,45.0,1,350269,135357,0.3864372810611273,0.13738340522709971,2374.684210526316,57,2.45,10429.990778067446,231.77757284594324,redpe_mid,0.5,9980.0,4989.999999999999,9979.999999999998,1.8189894035458565e-12,5439.990778067447,2395.1999999999994,3.421714285714285,5.34642857142857,REDPE_2020,,mid,5.345000000000001,8784,1990,SFH,lad,D,2,45.0,False,12.0,,9,,,1.0,1.0,1.0
1435112,32,7,Maule,7208,7102,Constitución,2024,CL.SFH.preRT.lad.E,94.0,1,350269,135357,0.3864372810611273,0.13738340522709971,2374.684210526316,57,2.6,10262.81634324932,109.17889726860979,coverage_mid,0.5,15394.22451487398,7697.11225743699,15394.22451487398,0.0,2565.70408581233,3694.613883569755,5.278019833671079,8.246905990111062,coverage_sensitivity,0.75,,,8784,1990,SFH,lad,E,3,94.0,False,12.0,,9,,,1.0,1.0,1.0
1435112,32,7,Maule,7208,7102,Constitución,2024,CL.SFH.preRT.lad.E,94.0,1,350269,135357,0.3864372810611273,0.13738340522709971,2374.684210526316,57,2.6,10262.81634324932,109.17889726860979,redpe_mid,0.5,9980.0,4990.000000000001,9980.000000000002,0.0,5272.816343249319,2395.2000000000003,3.421714285714286,5.346428571428572,REDPE_2020,,mid,5.345000000000001,8784,1990,SFH,lad,E,3,94.0,False,12.0,,9,,,1.0,1.0,1.0
1540167,33,7,Maule,7403,7202,Chanco,2024,CL.SFH.RT1.lad.E,15.0,1,350269,135357,0.3864372810611273,0.13738340522709971,2374.684210526316,57,2.88,1261.9044877417484,84.12696584944989,coverage_mid,0.5,1892.8567316126228,946.4283658063114,1892.8567316126228,0.0,315.4761219354368,454.2856155870295,0.6489794508386135,1.0140303919353335,coverage_sensitivity,0.75,,,8784,2003,SFH,lad,E,3,15.0,False,12.0,,9,,,1.0,1.0,1.0
1540167,33,7,Maule,7403,7202,Chanco,2024,CL.SFH.RT1.lad.E,15.0,1,350269,135357,0.3864372810611273,0.13738340522709971,2374.684210526316,57,2.88,1261.9044877417484,84.12696584944989,redpe_mid,0.5,9980.0,1261.9044877417484,2523.808975483497,7456.191024516504,0.0,605.7141541160393,0.8653059344514846,1.3520405225804446,REDPE_2020,,mid,5.345000000000001,8784,2003,SFH,lad,E,3,15.0,False,12.0,,9,,,1.0,1.0,1.0
1406105,34,7,Maule,7205,7107,Pencahue,2024,CL.SFH.post2021.mad.D,40.0,1,350269,135357,0.3864372810611273,0.13738340522709971,2374.684210526316,57,3.2115384615384617,3063.346513370513,76.58366283426282,coverage_mid,0.5,4595.019770055769,2297.509885027884,4595.019770055768,9.094947017729282e-13,765.8366283426285,1102.8047448133843,1.5754353497334062,2.461617733958447,coverage_sensitivity,0.75,,,8784,2022,SFH,mad,D,3,40.0,False,12.0,,9,,,1.0,1.0,1.0
1406105,34,7,Maule,7205,7107,Pencahue,2024,CL.SFH.post2021.mad.D,40.0,1,350269,135357,0.3864372810611273,0.13738340522709971,2374.684210526316,57,3.2115384615384617,3063.346513370513,76.58366283426282,redpe_mid,0.5,9980.0,3063.346513370513,6126.693026741026,3853.306973258974,0.0,1470.4063264178465,2.100580466311209,3.282156978611264,REDPE_2020,,mid,5.345000000000001,8784,2022,SFH,mad,D,3,40.0,False,12.0,,9,,,1.0,1.0,1.0
1300893,35,7,Maule,7108,7304,Molina,2024,CL.SFH.RT2.lad.D,45.0,1,350269,135357,0.3864372810611273,0.13738340522709971,2374.684210526316,57,2.7666666666666666,9559.608107910284,212.43573573133966,coverage_mid,0.5,14339.412161865426,7169.706080932714,14339.412161865428,0.0,2389.9020269775674,3441.458918847703,4.916369884068147,7.681827943856479,coverage_sensitivity,0.75,,,8784,2011,SFH,lad,D,3,45.0,False,12.0,,9,,,1.0,1.0,1.0
1300893,35,7,Maule,7108,7304,Molina,2024,CL.SFH.RT2.lad.D,45.0,1,350269,135357,0.3864372810611273,0.13738340522709971,2374.684210526316,57,2.7666666666666666,9559.608107910284,212.43573573133966,redpe_mid,0.5,9980.0,4990.000000000001,9980.000000000002,0.0,4569.6081079102805,2395.2000000000003,3.421714285714286,5.346428571428572,REDPE_2020,,mid,5.345000000000001,8784,2011,SFH,lad,D,3,45.0,False,12.0,,9,,,1.0,1.0,1.0
1503783,36,7,Maule,7309,7407,Villa Alegre,2024,CL.SFH.RT2.lad.D,30.0,1,350269,135357,0.3864372810611273,0.13738340522709971,2374.684210526316,57,2.5714285714285716,2770.2319030390954,92.34106343463651,coverage_mid,0.5,4155.347854558643,2077.673927279322,4155.347854558644,0.0,692.557975759774,997.2834850940745,1.424690692991535,2.2260792077992733,coverage_sensitivity,0.75,,,8784,2011,SFH,lad,D,3,30.0,False,12.0,,9,,,1.0,1.0,1.0
1503783,36,7,Maule,7309,7407,Villa Alegre,2024,CL.SFH.RT2.lad.D,30.0,1,350269,135357,0.3864372810611273,0.13738340522709971,2374.684210526316,57,2.5714285714285716,2770.2319030390954,92.34106343463651,redpe_mid,0.5,9980.0,2770.2319030390954,5540.463806078191,4439.536193921809,0.0,1329.711313458766,1.8995875906553799,2.968105610399031,REDPE_2020,,mid,5.345000000000001,8784,2011,SFH,lad,D,3,30.0,False,12.0,,9,,,1.0,1.0,1.0
1283904,37,7,Maule,7105,7303,Licantén,2024,CL.SFH.preRT.lad.C,73.0,1,350269,135357,0.3864372810611273,0.13738340522709971,2374.684210526316,57,2.3125,11451.766500751042,156.87351370891838,coverage_mid,0.5,17177.649751126562,8588.824875563283,17177.649751126566,0.0,2862.941625187761,4122.6359402703765,5.889479914671966,9.202312366674947,coverage_sensitivity,0.75,,,8784,1990,SFH,lad,C,2,73.0,False,12.0,,9,,,1.0,1.0,1.0
1283904,37,7,Maule,7105,7303,Licantén,2024,CL.SFH.preRT.lad.C,73.0,1,350269,135357,0.3864372810611273,0.13738340522709971,2374.684210526316,57,2.3125,11451.766500751042,156.87351370891838,redpe_mid,0.5,9980.0,4989.999999999999,9979.999999999998,1.8189894035458565e-12,6461.766500751042,2395.1999999999994,3.421714285714285,5.34642857142857,REDPE_2020,,mid,5.345000000000001,8784,1990,SFH,lad,C,2,73.0,False,12.0,,9,,,1.0,1.0,1.0
1360162,38,7,Maule,7201,7101,Talca,2024,CL.SFH.preRT.lad.D,44.0,1,350269,135357,0.3864372810611273,0.13738340522709971,2374.684210526316,57,2.8214285714285716,3248.3776757467876,73.82676535788154,coverage_mid,0.5,4872.5665136201815,2436.2832568100907,4872.5665136201815,0.0,812.0944189366974,1169.4159632688436,1.6705942332412052,2.610303489439383,coverage_sensitivity,0.75,,,8784,1990,SFH,lad,D,3,44.0,False,12.0,,9,,,1.0,1.0,1.0
1360162,38,7,Maule,7201,7101,Talca,2024,CL.SFH.preRT.lad.D,44.0,1,350269,135357,0.3864372810611273,0.13738340522709971,2374.684210526316,57,2.8214285714285716,3248.3776757467876,73.82676535788154,redpe_mid,0.5,9980.0,3248.3776757467876,6496.755351493575,3483.2446485064247,0.0,1559.221284358458,2.22745897765494,3.4804046525858436,REDPE_2020,,mid,5.345000000000001,8784,1990,SFH,lad,D,3,44.0,False,12.0,,9,,,1.0,1.0,1.0
1482342,39,7,Maule,7304,7403,Longaví,2024,CL.SFH.preRT.lad.D,39.0,1,350269,135357,0.3864372810611273,0.13738340522709971,2374.684210526316,57,2.8333333333333335,3773.134173486524,96.74703008939805,coverage_mid,0.5,5659.701260229786,2829.8506301148927,5659.7012602297855,9.094947017729282e-13,943.2835433716314,1358.3283024551486,1.940469003507355,3.0319828179802424,coverage_sensitivity,0.75,,,8784,1990,SFH,lad,D,3,39.0,False,12.0,,9,,,1.0,1.0,1.0
1482342,39,7,Maule,7304,7403,Longaví,2024,CL.SFH.preRT.lad.D,39.0,1,350269,135357,0.3864372810611273,0.13738340522709971,2374.684210526316,57,2.8333333333333335,3773.134173486524,96.74703008939805,redpe_mid,0.5,9980.0,3773.134173486524,7546.268346973048,2433.731653026952,0.0,1811.1044032735315,2.5872920046764736,4.0426437573069895,REDPE_2020,,mid,5.345000000000001,8784,1990,SFH,lad,D,3,39.0,False,12.0,,9,,,1.0,1.0,1.0
1521525,40,7,Maule,7310,7406,San Javier,2024,CL.SFH.RT1.lad.D,36.0,1,350269,135357,0.3864372810611273,0.13738340522709971,2374.684210526316,57,2.235294117647059,3409.4644377143077,94.7073454920641,coverage_mid,0.5,5114.196656571461,2557.0983282857305,5114.196656571461,0.0,852.3661094285771,1227.4071975771508,1.7534388536816439,2.7397482088775686,coverage_sensitivity,0.75,,,8784,2003,SFH,lad,D,2,36.0,False,12.0,,9,,,1.0,1.0,1.0
1521525,40,7,Maule,7310,7406,San Javier,2024,CL.SFH.RT1.lad.D,36.0,1,350269,135357,0.3864372810611273,0.13738340522709971,2374.684210526316,57,2.235294117647059,3409.4644377143077,94.7073454920641,redpe_mid,0.5,9980.0,3409.4644377143077,6818.928875428615,3161.0711245713846,0.0,1636.5429301028678,2.3379184715755255,3.6529976118367586,REDPE_2020,,mid,5.345000000000001,8784,2003,SFH,lad,D,2,36.0,False,12.0,,9,,,1.0,1.0,1.0
1308457,41,7,Maule,7109,7307,Sagrada Familia,2024,CL.SFH.CEV.lad.D,35.0,1,350269,135357,0.3864372810611273,0.13738340522709971,2374.684210526316,57,3.1265822784810124,2506.3714687754573,71.6106133935845,coverage_mid,0.5,3759.557203163186,1879.7786015815927,3759.5572031631855,4.547473508864641e-13,626.5928671938643,902.2937287591645,1.2889910410845207,2.0140485016945635,coverage_sensitivity,0.75,,,8784,2018,SFH,lad,D,3,35.0,False,12.0,,9,,,1.0,1.0,1.0
1308457,41,7,Maule,7109,7307,Sagrada Familia,2024,CL.SFH.CEV.lad.D,35.0,1,350269,135357,0.3864372810611273,0.13738340522709971,2374.684210526316,57,3.1265822784810124,2506.3714687754573,71.6106133935845,redpe_mid,0.5,9980.0,2506.3714687754573,5012.742937550915,4967.257062449085,0.0,1203.0583050122195,1.718654721446028,2.6853980022594186,REDPE_2020,,mid,5.345000000000001,8784,2018,SFH,lad,D,3,35.0,False,12.0,,9,,,1.0,1.0,1.0
1272202,42,7,Maule,7102,7308,Teno,2024,CL.SFH.CEV.mad.D,94.0,1,350269,135357,0.3864372810611273,0.13738340522709971,2374.684210526316,57,3.0625,5060.467056561865,53.834755920870904,coverage_mid,0.5,7590.700584842798,3795.3502924213994,7590.700584842799,0.0,1265.1167641404666,1821.7681403622717,2.602525914803245,4.06644674188007,coverage_sensitivity,0.75,,,8784,2018,SFH,mad,D,3,94.0,False,12.0,,9,,,1.0,1.0,1.0
1272202,42,7,Maule,7102,7308,Teno,2024,CL.SFH.CEV.mad.D,94.0,1,350269,135357,0.3864372810611273,0.13738340522709971,2374.684210526316,57,3.0625,5060.467056561865,53.834755920870904,redpe_mid,0.5,9980.0,4990.0,9980.0,0.0,70.46705656186532,2395.2,3.4217142857142853,5.346428571428571,REDPE_2020,,mid,5.345000000000001,8784,2018,SFH,mad,D,3,94.0,False,12.0,,9,,,1.0,1.0,1.0
1403904,43,7,Maule,7204,7108,Río Claro,2024,CL.SFH.RT1.lad.D,36.0,1,350269,135357,0.3864372810611273,0.13738340522709971,2374.684210526316,57,3.28,2947.3227523539754,81.8700764542771,coverage_mid,0.5,4420.984128530963,2210.4920642654815,4420.984128530963,0.0,736.8306880884937,1061.036190847431,1.5157659869249014,2.3683843545701584,coverage_sensitivity,0.75,,,8784,2003,SFH,lad,D,3,36.0,False,12.0,,9,,,1.0,1.0,1.0
1403904,43,7,Maule,7204,7108,Río Claro,2024,CL.SFH.RT1.lad.D,36.0,1,350269,135357,0.3864372810611273,0.13738340522709971,2374.684210526316,57,3.28,2947.3227523539754,81.8700764542771,redpe_mid,0.5,9980.0,2947.3227523539754,5894.645504707951,4085.3544952920493,0.0,1414.7149211299081,2.0210213158998687,3.157845806093545,REDPE_2020,,mid,5.345000000000001,8784,2003,SFH,lad,D,3,36.0,False,12.0,,9,,,1.0,1.0,1.0
1448814,44,7,Maule,7301,7401,Linares,2024,CL.SFH.preRT.lad.D,44.0,1,350269,135357,0.3864372810611273,0.13738340522709971,2374.684210526316,57,2.7358490566037736,5887.232100079213,133.80072954725483,coverage_mid,0.5,8830.848150118818,4415.424075059409,8830.848150118818,0.0,1471.8080250198036,2119.4035560285165,3.0277193657550234,4.730811508992224,coverage_sensitivity,0.75,,,8784,1990,SFH,lad,D,3,44.0,False,12.0,,9,,,1.0,1.0,1.0
1448814,44,7,Maule,7301,7401,Linares,2024,CL.SFH.preRT.lad.D,44.0,1,350269,135357,0.3864372810611273,0.13738340522709971,2374.684210526316,57,2.7358490566037736,5887.232100079213,133.80072954725483,redpe_mid,0.5,9980.0,4990.000000000001,9980.000000000002,0.0,897.2321000792126,2395.2000000000003,3.421714285714286,5.346428571428572,REDPE_2020,,mid,5.345000000000001,8784,1990,SFH,lad,D,3,44.0,False,12.0,,9,,,1.0,1.0,1.0
1427257,45,7,Maule,7207,7103,Curepto,2024,CL.SFH.preRT.adobe.E,307.0,1,350269,135357,0.3864372810611273,0.13738340522709971,2374.684210526316,57,2.0,38026.351611288286,123.86433749605305,coverage_mid,0.5,57039.527416932426,28519.763708466216,57039.52741693243,0.0,9506.587902822073,13689.486580063785,19.556409400091123,30.55688968764238,coverage_sensitivity,0.75,,,8784,1990,SFH,adobe,E,2,307.0,False,12.0,,9,,,1.0,1.0,1.0
1427257,45,7,Maule,7207,7103,Curepto,2024,CL.SFH.preRT.adobe.E,307.0,1,350269,135357,0.3864372810611273,0.13738340522709971,2374.684210526316,57,2.0,38026.351611288286,123.86433749605305,redpe_mid,0.5,9980.0,4990.0,9980.0,0.0,33036.351611288286,2395.2,3.4217142857142853,5.346428571428571,REDPE_2020,,mid,5.345000000000001,8784,1990,SFH,adobe,E,2,307.0,False,12.0,,9,,,1.0,1.0,1.0
1478136,46,7,Maule,7303,7402,Colbún,2024,CL.SFH.CEV.lad.D,60.0,1,350269,135357,0.3864372810611273,0.13738340522709971,2374.684210526316,57,2.869565217391304,11298.776220807562,188.31293701345936,coverage_mid,0.5,16948.164331211345,8474.082165605672,16948.164331211345,0.0,2824.694055201891,4067.559439490723,5.810799199272461,9.07937374886322,coverage_sensitivity,0.75,,,8784,2018,SFH,lad,D,3,60.0,False,12.0,,9,,,1.0,1.0,1.0
1478136,46,7,Maule,7303,7402,Colbún,2024,CL.SFH.CEV.lad.D,60.0,1,350269,135357,0.3864372810611273,0.13738340522709971,2374.684210526316,57,2.869565217391304,11298.776220807562,188.31293701345936,redpe_mid,0.5,9980.0,4989.999999999999,9979.999999999998,1.8189894035458565e-12,6308.776220807564,2395.1999999999994,3.421714285714285,5.34642857142857,REDPE_2020,,mid,5.345000000000001,8784,2018,SFH,lad,D,3,60.0,False,12.0,,9,,,1.0,1.0,1.0
1281975,47,7,Maule,7104,7305,Rauco,2024,CL.SFH.preRT.lad.D,83.0,1,350269,135357,0.3864372810611273,0.13738340522709971,2374.684210526316,57,22.5,4874.569368984223,58.729751433544855,coverage_mid,0.5,7311.854053476334,3655.927026738167,7311.854053476334,0.0,1218.6423422460557,1754.84497283432,2.5069213897633142,3.9170646715051785,coverage_sensitivity,0.75,,,8784,1990,SFH,lad,D,8,83.0,False,12.0,,9,,,1.0,1.0,1.0
1281975,47,7,Maule,7104,7305,Rauco,2024,CL.SFH.preRT.lad.D,83.0,1,350269,135357,0.3864372810611273,0.13738340522709971,2374.684210526316,57,22.5,4874.569368984223,58.729751433544855,redpe_mid,0.5,9980.0,4874.569368984223,9749.138737968446,230.86126203155436,0.0,2339.793297112427,3.3425618530177528,5.222752895340238,REDPE_2020,,mid,5.345000000000001,8784,1990,SFH,lad,D,8,83.0,False,12.0,,9,,,1.0,1.0,1.0
1287049,48,7,Maule,7106,7309,Vichuquén,2024,CL.SFH.preRT.mad.C,9.0,1,350269,135357,0.3864372810611273,0.13738340522709971,2374.684210526316,57,4.0,1359.3232727460102,151.03591919400114,coverage_mid,0.5,2038.9849091190154,1019.4924545595075,2038.984909119015,4.547473508864641e-13,339.8308181865027,489.35637818856355,0.6990805402693765,1.0923133441709008,coverage_sensitivity,0.75,,,8784,1990,SFH,mad,C,4,9.0,False,12.0,,9,,,1.0,1.0,1.0
1287049,48,7,Maule,7106,7309,Vichuquén,2024,CL.SFH.preRT.mad.C,9.0,1,350269,135357,0.3864372810611273,0.13738340522709971,2374.684210526316,57,4.0,1359.3232727460102,151.03591919400114,redpe_mid,0.5,9980.0,1359.3232727460102,2718.6465454920203,7261.35345450798,0.0,652.4751709180849,0.9321073870258356,1.456417792227868,REDPE_2020,,mid,5.345000000000001,8784,1990,SFH,mad,C,4,9.0,False,12.0,,9,,,1.0,1.0,1.0
1526593,49,7,Maule,7401,7201,Cauquenes,2024,CL.SFH.preRT.adobe.E,201.0,1,350269,135357,0.3864372810611273,0.13738340522709971,2374.684210526316,57,3.6470588235294117,24983.829611450117,124.2976597584583,coverage_mid,0.5,37475.74441717518,18737.87220858759,37475.74441717518,0.0,6245.957402862531,8994.178660122043,12.848826657317204,20.07629165205813,coverage_sensitivity,0.75,,,8784,1990,SFH,adobe,E,4,201.0,False,12.0,,9,,,1.0,1.0,1.0
1526593,49,7,Maule,7401,7201,Cauquenes,2024,CL.SFH.preRT.adobe.E,201.0,1,350269,135357,0.3864372810611273,0.13738340522709971,2374.684210526316,57,3.6470588235294117,24983.829611450117,124.2976597584583,redpe_mid,0.5,9980.0,4990.000000000001,9980.000000000002,0.0,19993.82961145012,2395.2000000000003,3.421714285714286,5.346428571428572,REDPE_2020,,mid,5.345000000000001,8784,1990,SFH,adobe,E,4,201.0,False,12.0,,9,,,1.0,1.0,1.0
1500235,50,7,Maule,7306,7405,Retiro,2024,CL.SFH.preRT.lad.D,153.0,1,350269,135357,0.3864372810611273,0.13738340522709971,2374.684210526316,57,2.8,11303.88432145019,73.88159687222347,coverage_mid,0.5,16955.826482175285,8477.913241087643,16955.826482175285,0.0,2825.971080362547,4069.3983557220686,5.813426222460098,9.083478472593903,coverage_sensitivity,0.75,,,8784,1990,SFH,lad,D,3,153.0,False,12.0,,9,,,1.0,1.0,1.0
1500235,50,7,Maule,7306,7405,Retiro,2024,CL.SFH.preRT.lad.D,153.0,1,350269,135357,0.3864372810611273,0.13738340522709971,2374.684210526316,57,2.8,11303.88432145019,73.88159687222347,redpe_mid,0.5,9980.0,4990.0,9980.0,0.0,6313.88432145019,2395.2,3.4217142857142853,5.346428571428571,REDPE_2020,,mid,5.345000000000001,8784,1990,SFH,lad,D,3,153.0,False,12.0,,9,,,1.0,1.0,1.0
1277021,51,7,Maule,7103,7306,Romeral,2024,CL.SFH.RT1.lad.D,51.0,1,350269,135357,0.3864372810611273,0.13738340522709971,2374.684210526316,57,4.129032258064516,9418.584614639618,184.67812969881604,coverage_mid,0.5,14127.876921959427,7063.938460979712,14127.876921959423,3.637978807091713e-12,2354.646153659907,3390.690461270262,4.843843516100375,7.5685054939068355,coverage_sensitivity,0.75,,,8784,2003,SFH,lad,D,4,51.0,False,12.0,,9,,,1.0,1.0,1.0
1277021,51,7,Maule,7103,7306,Romeral,2024,CL.SFH.RT1.lad.D,51.0,1,350269,135357,0.3864372810611273,0.13738340522709971,2374.684210526316,57,4.129032258064516,9418.584614639618,184.67812969881604,redpe_mid,0.5,9980.0,4989.999999999999,9979.999999999998,1.8189894035458565e-12,4428.584614639621,2395.1999999999994,3.421714285714285,5.34642857142857,REDPE_2020,,mid,5.345000000000001,8784,2003,SFH,lad,D,4,51.0,False,12.0,,9,,,1.0,1.0,1.0
1439464,52,7,Maule,7210,7110,San Rafael,2024,CL.SFH.preRT.lad.D,96.0,1,350269,135357,0.3864372810611273,0.13738340522709971,2374.684210526316,57,3.3684210526315788,6828.207046347625,71.12715673278775,coverage_mid,0.5,10242.310569521436,5121.155284760718,10242.310569521436,0.0,1707.0517615869069,2458.1545366851446,3.5116493381216354,5.4869520908150555,coverage_sensitivity,0.75,,,8784,1990,SFH,lad,D,3,96.0,False,12.0,,9,,,1.0,1.0,1.0
1439464,52,7,Maule,7210,7110,San Rafael,2024,CL.SFH.preRT.lad.D,96.0,1,350269,135357,0.3864372810611273,0.13738340522709971,2374.684210526316,57,3.3684210526315788,6828.207046347625,71.12715673278775,redpe_mid,0.5,9980.0,4990.0,9980.0,0.0,1838.2070463476248,2395.2,3.4217142857142853,5.346428571428571,REDPE_2020,,mid,5.345000000000001,8784,1990,SFH,lad,D,3,96.0,False,12.0,,9,,,1.0,1.0,1.0
1400708,53,7,Maule,7203,7106,Pelarco,2024,CL.SFH.preRT.adobe.D,40.0,1,350269,135357,0.3864372810611273,0.13738340522709971,2374.684210526316,57,15.333333333333334,2812.611253273698,70.31528133184244,coverage_mid,0.5,4218.916879910546,2109.458439955273,4218.916879910546,0.0,703.1528133184247,1012.5400511785313,1.4464857873979018,2.2601340428092214,coverage_sensitivity,0.75,,,8784,1990,SFH,adobe,D,8,40.0,False,12.0,,9,,,1.0,1.0,1.0
1400708,53,7,Maule,7203,7106,Pelarco,2024,CL.SFH.preRT.adobe.D,40.0,1,350269,135357,0.3864372810611273,0.13738340522709971,2374.684210526316,57,15.333333333333334,2812.611253273698,70.31528133184244,redpe_mid,0.5,9980.0,2812.611253273698,5625.222506547396,4354.777493452604,0.0,1350.053401571375,1.9286477165305356,3.013512057078962,REDPE_2020,,mid,5.345000000000001,8784,1990,SFH,adobe,D,8,40.0,False,12.0,,9,,,1.0,1.0,1.0
1438139,54,7,Maule,7209,7104,Empedrado,2024,CL.SFH.RT2.lad.E,56.0,1,350269,135357,0.3864372810611273,0.13738340522709971,2374.684210526316,57,4.416666666666667,5966.424795305663,106.54329991617256,coverage_mid,0.5,8949.637192958495,4474.818596479248,8949.637192958497,0.0,1491.6061988264148,2147.912926310039,3.06844703758577,4.794448496227766,coverage_sensitivity,0.75,,,8784,2011,SFH,lad,E,4,56.0,False,12.0,,9,,,1.0,1.0,1.0
1438139,54,7,Maule,7209,7104,Empedrado,2024,CL.SFH.RT2.lad.E,56.0,1,350269,135357,0.3864372810611273,0.13738340522709971,2374.684210526316,57,4.416666666666667,5966.424795305663,106.54329991617256,redpe_mid,0.5,9980.0,4990.000000000001,9980.000000000002,0.0,976.424795305662,2395.2000000000003,3.421714285714286,5.346428571428572,REDPE_2020,,mid,5.345000000000001,8784,2011,SFH,lad,E,4,56.0,False,12.0,,9,,,1.0,1.0,1.0
1538641,55,7,Maule,7402,7203,Pelluhue,2024,CL.SFH.RT2.mad.E,56.0,1,350269,135357,0.3864372810611273,0.13738340522709971,2374.684210526316,57,0.8085106382978723,5699.329484356413,101.7737407920788,coverage_mid,0.5,8548.994226534618,4274.497113267309,8548.994226534618,0.0,1424.8323710891038,2051.7586143683084,2.9310837348118692,4.579818335643545,coverage_sensitivity,0.75,,,8784,2011,SFH,mad,E,1,56.0,False,12.0,,9,,,1.0,1.0,1.0
1538641,55,7,Maule,7402,7203,Pelluhue,2024,CL.SFH.RT2.mad.E,56.0,1,350269,135357,0.3864372810611273,0.13738340522709971,2374.684210526316,57,0.8085106382978723,5699.329484356413,101.7737407920788,redpe_mid,0.5,9980.0,4990.000000000001,9980.000000000002,0.0,709.3294843564128,2395.2000000000003,3.421714285714286,5.346428571428572,REDPE_2020,,mid,5.345000000000001,8784,2011,SFH,mad,E,1,56.0,False,12.0,,9,,,1.0,1.0,1.0
1268220,56,7,Maule,7101,7301,Curicó,2024,CL.SFH.preRT.lad.D,77.0,1,350269,135357,0.3864372810611273,0.13738340522709971,2374.684210526316,57,3.6785714285714284,10479.23201389958,136.0939222584361,coverage_mid,0.5,15718.848020849371,7859.424010424685,15718.84802084937,1.8189894035458565e-12,2619.8080034748928,3772.5235250038486,5.389319321434069,8.420811439740733,coverage_sensitivity,0.75,,,8784,1990,SFH,lad,D,4,77.0,False,12.0,,9,,,1.0,1.0,1.0
1268220,56,7,Maule,7101,7301,Curicó,2024,CL.SFH.preRT.lad.D,77.0,1,350269,135357,0.3864372810611273,0.13738340522709971,2374.684210526316,57,3.6785714285714284,10479.23201389958,136.0939222584361,redpe_mid,0.5,9980.0,4989.999999999999,9979.999999999998,1.8189894035458565e-12,5489.232013899578,2395.1999999999994,3.421714285714285,5.34642857142857,REDPE_2020,,mid,5.345000000000001,8784,1990,SFH,lad,D,4,77.0,False,12.0,,9,,,1.0,1.0,1.0
1289510,57,7,Maule,7107,7302,Hualañé,2024,CL.SFH.RT2.hor.D,26.0,1,350269,135357,0.3864372810611273,0.13738340522709971,2374.684210526316,57,2.8275862068965516,2320.380063462991,89.24538705626888,coverage_mid,0.5,3480.5700951944864,1740.285047597243,3480.570095194486,4.547473508864641e-13,580.0950158657479,835.3368228466767,1.1933383183523953,1.8645911224256178,coverage_sensitivity,0.75,,,8784,2011,SFH,hor,D,3,26.0,False,12.0,,9,,,1.0,1.0,1.0
1289510,57,7,Maule,7107,7302,Hualañé,2024,CL.SFH.RT2.hor.D,26.0,1,350269,135357,0.3864372810611273,0.13738340522709971,2374.684210526316,57,2.8275862068965516,2320.380063462991,89.24538705626888,redpe_mid,0.5,9980.0,2320.380063462991,4640.760126925982,5339.239873074018,0.0,1113.7824304622359,1.591117757803194,2.486121496567491,REDPE_2020,,mid,5.345000000000001,8784,2011,SFH,hor,D,3,26.0,False,12.0,,9,,,1.0,1.0,1.0
1902270,1,8,Biobio,8301,8202,Arauco,2024,CL.SFH.RT2.mad.E,65.0,1,484775,224598,0.463303594451034,0.22796041613803603,2552.25,88,2.823529411764706,5814.568591773078,89.4549014118935,coverage_mid,0.5,8721.852887659617,4360.926443829809,8721.852887659617,0.0,1453.6421479432702,2093.244693038308,2.9903495614832973,4.672421189817652,coverage_sensitivity,0.75,,,8784,2011,SFH,mad,E,3,65.0,False,12.0,,9,,,1.0,1.0,1.0
1902270,1,8,Biobio,8301,8202,Arauco,2024,CL.SFH.RT2.mad.E,65.0,1,484775,224598,0.463303594451034,0.22796041613803603,2552.25,88,2.823529411764706,5814.568591773078,89.4549014118935,redpe_mid,0.5,13334.999999999998,5814.568591773078,11629.137183546156,1705.8628164538422,0.0,2790.9929240510774,3.987132748644396,6.229894919756869,REDPE_2020,,mid,7.145,8784,2011,SFH,mad,E,3,65.0,False,12.0,,9,,,1.0,1.0,1.0
1867724,2,8,Biobio,8211,8103,Chiguayante,2024,CL.SFH.preRT.mad.E,40.0,1,484775,224598,0.463303594451034,0.22796041613803603,2552.25,88,3.5179856115107913,3241.337703062339,81.03344257655849,coverage_mid,0.5,4862.006554593509,2431.0032772967547,4862.0065545935095,0.0,810.3344257655846,1166.8815731024422,1.6669736758606317,2.604646368532237,coverage_sensitivity,0.75,,,8784,1990,SFH,mad,E,4,40.0,False,12.0,,9,,,1.0,1.0,1.0
1867724,2,8,Biobio,8211,8103,Chiguayante,2024,CL.SFH.preRT.mad.E,40.0,1,484775,224598,0.463303594451034,0.22796041613803603,2552.25,88,3.5179856115107913,3241.337703062339,81.03344257655849,redpe_mid,0.5,13334.999999999998,3241.337703062339,6482.675406124678,6852.32459387532,0.0,1555.8420974699227,2.2226315678141755,3.472861824709649,REDPE_2020,,mid,7.145,8784,1990,SFH,mad,E,4,40.0,False,12.0,,9,,,1.0,1.0,1.0
1922398,3,8,Biobio,8305,8203,Cañete,2024,CL.SFH.RT2.mad.E,72.0,1,484775,224598,0.463303594451034,0.22796041613803603,2552.25,88,5.875,5913.201584204229,82.1277997806143,coverage_mid,0.5,8869.802376306343,4434.901188153171,8869.802376306341,1.8189894035458565e-12,1478.3003960510587,2128.752570313522,3.0410751004478884,4.751679844449826,coverage_sensitivity,0.75,,,8784,2011,SFH,mad,E,6,72.0,False,12.0,,9,,,1.0,1.0,1.0
1922398,3,8,Biobio,8305,8203,Cañete,2024,CL.SFH.RT2.mad.E,72.0,1,484775,224598,0.463303594451034,0.22796041613803603,2552.25,88,5.875,5913.201584204229,82.1277997806143,redpe_mid,0.5,13334.999999999998,5913.201584204229,11826.403168408458,1508.5968315915397,0.0,2838.3367604180303,4.054766800597186,6.335573125933102,REDPE_2020,,mid,7.145,8784,2011,SFH,mad,E,6,72.0,False,12.0,,9,,,1.0,1.0,1.0
2030462,4,8,Biobio,8414,8314,Alto Biobío,2024,CL.SFH.CEV.mad.F,55.0,1,484775,224598,0.463303594451034,0.22796041613803603,2552.25,88,5.090909090909091,9888.558407641844,179.79197104803353,coverage_mid,0.5,14832.837611462764,7416.418805731382,14832.837611462764,0.0,2472.1396019104595,3559.8810267510635,5.08554432393009,7.946163006140766,coverage_sensitivity,0.75,,,8784,2018,SFH,mad,F,5,55.0,False,12.0,,9,,,1.0,1.0,1.0
2030462,4,8,Biobio,8414,8314,Alto Biobío,2024,CL.SFH.CEV.mad.F,55.0,1,484775,224598,0.463303594451034,0.22796041613803603,2552.25,88,5.090909090909091,9888.558407641844,179.79197104803353,redpe_mid,0.5,13334.999999999998,6667.499999999999,13334.999999999998,0.0,3221.058407641843,3200.3999999999996,4.571999999999999,7.143749999999999,REDPE_2020,,mid,7.145,8784,2018,SFH,mad,F,5,55.0,False,12.0,,9,,,1.0,1.0,1.0
1708760,5,8,Biobio,8203,8105,Hualqui,2024,CL.SFH.RT2.lad.E,63.0,1,484775,224598,0.463303594451034,0.22796041613803603,2552.25,88,3.0,7000.306933719711,111.11598307491604,coverage_mid,0.5,10500.460400579566,5250.230200289783,10500.460400579566,0.0,1750.0767334299276,2520.110496139096,3.60015785162728,5.625246643167625,coverage_sensitivity,0.75,,,8784,2011,SFH,lad,E,3,63.0,False,12.0,,9,,,1.0,1.0,1.0
1708760,5,8,Biobio,8203,8105,Hualqui,2024,CL.SFH.RT2.lad.E,63.0,1,484775,224598,0.463303594451034,0.22796041613803603,2552.25,88,3.0,7000.306933719711,111.11598307491604,redpe_mid,0.5,13334.999999999998,6667.5,13335.0,0.0,332.8069337197112,3200.4,4.572,7.14375,REDPE_2020,,mid,7.145,8784,2011,SFH,lad,E,3,63.0,False,12.0,,9,,,1.0,1.0,1.0
1808654,6,8,Biobio,8208,8106,Lota,2024,CL.SFH.preRT.lad.E,48.0,1,484775,224598,0.463303594451034,0.22796041613803603,2552.25,88,3.2133333333333334,6017.628537192674,125.36726119151405,coverage_mid,0.5,9026.44280578901,4513.221402894505,9026.44280578901,0.0,1504.4071342981679,2166.3462733893625,3.0947803905562323,4.835594360244113,coverage_sensitivity,0.75,,,8784,1990,SFH,lad,E,3,48.0,False,12.0,,9,,,1.0,1.0,1.0
1808654,6,8,Biobio,8208,8106,Lota,2024,CL.SFH.preRT.lad.E,48.0,1,484775,224598,0.463303594451034,0.22796041613803603,2552.25,88,3.2133333333333334,6017.628537192674,125.36726119151405,redpe_mid,0.5,13334.999999999998,6017.628537192674,12035.257074385348,1299.7429256146497,0.0,2888.4616978524837,4.126373854074977,6.447459146992151,REDPE_2020,,mid,7.145,8784,1990,SFH,lad,E,3,48.0,False,12.0,,9,,,1.0,1.0,1.0
2030191,7,8,Biobio,8413,8302,Antuco,2024,CL.SFH.preRT.mad.F,86.0,1,484775,224598,0.463303594451034,0.22796041613803603,2552.25,88,2.0,14496.809028158314,168.56754683905015,coverage_mid,0.5,21745.21354223747,10872.606771118735,21745.21354223747,0.0,3624.2022570395798,5218.851250136993,7.45550178590999,11.64922154048436,coverage_sensitivity,0.75,,,8784,1990,SFH,mad,F,2,86.0,False,12.0,,9,,,1.0,1.0,1.0
2030191,7,8,Biobio,8413,8302,Antuco,2024,CL.SFH.preRT.mad.F,86.0,1,484775,224598,0.463303594451034,0.22796041613803603,2552.25,88,2.0,14496.809028158314,168.56754683905015,redpe_mid,0.5,13334.999999999998,6667.499999999999,13334.999999999998,0.0,7829.309028158316,3200.3999999999996,4.571999999999999,7.143749999999999,REDPE_2020,,mid,7.145,8784,1990,SFH,mad,F,2,86.0,False,12.0,,9,,,1.0,1.0,1.0
2017726,8,8,Biobio,8410,8303,Cabrero,2024,CL.SFH.preRT.mad.F,42.0,1,484775,224598,0.463303594451034,0.22796041613803603,2552.25,88,3.6666666666666665,3818.0244727783834,90.90534458996152,coverage_mid,0.5,5727.036709167575,2863.5183545837876,5727.036709167575,0.0,954.5061181945962,1374.488810200218,1.9635554431431685,3.068055379911201,coverage_sensitivity,0.75,,,8784,1990,SFH,mad,F,4,42.0,False,12.0,,9,,,1.0,1.0,1.0
2017726,8,8,Biobio,8410,8303,Cabrero,2024,CL.SFH.preRT.mad.F,42.0,1,484775,224598,0.463303594451034,0.22796041613803603,2552.25,88,3.6666666666666665,3818.0244727783834,90.90534458996152,redpe_mid,0.5,13334.999999999998,3818.0244727783834,7636.048945556767,5698.951054443231,0.0,1832.651746933624,2.6180739241908917,4.0907405065482685,REDPE_2020,,mid,7.145,8784,1990,SFH,mad,F,4,42.0,False,12.0,,9,,,1.0,1.0,1.0
1928409,9,8,Biobio,8306,8204,Contulmo,2024,CL.SFH.RT1.lad.E,6.0,1,484775,224598,0.463303594451034,0.22796041613803603,2552.25,88,3.46,1153.4499556094484,192.2416592682414,coverage_mid,0.5,1730.1749334141725,865.0874667070863,1730.1749334141725,0.0,288.3624889023619,415.2419840194014,0.5932028343134306,0.9268794286147353,coverage_sensitivity,0.75,,,8784,2003,SFH,lad,E,3,6.0,False,12.0,,9,,,1.0,1.0,1.0
1928409,9,8,Biobio,8306,8204,Contulmo,2024,CL.SFH.RT1.lad.E,6.0,1,484775,224598,0.463303594451034,0.22796041613803603,2552.25,88,3.46,1153.4499556094484,192.2416592682414,redpe_mid,0.5,13334.999999999998,1153.4499556094484,2306.8999112188967,11028.100088781102,0.0,553.6559786925352,0.7909371124179074,1.2358392381529804,REDPE_2020,,mid,7.145,8784,2003,SFH,lad,E,3,6.0,False,12.0,,9,,,1.0,1.0,1.0
1671402,10,8,Biobio,8201,8101,Concepción,2024,CL.SFH.preRT.lad.E,302.0,1,484775,224598,0.463303594451034,0.22796041613803603,2552.25,88,3.324324324324324,36668.82882006177,121.41996298033698,coverage_mid,0.5,55003.24323009265,27501.62161504633,55003.24323009266,0.0,9167.207205015442,13200.778375222239,18.858254821746055,29.46602315897821,coverage_sensitivity,0.75,,,8784,1990,SFH,lad,E,3,302.0,False,12.0,,9,,,1.0,1.0,1.0
1671402,10,8,Biobio,8201,8101,Concepción,2024,CL.SFH.preRT.lad.E,302.0,1,484775,224598,0.463303594451034,0.22796041613803603,2552.25,88,3.324324324324324,36668.82882006177,121.41996298033698,redpe_mid,0.5,13334.999999999998,6667.499999999999,13334.999999999998,0.0,30001.328820061768,3200.3999999999996,4.571999999999999,7.143749999999999,REDPE_2020,,mid,7.145,8784,1990,SFH,lad,E,3,302.0,False,12.0,,9,,,1.0,1.0,1.0
1709676,11,8,Biobio,8204,8104,Florida,2024,CL.SFH.CEV.mad.F,194.0,1,484775,224598,0.463303594451034,0.22796041613803603,2552.25,88,5.0256410256410255,9366.169152938557,48.27922243782761,coverage_mid,0.5,14049.253729407836,7024.626864703918,14049.253729407836,0.0,2341.5422882346393,3371.8208950578805,4.816886992939829,7.526385926468483,coverage_sensitivity,0.75,,,8784,2018,SFH,mad,F,5,194.0,False,12.0,,9,,,1.0,1.0,1.0
1709676,11,8,Biobio,8204,8104,Florida,2024,CL.SFH.CEV.mad.F,194.0,1,484775,224598,0.463303594451034,0.22796041613803603,2552.25,88,5.0256410256410255,9366.169152938557,48.27922243782761,redpe_mid,0.5,13334.999999999998,6667.499999999998,13334.999999999996,1.8189894035458565e-12,2698.669152938558,3200.399999999999,4.571999999999999,7.143749999999999,REDPE_2020,,mid,7.145,8784,2018,SFH,mad,F,5,194.0,False,12.0,,9,,,1.0,1.0,1.0
1992997,12,8,Biobio,8403,8304,Laja,2024,CL.SFH.RT1.lad.F,36.0,1,484775,224598,0.463303594451034,0.22796041613803603,2552.25,88,2.6363636363636362,2324.728536765341,64.57579268792614,coverage_mid,0.5,3487.0928051480114,1743.5464025740057,3487.0928051480114,0.0,581.182134191335,836.9022732355228,1.1955746760507469,1.8680854313292918,coverage_sensitivity,0.75,,,8784,2003,SFH,lad,F,3,36.0,False,12.0,,9,,,1.0,1.0,1.0
1992997,12,8,Biobio,8403,8304,Laja,2024,CL.SFH.RT1.lad.F,36.0,1,484775,224598,0.463303594451034,0.22796041613803603,2552.25,88,2.6363636363636362,2324.728536765341,64.57579268792614,redpe_mid,0.5,13334.999999999998,2324.728536765341,4649.457073530682,8685.542926469316,0.0,1115.8696976473634,1.594099568067662,2.4907805751057217,REDPE_2020,,mid,7.145,8784,2003,SFH,lad,F,3,36.0,False,12.0,,9,,,1.0,1.0,1.0
1999208,13,8,Biobio,8405,8306,Nacimiento,2024,CL.SFH.CEV.mad.F,47.0,1,484775,224598,0.463303594451034,0.22796041613803603,2552.25,88,3.0,4594.485225178474,97.75500479103137,coverage_mid,0.5,6891.727837767711,3445.8639188838556,6891.727837767711,0.0,1148.6213062946176,1654.0146810642507,2.3628781158060725,3.691997055946988,coverage_sensitivity,0.75,,,8784,2018,SFH,mad,F,3,47.0,False,12.0,,9,,,1.0,1.0,1.0
1999208,13,8,Biobio,8405,8306,Nacimiento,2024,CL.SFH.CEV.mad.F,47.0,1,484775,224598,0.463303594451034,0.22796041613803603,2552.25,88,3.0,4594.485225178474,97.75500479103137,redpe_mid,0.5,13334.999999999998,4594.485225178474,9188.970450356948,4146.02954964305,0.0,2205.352908085668,3.150504154408097,4.922662741262652,REDPE_2020,,mid,7.145,8784,2018,SFH,mad,F,3,47.0,False,12.0,,9,,,1.0,1.0,1.0
1713319,14,8,Biobio,8205,8111,Tomé,2024,CL.SFH.RT1.lad.E,56.0,1,484775,224598,0.463303594451034,0.22796041613803603,2552.25,88,3.6666666666666665,3455.4239943028224,61.703999898264684,coverage_mid,0.5,5183.135991454234,2591.5679957271163,5183.135991454233,9.094947017729282e-13,863.8559985757059,1243.952637949016,1.777075197070023,2.776679995421911,coverage_sensitivity,0.75,,,8784,2003,SFH,lad,E,4,56.0,False,12.0,,9,,,1.0,1.0,1.0
1713319,14,8,Biobio,8205,8111,Tomé,2024,CL.SFH.RT1.lad.E,56.0,1,484775,224598,0.463303594451034,0.22796041613803603,2552.25,88,3.6666666666666665,3455.4239943028224,61.703999898264684,redpe_mid,0.5,13334.999999999998,3455.4239943028224,6910.847988605645,6424.152011394353,0.0,1658.6035172653546,2.369433596093364,3.702239993895881,REDPE_2020,,mid,7.145,8784,2003,SFH,lad,E,4,56.0,False,12.0,,9,,,1.0,1.0,1.0
1838983,15,8,Biobio,8210,8108,San Pedro de la Paz,2024,CL.SFH.preRT.mad.E,42.0,1,484775,224598,0.463303594451034,0.22796041613803603,2552.25,88,3.5643564356435644,3210.2340074946696,76.43414303558737,coverage_mid,0.5,4815.3510112420045,2407.675505621002,4815.351011242004,9.094947017729282e-13,802.5585018736674,1155.6842426980809,1.650977489568687,2.5796523274510736,coverage_sensitivity,0.75,,,8784,1990,SFH,mad,E,4,42.0,False,12.0,,9,,,1.0,1.0,1.0
1838983,15,8,Biobio,8210,8108,San Pedro de la Paz,2024,CL.SFH.preRT.mad.E,42.0,1,484775,224598,0.463303594451034,0.22796041613803603,2552.25,88,3.5643564356435644,3210.2340074946696,76.43414303558737,redpe_mid,0.5,13334.999999999998,3210.2340074946696,6420.468014989339,6914.531985010659,0.0,1540.9123235974414,2.201303319424916,3.4395364366014314,REDPE_2020,,mid,7.145,8784,1990,SFH,mad,E,4,42.0,False,12.0,,9,,,1.0,1.0,1.0
2004943,16,8,Biobio,8407,8305,Mulchén,2024,CL.SFH.preRT.lad.F,45.0,1,484775,224598,0.463303594451034,0.22796041613803603,2552.25,88,3.263157894736842,3991.2769835128356,88.69504407806302,coverage_mid,0.5,5986.915475269254,2993.457737634627,5986.915475269254,0.0,997.8192458782088,1436.859714064621,2.0526567343780298,3.2072761474656715,coverage_sensitivity,0.75,,,8784,1990,SFH,lad,F,3,45.0,False,12.0,,9,,,1.0,1.0,1.0
2004943,16,8,Biobio,8407,8305,Mulchén,2024,CL.SFH.preRT.lad.F,45.0,1,484775,224598,0.463303594451034,0.22796041613803603,2552.25,88,3.263157894736842,3991.2769835128356,88.69504407806302,redpe_mid,0.5,13334.999999999998,3991.2769835128356,7982.553967025671,5352.446032974327,0.0,1915.8129520861612,2.7368756458373733,4.276368196620895,REDPE_2020,,mid,7.145,8784,1990,SFH,lad,F,3,45.0,False,12.0,,9,,,1.0,1.0,1.0
1909314,17,8,Biobio,8302,8205,Curanilahue,2024,CL.SFH.preRT.lad.E,46.0,1,484775,224598,0.463303594451034,0.22796041613803603,2552.25,88,3.1875,7585.508639880745,164.90236173653793,coverage_mid,0.5,11378.262959821117,5689.1314799105585,11378.262959821117,0.0,1896.377159970187,2730.7831103570684,3.901118729081526,6.095498014189884,coverage_sensitivity,0.75,,,8784,1990,SFH,lad,E,3,46.0,False,12.0,,9,,,1.0,1.0,1.0
1909314,17,8,Biobio,8302,8205,Curanilahue,2024,CL.SFH.preRT.lad.E,46.0,1,484775,224598,0.463303594451034,0.22796041613803603,2552.25,88,3.1875,7585.508639880745,164.90236173653793,redpe_mid,0.5,13334.999999999998,6667.499999999999,13334.999999999998,0.0,918.0086398807462,3200.3999999999996,4.571999999999999,7.143749999999999,REDPE_2020,,mid,7.145,8784,1990,SFH,lad,E,3,46.0,False,12.0,,9,,,1.0,1.0,1.0
1985375,18,8,Biobio,8402,8311,Santa Bárbara,2024,CL.SFH.preRT.mad.F,90.0,1,484775,224598,0.463303594451034,0.22796041613803603,2552.25,88,4.318181818181818,10679.409536962843,118.66010596625381,coverage_mid,0.5,16019.114305444265,8009.557152722134,16019.114305444267,0.0,2669.8523842407103,3844.587433306624,5.492267761866605,8.581668377916571,coverage_sensitivity,0.75,,,8784,1990,SFH,mad,F,4,90.0,False,12.0,,9,,,1.0,1.0,1.0
1985375,18,8,Biobio,8402,8311,Santa Bárbara,2024,CL.SFH.preRT.mad.F,90.0,1,484775,224598,0.463303594451034,0.22796041613803603,2552.25,88,4.318181818181818,10679.409536962843,118.66010596625381,redpe_mid,0.5,13334.999999999998,6667.500000000001,13335.000000000002,0.0,4011.9095369628444,3200.4000000000005,4.572000000000001,7.143750000000002,REDPE_2020,,mid,7.145,8784,1990,SFH,mad,F,4,90.0,False,12.0,,9,,,1.0,1.0,1.0
1798291,19,8,Biobio,8207,8102,Coronel,2024,CL.SFH.CEV.lad.E,49.0,1,484775,224598,0.463303594451034,0.22796041613803603,2552.25,88,3.088339222614841,4390.24105962225,89.59675631882142,coverage_mid,0.5,6585.361589433374,3292.6807947166876,6585.361589433375,0.0,1097.5602649055627,1580.48678146401,2.2578382592343,3.5278722800535935,coverage_sensitivity,0.75,,,8784,2018,SFH,lad,E,3,49.0,False,12.0,,9,,,1.0,1.0,1.0
1798291,19,8,Biobio,8207,8102,Coronel,2024,CL.SFH.CEV.lad.E,49.0,1,484775,224598,0.463303594451034,0.22796041613803603,2552.25,88,3.088339222614841,4390.24105962225,89.59675631882142,redpe_mid,0.5,13334.999999999998,4390.24105962225,8780.4821192445,4554.5178807554985,0.0,2107.3157086186798,3.0104510123123998,4.703829706738125,REDPE_2020,,mid,7.145,8784,2018,SFH,lad,E,3,49.0,False,12.0,,9,,,1.0,1.0,1.0
1812893,20,8,Biobio,8209,8109,Santa Juana,2024,CL.SFH.RT1.lad.E,48.0,1,484775,224598,0.463303594451034,0.22796041613803603,2552.25,88,2.7222222222222223,3715.2466500080095,77.40097187516686,coverage_mid,0.5,5572.869975012014,2786.434987506007,5572.869975012014,0.0,928.8116625020023,1337.4887940028834,1.9106982771469763,2.9854660580421504,coverage_sensitivity,0.75,,,8784,2003,SFH,lad,E,3,48.0,False,12.0,,9,,,1.0,1.0,1.0
1812893,20,8,Biobio,8209,8109,Santa Juana,2024,CL.SFH.RT1.lad.E,48.0,1,484775,224598,0.463303594451034,0.22796041613803603,2552.25,88,2.7222222222222223,3715.2466500080095,77.40097187516686,redpe_mid,0.5,13334.999999999998,3715.2466500080095,7430.493300016019,5904.506699983979,0.0,1783.3183920038448,2.5475977028626353,3.9806214107228675,REDPE_2020,,mid,7.145,8784,2003,SFH,lad,E,3,48.0,False,12.0,,9,,,1.0,1.0,1.0
1914707,21,8,Biobio,8303,8201,Lebu,2024,CL.SFH.preRT.mad.E,39.0,1,484775,224598,0.463303594451034,0.22796041613803603,2552.25,88,3.0,3449.962269744581,88.46057101909183,coverage_mid,0.5,5174.943404616872,2587.4717023084354,5174.943404616871,9.094947017729282e-13,862.4905674361453,1241.986417108049,1.7742663101543557,2.7722911096161806,coverage_sensitivity,0.75,,,8784,1990,SFH,mad,E,3,39.0,False,12.0,,9,,,1.0,1.0,1.0
1914707,21,8,Biobio,8303,8201,Lebu,2024,CL.SFH.preRT.mad.E,39.0,1,484775,224598,0.463303594451034,0.22796041613803603,2552.25,88,3.0,3449.962269744581,88.46057101909183,redpe_mid,0.5,13334.999999999998,3449.962269744581,6899.924539489162,6435.075460510836,0.0,1655.9818894773991,2.3656884135391416,3.696388146154909,REDPE_2020,,mid,7.145,8784,1990,SFH,mad,E,3,39.0,False,12.0,,9,,,1.0,1.0,1.0
2010929,22,8,Biobio,8408,8308,Quilaco,2024,CL.SFH.preRT.mad.F,58.0,1,484775,224598,0.463303594451034,0.22796041613803603,2552.25,88,4.25,11117.901320174813,191.68795379611745,coverage_mid,0.5,16676.851980262218,8338.425990131109,16676.851980262218,0.0,2779.475330043704,4002.4444752629324,5.717777821804189,8.934027846569045,coverage_sensitivity,0.75,,,8784,1990,SFH,mad,F,4,58.0,False,12.0,,9,,,1.0,1.0,1.0
2010929,22,8,Biobio,8408,8308,Quilaco,2024,CL.SFH.preRT.mad.F,58.0,1,484775,224598,0.463303594451034,0.22796041613803603,2552.25,88,4.25,11117.901320174813,191.68795379611745,redpe_mid,0.5,13334.999999999998,6667.499999999999,13334.999999999998,0.0,4450.401320174814,3200.3999999999996,4.571999999999999,7.143749999999999,REDPE_2020,,mid,7.145,8784,1990,SFH,mad,F,4,58.0,False,12.0,,9,,,1.0,1.0,1.0
1894866,23,8,Biobio,8212,8112,Hualpén,2024,CL.SFH.RT2.lad.E,100.0,1,484775,224598,0.463303594451034,0.22796041613803603,2552.25,88,0.6973684210526315,10900.022110611724,109.00022110611724,coverage_mid,0.5,16350.033165917586,8175.016582958793,16350.033165917586,0.0,2725.0055276529297,3924.007959820221,5.60572565688603,8.75894633888442,coverage_sensitivity,0.75,,,8784,2011,SFH,lad,E,1,100.0,False,12.0,,9,,,1.0,1.0,1.0
1894866,23,8,Biobio,8212,8112,Hualpén,2024,CL.SFH.RT2.lad.E,100.0,1,484775,224598,0.463303594451034,0.22796041613803603,2552.25,88,0.6973684210526315,10900.022110611724,109.00022110611724,redpe_mid,0.5,13334.999999999998,6667.5,13335.0,0.0,4232.522110611723,3200.4,4.572,7.14375,REDPE_2020,,mid,7.145,8784,2011,SFH,lad,E,1,100.0,False,12.0,,9,,,1.0,1.0,1.0
2024350,24,8,Biobio,8411,8310,San Rosendo,2024,CL.SFH.preRT.mad.F,52.0,1,484775,224598,0.463303594451034,0.22796041613803603,2552.25,88,2.25,4933.786651955538,94.8805125376065,coverage_mid,0.5,7400.679977933307,3700.3399889666534,7400.679977933307,0.0,1233.4466629888848,1776.1631947039937,2.5373759924342765,3.964649988178557,coverage_sensitivity,0.75,,,8784,1990,SFH,mad,F,2,52.0,False,12.0,,9,,,1.0,1.0,1.0
2024350,24,8,Biobio,8411,8310,San Rosendo,2024,CL.SFH.preRT.mad.F,52.0,1,484775,224598,0.463303594451034,0.22796041613803603,2552.25,88,2.25,4933.786651955538,94.8805125376065,redpe_mid,0.5,13334.999999999998,4933.786651955538,9867.573303911076,3467.4266960889217,0.0,2368.2175929386585,3.3831679899123692,5.286199984238077,REDPE_2020,,mid,7.145,8784,1990,SFH,mad,F,2,52.0,False,12.0,,9,,,1.0,1.0,1.0
2002404,25,8,Biobio,8406,8307,Negrete,2024,CL.SFH.preRT.lad.F,38.0,1,484775,224598,0.463303594451034,0.22796041613803603,2552.25,88,2.0384615384615383,2817.6083270221416,74.14758755321425,coverage_mid,0.5,4226.412490533212,2113.206245266606,4226.412490533212,0.0,704.4020817555352,1014.3389977279709,1.4490557110399584,2.264149548499935,coverage_sensitivity,0.75,,,8784,1990,SFH,lad,F,2,38.0,False,12.0,,9,,,1.0,1.0,1.0
2002404,25,8,Biobio,8406,8307,Negrete,2024,CL.SFH.preRT.lad.F,38.0,1,484775,224598,0.463303594451034,0.22796041613803603,2552.25,88,2.0384615384615383,2817.6083270221416,74.14758755321425,redpe_mid,0.5,13334.999999999998,2817.6083270221416,5635.216654044283,7699.783345955715,0.0,1352.451996970628,1.9320742813866114,3.01886606466658,REDPE_2020,,mid,7.145,8784,1990,SFH,lad,F,2,38.0,False,12.0,,9,,,1.0,1.0,1.0
1694695,26,8,Biobio,8202,8107,Penco,2024,CL.SFH.RT2.mad.E,46.0,1,484775,224598,0.463303594451034,0.22796041613803603,2552.25,88,3.730769230769231,4206.985755023004,91.45621206571747,coverage_mid,0.5,6310.478632534505,3155.2393162672524,6310.478632534505,0.0,1051.7464387557504,1514.5148718082812,2.1635926740118303,3.3806135531434847,coverage_sensitivity,0.75,,,8784,2011,SFH,mad,E,4,46.0,False,12.0,,9,,,1.0,1.0,1.0
1694695,26,8,Biobio,8202,8107,Penco,2024,CL.SFH.RT2.mad.E,46.0,1,484775,224598,0.463303594451034,0.22796041613803603,2552.25,88,3.730769230769231,4206.985755023004,91.45621206571747,redpe_mid,0.5,13334.999999999998,4206.985755023004,8413.971510046007,4921.028489953991,0.0,2019.3531624110417,2.884790232015774,4.5074847375246465,REDPE_2020,,mid,7.145,8784,2011,SFH,mad,E,4,46.0,False,12.0,,9,,,1.0,1.0,1.0
1917748,27,8,Biobio,8304,8206,Los Álamos,2024,CL.SFH.RT2.mad.E,56.0,1,484775,224598,0.463303594451034,0.22796041613803603,2552.25,88,3.1882352941176473,7860.026273828326,140.3576120326487,coverage_mid,0.5,11790.039410742489,5895.0197053712445,11790.039410742489,0.0,1965.0065684570827,2829.6094585781975,4.042299226540282,6.3160925414691915,coverage_sensitivity,0.75,,,8784,2011,SFH,mad,E,3,56.0,False,12.0,,9,,,1.0,1.0,1.0
1917748,27,8,Biobio,8304,8206,Los Álamos,2024,CL.SFH.RT2.mad.E,56.0,1,484775,224598,0.463303594451034,0.22796041613803603,2552.25,88,3.1882352941176473,7860.026273828326,140.3576120326487,redpe_mid,0.5,13334.999999999998,6667.499999999999,13334.999999999998,0.0,1192.5262738283282,3200.3999999999996,4.571999999999999,7.143749999999999,REDPE_2020,,mid,7.145,8784,2011,SFH,mad,E,3,56.0,False,12.0,,9,,,1.0,1.0,1.0
1756876,28,8,Biobio,8206,8110,Talcahuano,2024,CL.SFH.preRT.mad.E,86.0,1,484775,224598,0.463303594451034,0.22796041613803603,2552.25,88,3.8095238095238093,5445.483954942973,63.31958087142991,coverage_mid,0.5,8168.225932414459,4084.1129662072294,8168.225932414459,0.0,1361.3709887357434,1960.37422377947,2.8005346053992426,4.375835320936316,coverage_sensitivity,0.75,,,8784,1990,SFH,mad,E,4,86.0,False,12.0,,9,,,1.0,1.0,1.0
1756876,28,8,Biobio,8206,8110,Talcahuano,2024,CL.SFH.preRT.mad.E,86.0,1,484775,224598,0.463303594451034,0.22796041613803603,2552.25,88,3.8095238095238093,5445.483954942973,63.31958087142991,redpe_mid,0.5,13334.999999999998,5445.483954942973,10890.967909885945,2444.032090114053,0.0,2613.8322983726266,3.7340461405323238,5.834447094581756,REDPE_2020,,mid,7.145,8784,1990,SFH,mad,E,4,86.0,False,12.0,,9,,,1.0,1.0,1.0
2026433,29,8,Biobio,8412,8312,Tucapel,2024,CL.SFH.preRT.mad.F,30.0,1,484775,224598,0.463303594451034,0.22796041613803603,2552.25,88,8.0,3483.2036690250106,116.10678896750035,coverage_mid,0.5,5224.805503537516,2612.402751768758,5224.805503537516,0.0,870.8009172562523,1253.9533208490038,1.7913618869271484,2.799002948323669,coverage_sensitivity,0.75,,,8784,1990,SFH,mad,F,8,30.0,False,12.0,,9,,,1.0,1.0,1.0
2026433,29,8,Biobio,8412,8312,Tucapel,2024,CL.SFH.preRT.mad.F,30.0,1,484775,224598,0.463303594451034,0.22796041613803603,2552.25,88,8.0,3483.2036690250106,116.10678896750035,redpe_mid,0.5,13334.999999999998,3483.2036690250106,6966.407338050021,6368.592661949977,0.0,1671.937761132005,2.3884825159028646,3.732003931098226,REDPE_2020,,mid,7.145,8784,1990,SFH,mad,F,8,30.0,False,12.0,,9,,,1.0,1.0,1.0
2012761,30,8,Biobio,8409,8313,Yumbel,2024,CL.SFH.RT1.mad.F,36.0,1,484775,224598,0.463303594451034,0.22796041613803603,2552.25,88,1.3675675675675676,4378.835348219642,121.63431522832337,coverage_mid,0.5,6568.2530223294625,3284.126511164731,6568.253022329462,9.094947017729282e-13,1094.7088370549104,1576.3807253590708,2.2519724647986723,3.5187069762479255,coverage_sensitivity,0.75,,,8784,2003,SFH,mad,F,1,36.0,False,12.0,,9,,,1.0,1.0,1.0
2012761,30,8,Biobio,8409,8313,Yumbel,2024,CL.SFH.RT1.mad.F,36.0,1,484775,224598,0.463303594451034,0.22796041613803603,2552.25,88,1.3675675675675676,4378.835348219642,121.63431522832337,redpe_mid,0.5,13334.999999999998,4378.835348219642,8757.670696439283,4577.329303560715,0.0,2101.840967145428,3.002629953064897,4.6916093016639016,REDPE_2020,,mid,7.145,8784,2003,SFH,mad,F,1,36.0,False,12.0,,9,,,1.0,1.0,1.0
1940997,31,8,Biobio,8401,8301,Los Ángeles,2024,CL.SFH.RT1.lad.F,276.0,1,484775,224598,0.463303594451034,0.22796041613803603,2552.25,88,4.424242424242424,15251.70460881899,55.259799307315184,coverage_mid,0.5,22877.556913228487,11438.778456614244,22877.556913228487,0.0,3812.9261522047454,5490.613659174837,7.843733798821196,12.255834060658119,coverage_sensitivity,0.75,,,8784,2003,SFH,lad,F,4,276.0,False,12.0,,9,,,1.0,1.0,1.0
1940997,31,8,Biobio,8401,8301,Los Ángeles,2024,CL.SFH.RT1.lad.F,276.0,1,484775,224598,0.463303594451034,0.22796041613803603,2552.25,88,4.424242424242424,15251.70460881899,55.259799307315184,redpe_mid,0.5,13334.999999999998,6667.5,13335.0,0.0,8584.20460881899,3200.4,4.572,7.14375,REDPE_2020,,mid,7.145,8784,2003,SFH,lad,F,4,276.0,False,12.0,,9,,,1.0,1.0,1.0
1930288,32,8,Biobio,8307,8207,Tirúa,2024,CL.SFH.RT2.mad.E,18.0,1,484775,224598,0.463303594451034,0.22796041613803603,2552.25,88,2.7142857142857144,3052.9354065237803,169.60752258465448,coverage_mid,0.5,4579.4031097856705,2289.7015548928352,4579.4031097856705,0.0,763.2338516309451,1099.0567463485609,1.5700810662122298,2.453251665956609,coverage_sensitivity,0.75,,,8784,2011,SFH,mad,E,3,18.0,False,12.0,,9,,,1.0,1.0,1.0
1930288,32,8,Biobio,8307,8207,Tirúa,2024,CL.SFH.RT2.mad.E,18.0,1,484775,224598,0.463303594451034,0.22796041613803603,2552.25,88,2.7142857142857144,3052.9354065237803,169.60752258465448,redpe_mid,0.5,13334.999999999998,3052.9354065237803,6105.870813047561,7229.1291869524375,0.0,1465.4089951314147,2.0934414216163066,3.271002221275479,REDPE_2020,,mid,7.145,8784,2011,SFH,mad,E,3,18.0,False,12.0,,9,,,1.0,1.0,1.0
1994100,33,8,Biobio,8404,8309,Quilleco,2024,CL.SFH.RT1.lad.F,39.0,1,484775,224598,0.463303594451034,0.22796041613803603,2552.25,88,2.9642857142857144,3342.0520729743803,85.69364289677898,coverage_mid,0.5,5013.07810946157,2506.5390547307848,5013.0781094615695,9.094947017729282e-13,835.5130182435955,1203.1387462707767,1.718769637529681,2.6855775586401265,coverage_sensitivity,0.75,,,8784,2003,SFH,lad,F,3,39.0,False,12.0,,9,,,1.0,1.0,1.0
1994100,33,8,Biobio,8404,8309,Quilleco,2024,CL.SFH.RT1.lad.F,39.0,1,484775,224598,0.463303594451034,0.22796041613803603,2552.25,88,2.9642857142857144,3342.0520729743803,85.69364289677898,redpe_mid,0.5,13334.999999999998,3342.0520729743803,6684.104145948761,6650.895854051238,0.0,1604.1849950277026,2.291692850039575,3.580770078186836,REDPE_2020,,mid,7.145,8784,2003,SFH,lad,F,3,39.0,False,12.0,,9,,,1.0,1.0,1.0
1717163,34,8,Biobio,8205,8111,Tomé,2024,CL.SFH.preRT.mad.E,38.0,1,484775,224598,0.463303594451034,0.22796041613803603,2552.25,88,2.9291338582677167,3414.3345596333793,89.85090946403629,coverage_mid,0.5,5121.501839450069,2560.7509197250347,5121.501839450069,0.0,853.5836399083446,1229.1604414680166,1.7559434878114524,2.7436616997053944,coverage_sensitivity,0.75,,,8784,1990,SFH,mad,E,3,38.0,False,12.0,,9,,,1.0,1.0,1.0
1717163,34,8,Biobio,8205,8111,Tomé,2024,CL.SFH.preRT.mad.E,38.0,1,484775,224598,0.463303594451034,0.22796041613803603,2552.25,88,2.9291338582677167,3414.3345596333793,89.85090946403629,redpe_mid,0.5,13334.999999999998,3414.3345596333793,6828.669119266759,6506.33088073324,0.0,1638.880588624022,2.3412579837486027,3.6582155996071917,REDPE_2020,,mid,7.145,8784,1990,SFH,mad,E,3,38.0,False,12.0,,9,,,1.0,1.0,1.0
1774044,35,8,Biobio,8207,8102,Coronel,2024,CL.SFH.preRT.lad.E,40.0,1,484775,224598,0.463303594451034,0.22796041613803603,2552.25,88,2.8823529411764706,4693.601450100025,117.34003625250064,coverage_mid,0.5,7040.402175150039,3520.20108757502,7040.40217515004,0.0,1173.4003625250061,1689.6965220360098,2.413852174337157,3.7716440224018077,coverage_sensitivity,0.75,,,8784,1990,SFH,lad,E,3,40.0,False,12.0,,9,,,1.0,1.0,1.0
1774044,35,8,Biobio,8207,8102,Coronel,2024,CL.SFH.preRT.lad.E,40.0,1,484775,224598,0.463303594451034,0.22796041613803603,2552.25,88,2.8823529411764706,4693.601450100025,117.34003625250064,redpe_mid,0.5,13334.999999999998,4693.601450100025,9387.20290020005,3947.7970997999473,0.0,2252.928696048012,3.2184695657828746,5.028858696535742,REDPE_2020,,mid,7.145,8784,1990,SFH,lad,E,3,40.0,False,12.0,,9,,,1.0,1.0,1.0
1813705,36,8,Biobio,8209,8109,Santa Juana,2024,CL.SFH.preRT.mad.E,99.0,1,484775,224598,0.463303594451034,0.22796041613803603,2552.25,88,3.6666666666666665,7923.844753029986,80.03883588919179,coverage_mid,0.5,11885.76712954498,5942.883564772489,11885.767129544978,1.8189894035458565e-12,1980.9611882574964,2852.5841110907945,4.075120158701135,6.367375247970523,coverage_sensitivity,0.75,,,8784,1990,SFH,mad,E,4,99.0,False,12.0,,9,,,1.0,1.0,1.0
1813705,36,8,Biobio,8209,8109,Santa Juana,2024,CL.SFH.preRT.mad.E,99.0,1,484775,224598,0.463303594451034,0.22796041613803603,2552.25,88,3.6666666666666665,7923.844753029986,80.03883588919179,redpe_mid,0.5,13334.999999999998,6667.5,13335.0,0.0,1256.3447530299873,3200.4,4.572,7.14375,REDPE_2020,,mid,7.145,8784,1990,SFH,mad,E,4,99.0,False,12.0,,9,,,1.0,1.0,1.0
2030405,37,8,Biobio,8414,8314,Alto Biobío,2024,CL.SFH.preRT.mad.F,60.0,1,484775,224598,0.463303594451034,0.22796041613803603,2552.25,88,16.75,10617.806622338738,176.96344370564563,coverage_mid,0.5,15926.709933508107,7963.354966754054,15926.709933508107,0.0,2654.451655584682,3822.410384041946,5.460586262917066,8.532166035807915,coverage_sensitivity,0.75,,,8784,1990,SFH,mad,F,8,60.0,False,12.0,,9,,,1.0,1.0,1.0
2030405,37,8,Biobio,8414,8314,Alto Biobío,2024,CL.SFH.preRT.mad.F,60.0,1,484775,224598,0.463303594451034,0.22796041613803603,2552.25,88,16.75,10617.806622338738,176.96344370564563,redpe_mid,0.5,13334.999999999998,6667.499999999999,13334.999999999998,0.0,3950.306622338737,3200.3999999999996,4.571999999999999,7.143749999999999,REDPE_2020,,mid,7.145,8784,1990,SFH,mad,F,8,60.0,False,12.0,,9,,,1.0,1.0,1.0
1917631,38,8,Biobio,8304,8206,Los Álamos,2024,CL.SFH.RT2.mad.E,40.0,1,484775,224598,0.463303594451034,0.22796041613803603,2552.25,88,3.1882352941176473,6277.360465202713,156.93401163006783,coverage_mid,0.5,9416.04069780407,4708.020348902035,9416.04069780407,0.0,1569.3401163006774,2259.8497674729765,3.2283568106756806,5.0443075166807505,coverage_sensitivity,0.75,,,8784,2011,SFH,mad,E,3,40.0,False,12.0,,9,,,1.0,1.0,1.0
1917631,38,8,Biobio,8304,8206,Los Álamos,2024,CL.SFH.RT2.mad.E,40.0,1,484775,224598,0.463303594451034,0.22796041613803603,2552.25,88,3.1882352941176473,6277.360465202713,156.93401163006783,redpe_mid,0.5,13334.999999999998,6277.360465202713,12554.720930405427,780.2790695945714,0.0,3013.1330232973028,4.304475747567575,6.725743355574336,REDPE_2020,,mid,7.145,8784,2011,SFH,mad,E,3,40.0,False,12.0,,9,,,1.0,1.0,1.0
1930216,39,8,Biobio,8307,8207,Tirúa,2024,CL.SFH.RT1.mad.E,36.0,1,484775,224598,0.463303594451034,0.22796041613803603,2552.25,88,5.4,4035.2941643455947,112.0915045651554,coverage_mid,0.5,6052.941246518392,3026.4706232591957,6052.941246518391,9.094947017729282e-13,1008.8235410863988,1452.705899164414,2.0752941416634485,3.2426470963491383,coverage_sensitivity,0.75,,,8784,2003,SFH,mad,E,5,36.0,False,12.0,,9,,,1.0,1.0,1.0
1930216,39,8,Biobio,8307,8207,Tirúa,2024,CL.SFH.RT1.mad.E,36.0,1,484775,224598,0.463303594451034,0.22796041613803603,2552.25,88,5.4,4035.2941643455947,112.0915045651554,redpe_mid,0.5,13334.999999999998,4035.2941643455947,8070.588328691189,5264.411671308809,0.0,1936.9411988858853,2.767058855551265,4.323529461798851,REDPE_2020,,mid,7.145,8784,2003,SFH,mad,E,5,36.0,False,12.0,,9,,,1.0,1.0,1.0
2027664,40,8,Biobio,8412,8312,Tucapel,2024,CL.SFH.preRT.mad.F,43.0,1,484775,224598,0.463303594451034,0.22796041613803603,2552.25,88,2.6666666666666665,6007.017943105082,139.6980917001182,coverage_mid,0.5,9010.526914657623,4505.2634573288115,9010.526914657623,0.0,1501.7544857762705,2162.5264595178296,3.0893235135968995,4.827067989995156,coverage_sensitivity,0.75,,,8784,1990,SFH,mad,F,3,43.0,False,12.0,,9,,,1.0,1.0,1.0
2027664,40,8,Biobio,8412,8312,Tucapel,2024,CL.SFH.preRT.mad.F,43.0,1,484775,224598,0.463303594451034,0.22796041613803603,2552.25,88,2.6666666666666665,6007.017943105082,139.6980917001182,redpe_mid,0.5,13334.999999999998,6007.017943105082,12014.035886210164,1320.9641137898343,0.0,2883.368612690439,4.119098018129199,6.436090653326873,REDPE_2020,,mid,7.145,8784,1990,SFH,mad,F,3,43.0,False,12.0,,9,,,1.0,1.0,1.0
1993597,41,8,Biobio,8404,8309,Quilleco,2024,CL.SFH.preRT.mad.F,48.0,1,484775,224598,0.463303594451034,0.22796041613803603,2552.25,88,7.875,4624.972149538269,96.35358644871394,coverage_mid,0.5,6937.458224307404,3468.7291121537023,6937.458224307405,0.0,1156.243037384567,1664.9899738337772,2.3785571054768244,3.716495477307538,coverage_sensitivity,0.75,,,8784,1990,SFH,mad,F,8,48.0,False,12.0,,9,,,1.0,1.0,1.0
1993597,41,8,Biobio,8404,8309,Quilleco,2024,CL.SFH.preRT.mad.F,48.0,1,484775,224598,0.463303594451034,0.22796041613803603,2552.25,88,7.875,4624.972149538269,96.35358644871394,redpe_mid,0.5,13334.999999999998,4624.972149538269,9249.944299076538,4085.05570092346,0.0,2219.986631778369,3.1714094739690983,4.955327303076716,REDPE_2020,,mid,7.145,8784,1990,SFH,mad,F,8,48.0,False,12.0,,9,,,1.0,1.0,1.0
2006403,42,8,Biobio,8407,8305,Mulchén,2024,CL.SFH.preRT.mad.F,47.0,1,484775,224598,0.463303594451034,0.22796041613803603,2552.25,88,4.117647058823529,5791.387223222856,123.22100474942246,coverage_mid,0.5,8687.080834834283,4343.540417417143,8687.080834834285,0.0,1447.8468058057151,2084.8994003602284,2.9784277148003264,4.65379330437551,coverage_sensitivity,0.75,,,8784,1990,SFH,mad,F,4,47.0,False,12.0,,9,,,1.0,1.0,1.0
2006403,42,8,Biobio,8407,8305,Mulchén,2024,CL.SFH.preRT.mad.F,47.0,1,484775,224598,0.463303594451034,0.22796041613803603,2552.25,88,4.117647058823529,5791.387223222856,123.22100474942246,redpe_mid,0.5,13334.999999999998,5791.387223222856,11582.774446445712,1752.2255535542863,0.0,2779.8658671469707,3.971236953067101,6.205057739167345,REDPE_2020,,mid,7.145,8784,1990,SFH,mad,F,4,47.0,False,12.0,,9,,,1.0,1.0,1.0
2012619,43,8,Biobio,8409,8313,Yumbel,2024,CL.SFH.preRT.mad.F,84.0,1,484775,224598,0.463303594451034,0.22796041613803603,2552.25,88,3.0833333333333335,6975.009164476566,83.0358233866258,coverage_mid,0.5,10462.513746714849,5231.256873357425,10462.51374671485,0.0,1743.752291119141,2511.0032992115644,3.5871475703022346,5.604918078597241,coverage_sensitivity,0.75,,,8784,1990,SFH,mad,F,3,84.0,False,12.0,,9,,,1.0,1.0,1.0
2012619,43,8,Biobio,8409,8313,Yumbel,2024,CL.SFH.preRT.mad.F,84.0,1,484775,224598,0.463303594451034,0.22796041613803603,2552.25,88,3.0833333333333335,6975.009164476566,83.0358233866258,redpe_mid,0.5,13334.999999999998,6667.5,13335.0,0.0,307.5091644765662,3200.4,4.572,7.14375,REDPE_2020,,mid,7.145,8784,1990,SFH,mad,F,3,84.0,False,12.0,,9,,,1.0,1.0,1.0
2010565,44,8,Biobio,8408,8308,Quilaco,2024,CL.SFH.CEV.mad.F,50.0,1,484775,224598,0.463303594451034,0.22796041613803603,2552.25,88,3.590909090909091,9250.32786875614,185.00655737512278,coverage_mid,0.5,13875.49180313421,6937.745901567105,13875.49180313421,0.0,2312.5819671890345,3330.11803275221,4.7573114753603,7.433299180250469,coverage_sensitivity,0.75,,,8784,2018,SFH,mad,F,4,50.0,False,12.0,,9,,,1.0,1.0,1.0
2010565,44,8,Biobio,8408,8308,Quilaco,2024,CL.SFH.CEV.mad.F,50.0,1,484775,224598,0.463303594451034,0.22796041613803603,2552.25,88,3.590909090909091,9250.32786875614,185.00655737512278,redpe_mid,0.5,13334.999999999998,6667.499999999998,13334.999999999996,1.8189894035458565e-12,2582.827868756141,3200.399999999999,4.571999999999999,7.143749999999999,REDPE_2020,,mid,7.145,8784,2018,SFH,mad,F,4,50.0,False,12.0,,9,,,1.0,1.0,1.0
1876771,45,8,Biobio,8212,8112,Hualpén,2024,CL.SFH.RT1.lad.E,53.0,1,484775,224598,0.463303594451034,0.22796041613803603,2552.25,88,4.111111111111111,2864.019540036989,54.03810452899979,coverage_mid,0.5,4296.029310055484,2148.014655027742,4296.029310055484,0.0,716.0048850092471,1031.0470344133162,1.472924334876166,2.3014442732440092,coverage_sensitivity,0.75,,,8784,2003,SFH,lad,E,4,53.0,False,12.0,,9,,,1.0,1.0,1.0
1876771,45,8,Biobio,8212,8112,Hualpén,2024,CL.SFH.RT1.lad.E,53.0,1,484775,224598,0.463303594451034,0.22796041613803603,2552.25,88,4.111111111111111,2864.019540036989,54.03810452899979,redpe_mid,0.5,13334.999999999998,2864.019540036989,5728.039080073978,7606.96091992602,0.0,1374.7293792177547,1.963899113168221,3.068592364325345,REDPE_2020,,mid,7.145,8784,2003,SFH,lad,E,4,53.0,False,12.0,,9,,,1.0,1.0,1.0
1753399,46,8,Biobio,8206,8110,Talcahuano,2024,CL.SFH.preRT.mad.E,215.0,1,484775,224598,0.463303594451034,0.22796041613803603,2552.25,88,4.136363636363637,12797.636027063794,59.523888497971136,coverage_mid,0.5,19196.45404059569,9598.227020297845,19196.45404059569,0.0,3199.4090067659495,4607.148969742966,6.581641385347094,10.283814664604835,coverage_sensitivity,0.75,,,8784,1990,SFH,mad,E,4,215.0,False,12.0,,9,,,1.0,1.0,1.0
1753399,46,8,Biobio,8206,8110,Talcahuano,2024,CL.SFH.preRT.mad.E,215.0,1,484775,224598,0.463303594451034,0.22796041613803603,2552.25,88,4.136363636363637,12797.636027063794,59.523888497971136,redpe_mid,0.5,13334.999999999998,6667.5,13335.0,0.0,6130.136027063795,3200.4,4.572,7.14375,REDPE_2020,,mid,7.145,8784,1990,SFH,mad,E,4,215.0,False,12.0,,9,,,1.0,1.0,1.0
2020970,47,8,Biobio,8410,8303,Cabrero,2024,CL.SFH.RT2.mad.F,29.0,1,484775,224598,0.463303594451034,0.22796041613803603,2552.25,88,2.6451612903225805,3339.4702495909223,115.154146537618,coverage_mid,0.5,5009.2053743863835,2504.6026871931917,5009.2053743863835,0.0,834.8675623977306,1202.2092898527321,1.7174418426467601,2.683502879135563,coverage_sensitivity,0.75,,,8784,2011,SFH,mad,F,3,29.0,False,12.0,,9,,,1.0,1.0,1.0
2020970,47,8,Biobio,8410,8303,Cabrero,2024,CL.SFH.RT2.mad.F,29.0,1,484775,224598,0.463303594451034,0.22796041613803603,2552.25,88,2.6451612903225805,3339.4702495909223,115.154146537618,redpe_mid,0.5,13334.999999999998,3339.4702495909223,6678.940499181845,6656.0595008181535,0.0,1602.9457198036428,2.289922456862347,3.5780038388474167,REDPE_2020,,mid,7.145,8784,2011,SFH,mad,F,3,29.0,False,12.0,,9,,,1.0,1.0,1.0
1922794,48,8,Biobio,8305,8203,Cañete,2024,CL.SFH.RT1.mad.E,40.0,1,484775,224598,0.463303594451034,0.22796041613803603,2552.25,88,2.3,4951.140176331877,123.77850440829693,coverage_mid,0.5,7426.710264497816,3713.355132248908,7426.710264497816,0.0,1237.7850440829693,1782.4104634794758,2.546300662113537,3.9785947845524015,coverage_sensitivity,0.75,,,8784,2003,SFH,mad,E,2,40.0,False,12.0,,9,,,1.0,1.0,1.0
1922794,48,8,Biobio,8305,8203,Cañete,2024,CL.SFH.RT1.mad.E,40.0,1,484775,224598,0.463303594451034,0.22796041613803603,2552.25,88,2.3,4951.140176331877,123.77850440829693,redpe_mid,0.5,13334.999999999998,4951.140176331877,9902.280352663754,3432.7196473362437,0.0,2376.5472846393013,3.395067549484716,5.304793046069869,REDPE_2020,,mid,7.145,8784,2003,SFH,mad,E,2,40.0,False,12.0,,9,,,1.0,1.0,1.0
2029888,49,8,Biobio,8413,8302,Antuco,2024,CL.SFH.RT1.mad.F,35.0,1,484775,224598,0.463303594451034,0.22796041613803603,2552.25,88,3.1666666666666665,7481.016130551096,213.7433180157456,coverage_mid,0.5,11221.524195826643,5610.762097913322,11221.524195826643,0.0,1870.254032637774,2693.1658069983946,3.847379724283421,6.011530819192845,coverage_sensitivity,0.75,,,8784,2003,SFH,mad,F,3,35.0,False,12.0,,9,,,1.0,1.0,1.0
2029888,49,8,Biobio,8413,8302,Antuco,2024,CL.SFH.RT1.mad.F,35.0,1,484775,224598,0.463303594451034,0.22796041613803603,2552.25,88,3.1666666666666665,7481.016130551096,213.7433180157456,redpe_mid,0.5,13334.999999999998,6667.499999999998,13334.999999999996,1.8189894035458565e-12,813.5161305510965,3200.399999999999,4.571999999999999,7.143749999999999,REDPE_2020,,mid,7.145,8784,2003,SFH,mad,F,3,35.0,False,12.0,,9,,,1.0,1.0,1.0
1988166,50,8,Biobio,8403,8304,Laja,2024,CL.SFH.CEV.mad.F,54.0,1,484775,224598,0.463303594451034,0.22796041613803603,2552.25,88,3.888888888888889,4283.681887201197,79.32744235557773,coverage_mid,0.5,6425.522830801796,3212.7614154008975,6425.522830801795,9.094947017729282e-13,1070.9204718002993,1542.1254793924309,2.2030363991320443,3.442244373643819,coverage_sensitivity,0.75,,,8784,2018,SFH,mad,F,4,54.0,False,12.0,,9,,,1.0,1.0,1.0
1988166,50,8,Biobio,8403,8304,Laja,2024,CL.SFH.CEV.mad.F,54.0,1,484775,224598,0.463303594451034,0.22796041613803603,2552.25,88,3.888888888888889,4283.681887201197,79.32744235557773,redpe_mid,0.5,13334.999999999998,4283.681887201197,8567.363774402394,4767.636225597604,0.0,2056.167305856575,2.9373818655093924,4.589659164858426,REDPE_2020,,mid,7.145,8784,2018,SFH,mad,F,4,54.0,False,12.0,,9,,,1.0,1.0,1.0
1987498,51,8,Biobio,8402,8311,Santa Bárbara,2024,CL.SFH.RT2.mad.F,44.0,1,484775,224598,0.463303594451034,0.22796041613803603,2552.25,88,3.657142857142857,6269.862704327867,142.49687964381516,coverage_mid,0.5,9404.794056491799,4702.3970282459,9404.7940564918,0.0,1567.465676081967,2257.1505735580326,3.224500819368618,5.038282530263466,coverage_sensitivity,0.75,,,8784,2011,SFH,mad,F,4,44.0,False,12.0,,9,,,1.0,1.0,1.0
1987498,51,8,Biobio,8402,8311,Santa Bárbara,2024,CL.SFH.RT2.mad.F,44.0,1,484775,224598,0.463303594451034,0.22796041613803603,2552.25,88,3.657142857142857,6269.862704327867,142.49687964381516,redpe_mid,0.5,13334.999999999998,6269.862704327867,12539.725408655733,795.274591344265,0.0,3009.5340980773763,4.299334425824823,6.717710040351286,REDPE_2020,,mid,7.145,8784,2011,SFH,mad,F,4,44.0,False,12.0,,9,,,1.0,1.0,1.0
1906425,52,8,Biobio,8302,8205,Curanilahue,2024,CL.SFH.preRT.mad.E,45.0,1,484775,224598,0.463303594451034,0.22796041613803603,2552.25,88,2.142857142857143,5687.652044097173,126.39226764660384,coverage_mid,0.5,8531.478066145759,4265.73903307288,8531.47806614576,0.0,1421.9130110242932,2047.5547358749827,2.925078194107118,4.570434678292372,coverage_sensitivity,0.75,,,8784,1990,SFH,mad,E,2,45.0,False,12.0,,9,,,1.0,1.0,1.0
1906425,52,8,Biobio,8302,8205,Curanilahue,2024,CL.SFH.preRT.mad.E,45.0,1,484775,224598,0.463303594451034,0.22796041613803603,2552.25,88,2.142857142857143,5687.652044097173,126.39226764660384,redpe_mid,0.5,13334.999999999998,5687.652044097173,11375.304088194345,1959.695911805653,0.0,2730.0729811666433,3.9001042588094905,6.093912904389829,REDPE_2020,,mid,7.145,8784,1990,SFH,mad,E,2,45.0,False,12.0,,9,,,1.0,1.0,1.0
1711195,53,8,Biobio,8204,8104,Florida,2024,CL.SFH.preRT.mad.F,36.0,1,484775,224598,0.463303594451034,0.22796041613803603,2552.25,88,2.537931034482759,3847.830900223783,106.88419167288286,coverage_mid,0.5,5771.746350335674,2885.8731751678365,5771.746350335673,9.094947017729282e-13,961.9577250559469,1385.2191240805616,1.9788844629722309,3.0920069733941107,coverage_sensitivity,0.75,,,8784,1990,SFH,mad,F,3,36.0,False,12.0,,9,,,1.0,1.0,1.0
1711195,53,8,Biobio,8204,8104,Florida,2024,CL.SFH.preRT.mad.F,36.0,1,484775,224598,0.463303594451034,0.22796041613803603,2552.25,88,2.537931034482759,3847.830900223783,106.88419167288286,redpe_mid,0.5,13334.999999999998,3847.830900223783,7695.661800447566,5639.338199552432,0.0,1846.958832107416,2.6385126172963083,4.122675964525482,REDPE_2020,,mid,7.145,8784,1990,SFH,mad,F,3,36.0,False,12.0,,9,,,1.0,1.0,1.0
2002828,54,8,Biobio,8406,8307,Negrete,2024,CL.SFH.preRT.mad.F,30.0,1,484775,224598,0.463303594451034,0.22796041613803603,2552.25,88,2.4285714285714284,3745.1526414418863,124.83842138139622,coverage_mid,0.5,5617.72896216283,2808.864481081415,5617.72896216283,0.0,936.2881603604709,1348.2549509190792,1.9260785013129702,3.009497658301516,coverage_sensitivity,0.75,,,8784,1990,SFH,mad,F,2,30.0,False,12.0,,9,,,1.0,1.0,1.0
2002828,54,8,Biobio,8406,8307,Negrete,2024,CL.SFH.preRT.mad.F,30.0,1,484775,224598,0.463303594451034,0.22796041613803603,2552.25,88,2.4285714285714284,3745.1526414418863,124.83842138139622,redpe_mid,0.5,13334.999999999998,3745.1526414418863,7490.305282883773,5844.694717116226,0.0,1797.6732678921055,2.5681046684172935,4.012663544402021,REDPE_2020,,mid,7.145,8784,1990,SFH,mad,F,2,30.0,False,12.0,,9,,,1.0,1.0,1.0
1928300,55,8,Biobio,8306,8204,Contulmo,2024,CL.SFH.RT1.mad.E,24.0,1,484775,224598,0.463303594451034,0.22796041613803603,2552.25,88,16.2,2708.8945508776515,112.87060628656882,coverage_mid,0.5,4063.341826316477,2031.6709131582386,4063.341826316477,0.0,677.2236377194127,975.2020383159545,1.3931457690227922,2.1767902640981127,coverage_sensitivity,0.75,,,8784,2003,SFH,mad,E,8,24.0,False,12.0,,9,,,1.0,1.0,1.0
1928300,55,8,Biobio,8306,8204,Contulmo,2024,CL.SFH.RT1.mad.E,24.0,1,484775,224598,0.463303594451034,0.22796041613803603,2552.25,88,16.2,2708.8945508776515,112.87060628656882,redpe_mid,0.5,13334.999999999998,2708.8945508776515,5417.789101755303,7917.210898244695,0.0,1300.269384421273,1.8575276920303898,2.902387018797484,REDPE_2020,,mid,7.145,8784,2003,SFH,mad,E,8,24.0,False,12.0,,9,,,1.0,1.0,1.0
1800369,56,8,Biobio,8208,8106,Lota,2024,CL.SFH.preRT.mad.E,56.0,1,484775,224598,0.463303594451034,0.22796041613803603,2552.25,88,4.1875,4510.911452984342,80.55199023186324,coverage_mid,0.5,6766.367179476512,3383.183589738256,6766.367179476512,0.0,1127.7278632460866,1623.928123074363,2.3198973186776612,3.6248395604338457,coverage_sensitivity,0.75,,,8784,1990,SFH,mad,E,4,56.0,False,12.0,,9,,,1.0,1.0,1.0
1800369,56,8,Biobio,8208,8106,Lota,2024,CL.SFH.preRT.mad.E,56.0,1,484775,224598,0.463303594451034,0.22796041613803603,2552.25,88,4.1875,4510.911452984342,80.55199023186324,redpe_mid,0.5,13334.999999999998,4510.911452984342,9021.822905968684,4313.1770940313145,0.0,2165.237497432484,3.0931964249035486,4.833119413911795,REDPE_2020,,mid,7.145,8784,1990,SFH,mad,E,4,56.0,False,12.0,,9,,,1.0,1.0,1.0
1701521,57,8,Biobio,8202,8107,Penco,2024,CL.SFH.RT2.lad.E,134.0,1,484775,224598,0.463303594451034,0.22796041613803603,2552.25,88,3.223684210526316,15034.981428547128,112.20135394438155,coverage_mid,0.5,22552.47214282069,11276.236071410345,22552.47214282069,0.0,3758.745357136781,5412.593314276965,7.732276163252807,12.08168150508251,coverage_sensitivity,0.75,,,8784,2011,SFH,lad,E,3,134.0,False,12.0,,9,,,1.0,1.0,1.0
1701521,57,8,Biobio,8202,8107,Penco,2024,CL.SFH.RT2.lad.E,134.0,1,484775,224598,0.463303594451034,0.22796041613803603,2552.25,88,3.223684210526316,15034.981428547128,112.20135394438155,redpe_mid,0.5,13334.999999999998,6667.499999999998,13334.999999999996,1.8189894035458565e-12,8367.48142854713,3200.399999999999,4.571999999999999,7.143749999999999,REDPE_2020,,mid,7.145,8784,2011,SFH,lad,E,3,134.0,False,12.0,,9,,,1.0,1.0,1.0
1816033,58,8,Biobio,8210,8108,San Pedro de la Paz,2024,CL.SFH.RT2.lad.E,35.0,1,484775,224598,0.463303594451034,0.22796041613803603,2552.25,88,2.7777777777777777,3498.219383154074,99.94912523297354,coverage_mid,0.5,5247.329074731111,2623.664537365555,5247.32907473111,9.094947017729282e-13,874.5548457885184,1259.3589779354666,1.7990842541935237,2.8110691471773808,coverage_sensitivity,0.75,,,8784,2011,SFH,lad,E,3,35.0,False,12.0,,9,,,1.0,1.0,1.0
1816033,58,8,Biobio,8210,8108,San Pedro de la Paz,2024,CL.SFH.RT2.lad.E,35.0,1,484775,224598,0.463303594451034,0.22796041613803603,2552.25,88,2.7777777777777777,3498.219383154074,99.94912523297354,redpe_mid,0.5,13334.999999999998,3498.219383154074,6996.438766308148,6338.56123369185,0.0,1679.1453039139556,2.398779005591365,3.7480921962365077,REDPE_2020,,mid,7.145,8784,2011,SFH,lad,E,3,35.0,False,12.0,,9,,,1.0,1.0,1.0
1704174,59,8,Biobio,8203,8105,Hualqui,2024,CL.SFH.RT2.lad.E,91.0,1,484775,224598,0.463303594451034,0.22796041613803603,2552.25,88,3.642857142857143,9912.694154054185,108.93070498960643,coverage_mid,0.5,14869.041231081277,7434.520615540639,14869.041231081277,0.0,2478.1735385135457,3568.5698954595064,5.097956993513581,7.96555780236497,coverage_sensitivity,0.75,,,8784,2011,SFH,lad,E,4,91.0,False,12.0,,9,,,1.0,1.0,1.0
1704174,59,8,Biobio,8203,8105,Hualqui,2024,CL.SFH.RT2.lad.E,91.0,1,484775,224598,0.463303594451034,0.22796041613803603,2552.25,88,3.642857142857143,9912.694154054185,108.93070498960643,redpe_mid,0.5,13334.999999999998,6667.499999999999,13334.999999999998,0.0,3245.194154054186,3200.3999999999996,4.571999999999999,7.143749999999999,REDPE_2020,,mid,7.145,8784,2011,SFH,lad,E,4,91.0,False,12.0,,9,,,1.0,1.0,1.0
1896645,60,8,Biobio,8301,8202,Arauco,2024,CL.SFH.RT2.mad.E,50.0,1,484775,224598,0.463303594451034,0.22796041613803603,2552.25,88,3.5714285714285716,4546.852262898542,90.93704525797084,coverage_mid,0.5,6820.278394347813,3410.1391971739063,6820.2783943478125,9.094947017729282e-13,1136.713065724635,1636.866814643475,2.338381163776393,3.653720568400614,coverage_sensitivity,0.75,,,8784,2011,SFH,mad,E,4,50.0,False,12.0,,9,,,1.0,1.0,1.0
1896645,60,8,Biobio,8301,8202,Arauco,2024,CL.SFH.RT2.mad.E,50.0,1,484775,224598,0.463303594451034,0.22796041613803603,2552.25,88,3.5714285714285716,4546.852262898542,90.93704525797084,redpe_mid,0.5,13334.999999999998,4546.852262898542,9093.704525797084,4241.295474202914,0.0,2182.4890861913,3.117841551701857,4.871627424534151,REDPE_2020,,mid,7.145,8784,2011,SFH,mad,E,4,50.0,False,12.0,,9,,,1.0,1.0,1.0
2024428,61,8,Biobio,8411,8310,San Rosendo,2024,CL.SFH.preRT.lad.F,85.0,1,484775,224598,0.463303594451034,0.22796041613803603,2552.25,88,3.3333333333333335,5113.139623805903,60.15458380948122,coverage_mid,0.5,7669.709435708855,3834.8547178544272,7669.7094357088545,9.094947017729282e-13,1278.2849059514763,1840.730264570125,2.629614663671607,4.108772911986886,coverage_sensitivity,0.75,,,8784,1990,SFH,lad,F,3,85.0,False,12.0,,9,,,1.0,1.0,1.0
2024428,61,8,Biobio,8411,8310,San Rosendo,2024,CL.SFH.preRT.lad.F,85.0,1,484775,224598,0.463303594451034,0.22796041613803603,2552.25,88,3.3333333333333335,5113.139623805903,60.15458380948122,redpe_mid,0.5,13334.999999999998,5113.139623805903,10226.279247611807,3108.7207523881916,0.0,2454.307019426834,3.506152884895477,5.478363882649183,REDPE_2020,,mid,7.145,8784,1990,SFH,lad,F,3,85.0,False,12.0,,9,,,1.0,1.0,1.0
1661210,62,8,Biobio,8201,8101,Concepción,2024,CL.SFH.preRT.lad.E,104.0,1,484775,224598,0.463303594451034,0.22796041613803603,2552.25,88,2.8369565217391304,12439.520536253724,119.61077438705503,coverage_mid,0.5,18659.280804380585,9329.640402190293,18659.280804380585,0.0,3109.880134063431,4478.227393051341,6.397467704359059,9.99604328806103,coverage_sensitivity,0.75,,,8784,1990,SFH,lad,E,3,104.0,False,12.0,,9,,,1.0,1.0,1.0
1661210,62,8,Biobio,8201,8101,Concepción,2024,CL.SFH.preRT.lad.E,104.0,1,484775,224598,0.463303594451034,0.22796041613803603,2552.25,88,2.8369565217391304,12439.520536253724,119.61077438705503,redpe_mid,0.5,13334.999999999998,6667.499999999998,13334.999999999996,1.8189894035458565e-12,5772.0205362537245,3200.399999999999,4.571999999999999,7.143749999999999,REDPE_2020,,mid,7.145,8784,1990,SFH,lad,E,3,104.0,False,12.0,,9,,,1.0,1.0,1.0
1866021,63,8,Biobio,8211,8103,Chiguayante,2024,CL.SFH.preRT.mad.E,205.0,1,484775,224598,0.463303594451034,0.22796041613803603,2552.25,88,3.8545454545454545,13673.892199616286,66.70191316885993,coverage_mid,0.5,20510.83829942443,10255.419149712216,20510.83829942443,0.0,3418.4730499040706,4922.601191861863,7.032287416945519,10.987949088977373,coverage_sensitivity,0.75,,,8784,1990,SFH,mad,E,4,205.0,False,12.0,,9,,,1.0,1.0,1.0
1866021,63,8,Biobio,8211,8103,Chiguayante,2024,CL.SFH.preRT.mad.E,205.0,1,484775,224598,0.463303594451034,0.22796041613803603,2552.25,88,3.8545454545454545,13673.892199616286,66.70191316885993,redpe_mid,0.5,13334.999999999998,6667.499999999999,13334.999999999998,0.0,7006.392199616287,3200.3999999999996,4.571999999999999,7.143749999999999,REDPE_2020,,mid,7.145,8784,1990,SFH,mad,E,4,205.0,False,12.0,,9,,,1.0,1.0,1.0
1940785,64,8,Biobio,8401,8301,Los Ángeles,2024,CL.SFH.preRT.lad.F,7.0,1,484775,224598,0.463303594451034,0.22796041613803603,2552.25,88,3.1449275362318843,764.381765036193,109.19739500517042,coverage_mid,0.5,1146.5726475542895,573.2863237771446,1146.5726475542892,2.2737367544323206e-13,191.09544125904824,275.1774354130294,0.3931106220186134,0.6142353469040834,coverage_sensitivity,0.75,,,8784,1990,SFH,lad,F,3,7.0,False,12.0,,9,,,1.0,1.0,1.0
1940785,64,8,Biobio,8401,8301,Los Ángeles,2024,CL.SFH.preRT.lad.F,7.0,1,484775,224598,0.463303594451034,0.22796041613803603,2552.25,88,3.1449275362318843,764.381765036193,109.19739500517042,redpe_mid,0.5,13334.999999999998,764.381765036193,1528.763530072386,11806.236469927611,0.0,366.90324721737267,0.5241474960248181,0.8189804625387783,REDPE_2020,,mid,7.145,8784,1990,SFH,lad,F,3,7.0,False,12.0,,9,,,1.0,1.0,1.0
1912440,65,8,Biobio,8303,8201,Lebu,2024,CL.SFH.preRT.mad.E,54.0,1,484775,224598,0.463303594451034,0.22796041613803603,2552.25,88,2.473684210526316,4867.7556898670555,90.14362388642695,coverage_mid,0.5,7301.633534800583,3650.816767400291,7301.633534800582,9.094947017729282e-13,1216.938922466763,1752.3920483521397,2.503417211931628,3.911589393643169,coverage_sensitivity,0.75,,,8784,1990,SFH,mad,E,2,54.0,False,12.0,,9,,,1.0,1.0,1.0
1912440,65,8,Biobio,8303,8201,Lebu,2024,CL.SFH.preRT.mad.E,54.0,1,484775,224598,0.463303594451034,0.22796041613803603,2552.25,88,2.473684210526316,4867.7556898670555,90.14362388642695,redpe_mid,0.5,13334.999999999998,4867.7556898670555,9735.511379734111,3599.488620265887,0.0,2336.522731136187,3.3378896159088383,5.21545252485756,REDPE_2020,,mid,7.145,8784,1990,SFH,mad,E,2,54.0,False,12.0,,9,,,1.0,1.0,1.0
1995072,66,8,Biobio,8405,8306,Nacimiento,2024,CL.SFH.preRT.mad.F,87.0,1,484775,224598,0.463303594451034,0.22796041613803603,2552.25,88,4.2,7490.677727022533,86.09974398876474,coverage_mid,0.5,11236.0165905338,5618.0082952669,11236.0165905338,0.0,1872.6694317556319,2696.643981728112,3.8523485453258743,6.019294602071678,coverage_sensitivity,0.75,,,8784,1990,SFH,mad,F,4,87.0,False,12.0,,9,,,1.0,1.0,1.0
1995072,66,8,Biobio,8405,8306,Nacimiento,2024,CL.SFH.preRT.mad.F,87.0,1,484775,224598,0.463303594451034,0.22796041613803603,2552.25,88,4.2,7490.677727022533,86.09974398876474,redpe_mid,0.5,13334.999999999998,6667.5,13335.0,0.0,823.1777270225331,3200.4,4.572,7.14375,REDPE_2020,,mid,7.145,8784,1990,SFH,mad,F,4,87.0,False,12.0,,9,,,1.0,1.0,1.0
1771323,67,8,Biobio,8207,8102,Coronel,2024,CL.SFH.preRT.mad.E,96.0,1,484775,224598,0.463303594451034,0.22796041613803603,2552.25,88,2.0833333333333335,7343.579794950944,76.49562286407233,coverage_mid,0.5,11015.369692426417,5507.684846213207,11015.369692426413,3.637978807091713e-12,1835.8949487377365,2643.688726182339,3.7766981802604844,5.901090906657007,coverage_sensitivity,0.75,,,8784,1990,SFH,mad,E,2,96.0,False,12.0,,9,,,1.0,1.0,1.0
1771323,67,8,Biobio,8207,8102,Coronel,2024,CL.SFH.preRT.mad.E,96.0,1,484775,224598,0.463303594451034,0.22796041613803603,2552.25,88,2.0833333333333335,7343.579794950944,76.49562286407233,redpe_mid,0.5,13334.999999999998,6667.499999999998,13334.999999999996,1.8189894035458565e-12,676.079794950946,3200.399999999999,4.571999999999999,7.143749999999999,REDPE_2020,,mid,7.145,8784,1990,SFH,mad,E,2,96.0,False,12.0,,9,,,1.0,1.0,1.0
1895702,68,8,Biobio,8301,8202,Arauco,2024,CL.SFH.preRT.mad.E,72.0,1,484775,224598,0.463303594451034,0.22796041613803603,2552.25,88,5.5,4920.839904965651,68.34499868007849,coverage_mid,0.5,7381.259857448476,3690.6299287242377,7381.2598574484755,9.094947017729282e-13,1230.2099762414127,1771.502365787634,2.5307176654109056,3.95424635220454,coverage_sensitivity,0.75,,,8784,1990,SFH,mad,E,6,72.0,False,12.0,,9,,,1.0,1.0,1.0
1895702,68,8,Biobio,8301,8202,Arauco,2024,CL.SFH.preRT.mad.E,72.0,1,484775,224598,0.463303594451034,0.22796041613803603,2552.25,88,5.5,4920.839904965651,68.34499868007849,redpe_mid,0.5,13334.999999999998,4920.839904965651,9841.679809931302,3493.3201900686963,0.0,2362.0031543835125,3.374290220547875,5.272328469606054,REDPE_2020,,mid,7.145,8784,1990,SFH,mad,E,6,72.0,False,12.0,,9,,,1.0,1.0,1.0
2003626,69,8,Biobio,8406,8307,Negrete,2024,CL.SFH.preRT.mad.F,128.0,1,484775,224598,0.463303594451034,0.22796041613803603,2552.25,88,5.2,9774.19204835592,76.36087537778063,coverage_mid,0.5,14661.28807253388,7330.64403626694,14661.28807253388,0.0,2443.5480120889806,3518.709137408131,5.026727339154473,7.854261467428864,coverage_sensitivity,0.75,,,8784,1990,SFH,mad,F,5,128.0,False,12.0,,9,,,1.0,1.0,1.0
2003626,69,8,Biobio,8406,8307,Negrete,2024,CL.SFH.preRT.mad.F,128.0,1,484775,224598,0.463303594451034,0.22796041613803603,2552.25,88,5.2,9774.19204835592,76.36087537778063,redpe_mid,0.5,13334.999999999998,6667.5,13335.0,0.0,3106.692048355922,3200.4,4.572,7.14375,REDPE_2020,,mid,7.145,8784,1990,SFH,mad,F,5,128.0,False,12.0,,9,,,1.0,1.0,1.0
2016241,70,8,Biobio,8409,8313,Yumbel,2024,CL.SFH.post2021.mad.F,50.0,1,484775,224598,0.463303594451034,0.22796041613803603,2552.25,88,1.5,4658.003764440258,93.16007528880516,coverage_mid,0.5,6987.005646660387,3493.5028233301937,6987.005646660387,0.0,1164.5009411100646,1676.881355198493,2.3955447931407043,3.7430387392823503,coverage_sensitivity,0.75,,,8784,2022,SFH,mad,F,2,50.0,False,12.0,,9,,,1.0,1.0,1.0
2016241,70,8,Biobio,8409,8313,Yumbel,2024,CL.SFH.post2021.mad.F,50.0,1,484775,224598,0.463303594451034,0.22796041613803603,2552.25,88,1.5,4658.003764440258,93.16007528880516,redpe_mid,0.5,13334.999999999998,4658.003764440258,9316.007528880516,4018.9924711194817,0.0,2235.8418069313243,3.194059724187606,4.990718319043134,REDPE_2020,,mid,7.145,8784,2022,SFH,mad,F,2,50.0,False,12.0,,9,,,1.0,1.0,1.0
1991045,71,8,Biobio,8403,8304,Laja,2024,CL.SFH.preRT.mad.F,52.0,1,484775,224598,0.463303594451034,0.22796041613803603,2552.25,88,3.566666666666667,4593.6363203251985,88.33916000625382,coverage_mid,0.5,6890.454480487798,3445.2272402438994,6890.454480487799,0.0,1148.4090800812996,1653.7090753170717,2.3624415361672453,3.691314900261321,coverage_sensitivity,0.75,,,8784,1990,SFH,mad,F,4,52.0,False,12.0,,9,,,1.0,1.0,1.0
1991045,71,8,Biobio,8403,8304,Laja,2024,CL.SFH.preRT.mad.F,52.0,1,484775,224598,0.463303594451034,0.22796041613803603,2552.25,88,3.566666666666667,4593.6363203251985,88.33916000625382,redpe_mid,0.5,13334.999999999998,4593.6363203251985,9187.272640650397,4147.727359349601,0.0,2204.9454337560956,3.1499220482229937,4.9217532003484274,REDPE_2020,,mid,7.145,8784,1990,SFH,mad,F,4,52.0,False,12.0,,9,,,1.0,1.0,1.0
1915799,72,8,Biobio,8303,8201,Lebu,2024,CL.SFH.preRT.mad.E,34.0,1,484775,224598,0.463303594451034,0.22796041613803603,2552.25,88,2.8333333333333335,3099.323939751029,91.15658646326555,coverage_mid,0.5,4648.985909626543,2324.4929548132714,4648.985909626543,0.0,774.8309849377574,1115.7566183103702,1.5939380261576717,2.490528165871362,coverage_sensitivity,0.75,,,8784,1990,SFH,mad,E,3,34.0,False,12.0,,9,,,1.0,1.0,1.0
1915799,72,8,Biobio,8303,8201,Lebu,2024,CL.SFH.preRT.mad.E,34.0,1,484775,224598,0.463303594451034,0.22796041613803603,2552.25,88,2.8333333333333335,3099.323939751029,91.15658646326555,redpe_mid,0.5,13334.999999999998,3099.323939751029,6198.647879502058,7136.352120497941,0.0,1487.6754910804937,2.125250701543562,3.320704221161816,REDPE_2020,,mid,7.145,8784,1990,SFH,mad,E,3,34.0,False,12.0,,9,,,1.0,1.0,1.0
1907645,73,8,Biobio,8302,8205,Curanilahue,2024,CL.SFH.preRT.mad.E,56.0,1,484775,224598,0.463303594451034,0.22796041613803603,2552.25,88,3.6842105263157894,6084.279580979949,108.64784966035623,coverage_mid,0.5,9126.419371469923,4563.2096857349625,9126.419371469925,0.0,1521.0698952449868,2190.3406491527817,3.1290580702182593,4.88915323471603,coverage_sensitivity,0.75,,,8784,1990,SFH,mad,E,4,56.0,False,12.0,,9,,,1.0,1.0,1.0
1907645,73,8,Biobio,8302,8205,Curanilahue,2024,CL.SFH.preRT.mad.E,56.0,1,484775,224598,0.463303594451034,0.22796041613803603,2552.25,88,3.6842105263157894,6084.279580979949,108.64784966035623,redpe_mid,0.5,13334.999999999998,6084.279580979949,12168.559161959898,1166.4408380401,0.0,2920.454198870376,4.17207742695768,6.518870979621374,REDPE_2020,,mid,7.145,8784,1990,SFH,mad,E,4,56.0,False,12.0,,9,,,1.0,1.0,1.0
1922440,74,8,Biobio,8305,8203,Cañete,2024,CL.SFH.preRT.mad.E,73.0,1,484775,224598,0.463303594451034,0.22796041613803603,2552.25,88,1.3333333333333333,7194.174660236422,98.55033781145784,coverage_mid,0.5,10791.261990354633,5395.630995177316,10791.261990354633,0.0,1798.5436650591055,2589.902877685112,3.699861253835874,5.781033209118553,coverage_sensitivity,0.75,,,8784,1990,SFH,mad,E,1,73.0,False,12.0,,9,,,1.0,1.0,1.0
1922440,74,8,Biobio,8305,8203,Cañete,2024,CL.SFH.preRT.mad.E,73.0,1,484775,224598,0.463303594451034,0.22796041613803603,2552.25,88,1.3333333333333333,7194.174660236422,98.55033781145784,redpe_mid,0.5,13334.999999999998,6667.499999999999,13334.999999999998,0.0,526.6746602364228,3200.3999999999996,4.571999999999999,7.143749999999999,REDPE_2020,,mid,7.145,8784,1990,SFH,mad,E,1,73.0,False,12.0,,9,,,1.0,1.0,1.0
1929541,75,8,Biobio,8307,8207,Tirúa,2024,CL.SFH.preRT.mad.E,50.0,1,484775,224598,0.463303594451034,0.22796041613803603,2552.25,88,3.1538461538461537,5114.255563892026,102.28511127784051,coverage_mid,0.5,7671.383345838039,3835.691672919019,7671.383345838038,9.094947017729282e-13,1278.5638909730064,1841.132003001129,2.6301885757158985,4.109669649556091,coverage_sensitivity,0.75,,,8784,1990,SFH,mad,E,3,50.0,False,12.0,,9,,,1.0,1.0,1.0
1929541,75,8,Biobio,8307,8207,Tirúa,2024,CL.SFH.preRT.mad.E,50.0,1,484775,224598,0.463303594451034,0.22796041613803603,2552.25,88,3.1538461538461537,5114.255563892026,102.28511127784051,redpe_mid,0.5,13334.999999999998,5114.255563892026,10228.511127784051,3106.4888722159467,0.0,2454.8426706681726,3.506918100954532,5.479559532741456,REDPE_2020,,mid,7.145,8784,1990,SFH,mad,E,3,50.0,False,12.0,,9,,,1.0,1.0,1.0
1888098,76,8,Biobio,8212,8112,Hualpén,2024,CL.SFH.preRT.prefab.E,45.0,1,484775,224598,0.463303594451034,0.22796041613803603,2552.25,88,3.25,5205.218288714208,115.6715175269824,coverage_mid,0.5,7807.827433071312,3903.913716535656,7807.827433071312,0.0,1301.304572178552,1873.878583937115,2.67696940562445,4.182764696288204,coverage_sensitivity,0.75,,,8784,1990,SFH,prefab,E,3,45.0,False,12.0,,9,,,1.0,1.0,1.0
1888098,76,8,Biobio,8212,8112,Hualpén,2024,CL.SFH.preRT.prefab.E,45.0,1,484775,224598,0.463303594451034,0.22796041613803603,2552.25,88,3.25,5205.218288714208,115.6715175269824,redpe_mid,0.5,13334.999999999998,5205.218288714208,10410.436577428416,2924.563422571582,0.0,2498.50477858282,3.5692925408326,5.577019595050937,REDPE_2020,,mid,7.145,8784,1990,SFH,prefab,E,3,45.0,False,12.0,,9,,,1.0,1.0,1.0
1813105,77,8,Biobio,8209,8109,Santa Juana,2024,CL.SFH.preRT.mad.E,42.0,1,484775,224598,0.463303594451034,0.22796041613803603,2552.25,88,2.0606060606060606,4376.72811521884,104.20781226711523,coverage_mid,0.5,6565.092172828259,3282.5460864141296,6565.092172828259,0.0,1094.18202880471,1575.6221214787824,2.2508887449696893,3.5170136640151393,coverage_sensitivity,0.75,,,8784,1990,SFH,mad,E,2,42.0,False,12.0,,9,,,1.0,1.0,1.0
1813105,77,8,Biobio,8209,8109,Santa Juana,2024,CL.SFH.preRT.mad.E,42.0,1,484775,224598,0.463303594451034,0.22796041613803603,2552.25,88,2.0606060606060606,4376.72811521884,104.20781226711523,redpe_mid,0.5,13334.999999999998,4376.72811521884,8753.45623043768,4581.543769562319,0.0,2100.829495305043,3.001184993292919,4.689351552020185,REDPE_2020,,mid,7.145,8784,1990,SFH,mad,E,2,42.0,False,12.0,,9,,,1.0,1.0,1.0
2030395,78,8,Biobio,8414,8314,Alto Biobío,2024,CL.SFH.preRT.mad.F,40.0,1,484775,224598,0.463303594451034,0.22796041613803603,2552.25,88,11.75,7600.500832332056,190.01252080830142,coverage_mid,0.5,11400.751248498083,5700.375624249041,11400.751248498082,1.8189894035458565e-12,1900.1252080830145,2736.18029963954,3.908828999485057,6.107545311695402,coverage_sensitivity,0.75,,,8784,1990,SFH,mad,F,8,40.0,False,12.0,,9,,,1.0,1.0,1.0
2030395,78,8,Biobio,8414,8314,Alto Biobío,2024,CL.SFH.preRT.mad.F,40.0,1,484775,224598,0.463303594451034,0.22796041613803603,2552.25,88,11.75,7600.500832332056,190.01252080830142,redpe_mid,0.5,13334.999999999998,6667.499999999999,13334.999999999998,0.0,933.0008323320571,3200.3999999999996,4.571999999999999,7.143749999999999,REDPE_2020,,mid,7.145,8784,1990,SFH,mad,F,8,40.0,False,12.0,,9,,,1.0,1.0,1.0
2020394,79,8,Biobio,8410,8303,Cabrero,2024,CL.SFH.RT1.mad.F,29.0,1,484775,224598,0.463303594451034,0.22796041613803603,2552.25,88,2.8076923076923075,3331.294572743086,114.87222664631331,coverage_mid,0.5,4996.94185911463,2498.470929557315,4996.94185911463,0.0,832.8236431857713,1199.266046187511,1.7132372088393013,2.676933138811408,coverage_sensitivity,0.75,,,8784,2003,SFH,mad,F,3,29.0,False,12.0,,9,,,1.0,1.0,1.0
2020394,79,8,Biobio,8410,8303,Cabrero,2024,CL.SFH.RT1.mad.F,29.0,1,484775,224598,0.463303594451034,0.22796041613803603,2552.25,88,2.8076923076923075,3331.294572743086,114.87222664631331,redpe_mid,0.5,13334.999999999998,3331.294572743086,6662.589145486172,6672.410854513826,0.0,1599.0213949166814,2.284316278452402,3.569244185081878,REDPE_2020,,mid,7.145,8784,2003,SFH,mad,F,3,29.0,False,12.0,,9,,,1.0,1.0,1.0
1856822,80,8,Biobio,8211,8103,Chiguayante,2024,CL.SFH.preRT.lad.E,38.0,1,484775,224598,0.463303594451034,0.22796041613803603,2552.25,88,3.0476190476190474,4529.725860514618,119.20331211880574,coverage_mid,0.5,6794.588790771927,3397.2943953859635,6794.588790771927,0.0,1132.4314651286545,1630.7013097852625,2.3295732996932323,3.6399582807706756,coverage_sensitivity,0.75,,,8784,1990,SFH,lad,E,3,38.0,False,12.0,,9,,,1.0,1.0,1.0
1856822,80,8,Biobio,8211,8103,Chiguayante,2024,CL.SFH.preRT.lad.E,38.0,1,484775,224598,0.463303594451034,0.22796041613803603,2552.25,88,3.0476190476190474,4529.725860514618,119.20331211880574,redpe_mid,0.5,13334.999999999998,4529.725860514618,9059.451721029236,4275.548278970762,0.0,2174.2684130470166,3.1060977329243094,4.853277707694233,REDPE_2020,,mid,7.145,8784,1990,SFH,lad,E,3,38.0,False,12.0,,9,,,1.0,1.0,1.0
1714197,81,8,Biobio,8205,8111,Tomé,2024,CL.SFH.RT1.mad.E,53.0,1,484775,224598,0.463303594451034,0.22796041613803603,2552.25,88,9.380952380952381,3618.2905494353927,68.26963300821495,coverage_mid,0.5,5427.435824153089,2713.7179120765445,5427.435824153089,0.0,904.5726373588484,1302.5845977967413,1.8608351397096303,2.9075549057962973,coverage_sensitivity,0.75,,,8784,2003,SFH,mad,E,8,53.0,False,12.0,,9,,,1.0,1.0,1.0
1714197,81,8,Biobio,8205,8111,Tomé,2024,CL.SFH.RT1.mad.E,53.0,1,484775,224598,0.463303594451034,0.22796041613803603,2552.25,88,9.380952380952381,3618.2905494353927,68.26963300821495,redpe_mid,0.5,13334.999999999998,3618.2905494353927,7236.581098870785,6098.418901129213,0.0,1736.7794637289885,2.481113519612841,3.8767398743950636,REDPE_2020,,mid,7.145,8784,2003,SFH,mad,E,8,53.0,False,12.0,,9,,,1.0,1.0,1.0
1752742,82,8,Biobio,8206,8110,Talcahuano,2024,CL.SFH.preRT.lad.E,61.0,1,484775,224598,0.463303594451034,0.22796041613803603,2552.25,88,3.1875,6645.617568657376,108.94455030585863,coverage_mid,0.5,9968.426352986064,4984.213176493032,9968.426352986064,0.0,1661.404392164343,2392.422324716655,3.41774617816665,5.340228403385391,coverage_sensitivity,0.75,,,8784,1990,SFH,lad,E,3,61.0,False,12.0,,9,,,1.0,1.0,1.0
1752742,82,8,Biobio,8206,8110,Talcahuano,2024,CL.SFH.preRT.lad.E,61.0,1,484775,224598,0.463303594451034,0.22796041613803603,2552.25,88,3.1875,6645.617568657376,108.94455030585863,redpe_mid,0.5,13334.999999999998,6645.617568657376,13291.235137314752,43.764862685246044,0.0,3189.8964329555406,4.556994904222201,7.120304537847188,REDPE_2020,,mid,7.145,8784,1990,SFH,lad,E,3,61.0,False,12.0,,9,,,1.0,1.0,1.0
1928871,83,8,Biobio,8306,8204,Contulmo,2024,CL.SFH.RT1.mad.E,56.0,1,484775,224598,0.463303594451034,0.22796041613803603,2552.25,88,3.1904761904761907,6810.201551242813,121.61074198647881,coverage_mid,0.5,10215.302326864221,5107.6511634321105,10215.302326864221,0.0,1702.5503878107024,2451.672558447413,3.50238936921059,5.472483389391547,coverage_sensitivity,0.75,,,8784,2003,SFH,mad,E,3,56.0,False,12.0,,9,,,1.0,1.0,1.0
1928871,83,8,Biobio,8306,8204,Contulmo,2024,CL.SFH.RT1.mad.E,56.0,1,484775,224598,0.463303594451034,0.22796041613803603,2552.25,88,3.1904761904761907,6810.201551242813,121.61074198647881,redpe_mid,0.5,13334.999999999998,6667.499999999998,13334.999999999996,1.8189894035458565e-12,142.70155124281428,3200.399999999999,4.571999999999999,7.143749999999999,REDPE_2020,,mid,7.145,8784,2003,SFH,mad,E,3,56.0,False,12.0,,9,,,1.0,1.0,1.0
1822123,84,8,Biobio,8210,8108,San Pedro de la Paz,2024,CL.SFH.RT1.lad.E,60.0,1,484775,224598,0.463303594451034,0.22796041613803603,2552.25,88,2.1875,3996.485305713454,66.60808842855756,coverage_mid,0.5,5994.727958570182,2997.363979285091,5994.727958570182,0.0,999.1213264283639,1438.7347100568436,2.055335300081205,3.211461406376883,coverage_sensitivity,0.75,,,8784,2003,SFH,lad,E,2,60.0,False,12.0,,9,,,1.0,1.0,1.0
1822123,84,8,Biobio,8210,8108,San Pedro de la Paz,2024,CL.SFH.RT1.lad.E,60.0,1,484775,224598,0.463303594451034,0.22796041613803603,2552.25,88,2.1875,3996.485305713454,66.60808842855756,redpe_mid,0.5,13334.999999999998,3996.485305713454,7992.970611426908,5342.02938857309,0.0,1918.312946742458,2.74044706677494,4.281948541835844,REDPE_2020,,mid,7.145,8784,2003,SFH,lad,E,2,60.0,False,12.0,,9,,,1.0,1.0,1.0
1703083,85,8,Biobio,8203,8105,Hualqui,2024,CL.SFH.RT1.mad.E,96.0,1,484775,224598,0.463303594451034,0.22796041613803603,2552.25,88,5.5,6952.793516986095,72.42493246860515,coverage_mid,0.5,10429.190275479143,5214.595137739572,10429.190275479144,0.0,1738.1983792465226,2503.0056661149947,3.575722380164278,5.587066219006685,coverage_sensitivity,0.75,,,8784,2003,SFH,mad,E,6,96.0,False,12.0,,9,,,1.0,1.0,1.0
1703083,85,8,Biobio,8203,8105,Hualqui,2024,CL.SFH.RT1.mad.E,96.0,1,484775,224598,0.463303594451034,0.22796041613803603,2552.25,88,5.5,6952.793516986095,72.42493246860515,redpe_mid,0.5,13334.999999999998,6667.499999999999,13334.999999999998,0.0,285.2935169860948,3200.3999999999996,4.571999999999999,7.143749999999999,REDPE_2020,,mid,7.145,8784,2003,SFH,mad,E,6,96.0,False,12.0,,9,,,1.0,1.0,1.0
2026206,86,8,Biobio,8412,8312,Tucapel,2024,CL.SFH.preRT.mad.F,81.0,1,484775,224598,0.463303594451034,0.22796041613803603,2552.25,88,5.0,8982.223523070226,110.89164843296575,coverage_mid,0.5,13473.335284605339,6736.667642302669,13473.335284605339,0.0,2245.5558807675575,3233.6004683052815,4.619429240436117,7.217858188181432,coverage_sensitivity,0.75,,,8784,1990,SFH,mad,F,5,81.0,False,12.0,,9,,,1.0,1.0,1.0
2026206,86,8,Biobio,8412,8312,Tucapel,2024,CL.SFH.preRT.mad.F,81.0,1,484775,224598,0.463303594451034,0.22796041613803603,2552.25,88,5.0,8982.223523070226,110.89164843296575,redpe_mid,0.5,13334.999999999998,6667.499999999998,13334.999999999996,1.8189894035458565e-12,2314.7235230702277,3200.399999999999,4.571999999999999,7.143749999999999,REDPE_2020,,mid,7.145,8784,1990,SFH,mad,F,5,81.0,False,12.0,,9,,,1.0,1.0,1.0
1987058,87,8,Biobio,8402,8311,Santa Bárbara,2024,CL.SFH.RT1.mad.F,72.0,1,484775,224598,0.463303594451034,0.22796041613803603,2552.25,88,2.0987654320987654,9439.312168173394,131.10155789129715,coverage_mid,0.5,14158.96825226009,7079.484126130046,14158.968252260092,0.0,2359.8280420433484,3398.152380542422,4.854503400774889,7.585161563710764,coverage_sensitivity,0.75,,,8784,2003,SFH,mad,F,2,72.0,False,12.0,,9,,,1.0,1.0,1.0
1987058,87,8,Biobio,8402,8311,Santa Bárbara,2024,CL.SFH.RT1.mad.F,72.0,1,484775,224598,0.463303594451034,0.22796041613803603,2552.25,88,2.0987654320987654,9439.312168173394,131.10155789129715,redpe_mid,0.5,13334.999999999998,6667.5,13335.0,0.0,2771.812168173395,3200.4,4.572,7.14375,REDPE_2020,,mid,7.145,8784,2003,SFH,mad,F,2,72.0,False,12.0,,9,,,1.0,1.0,1.0
1920725,88,8,Biobio,8304,8206,Los Álamos,2024,CL.SFH.RT2.mad.E,40.0,1,484775,224598,0.463303594451034,0.22796041613803603,2552.25,88,3.8,5964.682079270804,149.1170519817701,coverage_mid,0.5,8947.023118906207,4473.5115594531035,8947.023118906207,0.0,1491.1705198177015,2147.28554853749,3.0675507836249856,4.793048099414039,coverage_sensitivity,0.75,,,8784,2011,SFH,mad,E,4,40.0,False,12.0,,9,,,1.0,1.0,1.0
1920725,88,8,Biobio,8304,8206,Los Álamos,2024,CL.SFH.RT2.mad.E,40.0,1,484775,224598,0.463303594451034,0.22796041613803603,2552.25,88,3.8,5964.682079270804,149.1170519817701,redpe_mid,0.5,13334.999999999998,5964.682079270804,11929.364158541608,1405.6358414583901,0.0,2863.047398049986,4.09006771149998,6.390730799218719,REDPE_2020,,mid,7.145,8784,2011,SFH,mad,E,4,40.0,False,12.0,,9,,,1.0,1.0,1.0
2205143,1,9,Araucania,9209,9102,Carahue,2024,CL.SFH.preRT.mad.E,58.0,1,283027,160179,0.5659495383832638,0.16257701091093632,2464.2923076923075,65,2.0,7941.450712919756,136.92156401585788,coverage_mid,0.5,11912.176069379635,5956.0880346898175,11912.176069379635,0.0,1985.3626782299407,2858.922256651112,4.0841746523587314,6.381522894310518,coverage_sensitivity,0.75,,,8784,1990,SFH,mad,E,2,58.0,True,12.0,1015.2865739397402,9,1015.2865739397402,1.0,1.1,1.08,1.2
2205143,1,9,Araucania,9209,9102,Carahue,2024,CL.SFH.preRT.mad.E,58.0,1,283027,160179,0.5659495383832638,0.16257701091093632,2464.2923076923075,65,2.0,7941.450712919756,136.92156401585788,redpe_mid,0.5,20640.0,7941.450712919756,15882.901425839513,4757.098574160487,0.0,3811.896342201483,5.445566203144976,8.508697192414024,REDPE_2020,,mid,11.055,8784,1990,SFH,mad,E,2,58.0,True,12.0,1015.2865739397402,9,1015.2865739397402,1.0,1.1,1.08,1.2
2052242,2,9,Araucania,9104,9209,Renaico,2024,CL.SFH.post2021.mad.F,59.0,1,283027,160179,0.5659495383832638,0.16257701091093632,2464.2923076923075,65,31.555555555555557,4530.511537225181,76.78833113940985,coverage_mid,0.5,6795.767305837771,3397.8836529188857,6795.767305837771,0.0,1132.6278843062955,1630.9841534010652,2.3299773620015216,3.6405896281273775,coverage_sensitivity,0.75,,,8784,2022,SFH,mad,F,8,59.0,True,12.0,1015.2865739397402,9,1015.2865739397402,1.0,1.1,1.08,1.2
2052242,2,9,Araucania,9104,9209,Renaico,2024,CL.SFH.post2021.mad.F,59.0,1,283027,160179,0.5659495383832638,0.16257701091093632,2464.2923076923075,65,31.555555555555557,4530.511537225181,76.78833113940985,redpe_mid,0.5,20640.0,4530.511537225181,9061.023074450362,11578.976925549638,0.0,2174.645537868087,3.106636482668696,4.854119504169837,REDPE_2020,,mid,11.055,8784,2022,SFH,mad,F,8,59.0,True,12.0,1015.2865739397402,9,1015.2865739397402,1.0,1.1,1.08,1.2
2208792,3,9,Araucania,9211,9114,Pitrufquén,2024,CL.SFH.RT1.mad.F,145.0,1,283027,160179,0.5659495383832638,0.16257701091093632,2464.2923076923075,65,14.1875,12819.393809971863,88.40961248256457,coverage_mid,0.5,19229.090714957794,9614.545357478897,19229.090714957794,0.0,3204.8484524929663,4614.981771589871,6.592831102271244,10.30129859729882,coverage_sensitivity,0.75,,,8784,2003,SFH,mad,F,8,145.0,True,12.0,1015.2865739397402,9,1015.2865739397402,1.0,1.1,1.08,1.2
2208792,3,9,Araucania,9211,9114,Pitrufquén,2024,CL.SFH.RT1.mad.F,145.0,1,283027,160179,0.5659495383832638,0.16257701091093632,2464.2923076923075,65,14.1875,12819.393809971863,88.40961248256457,redpe_mid,0.5,20640.0,10320.0,20640.0,0.0,2499.3938099718634,4953.6,7.076571428571429,11.057142857142859,REDPE_2020,,mid,11.055,8784,2003,SFH,mad,F,8,145.0,True,12.0,1015.2865739397402,9,1015.2865739397402,1.0,1.1,1.08,1.2
2208015,4,9,Araucania,9210,9116,Saavedra,2024,CL.SFH.preRT.mad.E,98.0,1,283027,160179,0.5659495383832638,0.16257701091093632,2464.2923076923075,65,3.909090909090909,9512.801682598452,97.069404924474,coverage_mid,0.5,14269.202523897678,7134.601261948838,14269.202523897677,1.8189894035458565e-12,2378.200420649613,3424.6086057354423,4.892298008193489,7.6442156378023265,coverage_sensitivity,0.75,,,8784,1990,SFH,mad,E,4,98.0,True,12.0,1015.2865739397402,9,1015.2865739397402,1.0,1.1,1.08,1.2
2208015,4,9,Araucania,9210,9116,Saavedra,2024,CL.SFH.preRT.mad.E,98.0,1,283027,160179,0.5659495383832638,0.16257701091093632,2464.2923076923075,65,3.909090909090909,9512.801682598452,97.069404924474,redpe_mid,0.5,20640.0,9512.801682598452,19025.603365196905,1614.3966348030954,0.0,4566.144807647257,6.523064010924653,10.19228751706977,REDPE_2020,,mid,11.055,8784,1990,SFH,mad,E,4,98.0,True,12.0,1015.2865739397402,9,1015.2865739397402,1.0,1.1,1.08,1.2
2062104,5,9,Araucania,9106,9204,Ercilla,2024,CL.SFH.CEV.mad.F,53.0,1,283027,160179,0.5659495383832638,0.16257701091093632,2464.2923076923075,65,2.5454545454545454,6847.237298182176,129.19315656947504,coverage_mid,0.5,10270.855947273265,5135.427973636633,10270.855947273267,0.0,1711.8093245455432,2465.005427345584,3.5214363247794056,5.502244257467821,coverage_sensitivity,0.75,,,8784,2018,SFH,mad,F,3,53.0,True,12.0,1015.2865739397402,9,1015.2865739397402,1.0,1.1,1.08,1.2
2062104,5,9,Araucania,9106,9204,Ercilla,2024,CL.SFH.CEV.mad.F,53.0,1,283027,160179,0.5659495383832638,0.16257701091093632,2464.2923076923075,65,2.5454545454545454,6847.237298182176,129.19315656947504,redpe_mid,0.5,20640.0,6847.237298182176,13694.474596364353,6945.525403635647,0.0,3286.673903127445,4.6952484330392075,7.336325676623762,REDPE_2020,,mid,11.055,8784,2018,SFH,mad,F,3,53.0,True,12.0,1015.2865739397402,9,1015.2865739397402,1.0,1.1,1.08,1.2
2063485,6,9,Araucania,9107,9210,Traiguén,2024,CL.SFH.preRT.lad.F,25.0,1,283027,160179,0.5659495383832638,0.16257701091093632,2464.2923076923075,65,3.6,2363.4130982939437,94.53652393175774,coverage_mid,0.5,3545.1196474409153,1772.5598237204576,3545.1196474409153,0.0,590.8532745734857,850.8287153858197,1.215469593408314,1.8991712397004905,coverage_sensitivity,0.75,,,8784,1990,SFH,lad,F,4,25.0,True,12.0,1015.2865739397402,9,1015.2865739397402,1.0,1.1,1.08,1.2
2063485,6,9,Araucania,9107,9210,Traiguén,2024,CL.SFH.preRT.lad.F,25.0,1,283027,160179,0.5659495383832638,0.16257701091093632,2464.2923076923075,65,3.6,2363.4130982939437,94.53652393175774,redpe_mid,0.5,20640.0,2363.4130982939437,4726.826196587887,15913.173803412112,0.0,1134.4382871810928,1.6206261245444185,2.532228319600654,REDPE_2020,,mid,11.055,8784,1990,SFH,lad,F,4,25.0,True,12.0,1015.2865739397402,9,1015.2865739397402,1.0,1.1,1.08,1.2
2222390,7,9,Araucania,9214,9109,Loncoche,2024,CL.SFH.RT2.mad.F,55.0,1,283027,160179,0.5659495383832638,0.16257701091093632,2464.2923076923075,65,2.710526315789474,7788.441740962582,141.60803165386514,coverage_mid,0.5,11682.662611443873,5841.3313057219375,11682.662611443875,0.0,1947.1104352406455,2803.83902674653,4.005484323923614,6.258569256130647,coverage_sensitivity,0.75,,,8784,2011,SFH,mad,F,3,55.0,True,12.0,1015.2865739397402,9,1015.2865739397402,1.0,1.1,1.08,1.2
2222390,7,9,Araucania,9214,9109,Loncoche,2024,CL.SFH.RT2.mad.F,55.0,1,283027,160179,0.5659495383832638,0.16257701091093632,2464.2923076923075,65,2.710526315789474,7788.441740962582,141.60803165386514,redpe_mid,0.5,20640.0,7788.441740962582,15576.883481925164,5063.116518074836,0.0,3738.4520356620396,5.340645765231486,8.344759008174195,REDPE_2020,,mid,11.055,8784,2011,SFH,mad,F,3,55.0,True,12.0,1015.2865739397402,9,1015.2865739397402,1.0,1.1,1.08,1.2
2256413,8,9,Araucania,9218,9104,Curarrehue,2024,CL.SFH.preRT.mad.H,25.0,1,283027,160179,0.5659495383832638,0.16257701091093632,2464.2923076923075,65,2.142857142857143,3555.0207999970658,142.20083199988264,coverage_mid,0.5,5332.531199995598,2666.2655999977987,5332.5311999955975,9.094947017729282e-13,888.7551999992669,1279.8074879989435,1.8282964114270621,2.8567131428547845,coverage_sensitivity,0.75,,,8784,1990,SFH,mad,H,2,25.0,True,12.0,1015.2865739397402,9,1015.2865739397402,1.0,1.1,1.08,1.2
2256413,8,9,Araucania,9218,9104,Curarrehue,2024,CL.SFH.preRT.mad.H,25.0,1,283027,160179,0.5659495383832638,0.16257701091093632,2464.2923076923075,65,2.142857142857143,3555.0207999970658,142.20083199988264,redpe_mid,0.5,20640.0,3555.0207999970658,7110.0415999941315,13529.958400005868,0.0,1706.4099839985915,2.4377285485694165,3.8089508571397133,REDPE_2020,,mid,11.055,8784,1990,SFH,mad,H,2,25.0,True,12.0,1015.2865739397402,9,1015.2865739397402,1.0,1.1,1.08,1.2
2254048,9,9,Araucania,9216,9115,Pucón,2024,CL.SFH.CEV.mad.H,127.0,1,283027,160179,0.5659495383832638,0.16257701091093632,2464.2923076923075,65,4.37037037037037,10397.14727462796,81.8673013750233,coverage_mid,0.5,15595.720911941939,7797.860455970969,15595.720911941939,0.0,2599.2868186569917,3742.9730188660656,5.347104312665808,8.354850488540324,coverage_sensitivity,0.75,,,8784,2018,SFH,mad,H,4,127.0,True,12.0,1015.2865739397402,9,1015.2865739397402,1.0,1.1,1.08,1.2
2254048,9,9,Araucania,9216,9115,Pucón,2024,CL.SFH.CEV.mad.H,127.0,1,283027,160179,0.5659495383832638,0.16257701091093632,2464.2923076923075,65,4.37037037037037,10397.14727462796,81.8673013750233,redpe_mid,0.5,20640.0,10319.999999999998,20639.999999999996,3.637978807091713e-12,77.14727462796144,4953.599999999999,7.076571428571428,11.057142857142855,REDPE_2020,,mid,11.055,8784,2018,SFH,mad,H,4,127.0,True,12.0,1015.2865739397402,9,1015.2865739397402,1.0,1.1,1.08,1.2
2106509,10,9,Araucania,9201,9101,Temuco,2024,CL.SFH.preRT.mad.F,37.0,1,283027,160179,0.5659495383832638,0.16257701091093632,2464.2923076923075,65,3.5555555555555554,5372.553344417434,145.20414444371445,coverage_mid,0.5,8058.8300166261515,4029.4150083130758,8058.8300166261515,0.0,1343.1383361043586,1934.1192039902764,2.7630274342718235,4.317230366049724,coverage_sensitivity,0.75,,,8784,1990,SFH,mad,F,4,37.0,True,12.0,1015.2865739397402,9,1015.2865739397402,1.0,1.1,1.08,1.2
2106509,10,9,Araucania,9201,9101,Temuco,2024,CL.SFH.preRT.mad.F,37.0,1,283027,160179,0.5659495383832638,0.16257701091093632,2464.2923076923075,65,3.5555555555555554,5372.553344417434,145.20414444371445,redpe_mid,0.5,20640.0,5372.553344417434,10745.106688834869,9894.893311165131,0.0,2578.8256053203686,3.684036579029098,5.756307154732966,REDPE_2020,,mid,11.055,8784,1990,SFH,mad,F,4,37.0,True,12.0,1015.2865739397402,9,1015.2865739397402,1.0,1.1,1.08,1.2
2048439,11,9,Araucania,9102,9208,Purén,2024,CL.SFH.preRT.lad.F,24.0,1,283027,160179,0.5659495383832638,0.16257701091093632,2464.2923076923075,65,2.2794117647058822,2728.6900943401124,113.69542059750468,coverage_mid,0.5,4093.0351415101686,2046.5175707550845,4093.035141510169,0.0,682.1725235850281,982.3284339624406,1.403326334232058,2.1926973972375907,coverage_sensitivity,0.75,,,8784,1990,SFH,lad,F,2,24.0,True,12.0,1015.2865739397402,9,1015.2865739397402,1.0,1.1,1.08,1.2
2048439,11,9,Araucania,9102,9208,Purén,2024,CL.SFH.preRT.lad.F,24.0,1,283027,160179,0.5659495383832638,0.16257701091093632,2464.2923076923075,65,2.2794117647058822,2728.6900943401124,113.69542059750468,redpe_mid,0.5,20640.0,2728.6900943401124,5457.380188680225,15182.619811319775,0.0,1309.7712452832538,1.8711017789760769,2.92359652965012,REDPE_2020,,mid,11.055,8784,1990,SFH,lad,F,2,24.0,True,12.0,1015.2865739397402,9,1015.2865739397402,1.0,1.1,1.08,1.2
2176648,12,9,Araucania,9203,9105,Freire,2024,CL.SFH.RT2.mad.F,140.0,1,283027,160179,0.5659495383832638,0.16257701091093632,2464.2923076923075,65,3.1875,14896.230376539244,106.40164554670889,coverage_mid,0.5,22344.345564808867,11172.172782404432,22344.345564808864,3.637978807091713e-12,3724.057594134812,5362.642935554128,7.66091847936304,11.970185124004749,coverage_sensitivity,0.75,,,8784,2011,SFH,mad,F,3,140.0,True,12.0,1015.2865739397402,9,1015.2865739397402,1.0,1.1,1.08,1.2
2176648,12,9,Araucania,9203,9105,Freire,2024,CL.SFH.RT2.mad.F,140.0,1,283027,160179,0.5659495383832638,0.16257701091093632,2464.2923076923075,65,3.1875,14896.230376539244,106.40164554670889,redpe_mid,0.5,20640.0,10320.0,20640.0,0.0,4576.230376539245,4953.6,7.076571428571429,11.057142857142859,REDPE_2020,,mid,11.055,8784,2011,SFH,mad,F,3,140.0,True,12.0,1015.2865739397402,9,1015.2865739397402,1.0,1.1,1.08,1.2
2061230,13,9,Araucania,9105,9202,Collipulli,2024,CL.SFH.RT1.mad.F,21.0,1,283027,160179,0.5659495383832638,0.16257701091093632,2464.2923076923075,65,4.0,3841.230447206197,182.91573558124747,coverage_mid,0.5,5761.845670809295,2880.9228354046472,5761.8456708092945,9.094947017729282e-13,960.3076118015492,1382.842960994231,1.9754899442774727,3.086703037933551,coverage_sensitivity,0.75,,,8784,2003,SFH,mad,F,4,21.0,True,12.0,1015.2865739397402,9,1015.2865739397402,1.0,1.1,1.08,1.2
2061230,13,9,Araucania,9105,9202,Collipulli,2024,CL.SFH.RT1.mad.F,21.0,1,283027,160179,0.5659495383832638,0.16257701091093632,2464.2923076923075,65,4.0,3841.230447206197,182.91573558124747,redpe_mid,0.5,20640.0,3841.230447206197,7682.460894412394,12957.539105587606,0.0,1843.7906146589746,2.633986592369964,4.115604050578068,REDPE_2020,,mid,11.055,8784,2003,SFH,mad,F,4,21.0,True,12.0,1015.2865739397402,9,1015.2865739397402,1.0,1.1,1.08,1.2
2275872,14,9,Araucania,9221,9121,Cholchol,2024,CL.SFH.RT1.mad.F,36.0,1,283027,160179,0.5659495383832638,0.16257701091093632,2464.2923076923075,65,4.032967032967033,5173.997135445021,143.72214265125058,coverage_mid,0.5,7760.995703167531,3880.497851583765,7760.99570316753,9.094947017729282e-13,1293.4992838612554,1862.6389687602073,2.660912812514582,4.157676269554035,coverage_sensitivity,0.75,,,8784,2003,SFH,mad,F,4,36.0,True,12.0,1015.2865739397402,9,1015.2865739397402,1.0,1.1,1.08,1.2
2275872,14,9,Araucania,9221,9121,Cholchol,2024,CL.SFH.RT1.mad.F,36.0,1,283027,160179,0.5659495383832638,0.16257701091093632,2464.2923076923075,65,4.032967032967033,5173.997135445021,143.72214265125058,redpe_mid,0.5,20640.0,5173.997135445021,10347.994270890042,10292.005729109958,0.0,2483.5186250136103,3.547883750019443,5.54356835940538,REDPE_2020,,mid,11.055,8784,2003,SFH,mad,F,4,36.0,True,12.0,1015.2865739397402,9,1015.2865739397402,1.0,1.1,1.08,1.2
2257008,15,9,Araucania,9219,9117,Teodoro Schmidt,2024,CL.SFH.preRT.mad.E,36.0,1,283027,160179,0.5659495383832638,0.16257701091093632,2464.2923076923075,65,2.35,4589.781412184051,127.49392811622364,coverage_mid,0.5,6884.672118276077,3442.3360591380388,6884.6721182760775,0.0,1147.4453530460128,1652.3213083862586,2.3604590119803692,3.688217206219327,coverage_sensitivity,0.75,,,8784,1990,SFH,mad,E,2,36.0,True,12.0,1015.2865739397402,9,1015.2865739397402,1.0,1.1,1.08,1.2
2257008,15,9,Araucania,9219,9117,Teodoro Schmidt,2024,CL.SFH.preRT.mad.E,36.0,1,283027,160179,0.5659495383832638,0.16257701091093632,2464.2923076923075,65,2.35,4589.781412184051,127.49392811622364,redpe_mid,0.5,20640.0,4589.781412184051,9179.562824368102,11460.437175631898,0.0,2203.0950778483448,3.1472786826404926,4.91762294162577,REDPE_2020,,mid,11.055,8784,1990,SFH,mad,E,2,36.0,True,12.0,1015.2865739397402,9,1015.2865739397402,1.0,1.1,1.08,1.2
2218145,16,9,Araucania,9212,9107,Gorbea,2024,CL.SFH.preRT.mad.F,31.0,1,283027,160179,0.5659495383832638,0.16257701091093632,2464.2923076923075,65,3.125,5205.411174189067,167.9164894899699,coverage_mid,0.5,7808.116761283602,3904.058380641801,7808.116761283602,0.0,1301.3527935472666,1873.9480227080644,2.6770686038686633,4.182919693544786,coverage_sensitivity,0.75,,,8784,1990,SFH,mad,F,3,31.0,True,12.0,1015.2865739397402,9,1015.2865739397402,1.0,1.1,1.08,1.2
2218145,16,9,Araucania,9212,9107,Gorbea,2024,CL.SFH.preRT.mad.F,31.0,1,283027,160179,0.5659495383832638,0.16257701091093632,2464.2923076923075,65,3.125,5205.411174189067,167.9164894899699,redpe_mid,0.5,20640.0,5205.411174189067,10410.822348378135,10229.177651621865,0.0,2498.5973636107524,3.5694248051582176,5.5772262580597145,REDPE_2020,,mid,11.055,8784,1990,SFH,mad,F,3,31.0,True,12.0,1015.2865739397402,9,1015.2865739397402,1.0,1.1,1.08,1.2
2084315,17,9,Araucania,9111,9205,Lonquimay,2024,CL.SFH.CEV.mad.H,48.0,1,283027,160179,0.5659495383832638,0.16257701091093632,2464.2923076923075,65,2.1666666666666665,6851.714127493353,142.7440443227782,coverage_mid,0.5,10277.57119124003,5138.785595620014,10277.571191240027,1.8189894035458565e-12,1712.928531873338,2466.6170858976066,3.5237386941394377,5.505841709592872,coverage_sensitivity,0.75,,,8784,2018,SFH,mad,H,2,48.0,True,12.0,1015.2865739397402,9,1015.2865739397402,1.0,1.1,1.08,1.2
2084315,17,9,Araucania,9111,9205,Lonquimay,2024,CL.SFH.CEV.mad.H,48.0,1,283027,160179,0.5659495383832638,0.16257701091093632,2464.2923076923075,65,2.1666666666666665,6851.714127493353,142.7440443227782,redpe_mid,0.5,20640.0,6851.714127493353,13703.428254986706,6936.571745013294,0.0,3288.8227811968095,4.698318258852585,7.3411222794571644,REDPE_2020,,mid,11.055,8784,2018,SFH,mad,H,2,48.0,True,12.0,1015.2865739397402,9,1015.2865739397402,1.0,1.1,1.08,1.2
2077320,18,9,Araucania,9109,9211,Victoria,2024,CL.SFH.preRT.mad.F,62.0,1,283027,160179,0.5659495383832638,0.16257701091093632,2464.2923076923075,65,3.0,9231.338646551358,148.89255881534447,coverage_mid,0.5,13847.007969827037,6923.503984913518,13847.007969827037,0.0,2307.8346616378394,3323.281912758489,4.747545589654984,7.418039983835913,coverage_sensitivity,0.75,,,8784,1990,SFH,mad,F,3,62.0,True,12.0,1015.2865739397402,9,1015.2865739397402,1.0,1.1,1.08,1.2
2077320,18,9,Araucania,9109,9211,Victoria,2024,CL.SFH.preRT.mad.F,62.0,1,283027,160179,0.5659495383832638,0.16257701091093632,2464.2923076923075,65,3.0,9231.338646551358,148.89255881534447,redpe_mid,0.5,20640.0,9231.338646551358,18462.677293102715,2177.3227068972847,0.0,4431.042550344651,6.330060786206645,9.890719978447883,REDPE_2020,,mid,11.055,8784,1990,SFH,mad,F,3,62.0,True,12.0,1015.2865739397402,9,1015.2865739397402,1.0,1.1,1.08,1.2
2171817,19,9,Araucania,9202,9119,Vilcún,2024,CL.SFH.RT1.mad.F,22.0,1,283027,160179,0.5659495383832638,0.16257701091093632,2464.2923076923075,65,2.7624309392265194,5074.752295132128,230.67055886964218,coverage_mid,0.5,7612.128442698192,3806.0642213490964,7612.128442698193,0.0,1268.688073783032,1826.9108262475663,2.6098726089250945,4.07792595144546,coverage_sensitivity,0.75,,,8784,2003,SFH,mad,F,3,22.0,True,12.0,1015.2865739397402,9,1015.2865739397402,1.0,1.1,1.08,1.2
2171817,19,9,Araucania,9202,9119,Vilcún,2024,CL.SFH.RT1.mad.F,22.0,1,283027,160179,0.5659495383832638,0.16257701091093632,2464.2923076923075,65,2.7624309392265194,5074.752295132128,230.67055886964218,redpe_mid,0.5,20640.0,5074.752295132128,10149.504590264256,10490.495409735744,0.0,2435.8811016634213,3.479830145233459,5.437234601927279,REDPE_2020,,mid,11.055,8784,2003,SFH,mad,F,3,22.0,True,12.0,1015.2865739397402,9,1015.2865739397402,1.0,1.1,1.08,1.2
2180293,20,9,Araucania,9204,9103,Cunco,2024,CL.SFH.preRT.mad.F,135.0,1,283027,160179,0.5659495383832638,0.16257701091093632,2464.2923076923075,65,2.6106870229007635,19925.988684221687,147.59991617941992,coverage_mid,0.5,29888.98302633253,14944.491513166266,29888.98302633253,0.0,4981.497171055422,7173.355926319808,10.247651323314011,16.011955192678144,coverage_sensitivity,0.75,,,8784,1990,SFH,mad,F,3,135.0,True,12.0,1015.2865739397402,9,1015.2865739397402,1.0,1.1,1.08,1.2
2180293,20,9,Araucania,9204,9103,Cunco,2024,CL.SFH.preRT.mad.F,135.0,1,283027,160179,0.5659495383832638,0.16257701091093632,2464.2923076923075,65,2.6106870229007635,19925.988684221687,147.59991617941992,redpe_mid,0.5,20640.0,10320.0,20640.0,0.0,9605.988684221687,4953.6,7.076571428571429,11.057142857142859,REDPE_2020,,mid,11.055,8784,1990,SFH,mad,F,3,135.0,True,12.0,1015.2865739397402,9,1015.2865739397402,1.0,1.1,1.08,1.2
2035392,21,9,Araucania,9101,9201,Angol,2024,CL.SFH.RT2.mad.F,40.0,1,283027,160179,0.5659495383832638,0.16257701091093632,2464.2923076923075,65,3.02,6406.386020215928,160.1596505053982,coverage_mid,0.5,9609.579030323892,4804.789515161947,9609.579030323894,0.0,1601.596505053981,2306.2989672777344,3.2947128103967636,5.147988766244943,coverage_sensitivity,0.75,,,8784,2011,SFH,mad,F,3,40.0,True,12.0,1015.2865739397402,9,1015.2865739397402,1.0,1.1,1.08,1.2
2035392,21,9,Araucania,9101,9201,Angol,2024,CL.SFH.RT2.mad.F,40.0,1,283027,160179,0.5659495383832638,0.16257701091093632,2464.2923076923075,65,3.02,6406.386020215928,160.1596505053982,redpe_mid,0.5,20640.0,6406.386020215928,12812.772040431855,7827.227959568145,0.0,3075.0652897036457,4.392950413862351,6.863985021659924,REDPE_2020,,mid,11.055,8784,2011,SFH,mad,F,3,40.0,True,12.0,1015.2865739397402,9,1015.2865739397402,1.0,1.1,1.08,1.2
2068648,22,9,Araucania,9108,9207,Lumaco,2024,CL.SFH.RT2.mad.F,50.0,1,283027,160179,0.5659495383832638,0.16257701091093632,2464.2923076923075,65,1.5555555555555556,8044.422351419846,160.8884470283969,coverage_mid,0.5,12066.633527129768,6033.316763564883,12066.633527129767,1.8189894035458565e-12,2011.105587854963,2895.992046511144,4.13713149501592,6.464267960962375,coverage_sensitivity,0.75,,,8784,2011,SFH,mad,F,2,50.0,True,12.0,1015.2865739397402,9,1015.2865739397402,1.0,1.1,1.08,1.2
2068648,22,9,Araucania,9108,9207,Lumaco,2024,CL.SFH.RT2.mad.F,50.0,1,283027,160179,0.5659495383832638,0.16257701091093632,2464.2923076923075,65,1.5555555555555556,8044.422351419846,160.8884470283969,redpe_mid,0.5,20640.0,8044.422351419846,16088.844702839691,4551.155297160309,0.0,3861.322728681526,5.516175326687894,8.619023947949835,REDPE_2020,,mid,11.055,8784,2011,SFH,mad,F,2,50.0,True,12.0,1015.2865739397402,9,1015.2865739397402,1.0,1.1,1.08,1.2
2196403,23,9,Araucania,9208,9111,Nueva Imperial,2024,CL.SFH.post2021.mad.F,128.0,1,283027,160179,0.5659495383832638,0.16257701091093632,2464.2923076923075,65,28.75,9110.314629686007,71.17433304442193,coverage_mid,0.5,13665.47194452901,6832.735972264505,13665.47194452901,0.0,2277.5786574215035,3279.713266686963,4.685304666695662,7.320788541711972,coverage_sensitivity,0.75,,,8784,2022,SFH,mad,F,8,128.0,True,12.0,1015.2865739397402,9,1015.2865739397402,1.0,1.1,1.08,1.2
2196403,23,9,Araucania,9208,9111,Nueva Imperial,2024,CL.SFH.post2021.mad.F,128.0,1,283027,160179,0.5659495383832638,0.16257701091093632,2464.2923076923075,65,28.75,9110.314629686007,71.17433304442193,redpe_mid,0.5,20640.0,9110.314629686007,18220.629259372014,2419.3707406279864,0.0,4372.951022249284,6.247072888927548,9.761051388949292,REDPE_2020,,mid,11.055,8784,2022,SFH,mad,F,8,128.0,True,12.0,1015.2865739397402,9,1015.2865739397402,1.0,1.1,1.08,1.2
2228668,24,9,Araucania,9215,9120,Villarrica,2024,CL.SFH.preRT.mad.F,40.0,1,283027,160179,0.5659495383832638,0.16257701091093632,2464.2923076923075,65,0.5384615384615384,7021.675876102581,175.54189690256453,coverage_mid,0.5,10532.513814153872,5266.256907076936,10532.513814153872,0.0,1755.418969025647,2527.8033153969295,3.6111475934241852,5.642418114725289,coverage_sensitivity,0.75,,,8784,1990,SFH,mad,F,1,40.0,True,12.0,1015.2865739397402,9,1015.2865739397402,1.0,1.1,1.08,1.2
2228668,24,9,Araucania,9215,9120,Villarrica,2024,CL.SFH.preRT.mad.F,40.0,1,283027,160179,0.5659495383832638,0.16257701091093632,2464.2923076923075,65,0.5384615384615384,7021.675876102581,175.54189690256453,redpe_mid,0.5,20640.0,7021.675876102581,14043.351752205162,6596.6482477948375,0.0,3370.404420529239,4.8148634578989125,7.5232241529670505,REDPE_2020,,mid,11.055,8784,1990,SFH,mad,F,1,40.0,True,12.0,1015.2865739397402,9,1015.2865739397402,1.0,1.1,1.08,1.2
2191156,25,9,Araucania,9205,9108,Lautaro,2024,CL.SFH.preRT.mad.F,36.0,1,283027,160179,0.5659495383832638,0.16257701091093632,2464.2923076923075,65,2.75,6055.729934697046,168.21472040825128,coverage_mid,0.5,9083.594902045568,4541.797451022785,9083.59490204557,0.0,1513.932483674261,2180.062776490937,3.1143753949870527,4.86621155466727,coverage_sensitivity,0.75,,,8784,1990,SFH,mad,F,3,36.0,True,12.0,1015.2865739397402,9,1015.2865739397402,1.0,1.1,1.08,1.2
2191156,25,9,Araucania,9205,9108,Lautaro,2024,CL.SFH.preRT.mad.F,36.0,1,283027,160179,0.5659495383832638,0.16257701091093632,2464.2923076923075,65,2.75,6055.729934697046,168.21472040825128,redpe_mid,0.5,20640.0,6055.729934697046,12111.459869394092,8528.540130605908,0.0,2906.750368654582,4.152500526649403,6.488282072889692,REDPE_2020,,mid,11.055,8784,1990,SFH,mad,F,3,36.0,True,12.0,1015.2865739397402,9,1015.2865739397402,1.0,1.1,1.08,1.2
2256107,26,9,Araucania,9217,9110,Melipeuco,2024,CL.SFH.post2021.mad.H,70.0,1,283027,160179,0.5659495383832638,0.16257701091093632,2464.2923076923075,65,10.928571428571429,9722.18965633226,138.88842366188945,coverage_mid,0.5,14583.284484498392,7291.642242249196,14583.284484498392,0.0,2430.5474140830647,3499.988276279614,4.99998325182802,7.812473830981281,coverage_sensitivity,0.75,,,8784,2022,SFH,mad,H,8,70.0,True,12.0,1015.2865739397402,9,1015.2865739397402,1.0,1.1,1.08,1.2
2256107,26,9,Araucania,9217,9110,Melipeuco,2024,CL.SFH.post2021.mad.H,70.0,1,283027,160179,0.5659495383832638,0.16257701091093632,2464.2923076923075,65,10.928571428571429,9722.18965633226,138.88842366188945,redpe_mid,0.5,20640.0,9722.18965633226,19444.37931266452,1195.6206873354786,0.0,4666.651035039485,6.666644335770693,10.416631774641708,REDPE_2020,,mid,11.055,8784,2022,SFH,mad,H,8,70.0,True,12.0,1015.2865739397402,9,1015.2865739397402,1.0,1.1,1.08,1.2
2220221,27,9,Araucania,9213,9118,Toltén,2024,CL.SFH.RT2.mad.E,93.0,1,283027,160179,0.5659495383832638,0.16257701091093632,2464.2923076923075,65,13.0,9444.554540893138,101.55434990207675,coverage_mid,0.5,14166.831811339707,7083.415905669852,14166.831811339704,3.637978807091713e-12,2361.1386352232853,3400.0396347215287,4.857199478173612,7.589374184646269,coverage_sensitivity,0.75,,,8784,2011,SFH,mad,E,8,93.0,True,12.0,1015.2865739397402,9,1015.2865739397402,1.0,1.1,1.08,1.2
2220221,27,9,Araucania,9213,9118,Toltén,2024,CL.SFH.RT2.mad.E,93.0,1,283027,160179,0.5659495383832638,0.16257701091093632,2464.2923076923075,65,13.0,9444.554540893138,101.55434990207675,redpe_mid,0.5,20640.0,9444.554540893138,18889.109081786275,1750.890918213725,0.0,4533.3861796287065,6.476265970898152,10.119165579528362,REDPE_2020,,mid,11.055,8784,2011,SFH,mad,E,8,93.0,True,12.0,1015.2865739397402,9,1015.2865739397402,1.0,1.1,1.08,1.2
2194051,28,9,Araucania,9206,9113,Perquenco,2024,CL.SFH.preRT.mad.F,35.0,1,283027,160179,0.5659495383832638,0.16257701091093632,2464.2923076923075,65,2.433333333333333,5945.911107509719,169.88317450027768,coverage_mid,0.5,8918.86666126458,4459.433330632289,8918.866661264577,1.8189894035458565e-12,1486.4777768774293,2140.5279987034987,3.057897141004998,4.777964282820309,coverage_sensitivity,0.75,,,8784,1990,SFH,mad,F,2,35.0,True,12.0,1015.2865739397402,9,1015.2865739397402,1.0,1.1,1.08,1.2
2194051,28,9,Araucania,9206,9113,Perquenco,2024,CL.SFH.preRT.mad.F,35.0,1,283027,160179,0.5659495383832638,0.16257701091093632,2464.2923076923075,65,2.433333333333333,5945.911107509719,169.88317450027768,redpe_mid,0.5,20640.0,5945.911107509719,11891.822215019438,8748.177784980562,0.0,2854.0373316046653,4.077196188006664,6.370619043760413,REDPE_2020,,mid,11.055,8784,1990,SFH,mad,F,2,35.0,True,12.0,1015.2865739397402,9,1015.2865739397402,1.0,1.1,1.08,1.2
2195848,29,9,Araucania,9207,9106,Galvarino,2024,CL.SFH.RT2.mad.F,50.0,1,283027,160179,0.5659495383832638,0.16257701091093632,2464.2923076923075,65,2.888888888888889,6641.310345918802,132.82620691837604,coverage_mid,0.5,9961.965518878204,4980.982759439102,9961.965518878204,0.0,1660.3275864796997,2390.871724530769,3.4155310350439554,5.3367672422561805,coverage_sensitivity,0.75,,,8784,2011,SFH,mad,F,3,50.0,True,12.0,1015.2865739397402,9,1015.2865739397402,1.0,1.1,1.08,1.2
2195848,29,9,Araucania,9207,9106,Galvarino,2024,CL.SFH.RT2.mad.F,50.0,1,283027,160179,0.5659495383832638,0.16257701091093632,2464.2923076923075,65,2.888888888888889,6641.310345918802,132.82620691837604,redpe_mid,0.5,20640.0,6641.310345918802,13282.620691837605,7357.379308162395,0.0,3187.828966041025,4.5540413800586075,7.115689656341574,REDPE_2020,,mid,11.055,8784,2011,SFH,mad,F,3,50.0,True,12.0,1015.2865739397402,9,1015.2865739397402,1.0,1.1,1.08,1.2
2272399,30,9,Araucania,9220,9112,Padre Las Casas,2024,CL.SFH.CEV.mad.F,46.0,1,283027,160179,0.5659495383832638,0.16257701091093632,2464.2923076923075,65,4.266666666666667,5645.9651569266525,122.73837297666635,coverage_mid,0.5,8468.947735389978,4234.473867694989,8468.947735389978,0.0,1411.4912892316627,2032.5474564935948,2.9036392235622785,4.5369362868160605,coverage_sensitivity,0.75,,,8784,2018,SFH,mad,F,4,46.0,True,12.0,1015.2865739397402,9,1015.2865739397402,1.0,1.1,1.08,1.2
2272399,30,9,Araucania,9220,9112,Padre Las Casas,2024,CL.SFH.CEV.mad.F,46.0,1,283027,160179,0.5659495383832638,0.16257701091093632,2464.2923076923075,65,4.266666666666667,5645.9651569266525,122.73837297666635,redpe_mid,0.5,20640.0,5645.9651569266525,11291.930313853305,9348.069686146695,0.0,2710.0632753247933,3.8715189647497046,6.049248382421413,REDPE_2020,,mid,11.055,8784,2018,SFH,mad,F,4,46.0,True,12.0,1015.2865739397402,9,1015.2865739397402,1.0,1.1,1.08,1.2
2052183,31,9,Araucania,9103,9206,Los Sauces,2024,CL.SFH.preRT.mad.F,95.0,1,283027,160179,0.5659495383832638,0.16257701091093632,2464.2923076923075,65,2.88659793814433,10469.247579349963,110.20260609842067,coverage_mid,0.5,15703.871369024946,7851.935684512473,15703.871369024946,0.0,2617.31189483749,3768.929128565987,5.384184469379981,8.412788233406221,coverage_sensitivity,0.75,,,8784,1990,SFH,mad,F,3,95.0,True,12.0,1015.2865739397402,9,1015.2865739397402,1.0,1.1,1.08,1.2
2052183,31,9,Araucania,9103,9206,Los Sauces,2024,CL.SFH.preRT.mad.F,95.0,1,283027,160179,0.5659495383832638,0.16257701091093632,2464.2923076923075,65,2.88659793814433,10469.247579349963,110.20260609842067,redpe_mid,0.5,20640.0,10320.0,20640.0,0.0,149.24757934996342,4953.6,7.076571428571429,11.057142857142859,REDPE_2020,,mid,11.055,8784,1990,SFH,mad,F,3,95.0,True,12.0,1015.2865739397402,9,1015.2865739397402,1.0,1.1,1.08,1.2
2082449,32,9,Araucania,9110,9203,Curacautín,2024,CL.SFH.preRT.mad.F,40.0,1,283027,160179,0.5659495383832638,0.16257701091093632,2464.2923076923075,65,2.393939393939394,9511.225561794665,237.78063904486663,coverage_mid,0.5,14266.838342691997,7133.419171345998,14266.838342691995,1.8189894035458565e-12,2377.806390448666,3424.041202246079,4.891487431780113,7.642949112156426,coverage_sensitivity,0.75,,,8784,1990,SFH,mad,F,2,40.0,True,12.0,1015.2865739397402,9,1015.2865739397402,1.0,1.1,1.08,1.2
2082449,32,9,Araucania,9110,9203,Curacautín,2024,CL.SFH.preRT.mad.F,40.0,1,283027,160179,0.5659495383832638,0.16257701091093632,2464.2923076923075,65,2.393939393939394,9511.225561794665,237.78063904486663,redpe_mid,0.5,20640.0,9511.225561794665,19022.45112358933,1617.5488764106703,0.0,4565.38826966144,6.521983242373485,10.19059881620857,REDPE_2020,,mid,11.055,8784,1990,SFH,mad,F,2,40.0,True,12.0,1015.2865739397402,9,1015.2865739397402,1.0,1.1,1.08,1.2
2179826,33,9,Araucania,9204,9103,Cunco,2024,CL.SFH.preRT.mad.F,220.0,1,283027,160179,0.5659495383832638,0.16257701091093632,2464.2923076923075,65,3.230769230769231,30133.282955045852,136.96946797748114,coverage_mid,0.5,45199.924432568776,22599.962216284388,45199.924432568776,0.0,7533.3207387614675,10847.981863816507,15.497116948309296,24.214245231733276,coverage_sensitivity,0.75,,,8784,1990,SFH,mad,F,3,220.0,True,12.0,1015.2865739397402,9,1015.2865739397402,1.0,1.1,1.08,1.2
2179826,33,9,Araucania,9204,9103,Cunco,2024,CL.SFH.preRT.mad.F,220.0,1,283027,160179,0.5659495383832638,0.16257701091093632,2464.2923076923075,65,3.230769230769231,30133.282955045852,136.96946797748114,redpe_mid,0.5,20640.0,10320.0,20640.0,0.0,19813.282955045855,4953.6,7.076571428571429,11.057142857142859,REDPE_2020,,mid,11.055,8784,1990,SFH,mad,F,3,220.0,True,12.0,1015.2865739397402,9,1015.2865739397402,1.0,1.1,1.08,1.2
2073021,34,9,Araucania,9109,9211,Victoria,2024,CL.SFH.RT1.mad.F,44.0,1,283027,160179,0.5659495383832638,0.16257701091093632,2464.2923076923075,65,3.590909090909091,6917.0433829691,157.2055314311159,coverage_mid,0.5,10375.56507445365,5187.782537226826,10375.565074453652,0.0,1729.2608457422746,2490.135617868877,3.5573365969555386,5.558338432743029,coverage_sensitivity,0.75,,,8784,2003,SFH,mad,F,4,44.0,True,12.0,1015.2865739397402,9,1015.2865739397402,1.0,1.1,1.08,1.2
2073021,34,9,Araucania,9109,9211,Victoria,2024,CL.SFH.RT1.mad.F,44.0,1,283027,160179,0.5659495383832638,0.16257701091093632,2464.2923076923075,65,3.590909090909091,6917.0433829691,157.2055314311159,redpe_mid,0.5,20640.0,6917.0433829691,13834.0867659382,6805.9132340618,0.0,3320.1808238251683,4.743115462607383,7.411117910324036,REDPE_2020,,mid,11.055,8784,2003,SFH,mad,F,4,44.0,True,12.0,1015.2865739397402,9,1015.2865739397402,1.0,1.1,1.08,1.2
2256461,35,9,Araucania,9218,9104,Curarrehue,2024,CL.SFH.RT1.mad.H,133.0,1,283027,160179,0.5659495383832638,0.16257701091093632,2464.2923076923075,65,2.259259259259259,19046.945174566998,143.21011409448872,coverage_mid,0.5,28570.4177618505,14285.208880925245,28570.41776185049,7.275957614183426e-12,4761.736293641751,6856.9002628441185,9.795571804063027,15.30558094384848,coverage_sensitivity,0.75,,,8784,2003,SFH,mad,H,2,133.0,True,12.0,1015.2865739397402,9,1015.2865739397402,1.0,1.1,1.08,1.2
2256461,35,9,Araucania,9218,9104,Curarrehue,2024,CL.SFH.RT1.mad.H,133.0,1,283027,160179,0.5659495383832638,0.16257701091093632,2464.2923076923075,65,2.259259259259259,19046.945174566998,143.21011409448872,redpe_mid,0.5,20640.0,10319.999999999998,20639.999999999996,3.637978807091713e-12,8726.945174567,4953.599999999999,7.076571428571428,11.057142857142855,REDPE_2020,,mid,11.055,8784,2003,SFH,mad,H,2,133.0,True,12.0,1015.2865739397402,9,1015.2865739397402,1.0,1.1,1.08,1.2
2216933,36,9,Araucania,9212,9107,Gorbea,2024,CL.SFH.RT2.mad.F,42.0,1,283027,160179,0.5659495383832638,0.16257701091093632,2464.2923076923075,65,2.369565217391304,6812.7977135046185,162.20946936915757,coverage_mid,0.5,10219.196570256929,5109.598285128464,10219.196570256929,0.0,1703.1994283761542,2452.607176861663,3.5037245383738043,5.474569591209069,coverage_sensitivity,0.75,,,8784,2011,SFH,mad,F,2,42.0,True,12.0,1015.2865739397402,9,1015.2865739397402,1.0,1.1,1.08,1.2
2216933,36,9,Araucania,9212,9107,Gorbea,2024,CL.SFH.RT2.mad.F,42.0,1,283027,160179,0.5659495383832638,0.16257701091093632,2464.2923076923075,65,2.369565217391304,6812.7977135046185,162.20946936915757,redpe_mid,0.5,20640.0,6812.7977135046185,13625.595427009237,7014.404572990763,0.0,3270.142902482217,4.671632717831739,7.2994261216120915,REDPE_2020,,mid,11.055,8784,2011,SFH,mad,F,2,42.0,True,12.0,1015.2865739397402,9,1015.2865739397402,1.0,1.1,1.08,1.2
2059166,37,9,Araucania,9105,9202,Collipulli,2024,CL.SFH.preRT.mad.F,43.0,1,283027,160179,0.5659495383832638,0.16257701091093632,2464.2923076923075,65,1.7916666666666667,6521.332769958287,151.6589016269369,coverage_mid,0.5,9781.99915493743,4890.999577468715,9781.99915493743,0.0,1630.333192489572,2347.6797971849833,3.353828281692833,5.240356690145052,coverage_sensitivity,0.75,,,8784,1990,SFH,mad,F,2,43.0,True,12.0,1015.2865739397402,9,1015.2865739397402,1.0,1.1,1.08,1.2
2059166,37,9,Araucania,9105,9202,Collipulli,2024,CL.SFH.preRT.mad.F,43.0,1,283027,160179,0.5659495383832638,0.16257701091093632,2464.2923076923075,65,1.7916666666666667,6521.332769958287,151.6589016269369,redpe_mid,0.5,20640.0,6521.332769958287,13042.665539916574,7597.334460083426,0.0,3130.2397295799774,4.47177104225711,6.987142253526734,REDPE_2020,,mid,11.055,8784,1990,SFH,mad,F,2,43.0,True,12.0,1015.2865739397402,9,1015.2865739397402,1.0,1.1,1.08,1.2
2169859,38,9,Araucania,9202,9119,Vilcún,2024,CL.SFH.RT1.mad.F,31.0,1,283027,160179,0.5659495383832638,0.16257701091093632,2464.2923076923075,65,2.1904761904761907,6517.584327587028,210.24465572861382,coverage_mid,0.5,9776.376491380543,4888.188245690272,9776.376491380544,0.0,1629.396081896757,2346.3303579313306,3.3519005113304723,5.237344548953863,coverage_sensitivity,0.75,,,8784,2003,SFH,mad,F,2,31.0,True,12.0,1015.2865739397402,9,1015.2865739397402,1.0,1.1,1.08,1.2
2169859,38,9,Araucania,9202,9119,Vilcún,2024,CL.SFH.RT1.mad.F,31.0,1,283027,160179,0.5659495383832638,0.16257701091093632,2464.2923076923075,65,2.1904761904761907,6517.584327587028,210.24465572861382,redpe_mid,0.5,20640.0,6517.584327587028,13035.168655174057,7604.831344825943,0.0,3128.440477241774,4.4692006817739625,6.983126065271816,REDPE_2020,,mid,11.055,8784,2003,SFH,mad,F,2,31.0,True,12.0,1015.2865739397402,9,1015.2865739397402,1.0,1.1,1.08,1.2
2069401,39,9,Araucania,9108,9207,Lumaco,2024,CL.SFH.preRT.mad.F,24.0,1,283027,160179,0.5659495383832638,0.16257701091093632,2464.2923076923075,65,1.375,5246.486910702928,218.60362127928866,coverage_mid,0.5,7869.730366054392,3934.865183027196,7869.730366054392,0.0,1311.621727675732,1888.7352878530542,2.6981932683615057,4.215926981814853,coverage_sensitivity,0.75,,,8784,1990,SFH,mad,F,1,24.0,True,12.0,1015.2865739397402,9,1015.2865739397402,1.0,1.1,1.08,1.2
2069401,39,9,Araucania,9108,9207,Lumaco,2024,CL.SFH.preRT.mad.F,24.0,1,283027,160179,0.5659495383832638,0.16257701091093632,2464.2923076923075,65,1.375,5246.486910702928,218.60362127928866,redpe_mid,0.5,20640.0,5246.486910702928,10492.973821405856,10147.026178594144,0.0,2518.3137171374055,3.597591024482008,5.621235975753137,REDPE_2020,,mid,11.055,8784,1990,SFH,mad,F,1,24.0,True,12.0,1015.2865739397402,9,1015.2865739397402,1.0,1.1,1.08,1.2
2207866,40,9,Araucania,9210,9116,Saavedra,2024,CL.SFH.preRT.mad.E,39.0,1,283027,160179,0.5659495383832638,0.16257701091093632,2464.2923076923075,65,2.2142857142857144,4856.834180209628,124.53420974896483,coverage_mid,0.5,7285.251270314442,3642.625635157221,7285.251270314442,0.0,1214.208545052408,1748.4603048754661,2.49780043553638,3.9028131805255937,coverage_sensitivity,0.75,,,8784,1990,SFH,mad,E,2,39.0,True,12.0,1015.2865739397402,9,1015.2865739397402,1.0,1.1,1.08,1.2
2207866,40,9,Araucania,9210,9116,Saavedra,2024,CL.SFH.preRT.mad.E,39.0,1,283027,160179,0.5659495383832638,0.16257701091093632,2464.2923076923075,65,2.2142857142857144,4856.834180209628,124.53420974896483,redpe_mid,0.5,20640.0,4856.834180209628,9713.668360419257,10926.331639580743,0.0,2331.2804065006217,3.3304005807151738,5.203750907367459,REDPE_2020,,mid,11.055,8784,1990,SFH,mad,E,2,39.0,True,12.0,1015.2865739397402,9,1015.2865739397402,1.0,1.1,1.08,1.2
2244641,41,9,Araucania,9215,9120,Villarrica,2024,CL.SFH.preRT.mad.F,136.0,1,283027,160179,0.5659495383832638,0.16257701091093632,2464.2923076923075,65,1.4090909090909092,17221.631639901192,126.62964441103817,coverage_mid,0.5,25832.447459851788,12916.223729925894,25832.447459851788,0.0,4305.407909975295,6199.7873903644295,8.856839129092043,13.838811139206317,coverage_sensitivity,0.75,,,8784,1990,SFH,mad,F,1,136.0,True,12.0,1015.2865739397402,9,1015.2865739397402,1.0,1.1,1.08,1.2
2244641,41,9,Araucania,9215,9120,Villarrica,2024,CL.SFH.preRT.mad.F,136.0,1,283027,160179,0.5659495383832638,0.16257701091093632,2464.2923076923075,65,1.4090909090909092,17221.631639901192,126.62964441103817,redpe_mid,0.5,20640.0,10320.0,20640.0,0.0,6901.631639901189,4953.6,7.076571428571429,11.057142857142859,REDPE_2020,,mid,11.055,8784,1990,SFH,mad,F,1,136.0,True,12.0,1015.2865739397402,9,1015.2865739397402,1.0,1.1,1.08,1.2
2275586,42,9,Araucania,9221,9121,Cholchol,2024,CL.SFH.RT2.mad.F,44.0,1,283027,160179,0.5659495383832638,0.16257701091093632,2464.2923076923075,65,3.1818181818181817,6229.749055687759,141.58520581108544,coverage_mid,0.5,9344.623583531638,4672.311791765818,9344.623583531637,1.8189894035458565e-12,1557.4372639219407,2242.709660047593,3.203870942925133,5.00604834832052,coverage_sensitivity,0.75,,,8784,2011,SFH,mad,F,3,44.0,True,12.0,1015.2865739397402,9,1015.2865739397402,1.0,1.1,1.08,1.2
2275586,42,9,Araucania,9221,9121,Cholchol,2024,CL.SFH.RT2.mad.F,44.0,1,283027,160179,0.5659495383832638,0.16257701091093632,2464.2923076923075,65,3.1818181818181817,6229.749055687759,141.58520581108544,redpe_mid,0.5,20640.0,6229.749055687759,12459.498111375518,8180.501888624482,0.0,2990.2795467301244,4.271827923900178,6.674731131094028,REDPE_2020,,mid,11.055,8784,2011,SFH,mad,F,3,44.0,True,12.0,1015.2865739397402,9,1015.2865739397402,1.0,1.1,1.08,1.2
2262501,43,9,Araucania,9220,9112,Padre Las Casas,2024,CL.SFH.RT1.lad.F,51.0,1,283027,160179,0.5659495383832638,0.16257701091093632,2464.2923076923075,65,3.210526315789474,4554.221470736112,89.29846021051199,coverage_mid,0.5,6831.332206104167,3415.6661030520836,6831.332206104167,0.0,1138.5553676840282,1639.5197294650002,2.342171042092857,3.659642253270089,coverage_sensitivity,0.75,,,8784,2003,SFH,lad,F,3,51.0,True,12.0,1015.2865739397402,9,1015.2865739397402,1.0,1.1,1.08,1.2
2262501,43,9,Araucania,9220,9112,Padre Las Casas,2024,CL.SFH.RT1.lad.F,51.0,1,283027,160179,0.5659495383832638,0.16257701091093632,2464.2923076923075,65,3.210526315789474,4554.221470736112,89.29846021051199,redpe_mid,0.5,20640.0,4554.221470736112,9108.442941472224,11531.557058527776,0.0,2186.0263059533336,3.1228947227904764,4.879523004360119,REDPE_2020,,mid,11.055,8784,2003,SFH,lad,F,3,51.0,True,12.0,1015.2865739397402,9,1015.2865739397402,1.0,1.1,1.08,1.2
2258823,44,9,Araucania,9219,9117,Teodoro Schmidt,2024,CL.SFH.RT1.mad.E,89.0,1,283027,160179,0.5659495383832638,0.16257701091093632,2464.2923076923075,65,2.810810810810811,9335.155469279205,104.88938729527197,coverage_mid,0.5,14002.733203918808,7001.366601959404,14002.733203918808,0.0,2333.7888673198013,3360.655968940514,4.800937098486449,7.5014642163850755,coverage_sensitivity,0.75,,,8784,2003,SFH,mad,E,3,89.0,True,12.0,1015.2865739397402,9,1015.2865739397402,1.0,1.1,1.08,1.2
2258823,44,9,Araucania,9219,9117,Teodoro Schmidt,2024,CL.SFH.RT1.mad.E,89.0,1,283027,160179,0.5659495383832638,0.16257701091093632,2464.2923076923075,65,2.810810810810811,9335.155469279205,104.88938729527197,redpe_mid,0.5,20640.0,9335.155469279205,18670.31093855841,1969.6890614415897,0.0,4480.874625254019,6.401249464648598,10.001952288513435,REDPE_2020,,mid,11.055,8784,2003,SFH,mad,E,3,89.0,True,12.0,1015.2865739397402,9,1015.2865739397402,1.0,1.1,1.08,1.2
2201961,45,9,Araucania,9208,9111,Nueva Imperial,2024,CL.SFH.RT2.mad.F,37.0,1,283027,160179,0.5659495383832638,0.16257701091093632,2464.2923076923075,65,3.161290322580645,5589.13137096054,151.05760462055514,coverage_mid,0.5,8383.697056440811,4191.848528220406,8383.697056440811,0.0,1397.2828427401355,2012.0872935457949,2.8744104193511357,4.491266280236149,coverage_sensitivity,0.75,,,8784,2011,SFH,mad,F,3,37.0,True,12.0,1015.2865739397402,9,1015.2865739397402,1.0,1.1,1.08,1.2
2201961,45,9,Araucania,9208,9111,Nueva Imperial,2024,CL.SFH.RT2.mad.F,37.0,1,283027,160179,0.5659495383832638,0.16257701091093632,2464.2923076923075,65,3.161290322580645,5589.13137096054,151.05760462055514,redpe_mid,0.5,20640.0,5589.13137096054,11178.26274192108,9461.73725807892,0.0,2682.7830580610594,3.8325472258015134,5.988355040314865,REDPE_2020,,mid,11.055,8784,2011,SFH,mad,F,3,37.0,True,12.0,1015.2865739397402,9,1015.2865739397402,1.0,1.1,1.08,1.2
2051773,46,9,Araucania,9103,9206,Los Sauces,2024,CL.SFH.preRT.mad.F,26.0,1,283027,160179,0.5659495383832638,0.16257701091093632,2464.2923076923075,65,2.4782608695652173,4389.911039261536,168.84273227928983,coverage_mid,0.5,6584.866558892303,3292.433279446152,6584.866558892304,0.0,1097.4777598153842,1580.3679741341532,2.2576685344773617,3.5276070851208776,coverage_sensitivity,0.75,,,8784,1990,SFH,mad,F,2,26.0,True,12.0,1015.2865739397402,9,1015.2865739397402,1.0,1.1,1.08,1.2
2051773,46,9,Araucania,9103,9206,Los Sauces,2024,CL.SFH.preRT.mad.F,26.0,1,283027,160179,0.5659495383832638,0.16257701091093632,2464.2923076923075,65,2.4782608695652173,4389.911039261536,168.84273227928983,redpe_mid,0.5,20640.0,4389.911039261536,8779.822078523071,11860.177921476929,0.0,2107.1572988455373,3.010224712636482,4.703476113494503,REDPE_2020,,mid,11.055,8784,1990,SFH,mad,F,2,26.0,True,12.0,1015.2865739397402,9,1015.2865739397402,1.0,1.1,1.08,1.2
2082178,47,9,Araucania,9110,9203,Curacautín,2024,CL.SFH.preRT.mad.F,79.0,1,283027,160179,0.5659495383832638,0.16257701091093632,2464.2923076923075,65,2.849056603773585,15153.836577336779,191.82071616881998,coverage_mid,0.5,22730.75486600517,11365.377433002583,22730.754866005165,3.637978807091713e-12,3788.4591443341956,5455.38116784124,7.793401668344629,12.177190106788482,coverage_sensitivity,0.75,,,8784,1990,SFH,mad,F,3,79.0,True,12.0,1015.2865739397402,9,1015.2865739397402,1.0,1.1,1.08,1.2
2082178,47,9,Araucania,9110,9203,Curacautín,2024,CL.SFH.preRT.mad.F,79.0,1,283027,160179,0.5659495383832638,0.16257701091093632,2464.2923076923075,65,2.849056603773585,15153.836577336779,191.82071616881998,redpe_mid,0.5,20640.0,10319.999999999998,20639.999999999996,3.637978807091713e-12,4833.83657733678,4953.599999999999,7.076571428571428,11.057142857142855,REDPE_2020,,mid,11.055,8784,1990,SFH,mad,F,3,79.0,True,12.0,1015.2865739397402,9,1015.2865739397402,1.0,1.1,1.08,1.2
2044517,48,9,Araucania,9101,9201,Angol,2024,CL.SFH.preRT.mad.F,21.0,1,283027,160179,0.5659495383832638,0.16257701091093632,2464.2923076923075,65,2.875,4159.51445861948,198.0721170771181,coverage_mid,0.5,6239.27168792922,3119.6358439646096,6239.271687929219,9.094947017729282e-13,1039.87861465487,1497.4252051030126,2.1391788644328753,3.3424669756763676,coverage_sensitivity,0.75,,,8784,1990,SFH,mad,F,3,21.0,True,12.0,1015.2865739397402,9,1015.2865739397402,1.0,1.1,1.08,1.2
2044517,48,9,Araucania,9101,9201,Angol,2024,CL.SFH.preRT.mad.F,21.0,1,283027,160179,0.5659495383832638,0.16257701091093632,2464.2923076923075,65,2.875,4159.51445861948,198.0721170771181,redpe_mid,0.5,20640.0,4159.51445861948,8319.02891723896,12320.97108276104,0.0,1996.5669401373505,2.8522384859105006,4.456622634235157,REDPE_2020,,mid,11.055,8784,1990,SFH,mad,F,3,21.0,True,12.0,1015.2865739397402,9,1015.2865739397402,1.0,1.1,1.08,1.2
2176853,49,9,Araucania,9203,9105,Freire,2024,CL.SFH.CEV.mad.F,58.0,1,283027,160179,0.5659495383832638,0.16257701091093632,2464.2923076923075,65,2.75,7041.5623849398,121.40624801620345,coverage_mid,0.5,10562.3435774097,5281.17178870485,10562.3435774097,0.0,1760.39059623495,2534.962458578328,3.621374940826183,5.6583983450409105,coverage_sensitivity,0.75,,,8784,2018,SFH,mad,F,3,58.0,True,12.0,1015.2865739397402,9,1015.2865739397402,1.0,1.1,1.08,1.2
2176853,49,9,Araucania,9203,9105,Freire,2024,CL.SFH.CEV.mad.F,58.0,1,283027,160179,0.5659495383832638,0.16257701091093632,2464.2923076923075,65,2.75,7041.5623849398,121.40624801620345,redpe_mid,0.5,20640.0,7041.5623849398,14083.1247698796,6556.8752301204,0.0,3379.949944771104,4.828499921101577,7.544531126721214,REDPE_2020,,mid,11.055,8784,2018,SFH,mad,F,3,58.0,True,12.0,1015.2865739397402,9,1015.2865739397402,1.0,1.1,1.08,1.2
2195024,50,9,Araucania,9207,9106,Galvarino,2024,CL.SFH.preRT.mad.F,58.0,1,283027,160179,0.5659495383832638,0.16257701091093632,2464.2923076923075,65,3.4615384615384617,7381.2395085868475,127.2627501480491,coverage_mid,0.5,11071.85926288027,5535.929631440134,11071.859262880267,3.637978807091713e-12,1845.3098771467128,2657.2462230912643,3.7960660329875204,5.931353176543,coverage_sensitivity,0.75,,,8784,1990,SFH,mad,F,3,58.0,True,12.0,1015.2865739397402,9,1015.2865739397402,1.0,1.1,1.08,1.2
2195024,50,9,Araucania,9207,9106,Galvarino,2024,CL.SFH.preRT.mad.F,58.0,1,283027,160179,0.5659495383832638,0.16257701091093632,2464.2923076923075,65,3.4615384615384617,7381.2395085868475,127.2627501480491,redpe_mid,0.5,20640.0,7381.2395085868475,14762.479017173695,5877.520982826305,0.0,3542.9949641216867,5.061421377316695,7.908470902057337,REDPE_2020,,mid,11.055,8784,1990,SFH,mad,F,3,58.0,True,12.0,1015.2865739397402,9,1015.2865739397402,1.0,1.1,1.08,1.2
2251236,51,9,Araucania,9216,9115,Pucón,2024,CL.SFH.RT2.mad.H,95.0,1,283027,160179,0.5659495383832638,0.16257701091093632,2464.2923076923075,65,4.5,8318.76996401477,87.56599962120809,coverage_mid,0.5,12478.154946022154,6239.077473011078,12478.154946022156,0.0,2079.6924910036923,2994.7571870453176,4.278224552921882,6.684725863940441,coverage_sensitivity,0.75,,,8784,2011,SFH,mad,H,4,95.0,True,12.0,1015.2865739397402,9,1015.2865739397402,1.0,1.1,1.08,1.2
2251236,51,9,Araucania,9216,9115,Pucón,2024,CL.SFH.RT2.mad.H,95.0,1,283027,160179,0.5659495383832638,0.16257701091093632,2464.2923076923075,65,4.5,8318.76996401477,87.56599962120809,redpe_mid,0.5,20640.0,8318.76996401477,16637.53992802954,4002.4600719704613,0.0,3993.0095827270898,5.704299403895843,8.912967818587255,REDPE_2020,,mid,11.055,8784,2011,SFH,mad,H,4,95.0,True,12.0,1015.2865739397402,9,1015.2865739397402,1.0,1.1,1.08,1.2
2256004,52,9,Araucania,9217,9110,Melipeuco,2024,CL.SFH.RT1.mad.H,30.0,1,283027,160179,0.5659495383832638,0.16257701091093632,2464.2923076923075,65,4.339285714285714,6130.087700666089,204.33625668886964,coverage_mid,0.5,9195.131550999135,4597.565775499567,9195.131550999135,0.0,1532.5219251665224,2206.831572239792,3.152616531771131,4.925963330892392,coverage_sensitivity,0.75,,,8784,2003,SFH,mad,H,4,30.0,True,12.0,1015.2865739397402,9,1015.2865739397402,1.0,1.1,1.08,1.2
2256004,52,9,Araucania,9217,9110,Melipeuco,2024,CL.SFH.RT1.mad.H,30.0,1,283027,160179,0.5659495383832638,0.16257701091093632,2464.2923076923075,65,4.339285714285714,6130.087700666089,204.33625668886964,redpe_mid,0.5,20640.0,6130.087700666089,12260.175401332179,8379.824598667821,0.0,2942.442096319723,4.203488709028176,6.5679511078565245,REDPE_2020,,mid,11.055,8784,2003,SFH,mad,H,4,30.0,True,12.0,1015.2865739397402,9,1015.2865739397402,1.0,1.1,1.08,1.2
2226529,53,9,Araucania,9214,9109,Loncoche,2024,CL.SFH.RT2.mad.F,51.0,1,283027,160179,0.5659495383832638,0.16257701091093632,2464.2923076923075,65,3.210526315789474,7399.047908150203,145.07937074804317,coverage_mid,0.5,11098.571862225304,5549.285931112653,11098.571862225306,0.0,1849.7619770375497,2663.6572469340736,3.805224638477248,5.9456634976207,coverage_sensitivity,0.75,,,8784,2011,SFH,mad,F,3,51.0,True,12.0,1015.2865739397402,9,1015.2865739397402,1.0,1.1,1.08,1.2
2226529,53,9,Araucania,9214,9109,Loncoche,2024,CL.SFH.RT2.mad.F,51.0,1,283027,160179,0.5659495383832638,0.16257701091093632,2464.2923076923075,65,3.210526315789474,7399.047908150203,145.07937074804317,redpe_mid,0.5,20640.0,7399.047908150203,14798.095816300405,5841.904183699595,0.0,3551.542995912097,5.073632851302996,7.927551330160931,REDPE_2020,,mid,11.055,8784,2011,SFH,mad,F,3,51.0,True,12.0,1015.2865739397402,9,1015.2865739397402,1.0,1.1,1.08,1.2
2164423,54,9,Araucania,9201,9101,Temuco,2024,CL.SFH.RT2.lad.F,96.0,1,283027,160179,0.5659495383832638,0.16257701091093632,2464.2923076923075,65,7.2,14852.79525448341,154.71661723420218,coverage_mid,0.5,22279.192881725114,11139.596440862555,22279.19288172511,3.637978807091713e-12,3713.198813620853,5347.006291614027,7.638580416591467,11.935281900924167,coverage_sensitivity,0.75,,,8784,2011,SFH,lad,F,7,96.0,True,12.0,1015.2865739397402,9,1015.2865739397402,1.0,1.1,1.08,1.2
2164423,54,9,Araucania,9201,9101,Temuco,2024,CL.SFH.RT2.lad.F,96.0,1,283027,160179,0.5659495383832638,0.16257701091093632,2464.2923076923075,65,7.2,14852.79525448341,154.71661723420218,redpe_mid,0.5,20640.0,10320.000000000002,20640.000000000004,0.0,4532.79525448341,4953.600000000001,7.07657142857143,11.057142857142859,REDPE_2020,,mid,11.055,8784,2011,SFH,lad,F,7,96.0,True,12.0,1015.2865739397402,9,1015.2865739397402,1.0,1.1,1.08,1.2
2084562,55,9,Araucania,9111,9205,Lonquimay,2024,CL.SFH.preRT.mad.H,29.0,1,283027,160179,0.5659495383832638,0.16257701091093632,2464.2923076923075,65,1.619047619047619,4169.856140687586,143.78814278233057,coverage_mid,0.5,6254.7842110313795,3127.39210551569,6254.78421103138,0.0,1042.4640351718956,1501.1482106475312,2.1444974437821873,3.3507772559096676,coverage_sensitivity,0.75,,,8784,1990,SFH,mad,H,2,29.0,True,12.0,1015.2865739397402,9,1015.2865739397402,1.0,1.1,1.08,1.2
2084562,55,9,Araucania,9111,9205,Lonquimay,2024,CL.SFH.preRT.mad.H,29.0,1,283027,160179,0.5659495383832638,0.16257701091093632,2464.2923076923075,65,1.619047619047619,4169.856140687586,143.78814278233057,redpe_mid,0.5,20640.0,4169.856140687586,8339.712281375172,12300.287718624828,0.0,2001.5309475300414,2.8593299250429163,4.467703007879557,REDPE_2020,,mid,11.055,8784,1990,SFH,mad,H,2,29.0,True,12.0,1015.2865739397402,9,1015.2865739397402,1.0,1.1,1.08,1.2
2205000,56,9,Araucania,9209,9102,Carahue,2024,CL.SFH.CEV.mad.E,63.0,1,283027,160179,0.5659495383832638,0.16257701091093632,2464.2923076923075,65,3.1739130434782608,8027.705079107482,127.4238901445632,coverage_mid,0.5,12041.557618661223,6020.778809330612,12041.557618661223,0.0,2006.9262697768702,2889.9738284786936,4.1285340406838476,6.450834438568512,coverage_sensitivity,0.75,,,8784,2018,SFH,mad,E,3,63.0,True,12.0,1015.2865739397402,9,1015.2865739397402,1.0,1.1,1.08,1.2
2205000,56,9,Araucania,9209,9102,Carahue,2024,CL.SFH.CEV.mad.E,63.0,1,283027,160179,0.5659495383832638,0.16257701091093632,2464.2923076923075,65,3.1739130434782608,8027.705079107482,127.4238901445632,redpe_mid,0.5,20640.0,8027.705079107482,16055.410158214963,4584.589841785037,0.0,3853.2984379715913,5.504712054245131,8.601112584758017,REDPE_2020,,mid,11.055,8784,2018,SFH,mad,E,3,63.0,True,12.0,1015.2865739397402,9,1015.2865739397402,1.0,1.1,1.08,1.2
2213400,57,9,Araucania,9211,9114,Pitrufquén,2024,CL.SFH.RT2.mad.F,49.0,1,283027,160179,0.5659495383832638,0.16257701091093632,2464.2923076923075,65,2.25531914893617,6911.817879058356,141.05750773588483,coverage_mid,0.5,10367.726818587535,5183.863409293767,10367.726818587535,0.0,1727.9544697645897,2488.2544364610085,3.554649194944298,5.554139367100466,coverage_sensitivity,0.75,,,8784,2011,SFH,mad,F,2,49.0,True,12.0,1015.2865739397402,9,1015.2865739397402,1.0,1.1,1.08,1.2
2213400,57,9,Araucania,9211,9114,Pitrufquén,2024,CL.SFH.RT2.mad.F,49.0,1,283027,160179,0.5659495383832638,0.16257701091093632,2464.2923076923075,65,2.25531914893617,6911.817879058356,141.05750773588483,redpe_mid,0.5,20640.0,6911.817879058356,13823.635758116712,6816.364241883288,0.0,3317.672581948011,4.73953225992573,7.405519156133954,REDPE_2020,,mid,11.055,8784,2011,SFH,mad,F,2,49.0,True,12.0,1015.2865739397402,9,1015.2865739397402,1.0,1.1,1.08,1.2
2193264,58,9,Araucania,9206,9113,Perquenco,2024,CL.SFH.RT1.mad.F,65.0,1,283027,160179,0.5659495383832638,0.16257701091093632,2464.2923076923075,65,2.35,9000.253349758437,138.4654361501298,coverage_mid,0.5,13500.380024637656,6750.190012318828,13500.380024637656,0.0,2250.0633374396093,3240.0912059130374,4.62870172273291,7.232346441770172,coverage_sensitivity,0.75,,,8784,2003,SFH,mad,F,2,65.0,True,12.0,1015.2865739397402,9,1015.2865739397402,1.0,1.1,1.08,1.2
2193264,58,9,Araucania,9206,9113,Perquenco,2024,CL.SFH.RT1.mad.F,65.0,1,283027,160179,0.5659495383832638,0.16257701091093632,2464.2923076923075,65,2.35,9000.253349758437,138.4654361501298,redpe_mid,0.5,20640.0,9000.253349758437,18000.506699516875,2639.4933004831255,0.0,4320.12160788405,6.171602296977214,9.643128589026897,REDPE_2020,,mid,11.055,8784,2003,SFH,mad,F,2,65.0,True,12.0,1015.2865739397402,9,1015.2865739397402,1.0,1.1,1.08,1.2
2049711,59,9,Araucania,9102,9208,Purén,2024,CL.SFH.preRT.mad.F,84.0,1,283027,160179,0.5659495383832638,0.16257701091093632,2464.2923076923075,65,3.1578947368421053,10200.624083414084,121.43600099302482,coverage_mid,0.5,15300.936125121127,7650.468062560563,15300.936125121127,0.0,2550.156020853521,3672.2246700290707,5.246035242898673,8.196930067029175,coverage_sensitivity,0.75,,,8784,1990,SFH,mad,F,3,84.0,True,12.0,1015.2865739397402,9,1015.2865739397402,1.0,1.1,1.08,1.2
2049711,59,9,Araucania,9102,9208,Purén,2024,CL.SFH.preRT.mad.F,84.0,1,283027,160179,0.5659495383832638,0.16257701091093632,2464.2923076923075,65,3.1578947368421053,10200.624083414084,121.43600099302482,redpe_mid,0.5,20640.0,10200.624083414084,20401.24816682817,238.7518331718311,0.0,4896.299560038761,6.99471365719823,10.929240089372234,REDPE_2020,,mid,11.055,8784,1990,SFH,mad,F,3,84.0,True,12.0,1015.2865739397402,9,1015.2865739397402,1.0,1.1,1.08,1.2
2061423,60,9,Araucania,9106,9204,Ercilla,2024,CL.SFH.preRT.mad.F,57.0,1,283027,160179,0.5659495383832638,0.16257701091093632,2464.2923076923075,65,1.5454545454545454,8200.56135498426,143.8694974558642,coverage_mid,0.5,12300.84203247639,6150.421016238196,12300.842032476392,0.0,2050.140338746065,2952.202087794334,4.217431553991906,6.589736803112353,coverage_sensitivity,0.75,,,8784,1990,SFH,mad,F,2,57.0,True,12.0,1015.2865739397402,9,1015.2865739397402,1.0,1.1,1.08,1.2
2061423,60,9,Araucania,9106,9204,Ercilla,2024,CL.SFH.preRT.mad.F,57.0,1,283027,160179,0.5659495383832638,0.16257701091093632,2464.2923076923075,65,1.5454545454545454,8200.56135498426,143.8694974558642,redpe_mid,0.5,20640.0,8200.56135498426,16401.12270996852,4238.87729003148,0.0,3936.269450392445,5.623242071989207,8.786315737483136,REDPE_2020,,mid,11.055,8784,1990,SFH,mad,F,2,57.0,True,12.0,1015.2865739397402,9,1015.2865739397402,1.0,1.1,1.08,1.2
2188073,61,9,Araucania,9205,9108,Lautaro,2024,CL.SFH.preRT.mad.F,20.0,1,283027,160179,0.5659495383832638,0.16257701091093632,2464.2923076923075,65,2.8,4165.317356714405,208.26586783572026,coverage_mid,0.5,6247.976035071608,3123.988017535805,6247.97603507161,0.0,1041.3293391786012,1499.5142484171863,2.1421632120245517,3.347130018788362,coverage_sensitivity,0.75,,,8784,1990,SFH,mad,F,3,20.0,True,12.0,1015.2865739397402,9,1015.2865739397402,1.0,1.1,1.08,1.2
2188073,61,9,Araucania,9205,9108,Lautaro,2024,CL.SFH.preRT.mad.F,20.0,1,283027,160179,0.5659495383832638,0.16257701091093632,2464.2923076923075,65,2.8,4165.317356714405,208.26586783572026,redpe_mid,0.5,20640.0,4165.317356714405,8330.63471342881,12309.36528657119,0.0,1999.3523312229145,2.856217616032735,4.462840025051149,REDPE_2020,,mid,11.055,8784,1990,SFH,mad,F,3,20.0,True,12.0,1015.2865739397402,9,1015.2865739397402,1.0,1.1,1.08,1.2
2221328,62,9,Araucania,9213,9118,Toltén,2024,CL.SFH.RT2.mad.E,36.0,1,283027,160179,0.5659495383832638,0.16257701091093632,2464.2923076923075,65,2.0,6071.927875002644,168.66466319451789,coverage_mid,0.5,9107.891812503967,4553.945906251984,9107.891812503967,0.0,1517.9819687506606,2185.894035000952,3.1227057642870744,4.879227756698554,coverage_sensitivity,0.75,,,8784,2011,SFH,mad,E,2,36.0,True,12.0,1015.2865739397402,9,1015.2865739397402,1.0,1.1,1.08,1.2
2221328,62,9,Araucania,9213,9118,Toltén,2024,CL.SFH.RT2.mad.E,36.0,1,283027,160179,0.5659495383832638,0.16257701091093632,2464.2923076923075,65,2.0,6071.927875002644,168.66466319451789,redpe_mid,0.5,20640.0,6071.927875002644,12143.855750005288,8496.144249994712,0.0,2914.5253800012697,4.1636076857161,6.505637008931406,REDPE_2020,,mid,11.055,8784,2011,SFH,mad,E,2,36.0,True,12.0,1015.2865739397402,9,1015.2865739397402,1.0,1.1,1.08,1.2
2054850,63,9,Araucania,9104,9209,Renaico,2024,CL.SFH.preRT.mad.F,72.0,1,283027,160179,0.5659495383832638,0.16257701091093632,2464.2923076923075,65,3.8526315789473684,7401.90063668004,102.804175509445,coverage_mid,0.5,11102.850955020062,5551.425477510031,11102.850955020062,0.0,1850.4751591700099,2664.684229204815,3.8066917560068787,5.947955868760748,coverage_sensitivity,0.75,,,8784,1990,SFH,mad,F,4,72.0,True,12.0,1015.2865739397402,9,1015.2865739397402,1.0,1.1,1.08,1.2
2054850,63,9,Araucania,9104,9209,Renaico,2024,CL.SFH.preRT.mad.F,72.0,1,283027,160179,0.5659495383832638,0.16257701091093632,2464.2923076923075,65,3.8526315789473684,7401.90063668004,102.804175509445,redpe_mid,0.5,20640.0,7401.90063668004,14803.80127336008,5836.198726639919,0.0,3552.9123056064195,5.075589008009171,7.93060782501433,REDPE_2020,,mid,11.055,8784,1990,SFH,mad,F,4,72.0,True,12.0,1015.2865739397402,9,1015.2865739397402,1.0,1.1,1.08,1.2
2067429,64,9,Araucania,9107,9210,Traiguén,2024,CL.SFH.RT2.mad.F,42.0,1,283027,160179,0.5659495383832638,0.16257701091093632,2464.2923076923075,65,2.5,6519.380155646271,155.22333703919693,coverage_mid,0.5,9779.070233469407,4889.5351167347035,9779.070233469407,0.0,1629.8450389115678,2346.9768560326575,3.3528240800466533,5.238787625072896,coverage_sensitivity,0.75,,,8784,2011,SFH,mad,F,2,42.0,True,12.0,1015.2865739397402,9,1015.2865739397402,1.0,1.1,1.08,1.2
2067429,64,9,Araucania,9107,9210,Traiguén,2024,CL.SFH.RT2.mad.F,42.0,1,283027,160179,0.5659495383832638,0.16257701091093632,2464.2923076923075,65,2.5,6519.380155646271,155.22333703919693,redpe_mid,0.5,20640.0,6519.380155646271,13038.760311292543,7601.239688707457,0.0,3129.3024747102104,4.470432106728872,6.985050166763862,REDPE_2020,,mid,11.055,8784,2011,SFH,mad,F,2,42.0,True,12.0,1015.2865739397402,9,1015.2865739397402,1.0,1.1,1.08,1.2
2178819,65,9,Araucania,9204,9103,Cunco,2024,CL.SFH.preRT.mad.F,50.0,1,283027,160179,0.5659495383832638,0.16257701091093632,2464.2923076923075,65,1.2666666666666666,9835.350966638045,196.7070193327609,coverage_mid,0.5,14753.026449957068,7376.513224978533,14753.026449957066,1.8189894035458565e-12,2458.8377416595113,3540.7263479896956,5.058180497128136,7.903407026762713,coverage_sensitivity,0.75,,,8784,1990,SFH,mad,F,1,50.0,True,12.0,1015.2865739397402,9,1015.2865739397402,1.0,1.1,1.08,1.2
2178819,65,9,Araucania,9204,9103,Cunco,2024,CL.SFH.preRT.mad.F,50.0,1,283027,160179,0.5659495383832638,0.16257701091093632,2464.2923076923075,65,1.2666666666666666,9835.350966638045,196.7070193327609,redpe_mid,0.5,20640.0,9835.350966638045,19670.70193327609,969.2980667239099,0.0,4720.968463986263,6.744240662837518,10.537876035683622,REDPE_2020,,mid,11.055,8784,1990,SFH,mad,F,1,50.0,True,12.0,1015.2865739397402,9,1015.2865739397402,1.0,1.1,1.08,1.2
2542125,1,10,Los Lagos,10503,10402,Futaleufú,2024,CL.SFH.RT2.mad.I,48.0,1,190634,120683,0.633061258747128,0.12248972342045167,2320.826923076923,52,2.25,12118.618606430411,252.47122096730024,coverage_mid,0.5,18177.927909645616,9088.963954822806,18177.927909645612,3.637978807091713e-12,3029.6546516076046,4362.702698314947,6.23243242616421,9.738175665881577,coverage_sensitivity,0.75,,,8784,2011,SFH,mad,I,2,48.0,True,12.0,1303.2639641264511,9,1015.2865739397402,1.2836414836741485,1.1563290434327071,1.135304879006658,1.3095936373291381
2542125,1,10,Los Lagos,10503,10402,Futaleufú,2024,CL.SFH.RT2.mad.I,48.0,1,190634,120683,0.633061258747128,0.12248972342045167,2320.826923076923,52,2.25,12118.618606430411,252.47122096730024,redpe_mid,0.5,30045.0,12118.618606430411,24237.237212860822,5807.762787139178,0.0,5816.936931086598,8.309909901552283,12.984234221175441,REDPE_2020,,mid,16.1,8784,2011,SFH,mad,I,2,48.0,True,12.0,1303.2639641264511,9,1015.2865739397402,1.2836414836741485,1.1563290434327071,1.135304879006658,1.3095936373291381
2503522,2,10,Los Lagos,10307,10108,Maullín,2024,CL.SFH.preRT.mad.G,143.0,1,190634,120683,0.633061258747128,0.12248972342045167,2320.826923076923,52,4.222222222222222,15080.84451843665,105.46045117787867,coverage_mid,0.5,22621.266777654975,11310.633388827488,22621.266777654975,0.0,3770.2111296091603,5429.104026637195,7.7558628951959925,12.118535773743737,coverage_sensitivity,0.75,,,8784,1990,SFH,mad,G,4,143.0,True,12.0,1303.2639641264511,9,1015.2865739397402,1.2836414836741485,1.1563290434327071,1.135304879006658,1.3095936373291381
2503522,2,10,Los Lagos,10307,10108,Maullín,2024,CL.SFH.preRT.mad.G,143.0,1,190634,120683,0.633061258747128,0.12248972342045167,2320.826923076923,52,4.222222222222222,15080.84451843665,105.46045117787867,redpe_mid,0.5,30045.0,15022.5,30045.0,0.0,58.344518436648286,7210.8,10.301142857142857,16.095535714285713,REDPE_2020,,mid,16.1,8784,1990,SFH,mad,G,4,143.0,True,12.0,1303.2639641264511,9,1015.2865739397402,1.2836414836741485,1.1563290434327071,1.135304879006658,1.3095936373291381
2417895,3,10,Los Lagos,10206,10303,Purranque,2024,CL.SFH.preRT.mad.G,45.0,1,190634,120683,0.633061258747128,0.12248972342045167,2320.826923076923,52,6.5,4942.716770397006,109.8381504532668,coverage_mid,0.5,7414.075155595509,3707.037577797754,7414.075155595508,1.8189894035458565e-12,1235.6791925992516,1779.3780373429217,2.5419686247756026,3.971825976211879,coverage_sensitivity,0.75,,,8784,1990,SFH,mad,G,6,45.0,True,12.0,1303.2639641264511,9,1015.2865739397402,1.2836414836741485,1.1563290434327071,1.135304879006658,1.3095936373291381
2417895,3,10,Los Lagos,10206,10303,Purranque,2024,CL.SFH.preRT.mad.G,45.0,1,190634,120683,0.633061258747128,0.12248972342045167,2320.826923076923,52,6.5,4942.716770397006,109.8381504532668,redpe_mid,0.5,30045.0,4942.716770397006,9885.433540794013,20159.566459205987,0.0,2372.5040497905634,3.389291499700805,5.295767968282507,REDPE_2020,,mid,16.1,8784,1990,SFH,mad,G,6,45.0,True,12.0,1303.2639641264511,9,1015.2865739397402,1.2836414836741485,1.1563290434327071,1.135304879006658,1.3095936373291381
2505442,4,10,Los Lagos,10308,10106,Los Muermos,2024,CL.SFH.preRT.mad.G,72.0,1,190634,120683,0.633061258747128,0.12248972342045167,2320.826923076923,52,5.625,7989.904646524778,110.9708978683997,coverage_mid,0.5,11984.856969787168,5992.428484893585,11984.85696978717,0.0,1997.4761616311946,2876.365672748921,4.109093818212744,6.420459090957413,coverage_sensitivity,0.75,,,8784,1990,SFH,mad,G,6,72.0,True,12.0,1303.2639641264511,9,1015.2865739397402,1.2836414836741485,1.1563290434327071,1.135304879006658,1.3095936373291381
2505442,4,10,Los Lagos,10308,10106,Los Muermos,2024,CL.SFH.preRT.mad.G,72.0,1,190634,120683,0.633061258747128,0.12248972342045167,2320.826923076923,52,5.625,7989.904646524778,110.9708978683997,redpe_mid,0.5,30045.0,7989.904646524778,15979.809293049557,14065.190706950443,0.0,3835.154230331894,5.4787917576169916,8.560612121276549,REDPE_2020,,mid,16.1,8784,1990,SFH,mad,G,6,72.0,True,12.0,1303.2639641264511,9,1015.2865739397402,1.2836414836741485,1.1563290434327071,1.135304879006658,1.3095936373291381
2538086,5,10,Los Lagos,10407,10209,Quemchi,2024,CL.SFH.RT1.mad.G,70.0,1,190634,120683,0.633061258747128,0.12248972342045167,2320.826923076923,52,5.421052631578948,7603.8544339413975,108.62649191344853,coverage_mid,0.5,11405.781650912097,5702.890825456048,11405.781650912097,0.0,1900.9636084853482,2737.3875962189036,3.910553708884148,6.1102401701314815,coverage_sensitivity,0.75,,,8784,2003,SFH,mad,G,5,70.0,True,12.0,1303.2639641264511,9,1015.2865739397402,1.2836414836741485,1.1563290434327071,1.135304879006658,1.3095936373291381
2538086,5,10,Los Lagos,10407,10209,Quemchi,2024,CL.SFH.RT1.mad.G,70.0,1,190634,120683,0.633061258747128,0.12248972342045167,2320.826923076923,52,5.421052631578948,7603.8544339413975,108.62649191344853,redpe_mid,0.5,30045.0,7603.8544339413975,15207.708867882795,14837.291132117205,0.0,3649.850128291871,5.21407161184553,8.146986893508641,REDPE_2020,,mid,16.1,8784,2003,SFH,mad,G,5,70.0,True,12.0,1303.2639641264511,9,1015.2865739397402,1.2836414836741485,1.1563290434327071,1.135304879006658,1.3095936373291381
2528452,6,10,Los Lagos,10405,10206,Puqueldón,2024,CL.SFH.CEV.mad.G,63.0,1,190634,120683,0.633061258747128,0.12248972342045167,2320.826923076923,52,16.181818181818183,4648.152156271454,73.78019295668975,coverage_mid,0.5,6972.228234407181,3486.1141172035905,6972.228234407181,0.0,1162.038039067863,1673.3347762577237,2.390478251796748,3.735122268432419,coverage_sensitivity,0.75,,,8784,2018,SFH,mad,G,8,63.0,True,12.0,1303.2639641264511,9,1015.2865739397402,1.2836414836741485,1.1563290434327071,1.135304879006658,1.3095936373291381
2528452,6,10,Los Lagos,10405,10206,Puqueldón,2024,CL.SFH.CEV.mad.G,63.0,1,190634,120683,0.633061258747128,0.12248972342045167,2320.826923076923,52,16.181818181818183,4648.152156271454,73.78019295668975,redpe_mid,0.5,30045.0,4648.152156271454,9296.304312542909,20748.69568745709,0.0,2231.113035010298,3.187304335728997,4.980163024576558,REDPE_2020,,mid,16.1,8784,2018,SFH,mad,G,8,63.0,True,12.0,1303.2639641264511,9,1015.2865739397402,1.2836414836741485,1.1563290434327071,1.135304879006658,1.3095936373291381
2540452,7,10,Los Lagos,10501,10401,Chaitén,2024,CL.SFH.RT1.mad.G,54.0,1,190634,120683,0.633061258747128,0.12248972342045167,2320.826923076923,52,1.8461538461538463,12257.924702147135,226.99860559531731,coverage_mid,0.5,18386.8870532207,9193.44352661035,18386.8870532207,0.0,3064.4811755367828,4412.852892772968,6.30407556110424,9.850118064225374,coverage_sensitivity,0.75,,,8784,2003,SFH,mad,G,2,54.0,True,12.0,1303.2639641264511,9,1015.2865739397402,1.2836414836741485,1.1563290434327071,1.135304879006658,1.3095936373291381
2540452,7,10,Los Lagos,10501,10401,Chaitén,2024,CL.SFH.RT1.mad.G,54.0,1,190634,120683,0.633061258747128,0.12248972342045167,2320.826923076923,52,1.8461538461538463,12257.924702147135,226.99860559531731,redpe_mid,0.5,30045.0,12257.924702147135,24515.84940429427,5529.150595705731,0.0,5883.803857030624,8.40543408147232,13.1334907523005,REDPE_2020,,mid,16.1,8784,2003,SFH,mad,G,2,54.0,True,12.0,1303.2639641264511,9,1015.2865739397402,1.2836414836741485,1.1563290434327071,1.135304879006658,1.3095936373291381
2539513,8,10,Los Lagos,10410,10204,Curaco de Vélez,2024,CL.SFH.preRT.mad.G,90.0,1,190634,120683,0.633061258747128,0.12248972342045167,2320.826923076923,52,3.142857142857143,10690.951187243343,118.78834652492604,coverage_mid,0.5,16036.426780865015,8018.2133904325065,16036.426780865013,1.8189894035458565e-12,2672.737796810836,3848.7424274076034,5.498203467725148,8.590942918320543,coverage_sensitivity,0.75,,,8784,1990,SFH,mad,G,3,90.0,True,12.0,1303.2639641264511,9,1015.2865739397402,1.2836414836741485,1.1563290434327071,1.135304879006658,1.3095936373291381
2539513,8,10,Los Lagos,10410,10204,Curaco de Vélez,2024,CL.SFH.preRT.mad.G,90.0,1,190634,120683,0.633061258747128,0.12248972342045167,2320.826923076923,52,3.142857142857143,10690.951187243343,118.78834652492604,redpe_mid,0.5,30045.0,10690.951187243343,21381.902374486686,8663.097625513314,0.0,5131.656569876805,7.3309379569668645,11.454590557760726,REDPE_2020,,mid,16.1,8784,1990,SFH,mad,G,3,90.0,True,12.0,1303.2639641264511,9,1015.2865739397402,1.2836414836741485,1.1563290434327071,1.135304879006658,1.3095936373291381
2493208,9,10,Los Lagos,10304,10104,Fresia,2024,CL.SFH.preRT.mad.G,147.0,1,190634,120683,0.633061258747128,0.12248972342045167,2320.826923076923,52,2.508771929824561,18058.363911026943,122.84601300018329,coverage_mid,0.5,27087.545866540415,13543.772933270206,27087.54586654041,3.637978807091713e-12,4514.590977756736,6501.011007969699,9.287158582813856,14.511185285646649,coverage_sensitivity,0.75,,,8784,1990,SFH,mad,G,3,147.0,True,12.0,1303.2639641264511,9,1015.2865739397402,1.2836414836741485,1.1563290434327071,1.135304879006658,1.3095936373291381
2493208,9,10,Los Lagos,10304,10104,Fresia,2024,CL.SFH.preRT.mad.G,147.0,1,190634,120683,0.633061258747128,0.12248972342045167,2320.826923076923,52,2.508771929824561,18058.363911026943,122.84601300018329,redpe_mid,0.5,30045.0,15022.5,30045.0,0.0,3035.8639110269432,7210.8,10.301142857142857,16.095535714285713,REDPE_2020,,mid,16.1,8784,1990,SFH,mad,G,3,147.0,True,12.0,1303.2639641264511,9,1015.2865739397402,1.2836414836741485,1.1563290434327071,1.135304879006658,1.3095936373291381
2412585,10,10,Los Lagos,10202,10307,San Pablo,2024,CL.SFH.post2021.mad.G,64.0,1,190634,120683,0.633061258747128,0.12248972342045167,2320.826923076923,52,4.6,5159.676070210248,80.61993859703513,coverage_mid,0.5,7739.514105315373,3869.757052657686,7739.514105315372,9.094947017729282e-13,1289.9190175525625,1857.4833852756892,2.6535476932509847,4.146168270704663,coverage_sensitivity,0.75,,,8784,2022,SFH,mad,G,5,64.0,True,12.0,1303.2639641264511,9,1015.2865739397402,1.2836414836741485,1.1563290434327071,1.135304879006658,1.3095936373291381
2412585,10,10,Los Lagos,10202,10307,San Pablo,2024,CL.SFH.post2021.mad.G,64.0,1,190634,120683,0.633061258747128,0.12248972342045167,2320.826923076923,52,4.6,5159.676070210248,80.61993859703513,redpe_mid,0.5,30045.0,5159.676070210248,10319.352140420497,19725.647859579505,0.0,2476.6445137009196,3.538063591001314,5.528224360939553,REDPE_2020,,mid,16.1,8784,2022,SFH,mad,G,5,64.0,True,12.0,1303.2639641264511,9,1015.2865739397402,1.2836414836741485,1.1563290434327071,1.135304879006658,1.3095936373291381
2523912,11,10,Los Lagos,10402,10203,Chonchi,2024,CL.SFH.RT2.mad.G,84.0,1,190634,120683,0.633061258747128,0.12248972342045167,2320.826923076923,52,29.0,10379.799108700894,123.56903700834398,coverage_mid,0.5,15569.698663051342,7784.84933152567,15569.69866305134,1.8189894035458565e-12,2594.9497771752244,3736.727679132322,5.33818239876046,8.340909998063218,coverage_sensitivity,0.75,,,8784,2011,SFH,mad,G,8,84.0,True,12.0,1303.2639641264511,9,1015.2865739397402,1.2836414836741485,1.1563290434327071,1.135304879006658,1.3095936373291381
2523912,11,10,Los Lagos,10402,10203,Chonchi,2024,CL.SFH.RT2.mad.G,84.0,1,190634,120683,0.633061258747128,0.12248972342045167,2320.826923076923,52,29.0,10379.799108700894,123.56903700834398,redpe_mid,0.5,30045.0,10379.799108700894,20759.598217401788,9285.401782598212,0.0,4982.303572176429,7.117576531680613,11.121213330750958,REDPE_2020,,mid,16.1,8784,2011,SFH,mad,G,8,84.0,True,12.0,1303.2639641264511,9,1015.2865739397402,1.2836414836741485,1.1563290434327071,1.135304879006658,1.3095936373291381
2541906,12,10,Los Lagos,10502,10403,Hualaihué,2024,CL.SFH.RT1.mad.G,48.0,1,190634,120683,0.633061258747128,0.12248972342045167,2320.826923076923,52,2.1666666666666665,12287.829322661646,255.99644422211762,coverage_mid,0.5,18431.74398399247,9215.871991996235,18431.74398399247,0.0,3071.9573306654124,4423.618556158193,6.319455080225991,9.87414856285311,coverage_sensitivity,0.75,,,8784,2003,SFH,mad,G,2,48.0,True,12.0,1303.2639641264511,9,1015.2865739397402,1.2836414836741485,1.1563290434327071,1.135304879006658,1.3095936373291381
2541906,12,10,Los Lagos,10502,10403,Hualaihué,2024,CL.SFH.RT1.mad.G,48.0,1,190634,120683,0.633061258747128,0.12248972342045167,2320.826923076923,52,2.1666666666666665,12287.829322661646,255.99644422211762,redpe_mid,0.5,30045.0,12287.829322661646,24575.658645323292,5469.341354676708,0.0,5898.1580748775905,8.425940106967987,13.16553141713748,REDPE_2020,,mid,16.1,8784,2003,SFH,mad,G,2,48.0,True,12.0,1303.2639641264511,9,1015.2865739397402,1.2836414836741485,1.1563290434327071,1.135304879006658,1.3095936373291381
2401699,13,10,Los Lagos,10201,10301,Osorno,2024,CL.SFH.preRT.mad.G,70.0,1,190634,120683,0.633061258747128,0.12248972342045167,2320.826923076923,52,5.043478260869565,7507.784265681868,107.2540609383124,coverage_mid,0.5,11261.676398522803,5630.838199261402,11261.676398522804,0.0,1876.9460664204673,2702.8023356454732,3.8611461937792475,6.033040927780074,coverage_sensitivity,0.75,,,8784,1990,SFH,mad,G,5,70.0,True,12.0,1303.2639641264511,9,1015.2865739397402,1.2836414836741485,1.1563290434327071,1.135304879006658,1.3095936373291381
2401699,13,10,Los Lagos,10201,10301,Osorno,2024,CL.SFH.preRT.mad.G,70.0,1,190634,120683,0.633061258747128,0.12248972342045167,2320.826923076923,52,5.043478260869565,7507.784265681868,107.2540609383124,redpe_mid,0.5,30045.0,7507.784265681868,15015.568531363737,15029.431468636263,0.0,3603.736447527297,5.148194925038996,8.044054570373431,REDPE_2020,,mid,16.1,8784,1990,SFH,mad,G,5,70.0,True,12.0,1303.2639641264511,9,1015.2865739397402,1.2836414836741485,1.1563290434327071,1.135304879006658,1.3095936373291381
2414013,14,10,Los Lagos,10204,10304,Puyehue,2024,CL.SFH.post2021.mad.G,46.0,1,190634,120683,0.633061258747128,0.12248972342045167,2320.826923076923,52,4.214285714285714,4874.892076216099,105.97591470034997,coverage_mid,0.5,7312.338114324148,3656.1690571620743,7312.338114324149,0.0,1218.7230190540242,1754.9611474377957,2.5070873534825653,3.917323989816508,coverage_sensitivity,0.75,,,8784,2022,SFH,mad,G,4,46.0,True,12.0,1303.2639641264511,9,1015.2865739397402,1.2836414836741485,1.1563290434327071,1.135304879006658,1.3095936373291381
2414013,14,10,Los Lagos,10204,10304,Puyehue,2024,CL.SFH.post2021.mad.G,46.0,1,190634,120683,0.633061258747128,0.12248972342045167,2320.826923076923,52,4.214285714285714,4874.892076216099,105.97591470034997,redpe_mid,0.5,30045.0,4874.892076216099,9749.784152432198,20295.2158475678,0.0,2339.948196583727,3.342783137976753,5.223098653088677,REDPE_2020,,mid,16.1,8784,2022,SFH,mad,G,4,46.0,True,12.0,1303.2639641264511,9,1015.2865739397402,1.2836414836741485,1.1563290434327071,1.135304879006658,1.3095936373291381
2542758,15,10,Los Lagos,10504,10404,Palena,2024,CL.SFH.preRT.mad.I,39.0,1,190634,120683,0.633061258747128,0.12248972342045167,2320.826923076923,52,2.6666666666666665,10810.661014848798,277.1964362781743,coverage_mid,0.5,16215.991522273198,8107.9957611366,16215.9915222732,0.0,2702.665253712199,3891.837965345568,5.559768521922241,8.687138315503502,coverage_sensitivity,0.75,,,8784,1990,SFH,mad,I,3,39.0,True,12.0,1303.2639641264511,9,1015.2865739397402,1.2836414836741485,1.1563290434327071,1.135304879006658,1.3095936373291381
2542758,15,10,Los Lagos,10504,10404,Palena,2024,CL.SFH.preRT.mad.I,39.0,1,190634,120683,0.633061258747128,0.12248972342045167,2320.826923076923,52,2.6666666666666665,10810.661014848798,277.1964362781743,redpe_mid,0.5,30045.0,10810.661014848798,21621.322029697596,8423.677970302404,0.0,5189.117287127423,7.413024695896318,11.582851087337998,REDPE_2020,,mid,16.1,8784,1990,SFH,mad,I,3,39.0,True,12.0,1303.2639641264511,9,1015.2865739397402,1.2836414836741485,1.1563290434327071,1.135304879006658,1.3095936373291381
2496570,16,10,Los Lagos,10305,10105,Frutillar,2024,CL.SFH.preRT.mad.G,50.0,1,190634,120683,0.633061258747128,0.12248972342045167,2320.826923076923,52,3.4347826086956523,6031.422894453885,120.62845788907771,coverage_mid,0.5,9047.134341680829,4523.567170840414,9047.134341680829,0.0,1507.855723613472,2171.3122420033988,3.101874631433427,4.84667911161473,coverage_sensitivity,0.75,,,8784,1990,SFH,mad,G,3,50.0,True,12.0,1303.2639641264511,9,1015.2865739397402,1.2836414836741485,1.1563290434327071,1.135304879006658,1.3095936373291381
2496570,16,10,Los Lagos,10305,10105,Frutillar,2024,CL.SFH.preRT.mad.G,50.0,1,190634,120683,0.633061258747128,0.12248972342045167,2320.826923076923,52,3.4347826086956523,6031.422894453885,120.62845788907771,redpe_mid,0.5,30045.0,6031.422894453885,12062.84578890777,17982.15421109223,0.0,2895.0829893378655,4.1358328419112365,6.462238815486307,REDPE_2020,,mid,16.1,8784,1990,SFH,mad,G,3,50.0,True,12.0,1303.2639641264511,9,1015.2865739397402,1.2836414836741485,1.1563290434327071,1.135304879006658,1.3095936373291381
2481705,17,10,Los Lagos,10302,10103,Cochamó,2024,CL.SFH.post2021.prefab.G,116.0,1,190634,120683,0.633061258747128,0.12248972342045167,2320.826923076923,52,36.888888888888886,17852.57479997067,153.90150689629888,coverage_mid,0.5,26778.862199956005,13389.431099978001,26778.862199956002,3.637978807091713e-12,4463.143699992669,6426.926927989441,9.181324182842058,14.345819035690715,coverage_sensitivity,0.75,,,8784,2022,SFH,prefab,G,8,116.0,True,12.0,1303.2639641264511,9,1015.2865739397402,1.2836414836741485,1.1563290434327071,1.135304879006658,1.3095936373291381
2481705,17,10,Los Lagos,10302,10103,Cochamó,2024,CL.SFH.post2021.prefab.G,116.0,1,190634,120683,0.633061258747128,0.12248972342045167,2320.826923076923,52,36.888888888888886,17852.57479997067,153.90150689629888,redpe_mid,0.5,30045.0,15022.499999999998,30044.999999999996,3.637978807091713e-12,2830.0747999706723,7210.799999999999,10.301142857142857,16.095535714285713,REDPE_2020,,mid,16.1,8784,2022,SFH,prefab,G,8,116.0,True,12.0,1303.2639641264511,9,1015.2865739397402,1.2836414836741485,1.1563290434327071,1.135304879006658,1.3095936373291381
2510289,18,10,Los Lagos,10309,10102,Calbuco,2024,CL.SFH.preRT.mad.G,37.0,1,190634,120683,0.633061258747128,0.12248972342045167,2320.826923076923,52,8.555555555555555,2430.305253488399,65.68392576995673,coverage_mid,0.5,3645.4578802325987,1822.7289401162993,3645.4578802325987,0.0,607.5763133720998,874.9098912558237,1.2498712732226054,1.9529238644103208,coverage_sensitivity,0.75,,,8784,1990,SFH,mad,G,8,37.0,True,12.0,1303.2639641264511,9,1015.2865739397402,1.2836414836741485,1.1563290434327071,1.135304879006658,1.3095936373291381
2510289,18,10,Los Lagos,10309,10102,Calbuco,2024,CL.SFH.preRT.mad.G,37.0,1,190634,120683,0.633061258747128,0.12248972342045167,2320.826923076923,52,8.555555555555555,2430.305253488399,65.68392576995673,redpe_mid,0.5,30045.0,2430.305253488399,4860.610506976798,25184.3894930232,0.0,1166.5465216744315,1.6664950309634736,2.6038984858804275,REDPE_2020,,mid,16.1,8784,1990,SFH,mad,G,8,37.0,True,12.0,1303.2639641264511,9,1015.2865739397402,1.2836414836741485,1.1563290434327071,1.135304879006658,1.3095936373291381
2539783,19,10,Los Lagos,10415,10210,Quinchao,2024,CL.SFH.RT2.mad.G,160.0,1,190634,120683,0.633061258747128,0.12248972342045167,2320.826923076923,52,34.0,17122.97965014729,107.01862281342055,coverage_mid,0.5,25684.469475220933,12842.234737610466,25684.469475220933,0.0,4280.744912536822,6164.272674053023,8.806103820075748,13.759537218868356,coverage_sensitivity,0.75,,,8784,2011,SFH,mad,G,8,160.0,True,12.0,1303.2639641264511,9,1015.2865739397402,1.2836414836741485,1.1563290434327071,1.135304879006658,1.3095936373291381
2539783,19,10,Los Lagos,10415,10210,Quinchao,2024,CL.SFH.RT2.mad.G,160.0,1,190634,120683,0.633061258747128,0.12248972342045167,2320.826923076923,52,34.0,17122.97965014729,107.01862281342055,redpe_mid,0.5,30045.0,15022.5,30045.0,0.0,2100.4796501472883,7210.8,10.301142857142857,16.095535714285713,REDPE_2020,,mid,16.1,8784,2011,SFH,mad,G,8,160.0,True,12.0,1303.2639641264511,9,1015.2865739397402,1.2836414836741485,1.1563290434327071,1.135304879006658,1.3095936373291381
2416188,20,10,Los Lagos,10205,10305,Río Negro,2024,CL.SFH.preRT.mad.G,86.0,1,190634,120683,0.633061258747128,0.12248972342045167,2320.826923076923,52,2.5,11302.350533771734,131.42268062525272,coverage_mid,0.5,16953.5258006576,8476.7629003288,16953.5258006576,0.0,2825.587633442934,4068.8461921578246,5.812637417368321,9.082245964638002,coverage_sensitivity,0.75,,,8784,1990,SFH,mad,G,2,86.0,True,12.0,1303.2639641264511,9,1015.2865739397402,1.2836414836741485,1.1563290434327071,1.135304879006658,1.3095936373291381
2416188,20,10,Los Lagos,10205,10305,Río Negro,2024,CL.SFH.preRT.mad.G,86.0,1,190634,120683,0.633061258747128,0.12248972342045167,2320.826923076923,52,2.5,11302.350533771734,131.42268062525272,redpe_mid,0.5,30045.0,11302.350533771734,22604.70106754347,7440.2989324565315,0.0,5425.1282562104325,7.7501832231577605,12.109661286184,REDPE_2020,,mid,16.1,8784,1990,SFH,mad,G,2,86.0,True,12.0,1303.2639641264511,9,1015.2865739397402,1.2836414836741485,1.1563290434327071,1.135304879006658,1.3095936373291381
2514531,21,10,Los Lagos,10401,10201,Castro,2024,CL.SFH.preRT.mad.G,45.0,1,190634,120683,0.633061258747128,0.12248972342045167,2320.826923076923,52,8.846153846153847,5223.503232975409,116.07784962167577,coverage_mid,0.5,7835.254849463114,3917.6274247315564,7835.254849463113,9.094947017729282e-13,1305.8758082438535,1880.4611638711472,2.686373091244496,4.197457955069525,coverage_sensitivity,0.75,,,8784,1990,SFH,mad,G,8,45.0,True,12.0,1303.2639641264511,9,1015.2865739397402,1.2836414836741485,1.1563290434327071,1.135304879006658,1.3095936373291381
2514531,21,10,Los Lagos,10401,10201,Castro,2024,CL.SFH.preRT.mad.G,45.0,1,190634,120683,0.633061258747128,0.12248972342045167,2320.826923076923,52,8.846153846153847,5223.503232975409,116.07784962167577,redpe_mid,0.5,30045.0,5223.503232975409,10447.006465950819,19597.99353404918,0.0,2507.2815518281964,3.5818307883259948,5.596610606759366,REDPE_2020,,mid,16.1,8784,1990,SFH,mad,G,8,45.0,True,12.0,1303.2639641264511,9,1015.2865739397402,1.2836414836741485,1.1563290434327071,1.135304879006658,1.3095936373291381
2433844,22,10,Los Lagos,10301,10101,Puerto Montt,2024,CL.SFH.RT1.mad.G,45.0,1,190634,120683,0.633061258747128,0.12248972342045167,2320.826923076923,52,2.7746478873239435,8617.94775024289,191.50995000539757,coverage_mid,0.5,12926.921625364335,6463.460812682168,12926.921625364335,0.0,2154.486937560723,3102.46119008744,4.432087414410629,6.925136585016607,coverage_sensitivity,0.75,,,8784,2003,SFH,mad,G,3,45.0,True,12.0,1303.2639641264511,9,1015.2865739397402,1.2836414836741485,1.1563290434327071,1.135304879006658,1.3095936373291381
2433844,22,10,Los Lagos,10301,10101,Puerto Montt,2024,CL.SFH.RT1.mad.G,45.0,1,190634,120683,0.633061258747128,0.12248972342045167,2320.826923076923,52,2.7746478873239435,8617.94775024289,191.50995000539757,redpe_mid,0.5,30045.0,8617.94775024289,17235.89550048578,12809.104499514218,0.0,4136.614920116587,5.909449885880838,9.23351544668881,REDPE_2020,,mid,16.1,8784,2003,SFH,mad,G,3,45.0,True,12.0,1303.2639641264511,9,1015.2865739397402,1.2836414836741485,1.1563290434327071,1.135304879006658,1.3095936373291381
2527211,23,10,Los Lagos,10404,10208,Quellón,2024,CL.SFH.RT2.mad.G,42.0,1,190634,120683,0.633061258747128,0.12248972342045167,2320.826923076923,52,3.181159420289855,8232.529769156867,196.01261355135398,coverage_mid,0.5,12348.7946537353,6174.397326867651,12348.794653735302,0.0,2058.132442289217,2963.7107168964726,4.233872452709247,6.615425707358198,coverage_sensitivity,0.75,,,8784,2011,SFH,mad,G,3,42.0,True,12.0,1303.2639641264511,9,1015.2865739397402,1.2836414836741485,1.1563290434327071,1.135304879006658,1.3095936373291381
2527211,23,10,Los Lagos,10404,10208,Quellón,2024,CL.SFH.RT2.mad.G,42.0,1,190634,120683,0.633061258747128,0.12248972342045167,2320.826923076923,52,3.181159420289855,8232.529769156867,196.01261355135398,redpe_mid,0.5,30045.0,8232.529769156867,16465.059538313733,13579.940461686267,0.0,3951.6142891952964,5.645163270278995,8.82056760981093,REDPE_2020,,mid,16.1,8784,2011,SFH,mad,G,3,42.0,True,12.0,1303.2639641264511,9,1015.2865739397402,1.2836414836741485,1.1563290434327071,1.135304879006658,1.3095936373291381
2534605,24,10,Los Lagos,10406,10202,Ancud,2024,CL.SFH.preRT.mad.G,96.0,1,190634,120683,0.633061258747128,0.12248972342045167,2320.826923076923,52,3.8214285714285716,10009.664997845279,104.26734372755499,coverage_mid,0.5,15014.497496767919,7507.2487483839595,15014.497496767919,0.0,2502.416249461321,3603.479399224301,5.1478277131775725,8.043480801839957,coverage_sensitivity,0.75,,,8784,1990,SFH,mad,G,4,96.0,True,12.0,1303.2639641264511,9,1015.2865739397402,1.2836414836741485,1.1563290434327071,1.135304879006658,1.3095936373291381
2534605,24,10,Los Lagos,10406,10202,Ancud,2024,CL.SFH.preRT.mad.G,96.0,1,190634,120683,0.633061258747128,0.12248972342045167,2320.826923076923,52,3.8214285714285716,10009.664997845279,104.26734372755499,redpe_mid,0.5,30045.0,10009.664997845279,20019.329995690558,10025.670004309442,0.0,4804.639198965733,6.863770284236762,10.72464106911994,REDPE_2020,,mid,16.1,8784,1990,SFH,mad,G,4,96.0,True,12.0,1303.2639641264511,9,1015.2865739397402,1.2836414836741485,1.1563290434327071,1.135304879006658,1.3095936373291381
2486701,25,10,Los Lagos,10303,10109,Puerto Varas,2024,CL.SFH.RT1.mad.G,49.0,1,190634,120683,0.633061258747128,0.12248972342045167,2320.826923076923,52,3.68,8775.522026746461,179.09228626013186,coverage_mid,0.5,13163.283040119692,6581.641520059846,13163.283040119692,0.0,2193.8805066866153,3159.1879296287257,4.513125613755323,7.0517587714926915,coverage_sensitivity,0.75,,,8784,2003,SFH,mad,G,4,49.0,True,12.0,1303.2639641264511,9,1015.2865739397402,1.2836414836741485,1.1563290434327071,1.135304879006658,1.3095936373291381
2486701,25,10,Los Lagos,10303,10109,Puerto Varas,2024,CL.SFH.RT1.mad.G,49.0,1,190634,120683,0.633061258747128,0.12248972342045167,2320.826923076923,52,3.68,8775.522026746461,179.09228626013186,redpe_mid,0.5,30045.0,8775.522026746461,17551.044053492922,12493.955946507078,0.0,4212.250572838301,6.01750081834043,9.402345028656923,REDPE_2020,,mid,16.1,8784,2003,SFH,mad,G,4,49.0,True,12.0,1303.2639641264511,9,1015.2865739397402,1.2836414836741485,1.1563290434327071,1.135304879006658,1.3095936373291381
2413153,26,10,Los Lagos,10203,10302,Puerto Octay,2024,CL.SFH.RT2.mad.G,38.0,1,190634,120683,0.633061258747128,0.12248972342045167,2320.826923076923,52,2.95,7799.600064424046,205.252633274317,coverage_mid,0.5,11699.400096636069,5849.700048318034,11699.400096636067,1.8189894035458565e-12,1949.9000161060121,2807.856023192656,4.0112228902752225,6.267535766055035,coverage_sensitivity,0.75,,,8784,2011,SFH,mad,G,3,38.0,True,12.0,1303.2639641264511,9,1015.2865739397402,1.2836414836741485,1.1563290434327071,1.135304879006658,1.3095936373291381
2413153,26,10,Los Lagos,10203,10302,Puerto Octay,2024,CL.SFH.RT2.mad.G,38.0,1,190634,120683,0.633061258747128,0.12248972342045167,2320.826923076923,52,2.95,7799.600064424046,205.252633274317,redpe_mid,0.5,30045.0,7799.600064424046,15599.200128848091,14445.799871151909,0.0,3743.808030923542,5.348297187033632,8.356714354740049,REDPE_2020,,mid,16.1,8784,2011,SFH,mad,G,3,38.0,True,12.0,1303.2639641264511,9,1015.2865739397402,1.2836414836741485,1.1563290434327071,1.135304879006658,1.3095936373291381
2502273,27,10,Los Lagos,10306,10107,Llanquihue,2024,CL.SFH.RT2.mad.G,40.0,1,190634,120683,0.633061258747128,0.12248972342045167,2320.826923076923,52,2.9523809523809526,6584.270100405226,164.60675251013066,coverage_mid,0.5,9876.40515060784,4938.20257530392,9876.40515060784,0.0,1646.0675251013063,2370.3372361458814,3.3861960516369733,5.2909313306827706,coverage_sensitivity,0.75,,,8784,2011,SFH,mad,G,3,40.0,True,12.0,1303.2639641264511,9,1015.2865739397402,1.2836414836741485,1.1563290434327071,1.135304879006658,1.3095936373291381
2502273,27,10,Los Lagos,10306,10107,Llanquihue,2024,CL.SFH.RT2.mad.G,40.0,1,190634,120683,0.633061258747128,0.12248972342045167,2320.826923076923,52,2.9523809523809526,6584.270100405226,164.60675251013066,redpe_mid,0.5,30045.0,6584.270100405226,13168.540200810452,16876.45979918955,0.0,3160.4496481945084,4.514928068849298,7.054575107577028,REDPE_2020,,mid,16.1,8784,2011,SFH,mad,G,3,40.0,True,12.0,1303.2639641264511,9,1015.2865739397402,1.2836414836741485,1.1563290434327071,1.135304879006658,1.3095936373291381
2539064,28,10,Los Lagos,10408,10205,Dalcahue,2024,CL.SFH.post2021.mad.G,120.0,1,190634,120683,0.633061258747128,0.12248972342045167,2320.826923076923,52,0.324468085106383,11064.923907773311,92.20769923144425,coverage_mid,0.5,16597.38586165997,8298.692930829984,16597.38586165997,0.0,2766.230976943327,3983.3726067983926,5.690532295426275,8.891456711603555,coverage_sensitivity,0.75,,,8784,2022,SFH,mad,G,1,120.0,True,12.0,1303.2639641264511,9,1015.2865739397402,1.2836414836741485,1.1563290434327071,1.135304879006658,1.3095936373291381
2539064,28,10,Los Lagos,10408,10205,Dalcahue,2024,CL.SFH.post2021.mad.G,120.0,1,190634,120683,0.633061258747128,0.12248972342045167,2320.826923076923,52,0.324468085106383,11064.923907773311,92.20769923144425,redpe_mid,0.5,30045.0,11064.923907773311,22129.847815546622,7915.152184453378,0.0,5311.1634757311895,7.5873763939017,11.855275615471406,REDPE_2020,,mid,16.1,8784,2022,SFH,mad,G,1,120.0,True,12.0,1303.2639641264511,9,1015.2865739397402,1.2836414836741485,1.1563290434327071,1.135304879006658,1.3095936373291381
2421997,29,10,Los Lagos,10207,10306,San Juan de la Costa,2024,CL.SFH.RT1.mad.G,56.0,1,190634,120683,0.633061258747128,0.12248972342045167,2320.826923076923,52,1.5263157894736843,7828.706101150871,139.798323234837,coverage_mid,0.5,11743.059151726307,5871.529575863153,11743.059151726306,1.8189894035458565e-12,1957.1765252877176,2818.3341964143133,4.026191709163305,6.2909245455676635,coverage_sensitivity,0.75,,,8784,2003,SFH,mad,G,2,56.0,True,12.0,1303.2639641264511,9,1015.2865739397402,1.2836414836741485,1.1563290434327071,1.135304879006658,1.3095936373291381
2421997,29,10,Los Lagos,10207,10306,San Juan de la Costa,2024,CL.SFH.RT1.mad.G,56.0,1,190634,120683,0.633061258747128,0.12248972342045167,2320.826923076923,52,1.5263157894736843,7828.706101150871,139.798323234837,redpe_mid,0.5,30045.0,7828.706101150871,15657.412202301743,14387.587797698257,0.0,3757.778928552418,5.36825561221774,8.38789939409022,REDPE_2020,,mid,16.1,8784,2003,SFH,mad,G,2,56.0,True,12.0,1303.2639641264511,9,1015.2865739397402,1.2836414836741485,1.1563290434327071,1.135304879006658,1.3095936373291381
2524402,30,10,Los Lagos,10403,10207,Queilén,2024,CL.SFH.RT1.mad.G,58.0,1,190634,120683,0.633061258747128,0.12248972342045167,2320.826923076923,52,2.5208333333333335,7779.530436829349,134.1298351177474,coverage_mid,0.5,11669.295655244023,5834.647827622011,11669.295655244023,0.0,1944.8826092073377,2800.6309572585656,4.0009013675122365,6.251408386737869,coverage_sensitivity,0.75,,,8784,2003,SFH,mad,G,3,58.0,True,12.0,1303.2639641264511,9,1015.2865739397402,1.2836414836741485,1.1563290434327071,1.135304879006658,1.3095936373291381
2524402,30,10,Los Lagos,10403,10207,Queilén,2024,CL.SFH.RT1.mad.G,58.0,1,190634,120683,0.633061258747128,0.12248972342045167,2320.826923076923,52,2.5208333333333335,7779.530436829349,134.1298351177474,redpe_mid,0.5,30045.0,7779.530436829349,15559.060873658698,14485.939126341302,0.0,3734.1746096780876,5.334535156682982,8.33521118231716,REDPE_2020,,mid,16.1,8784,2003,SFH,mad,G,3,58.0,True,12.0,1303.2639641264511,9,1015.2865739397402,1.2836414836741485,1.1563290434327071,1.135304879006658,1.3095936373291381
2416950,31,10,Los Lagos,10205,10305,Río Negro,2024,CL.SFH.post2021.mad.G,200.0,1,190634,120683,0.633061258747128,0.12248972342045167,2320.826923076923,52,10.25,13155.223645082739,65.7761182254137,coverage_mid,0.5,19732.835467624107,9866.417733812053,19732.835467624107,0.0,3288.8059112706865,4735.880512229786,6.765543588899694,10.571161857655772,coverage_sensitivity,0.75,,,8784,2022,SFH,mad,G,8,200.0,True,12.0,1303.2639641264511,9,1015.2865739397402,1.2836414836741485,1.1563290434327071,1.135304879006658,1.3095936373291381
2416950,31,10,Los Lagos,10205,10305,Río Negro,2024,CL.SFH.post2021.mad.G,200.0,1,190634,120683,0.633061258747128,0.12248972342045167,2320.826923076923,52,10.25,13155.223645082739,65.7761182254137,redpe_mid,0.5,30045.0,13155.223645082739,26310.447290165477,3734.552709834523,0.0,6314.507349639714,9.020724785199592,14.094882476874362,REDPE_2020,,mid,16.1,8784,2022,SFH,mad,G,8,200.0,True,12.0,1303.2639641264511,9,1015.2865739397402,1.2836414836741485,1.1563290434327071,1.135304879006658,1.3095936373291381
2507602,32,10,Los Lagos,10308,10106,Los Muermos,2024,CL.SFH.preRT.mad.G,124.0,1,190634,120683,0.633061258747128,0.12248972342045167,2320.826923076923,52,7.947368421052632,13290.050270800491,107.1778247645201,coverage_mid,0.5,19935.075406200736,9967.537703100368,19935.075406200736,0.0,3322.5125677001247,4784.4180974881765,6.834882996411681,10.67950468189325,coverage_sensitivity,0.75,,,8784,1990,SFH,mad,G,8,124.0,True,12.0,1303.2639641264511,9,1015.2865739397402,1.2836414836741485,1.1563290434327071,1.135304879006658,1.3095936373291381
2507602,32,10,Los Lagos,10308,10106,Los Muermos,2024,CL.SFH.preRT.mad.G,124.0,1,190634,120683,0.633061258747128,0.12248972342045167,2320.826923076923,52,7.947368421052632,13290.050270800491,107.1778247645201,redpe_mid,0.5,30045.0,13290.050270800491,26580.100541600983,3464.899458399017,0.0,6379.224129984236,9.11317732854891,14.23933957585767,REDPE_2020,,mid,16.1,8784,1990,SFH,mad,G,8,124.0,True,12.0,1303.2639641264511,9,1015.2865739397402,1.2836414836741485,1.1563290434327071,1.135304879006658,1.3095936373291381
2524049,33,10,Los Lagos,10403,10207,Queilén,2024,CL.SFH.RT1.mad.G,50.0,1,190634,120683,0.633061258747128,0.12248972342045167,2320.826923076923,52,2.588235294117647,6884.4426856786995,137.688853713574,coverage_mid,0.5,10326.66402851805,5163.332014259025,10326.66402851805,0.0,1721.110671419675,2478.399366844332,3.540570524063331,5.532141443848955,coverage_sensitivity,0.75,,,8784,2003,SFH,mad,G,3,50.0,True,12.0,1303.2639641264511,9,1015.2865739397402,1.2836414836741485,1.1563290434327071,1.135304879006658,1.3095936373291381
2524049,33,10,Los Lagos,10403,10207,Queilén,2024,CL.SFH.RT1.mad.G,50.0,1,190634,120683,0.633061258747128,0.12248972342045167,2320.826923076923,52,2.588235294117647,6884.4426856786995,137.688853713574,redpe_mid,0.5,30045.0,6884.4426856786995,13768.885371357399,16276.114628642601,0.0,3304.532489125776,4.720760698751109,7.376188591798607,REDPE_2020,,mid,16.1,8784,2003,SFH,mad,G,3,50.0,True,12.0,1303.2639641264511,9,1015.2865739397402,1.2836414836741485,1.1563290434327071,1.135304879006658,1.3095936373291381
2540169,34,10,Los Lagos,10501,10401,Chaitén,2024,CL.SFH.preRT.mad.G,36.0,1,190634,120683,0.633061258747128,0.12248972342045167,2320.826923076923,52,1.4915254237288136,8825.363639884521,245.14898999679224,coverage_mid,0.5,13238.045459826782,6619.022729913391,13238.045459826782,0.0,2206.3409099711316,3177.130910358428,4.538758443369183,7.091810067764348,coverage_sensitivity,0.75,,,8784,1990,SFH,mad,G,1,36.0,True,12.0,1303.2639641264511,9,1015.2865739397402,1.2836414836741485,1.1563290434327071,1.135304879006658,1.3095936373291381
2540169,34,10,Los Lagos,10501,10401,Chaitén,2024,CL.SFH.preRT.mad.G,36.0,1,190634,120683,0.633061258747128,0.12248972342045167,2320.826923076923,52,1.4915254237288136,8825.363639884521,245.14898999679224,redpe_mid,0.5,30045.0,8825.363639884521,17650.727279769042,12394.272720230958,0.0,4236.17454714457,6.051677924492243,9.45574675701913,REDPE_2020,,mid,16.1,8784,1990,SFH,mad,G,1,36.0,True,12.0,1303.2639641264511,9,1015.2865739397402,1.2836414836741485,1.1563290434327071,1.135304879006658,1.3095936373291381
2503570,35,10,Los Lagos,10307,10108,Maullín,2024,CL.SFH.preRT.mad.G,141.0,1,190634,120683,0.633061258747128,0.12248972342045167,2320.826923076923,52,4.222222222222222,14871.530477060112,105.47184735503626,coverage_mid,0.5,22307.295715590168,11153.647857795084,22307.295715590168,0.0,3717.882619265027,5353.750971741641,7.64821567391663,11.950336990494733,coverage_sensitivity,0.75,,,8784,1990,SFH,mad,G,4,141.0,True,12.0,1303.2639641264511,9,1015.2865739397402,1.2836414836741485,1.1563290434327071,1.135304879006658,1.3095936373291381
2503570,35,10,Los Lagos,10307,10108,Maullín,2024,CL.SFH.preRT.mad.G,141.0,1,190634,120683,0.633061258747128,0.12248972342045167,2320.826923076923,52,4.222222222222222,14871.530477060112,105.47184735503626,redpe_mid,0.5,30045.0,14871.530477060112,29743.060954120225,301.9390458797752,0.0,7138.334628988854,10.197620898555506,15.933782653992978,REDPE_2020,,mid,16.1,8784,1990,SFH,mad,G,4,141.0,True,12.0,1303.2639641264511,9,1015.2865739397402,1.2836414836741485,1.1563290434327071,1.135304879006658,1.3095936373291381
2485422,36,10,Los Lagos,10303,10109,Puerto Varas,2024,CL.SFH.preRT.mad.G,17.0,1,190634,120683,0.633061258747128,0.12248972342045167,2320.826923076923,52,5.5,2761.4581375473113,162.43871397337125,coverage_mid,0.5,4142.187206320967,2071.0936031604833,4142.187206320967,0.0,690.3645343868276,994.1249295170321,1.4201784707386174,2.2190288605290895,coverage_sensitivity,0.75,,,8784,1990,SFH,mad,G,6,17.0,True,12.0,1303.2639641264511,9,1015.2865739397402,1.2836414836741485,1.1563290434327071,1.135304879006658,1.3095936373291381
2485422,36,10,Los Lagos,10303,10109,Puerto Varas,2024,CL.SFH.preRT.mad.G,17.0,1,190634,120683,0.633061258747128,0.12248972342045167,2320.826923076923,52,5.5,2761.4581375473113,162.43871397337125,redpe_mid,0.5,30045.0,2761.4581375473113,5522.9162750946225,24522.083724905377,0.0,1325.4999060227094,1.8935712943181564,2.9587051473721195,REDPE_2020,,mid,16.1,8784,1990,SFH,mad,G,6,17.0,True,12.0,1303.2639641264511,9,1015.2865739397402,1.2836414836741485,1.1563290434327071,1.135304879006658,1.3095936373291381
2481759,37,10,Los Lagos,10302,10103,Cochamó,2024,CL.SFH.preRT.mad.G,49.0,1,190634,120683,0.633061258747128,0.12248972342045167,2320.826923076923,52,9.5,9272.51538874663,189.2350079336047,coverage_mid,0.5,13908.773083119944,6954.386541559973,13908.773083119946,0.0,2318.1288471866574,3338.1055399487873,4.768722199926839,7.451128437385686,coverage_sensitivity,0.75,,,8784,1990,SFH,mad,G,8,49.0,True,12.0,1303.2639641264511,9,1015.2865739397402,1.2836414836741485,1.1563290434327071,1.135304879006658,1.3095936373291381
2481759,37,10,Los Lagos,10302,10103,Cochamó,2024,CL.SFH.preRT.mad.G,49.0,1,190634,120683,0.633061258747128,0.12248972342045167,2320.826923076923,52,9.5,9272.51538874663,189.2350079336047,redpe_mid,0.5,30045.0,9272.51538874663,18545.03077749326,11499.969222506741,0.0,4450.8073865983815,6.358296266569116,9.934837916514244,REDPE_2020,,mid,16.1,8784,1990,SFH,mad,G,8,49.0,True,12.0,1303.2639641264511,9,1015.2865739397402,1.2836414836741485,1.1563290434327071,1.135304879006658,1.3095936373291381
2514892,38,10,Los Lagos,10401,10201,Castro,2024,CL.SFH.preRT.mad.G,48.0,1,190634,120683,0.633061258747128,0.12248972342045167,2320.826923076923,52,9.294117647058824,5619.978905198953,117.08289385831152,coverage_mid,0.5,8429.968357798429,4214.984178899214,8429.968357798429,0.0,1404.9947262997382,2023.192405871623,2.89027486553089,4.516054477392015,coverage_sensitivity,0.75,,,8784,1990,SFH,mad,G,8,48.0,True,12.0,1303.2639641264511,9,1015.2865739397402,1.2836414836741485,1.1563290434327071,1.135304879006658,1.3095936373291381
2514892,38,10,Los Lagos,10401,10201,Castro,2024,CL.SFH.preRT.mad.G,48.0,1,190634,120683,0.633061258747128,0.12248972342045167,2320.826923076923,52,9.294117647058824,5619.978905198953,117.08289385831152,redpe_mid,0.5,30045.0,5619.978905198953,11239.957810397906,18805.042189602093,0.0,2697.5898744954975,3.8536998207078534,6.021405969856021,REDPE_2020,,mid,16.1,8784,1990,SFH,mad,G,8,48.0,True,12.0,1303.2639641264511,9,1015.2865739397402,1.2836414836741485,1.1563290434327071,1.135304879006658,1.3095936373291381
2537857,39,10,Los Lagos,10407,10209,Quemchi,2024,CL.SFH.preRT.mad.G,35.0,1,190634,120683,0.633061258747128,0.12248972342045167,2320.826923076923,52,36.0,2655.4073990634984,75.86878283038567,coverage_mid,0.5,3983.1110985952473,1991.5555492976239,3983.1110985952478,0.0,663.8518497658748,955.9466636628596,1.3656380909469423,2.133809517104597,coverage_sensitivity,0.75,,,8784,1990,SFH,mad,G,8,35.0,True,12.0,1303.2639641264511,9,1015.2865739397402,1.2836414836741485,1.1563290434327071,1.135304879006658,1.3095936373291381
2537857,39,10,Los Lagos,10407,10209,Quemchi,2024,CL.SFH.preRT.mad.G,35.0,1,190634,120683,0.633061258747128,0.12248972342045167,2320.826923076923,52,36.0,2655.4073990634984,75.86878283038567,redpe_mid,0.5,30045.0,2655.4073990634984,5310.814798126997,24734.185201873002,0.0,1274.5955515504793,1.8208507879292561,2.8450793561394625,REDPE_2020,,mid,16.1,8784,1990,SFH,mad,G,8,35.0,True,12.0,1303.2639641264511,9,1015.2865739397402,1.2836414836741485,1.1563290434327071,1.135304879006658,1.3095936373291381
2540119,40,10,Los Lagos,10415,10210,Quinchao,2024,CL.SFH.RT1.mad.G,47.0,1,190634,120683,0.633061258747128,0.12248972342045167,2320.826923076923,52,76.5,4673.191350269116,99.42960319721523,coverage_mid,0.5,7009.787025403673,3504.893512701836,7009.787025403672,1.8189894035458565e-12,1168.2978375672799,1682.3488860968814,2.4033555515669733,3.7552430493233957,coverage_sensitivity,0.75,,,8784,2003,SFH,mad,G,8,47.0,True,12.0,1303.2639641264511,9,1015.2865739397402,1.2836414836741485,1.1563290434327071,1.135304879006658,1.3095936373291381
2540119,40,10,Los Lagos,10415,10210,Quinchao,2024,CL.SFH.RT1.mad.G,47.0,1,190634,120683,0.633061258747128,0.12248972342045167,2320.826923076923,52,76.5,4673.191350269116,99.42960319721523,redpe_mid,0.5,30045.0,4673.191350269116,9346.382700538232,20698.617299461766,0.0,2243.1318481291755,3.204474068755965,5.006990732431196,REDPE_2020,,mid,16.1,8784,2003,SFH,mad,G,8,47.0,True,12.0,1303.2639641264511,9,1015.2865739397402,1.2836414836741485,1.1563290434327071,1.135304879006658,1.3095936373291381
2542914,41,10,Los Lagos,10504,10404,Palena,2024,CL.SFH.preRT.mad.I,52.0,1,190634,120683,0.633061258747128,0.12248972342045167,2320.826923076923,52,2.0,13835.150036728275,266.0605776293899,coverage_mid,0.5,20752.725055092415,10376.362527546207,20752.725055092415,0.0,3458.7875091820674,4980.65401322218,7.115220018888828,11.117531279513793,coverage_sensitivity,0.75,,,8784,1990,SFH,mad,I,2,52.0,True,12.0,1303.2639641264511,9,1015.2865739397402,1.2836414836741485,1.1563290434327071,1.135304879006658,1.3095936373291381
2542914,41,10,Los Lagos,10504,10404,Palena,2024,CL.SFH.preRT.mad.I,52.0,1,190634,120683,0.633061258747128,0.12248972342045167,2320.826923076923,52,2.0,13835.150036728275,266.0605776293899,redpe_mid,0.5,30045.0,13835.150036728275,27670.30007345655,2374.6999265434497,0.0,6640.872017629573,9.486960025185104,14.823375039351724,REDPE_2020,,mid,16.1,8784,1990,SFH,mad,I,2,52.0,True,12.0,1303.2639641264511,9,1015.2865739397402,1.2836414836741485,1.1563290434327071,1.135304879006658,1.3095936373291381
2418342,42,10,Los Lagos,10206,10303,Purranque,2024,CL.SFH.preRT.mad.G,43.0,1,190634,120683,0.633061258747128,0.12248972342045167,2320.826923076923,52,4.283333333333333,5369.176471095115,124.86456909523523,coverage_mid,0.5,8053.7647066426725,4026.8823533213367,8053.764706642673,0.0,1342.2941177737775,1932.9035295942417,2.7612907565632026,4.314516807130004,coverage_sensitivity,0.75,,,8784,1990,SFH,mad,G,4,43.0,True,12.0,1303.2639641264511,9,1015.2865739397402,1.2836414836741485,1.1563290434327071,1.135304879006658,1.3095936373291381
2418342,42,10,Los Lagos,10206,10303,Purranque,2024,CL.SFH.preRT.mad.G,43.0,1,190634,120683,0.633061258747128,0.12248972342045167,2320.826923076923,52,4.283333333333333,5369.176471095115,124.86456909523523,redpe_mid,0.5,30045.0,5369.176471095115,10738.35294219023,19306.647057809772,0.0,2577.204706125655,3.6817210087509356,5.752689076173336,REDPE_2020,,mid,16.1,8784,1990,SFH,mad,G,4,43.0,True,12.0,1303.2639641264511,9,1015.2865739397402,1.2836414836741485,1.1563290434327071,1.135304879006658,1.3095936373291381
2525737,43,10,Los Lagos,10404,10208,Quellón,2024,CL.SFH.preRT.mad.G,69.0,1,190634,120683,0.633061258747128,0.12248972342045167,2320.826923076923,52,3.6363636363636362,9405.775291444861,136.3155839339835,coverage_mid,0.5,14108.662937167292,7054.331468583647,14108.662937167293,0.0,2351.4438228612157,3386.0791049201507,4.837255864171643,7.5582122877681925,coverage_sensitivity,0.75,,,8784,1990,SFH,mad,G,4,69.0,True,12.0,1303.2639641264511,9,1015.2865739397402,1.2836414836741485,1.1563290434327071,1.135304879006658,1.3095936373291381
2525737,43,10,Los Lagos,10404,10208,Quellón,2024,CL.SFH.preRT.mad.G,69.0,1,190634,120683,0.633061258747128,0.12248972342045167,2320.826923076923,52,3.6363636363636362,9405.775291444861,136.3155839339835,redpe_mid,0.5,30045.0,9405.775291444861,18811.550582889722,11233.449417110278,0.0,4514.772139893534,6.449674485562191,10.077616383690923,REDPE_2020,,mid,16.1,8784,1990,SFH,mad,G,4,69.0,True,12.0,1303.2639641264511,9,1015.2865739397402,1.2836414836741485,1.1563290434327071,1.135304879006658,1.3095936373291381
2541010,44,10,Los Lagos,10502,10403,Hualaihué,2024,CL.SFH.preRT.mad.G,48.0,1,190634,120683,0.633061258747128,0.12248972342045167,2320.826923076923,52,9.0,9474.500867461275,197.38543473877655,coverage_mid,0.5,14211.75130119191,7105.875650595954,14211.751301191907,3.637978807091713e-12,2368.625216865321,3410.8203122860577,4.87260044612294,7.613438197067093,coverage_sensitivity,0.75,,,8784,1990,SFH,mad,G,8,48.0,True,12.0,1303.2639641264511,9,1015.2865739397402,1.2836414836741485,1.1563290434327071,1.135304879006658,1.3095936373291381
2541010,44,10,Los Lagos,10502,10403,Hualaihué,2024,CL.SFH.preRT.mad.G,48.0,1,190634,120683,0.633061258747128,0.12248972342045167,2320.826923076923,52,9.0,9474.500867461275,197.38543473877655,redpe_mid,0.5,30045.0,9474.500867461275,18949.00173492255,11095.998265077451,0.0,4547.760416381412,6.496800594830589,10.151250929422794,REDPE_2020,,mid,16.1,8784,1990,SFH,mad,G,8,48.0,True,12.0,1303.2639641264511,9,1015.2865739397402,1.2836414836741485,1.1563290434327071,1.135304879006658,1.3095936373291381
2495422,45,10,Los Lagos,10305,10105,Frutillar,2024,CL.SFH.preRT.mad.G,58.0,1,190634,120683,0.633061258747128,0.12248972342045167,2320.826923076923,52,3.6,6570.991813842027,113.29296230762115,coverage_mid,0.5,9856.487720763042,4928.243860381521,9856.487720763042,0.0,1642.7479534605063,2365.5570529831302,3.379367218547329,5.280261278980201,coverage_sensitivity,0.75,,,8784,1990,SFH,mad,G,4,58.0,True,12.0,1303.2639641264511,9,1015.2865739397402,1.2836414836741485,1.1563290434327071,1.135304879006658,1.3095936373291381
2495422,45,10,Los Lagos,10305,10105,Frutillar,2024,CL.SFH.preRT.mad.G,58.0,1,190634,120683,0.633061258747128,0.12248972342045167,2320.826923076923,52,3.6,6570.991813842027,113.29296230762115,redpe_mid,0.5,30045.0,6570.991813842027,13141.983627684054,16903.016372315946,0.0,3154.076070644173,4.505822958063104,7.040348371973599,REDPE_2020,,mid,16.1,8784,1990,SFH,mad,G,4,58.0,True,12.0,1303.2639641264511,9,1015.2865739397402,1.2836414836741485,1.1563290434327071,1.135304879006658,1.3095936373291381
2539063,46,10,Los Lagos,10408,10205,Dalcahue,2024,CL.SFH.CEV.mad.G,44.0,1,190634,120683,0.633061258747128,0.12248972342045167,2320.826923076923,52,0.324468085106383,5679.332499105462,129.07573861603325,coverage_mid,0.5,8518.998748658194,4259.499374329098,8518.998748658196,0.0,1419.8331247763647,2044.559699677967,2.920799570968524,4.563749329638319,coverage_sensitivity,0.75,,,8784,2018,SFH,mad,G,1,44.0,True,12.0,1303.2639641264511,9,1015.2865739397402,1.2836414836741485,1.1563290434327071,1.135304879006658,1.3095936373291381
2539063,46,10,Los Lagos,10408,10205,Dalcahue,2024,CL.SFH.CEV.mad.G,44.0,1,190634,120683,0.633061258747128,0.12248972342045167,2320.826923076923,52,0.324468085106383,5679.332499105462,129.07573861603325,redpe_mid,0.5,30045.0,5679.332499105462,11358.664998210925,18686.335001789077,0.0,2726.079599570622,3.8943994279580316,6.084999106184425,REDPE_2020,,mid,16.1,8784,2018,SFH,mad,G,1,44.0,True,12.0,1303.2639641264511,9,1015.2865739397402,1.2836414836741485,1.1563290434327071,1.135304879006658,1.3095936373291381
2414877,47,10,Los Lagos,10204,10304,Puyehue,2024,CL.SFH.RT1.mad.G,47.0,1,190634,120683,0.633061258747128,0.12248972342045167,2320.826923076923,52,3.0,6768.2669495241,144.0056797771085,coverage_mid,0.5,10152.40042428615,5076.200212143075,10152.40042428615,0.0,1692.0667373810254,2436.576101828676,3.4808230026123947,5.438785941581867,coverage_sensitivity,0.75,,,8784,2003,SFH,mad,G,3,47.0,True,12.0,1303.2639641264511,9,1015.2865739397402,1.2836414836741485,1.1563290434327071,1.135304879006658,1.3095936373291381
2414877,47,10,Los Lagos,10204,10304,Puyehue,2024,CL.SFH.RT1.mad.G,47.0,1,190634,120683,0.633061258747128,0.12248972342045167,2320.826923076923,52,3.0,6768.2669495241,144.0056797771085,redpe_mid,0.5,30045.0,6768.2669495241,13536.5338990482,16508.466100951802,0.0,3248.7681357715683,4.641097336816526,7.251714588775822,REDPE_2020,,mid,16.1,8784,2003,SFH,mad,G,3,47.0,True,12.0,1303.2639641264511,9,1015.2865739397402,1.2836414836741485,1.1563290434327071,1.135304879006658,1.3095936373291381
2523693,48,10,Los Lagos,10402,10203,Chonchi,2024,CL.SFH.preRT.mad.G,75.0,1,190634,120683,0.633061258747128,0.12248972342045167,2320.826923076923,52,2.8461538461538463,9864.075974169844,131.52101298893126,coverage_mid,0.5,14796.113961254767,7398.056980627383,14796.113961254767,0.0,2466.018993542461,3551.0673507011443,5.072953358144492,7.926489622100768,coverage_sensitivity,0.75,,,8784,1990,SFH,mad,G,3,75.0,True,12.0,1303.2639641264511,9,1015.2865739397402,1.2836414836741485,1.1563290434327071,1.135304879006658,1.3095936373291381
2523693,48,10,Los Lagos,10402,10203,Chonchi,2024,CL.SFH.preRT.mad.G,75.0,1,190634,120683,0.633061258747128,0.12248972342045167,2320.826923076923,52,2.8461538461538463,9864.075974169844,131.52101298893126,redpe_mid,0.5,30045.0,9864.075974169844,19728.151948339688,10316.848051660312,0.0,4734.756467601525,6.763937810859322,10.568652829467691,REDPE_2020,,mid,16.1,8784,1990,SFH,mad,G,3,75.0,True,12.0,1303.2639641264511,9,1015.2865739397402,1.2836414836741485,1.1563290434327071,1.135304879006658,1.3095936373291381
2492578,49,10,Los Lagos,10304,10104,Fresia,2024,CL.SFH.preRT.mad.G,43.0,1,190634,120683,0.633061258747128,0.12248972342045167,2320.826923076923,52,2.4,6040.387705078403,140.47413267624194,coverage_mid,0.5,9060.581557617605,4530.290778808802,9060.581557617605,0.0,1510.0969262696008,2174.539573828225,3.106485105468893,4.853882977295145,coverage_sensitivity,0.75,,,8784,1990,SFH,mad,G,2,43.0,True,12.0,1303.2639641264511,9,1015.2865739397402,1.2836414836741485,1.1563290434327071,1.135304879006658,1.3095936373291381
2492578,49,10,Los Lagos,10304,10104,Fresia,2024,CL.SFH.preRT.mad.G,43.0,1,190634,120683,0.633061258747128,0.12248972342045167,2320.826923076923,52,2.4,6040.387705078403,140.47413267624194,redpe_mid,0.5,30045.0,6040.387705078403,12080.775410156806,17964.224589843194,0.0,2899.386098437634,4.141980140625191,6.47184396972686,REDPE_2020,,mid,16.1,8784,1990,SFH,mad,G,2,43.0,True,12.0,1303.2639641264511,9,1015.2865739397402,1.2836414836741485,1.1563290434327071,1.135304879006658,1.3095936373291381
2501212,50,10,Los Lagos,10306,10107,Llanquihue,2024,CL.SFH.RT1.mad.G,39.0,1,190634,120683,0.633061258747128,0.12248972342045167,2320.826923076923,52,2.891304347826087,5145.443423618578,131.9344467594507,coverage_mid,0.5,7718.165135427867,3859.0825677139337,7718.165135427867,0.0,1286.3608559046445,1852.3596325026883,2.646228046432412,4.1347313225506435,coverage_sensitivity,0.75,,,8784,2003,SFH,mad,G,3,39.0,True,12.0,1303.2639641264511,9,1015.2865739397402,1.2836414836741485,1.1563290434327071,1.135304879006658,1.3095936373291381
2501212,50,10,Los Lagos,10306,10107,Llanquihue,2024,CL.SFH.RT1.mad.G,39.0,1,190634,120683,0.633061258747128,0.12248972342045167,2320.826923076923,52,2.891304347826087,5145.443423618578,131.9344467594507,redpe_mid,0.5,30045.0,5145.443423618578,10290.886847237156,19754.113152762846,0.0,2469.8128433369175,3.528304061909882,5.51297509673419,REDPE_2020,,mid,16.1,8784,2003,SFH,mad,G,3,39.0,True,12.0,1303.2639641264511,9,1015.2865739397402,1.2836414836741485,1.1563290434327071,1.135304879006658,1.3095936373291381
2539494,51,10,Los Lagos,10410,10204,Curaco de Vélez,2024,CL.SFH.RT1.mad.G,84.0,1,190634,120683,0.633061258747128,0.12248972342045167,2320.826923076923,52,17.0,8158.040872091419,97.11953419156451,coverage_mid,0.5,12237.061308137128,6118.530654068563,12237.061308137127,1.8189894035458565e-12,2039.5102180228548,2936.8947139529105,4.195563877075586,6.555568557930603,coverage_sensitivity,0.75,,,8784,2003,SFH,mad,G,8,84.0,True,12.0,1303.2639641264511,9,1015.2865739397402,1.2836414836741485,1.1563290434327071,1.135304879006658,1.3095936373291381
2539494,51,10,Los Lagos,10410,10204,Curaco de Vélez,2024,CL.SFH.RT1.mad.G,84.0,1,190634,120683,0.633061258747128,0.12248972342045167,2320.826923076923,52,17.0,8158.040872091419,97.11953419156451,redpe_mid,0.5,30045.0,8158.040872091419,16316.081744182839,13728.918255817161,0.0,3915.8596186038817,5.594085169434117,8.740758077240807,REDPE_2020,,mid,16.1,8784,2003,SFH,mad,G,8,84.0,True,12.0,1303.2639641264511,9,1015.2865739397402,1.2836414836741485,1.1563290434327071,1.135304879006658,1.3095936373291381
2508806,52,10,Los Lagos,10309,10102,Calbuco,2024,CL.SFH.preRT.mad.G,49.0,1,190634,120683,0.633061258747128,0.12248972342045167,2320.826923076923,52,8.035714285714286,3517.273961555423,71.78110125623311,coverage_mid,0.5,5275.910942333134,2637.955471166567,5275.910942333134,0.0,879.3184903888562,1266.2186261599522,1.8088837516570746,2.826380861964179,coverage_sensitivity,0.75,,,8784,1990,SFH,mad,G,8,49.0,True,12.0,1303.2639641264511,9,1015.2865739397402,1.2836414836741485,1.1563290434327071,1.135304879006658,1.3095936373291381
2508806,52,10,Los Lagos,10309,10102,Calbuco,2024,CL.SFH.preRT.mad.G,49.0,1,190634,120683,0.633061258747128,0.12248972342045167,2320.826923076923,52,8.035714285714286,3517.273961555423,71.78110125623311,redpe_mid,0.5,30045.0,3517.273961555423,7034.547923110846,23010.452076889153,0.0,1688.291501546603,2.411845002209433,3.768507815952239,REDPE_2020,,mid,16.1,8784,1990,SFH,mad,G,8,49.0,True,12.0,1303.2639641264511,9,1015.2865739397402,1.2836414836741485,1.1563290434327071,1.135304879006658,1.3095936373291381
2551775,1,11,Aysen,11104,11203,Guaitecas,2024,CL.SFH.preRT.mad.I,35.0,1,27888,20143,0.7222819850831899,0.020444557218979954,1184.8823529411766,17,2.4545454545454546,5749.452627970315,164.27007508486614,coverage_mid,0.5,8624.178941955473,4312.089470977737,8624.178941955473,0.0,1437.3631569925783,2069.8029460693137,2.956861351527591,4.620095861761861,coverage_sensitivity,0.75,,,8784,1990,SFH,mad,I,2,35.0,True,12.0,3079.6306340432943,9,1015.2865739397402,3.0332624434232676,1.3733292902010659,1.3483596667428646,1.7694966379339554
2551775,1,11,Aysen,11104,11203,Guaitecas,2024,CL.SFH.preRT.mad.I,35.0,1,27888,20143,0.7222819850831899,0.020444557218979954,1184.8823529411766,17,2.4545454545454546,5749.452627970315,164.27007508486614,redpe_mid,0.5,46410.0,5749.452627970315,11498.90525594063,34911.09474405937,0.0,2759.7372614257515,3.942481802036788,6.160127815682481,REDPE_2020,,mid,24.865,8784,1990,SFH,mad,I,2,35.0,True,12.0,3079.6306340432943,9,1015.2865739397402,3.0332624434232676,1.3733292902010659,1.3483596667428646,1.7694966379339554
2555560,2,11,Aysen,11303,11303,Tortel,2024,CL.SFH.preRT.mad.I,28.0,1,27888,20143,0.7222819850831899,0.020444557218979954,1184.8823529411766,17,1.8,13026.656279954717,465.23772428409706,coverage_mid,0.5,19539.984419932076,9769.992209966038,19539.984419932076,0.0,3256.6640699886793,4689.596260783698,6.699423229690997,10.467848796392182,coverage_sensitivity,0.75,,,8784,1990,SFH,mad,I,2,28.0,True,12.0,3079.6306340432943,9,1015.2865739397402,3.0332624434232676,1.3733292902010659,1.3483596667428646,1.7694966379339554
2555560,2,11,Aysen,11303,11303,Tortel,2024,CL.SFH.preRT.mad.I,28.0,1,27888,20143,0.7222819850831899,0.020444557218979954,1184.8823529411766,17,1.8,13026.656279954717,465.23772428409706,redpe_mid,0.5,46410.0,13026.656279954717,26053.312559909435,20356.687440090565,0.0,6252.795014378265,8.932564306254664,13.957131728522912,REDPE_2020,,mid,24.865,8784,1990,SFH,mad,I,2,28.0,True,12.0,3079.6306340432943,9,1015.2865739397402,3.0332624434232676,1.3733292902010659,1.3483596667428646,1.7694966379339554
2555513,3,11,Aysen,11302,11302,O'Higgins,2024,CL.SFH.RT2.mad.I,32.0,1,27888,20143,0.7222819850831899,0.020444557218979954,1184.8823529411766,17,1.9230769230769231,13714.674119167254,428.5835662239767,coverage_mid,0.5,20572.01117875088,10286.00558937544,20572.01117875088,0.0,3428.668529791814,4937.2826829002115,7.053260975571731,11.020720274330829,coverage_sensitivity,0.75,,,8784,2011,SFH,mad,I,2,32.0,True,12.0,3079.6306340432943,9,1015.2865739397402,3.0332624434232676,1.3733292902010659,1.3483596667428646,1.7694966379339554
2555513,3,11,Aysen,11302,11302,O'Higgins,2024,CL.SFH.RT2.mad.I,32.0,1,27888,20143,0.7222819850831899,0.020444557218979954,1184.8823529411766,17,1.9230769230769231,13714.674119167254,428.5835662239767,redpe_mid,0.5,46410.0,13714.674119167254,27429.348238334507,18980.651761665493,0.0,6583.043577200282,9.404347967428974,14.69429369910777,REDPE_2020,,mid,24.865,8784,2011,SFH,mad,I,2,32.0,True,12.0,3079.6306340432943,9,1015.2865739397402,3.0332624434232676,1.3733292902010659,1.3483596667428646,1.7694966379339554
2560008,4,11,Aysen,11401,11101,Coihaique,2024,CL.SFH.preRT.lad.I,22.0,1,27888,20143,0.7222819850831899,0.020444557218979954,1184.8823529411766,17,2.1219512195121952,9971.222503325569,453.2373865147986,coverage_mid,0.5,14956.833754988354,7478.416877494176,14956.833754988353,1.8189894035458565e-12,2492.805625831393,3589.640101197205,5.1280572874245784,8.012589511600904,coverage_sensitivity,0.75,,,8784,1990,SFH,lad,I,2,22.0,True,12.0,3079.6306340432943,9,1015.2865739397402,3.0332624434232676,1.3733292902010659,1.3483596667428646,1.7694966379339554
2560008,4,11,Aysen,11401,11101,Coihaique,2024,CL.SFH.preRT.lad.I,22.0,1,27888,20143,0.7222819850831899,0.020444557218979954,1184.8823529411766,17,2.1219512195121952,9971.222503325569,453.2373865147986,redpe_mid,0.5,46410.0,9971.222503325569,19942.445006651138,26467.554993348862,0.0,4786.186801596273,6.837409716566104,10.683452682134538,REDPE_2020,,mid,24.865,8784,1990,SFH,lad,I,2,22.0,True,12.0,3079.6306340432943,9,1015.2865739397402,3.0332624434232676,1.3733292902010659,1.3483596667428646,1.7694966379339554
2545315,5,11,Aysen,11101,11201,Aisén,2024,CL.SFH.preRT.mad.I,49.0,1,27888,20143,0.7222819850831899,0.020444557218979954,1184.8823529411766,17,2.5454545454545454,18391.328043831185,375.3332253843099,coverage_mid,0.5,27586.992065746777,13793.496032873389,27586.992065746777,0.0,4597.832010957796,6620.878095779227,9.45839727968461,14.778745749507202,coverage_sensitivity,0.75,,,8784,1990,SFH,mad,I,3,49.0,True,12.0,3079.6306340432943,9,1015.2865739397402,3.0332624434232676,1.3733292902010659,1.3483596667428646,1.7694966379339554
2545315,5,11,Aysen,11101,11201,Aisén,2024,CL.SFH.preRT.mad.I,49.0,1,27888,20143,0.7222819850831899,0.020444557218979954,1184.8823529411766,17,2.5454545454545454,18391.328043831185,375.3332253843099,redpe_mid,0.5,46410.0,18391.328043831185,36782.65608766237,9627.34391233763,0.0,8827.83746103897,12.611196372912813,19.70499433267627,REDPE_2020,,mid,24.865,8784,1990,SFH,mad,I,3,49.0,True,12.0,3079.6306340432943,9,1015.2865739397402,3.0332624434232676,1.3733292902010659,1.3483596667428646,1.7694966379339554
2550218,6,11,Aysen,11102,11202,Cisnes,2024,CL.SFH.CEV.mad.I,48.0,1,27888,20143,0.7222819850831899,0.020444557218979954,1184.8823529411766,17,3.1052631578947367,13179.575311810477,274.57448566271825,coverage_mid,0.5,19769.362967715715,9884.68148385786,19769.36296771572,0.0,3294.8938279526183,4744.647112251772,6.778067303216818,10.590730161276278,coverage_sensitivity,0.75,,,8784,2018,SFH,mad,I,3,48.0,True,12.0,3079.6306340432943,9,1015.2865739397402,3.0332624434232676,1.3733292902010659,1.3483596667428646,1.7694966379339554
2550218,6,11,Aysen,11102,11202,Cisnes,2024,CL.SFH.CEV.mad.I,48.0,1,27888,20143,0.7222819850831899,0.020444557218979954,1184.8823529411766,17,3.1052631578947367,13179.575311810477,274.57448566271825,redpe_mid,0.5,46410.0,13179.575311810477,26359.150623620953,20050.849376379047,0.0,6326.196149669029,9.037423070955755,14.120973548368367,REDPE_2020,,mid,24.865,8784,2018,SFH,mad,I,3,48.0,True,12.0,3079.6306340432943,9,1015.2865739397402,3.0332624434232676,1.3733292902010659,1.3483596667428646,1.7694966379339554
2554083,7,11,Aysen,11203,11402,Río Ibáñez,2024,CL.SFH.post2021.mad.I,42.0,1,27888,20143,0.7222819850831899,0.020444557218979954,1184.8823529411766,17,2.4,18300.541048747047,435.72716782731067,coverage_mid,0.5,27450.81157312057,13725.405786560284,27450.81157312057,0.0,4575.13526218676,6588.194777548937,9.41170682506991,14.705791914171733,coverage_sensitivity,0.75,,,8784,2022,SFH,mad,I,2,42.0,True,12.0,3079.6306340432943,9,1015.2865739397402,3.0332624434232676,1.3733292902010659,1.3483596667428646,1.7694966379339554
2554083,7,11,Aysen,11203,11402,Río Ibáñez,2024,CL.SFH.post2021.mad.I,42.0,1,27888,20143,0.7222819850831899,0.020444557218979954,1184.8823529411766,17,2.4,18300.541048747047,435.72716782731067,redpe_mid,0.5,46410.0,18300.541048747047,36601.082097494094,9808.917902505906,0.0,8784.259703398584,12.548942433426548,19.60772255222898,REDPE_2020,,mid,24.865,8784,2022,SFH,mad,I,2,42.0,True,12.0,3079.6306340432943,9,1015.2865739397402,3.0332624434232676,1.3733292902010659,1.3483596667428646,1.7694966379339554
2552015,8,11,Aysen,11201,11401,Chile Chico,2024,CL.SFH.preRT.mad.I,36.0,1,27888,20143,0.7222819850831899,0.020444557218979954,1184.8823529411766,17,1.45,11727.575056595648,325.76597379432354,coverage_mid,0.5,17591.36258489347,8795.681292446736,17591.36258489347,0.0,2931.893764148912,4221.927020374434,6.031324314820619,9.423944241907217,coverage_sensitivity,0.75,,,8784,1990,SFH,mad,I,1,36.0,True,12.0,3079.6306340432943,9,1015.2865739397402,3.0332624434232676,1.3733292902010659,1.3483596667428646,1.7694966379339554
2552015,8,11,Aysen,11201,11401,Chile Chico,2024,CL.SFH.preRT.mad.I,36.0,1,27888,20143,0.7222819850831899,0.020444557218979954,1184.8823529411766,17,1.45,11727.575056595648,325.76597379432354,redpe_mid,0.5,46410.0,11727.575056595648,23455.150113191296,22954.849886808704,0.0,5629.236027165911,8.041765753094158,12.565258989209621,REDPE_2020,,mid,24.865,8784,1990,SFH,mad,I,1,36.0,True,12.0,3079.6306340432943,9,1015.2865739397402,3.0332624434232676,1.3733292902010659,1.3483596667428646,1.7694966379339554
2570135,9,11,Aysen,11402,11102,Lago Verde,2024,CL.SFH.preRT.mad.I,24.0,1,27888,20143,0.7222819850831899,0.020444557218979954,1184.8823529411766,17,2.185185185185185,10400.808575798923,433.3670239916218,coverage_mid,0.5,15601.212863698383,7800.606431849191,15601.212863698382,1.8189894035458565e-12,2600.2021439497325,3744.2910872876114,5.34898726755373,8.357792605552703,coverage_sensitivity,0.75,,,8784,1990,SFH,mad,I,2,24.0,True,12.0,3079.6306340432943,9,1015.2865739397402,3.0332624434232676,1.3733292902010659,1.3483596667428646,1.7694966379339554
2570135,9,11,Aysen,11402,11102,Lago Verde,2024,CL.SFH.preRT.mad.I,24.0,1,27888,20143,0.7222819850831899,0.020444557218979954,1184.8823529411766,17,2.185185185185185,10400.808575798923,433.3670239916218,redpe_mid,0.5,46410.0,10400.808575798923,20801.617151597846,25608.382848402154,0.0,4992.388116383483,7.131983023404976,11.143723474070274,REDPE_2020,,mid,24.865,8784,1990,SFH,mad,I,2,24.0,True,12.0,3079.6306340432943,9,1015.2865739397402,3.0332624434232676,1.3733292902010659,1.3483596667428646,1.7694966379339554
2554774,10,11,Aysen,11301,11301,Cochrane,2024,CL.SFH.preRT.mad.I,49.0,1,27888,20143,0.7222819850831899,0.020444557218979954,1184.8823529411766,17,2.2222222222222223,15375.001048075897,313.77553159338567,coverage_mid,0.5,23062.501572113848,11531.250786056924,23062.501572113848,0.0,3843.750262018977,5535.000377307324,7.90714339615332,12.354911556489563,coverage_sensitivity,0.75,,,8784,1990,SFH,mad,I,2,49.0,True,12.0,3079.6306340432943,9,1015.2865739397402,3.0332624434232676,1.3733292902010659,1.3483596667428646,1.7694966379339554
2554774,10,11,Aysen,11301,11301,Cochrane,2024,CL.SFH.preRT.mad.I,49.0,1,27888,20143,0.7222819850831899,0.020444557218979954,1184.8823529411766,17,2.2222222222222223,15375.001048075897,313.77553159338567,redpe_mid,0.5,46410.0,15375.001048075897,30750.002096151795,15659.997903848205,0.0,7380.0005030764305,10.542857861537758,16.473215408652745,REDPE_2020,,mid,24.865,8784,1990,SFH,mad,I,2,49.0,True,12.0,3079.6306340432943,9,1015.2865739397402,3.0332624434232676,1.3733292902010659,1.3483596667428646,1.7694966379339554
2551939,11,11,Aysen,11201,11401,Chile Chico,2024,CL.SFH.RT1.mad.I,33.0,1,27888,20143,0.7222819850831899,0.020444557218979954,1184.8823529411766,17,1.5625,10266.678452070368,311.1114682445566,coverage_mid,0.5,15400.017678105552,7700.008839052777,15400.017678105554,0.0,2566.6696130175915,3696.0042427453327,5.2800060610647614,8.250009470413689,coverage_sensitivity,0.75,,,8784,2003,SFH,mad,I,2,33.0,True,12.0,3079.6306340432943,9,1015.2865739397402,3.0332624434232676,1.3733292902010659,1.3483596667428646,1.7694966379339554
2551939,11,11,Aysen,11201,11401,Chile Chico,2024,CL.SFH.RT1.mad.I,33.0,1,27888,20143,0.7222819850831899,0.020444557218979954,1184.8823529411766,17,1.5625,10266.678452070368,311.1114682445566,redpe_mid,0.5,46410.0,10266.678452070368,20533.356904140735,25876.643095859265,0.0,4928.005656993776,7.04000808141968,11.00001262721825,REDPE_2020,,mid,24.865,8784,2003,SFH,mad,I,2,33.0,True,12.0,3079.6306340432943,9,1015.2865739397402,3.0332624434232676,1.3733292902010659,1.3483596667428646,1.7694966379339554
2557724,12,11,Aysen,11401,11101,Coihaique,2024,CL.SFH.post2021.mad.I,18.0,1,27888,20143,0.7222819850831899,0.020444557218979954,1184.8823529411766,17,2.0,9142.820379971614,507.93446555397855,coverage_mid,0.5,13714.23056995742,6857.11528497871,13714.23056995742,0.0,2285.705094992903,3291.415336789781,4.702021909699687,7.346909233905762,coverage_sensitivity,0.75,,,8784,2022,SFH,mad,I,2,18.0,True,12.0,3079.6306340432943,9,1015.2865739397402,3.0332624434232676,1.3733292902010659,1.3483596667428646,1.7694966379339554
2557724,12,11,Aysen,11401,11101,Coihaique,2024,CL.SFH.post2021.mad.I,18.0,1,27888,20143,0.7222819850831899,0.020444557218979954,1184.8823529411766,17,2.0,9142.820379971614,507.93446555397855,redpe_mid,0.5,46410.0,9142.820379971614,18285.640759943228,28124.359240056772,0.0,4388.553782386374,6.269362546266249,9.795878978541014,REDPE_2020,,mid,24.865,8784,2022,SFH,mad,I,2,18.0,True,12.0,3079.6306340432943,9,1015.2865739397402,3.0332624434232676,1.3733292902010659,1.3483596667428646,1.7694966379339554
2555660,13,11,Aysen,11303,11303,Tortel,2024,CL.SFH.CEV.mad.I,44.0,1,27888,20143,0.7222819850831899,0.020444557218979954,1184.8823529411766,17,4.25,17464.732484660406,396.9257382877365,coverage_mid,0.5,26197.09872699061,13098.549363495305,26197.09872699061,0.0,4366.1831211651015,6287.303694477747,8.981862420682495,14.034160032316398,coverage_sensitivity,0.75,,,8784,2018,SFH,mad,I,4,44.0,True,12.0,3079.6306340432943,9,1015.2865739397402,3.0332624434232676,1.3733292902010659,1.3483596667428646,1.7694966379339554
2555660,13,11,Aysen,11303,11303,Tortel,2024,CL.SFH.CEV.mad.I,44.0,1,27888,20143,0.7222819850831899,0.020444557218979954,1184.8823529411766,17,4.25,17464.732484660406,396.9257382877365,redpe_mid,0.5,46410.0,17464.732484660406,34929.46496932081,11480.535030679188,0.0,8383.071592636996,11.975816560909994,18.712213376421865,REDPE_2020,,mid,24.865,8784,2018,SFH,mad,I,4,44.0,True,12.0,3079.6306340432943,9,1015.2865739397402,3.0332624434232676,1.3733292902010659,1.3483596667428646,1.7694966379339554
2550404,14,11,Aysen,11102,11202,Cisnes,2024,CL.SFH.preRT.mad.I,118.0,1,27888,20143,0.7222819850831899,0.020444557218979954,1184.8823529411766,17,2.8181818181818183,26708.005321336805,226.33902814692206,coverage_mid,0.5,40062.007982005205,20031.0039910026,40062.0079820052,7.275957614183426e-12,6677.001330334206,9614.881915681248,13.735545593830354,21.46178999035993,coverage_sensitivity,0.75,,,8784,1990,SFH,mad,I,3,118.0,True,12.0,3079.6306340432943,9,1015.2865739397402,3.0332624434232676,1.3733292902010659,1.3483596667428646,1.7694966379339554
2550404,14,11,Aysen,11102,11202,Cisnes,2024,CL.SFH.preRT.mad.I,118.0,1,27888,20143,0.7222819850831899,0.020444557218979954,1184.8823529411766,17,2.8181818181818183,26708.005321336805,226.33902814692206,redpe_mid,0.5,46410.0,23204.999999999996,46409.99999999999,7.275957614183426e-12,3503.0053213368083,11138.399999999998,15.911999999999997,24.862499999999994,REDPE_2020,,mid,24.865,8784,1990,SFH,mad,I,3,118.0,True,12.0,3079.6306340432943,9,1015.2865739397402,3.0332624434232676,1.3733292902010659,1.3483596667428646,1.7694966379339554
2551800,15,11,Aysen,11104,11203,Guaitecas,2024,CL.SFH.preRT.mad.I,80.0,1,27888,20143,0.7222819850831899,0.020444557218979954,1184.8823529411766,17,3.727272727272727,10453.164805518294,130.6645600689787,coverage_mid,0.5,15679.74720827744,7839.873604138721,15679.747208277442,0.0,2613.2912013795726,3763.1393299865863,5.375913328552266,8.399864575862916,coverage_sensitivity,0.75,,,8784,1990,SFH,mad,I,4,80.0,True,12.0,3079.6306340432943,9,1015.2865739397402,3.0332624434232676,1.3733292902010659,1.3483596667428646,1.7694966379339554
2551800,15,11,Aysen,11104,11203,Guaitecas,2024,CL.SFH.preRT.mad.I,80.0,1,27888,20143,0.7222819850831899,0.020444557218979954,1184.8823529411766,17,3.727272727272727,10453.164805518294,130.6645600689787,redpe_mid,0.5,46410.0,10453.164805518294,20906.329611036588,25503.670388963412,0.0,5017.5191066487805,7.167884438069686,11.199819434483885,REDPE_2020,,mid,24.865,8784,1990,SFH,mad,I,4,80.0,True,12.0,3079.6306340432943,9,1015.2865739397402,3.0332624434232676,1.3733292902010659,1.3483596667428646,1.7694966379339554
2549165,16,11,Aysen,11101,11201,Aisén,2024,CL.SFH.preRT.mad.I,36.0,1,27888,20143,0.7222819850831899,0.020444557218979954,1184.8823529411766,17,1.9736842105263157,15041.057809418126,417.8071613727257,coverage_mid,0.5,22561.58671412719,11280.793357063594,22561.58671412719,0.0,3760.2644523545314,5414.780811390525,7.735401159129321,12.086564311139563,coverage_sensitivity,0.75,,,8784,1990,SFH,mad,I,2,36.0,True,12.0,3079.6306340432943,9,1015.2865739397402,3.0332624434232676,1.3733292902010659,1.3483596667428646,1.7694966379339554
2549165,16,11,Aysen,11101,11201,Aisén,2024,CL.SFH.preRT.mad.I,36.0,1,27888,20143,0.7222819850831899,0.020444557218979954,1184.8823529411766,17,1.9736842105263157,15041.057809418126,417.8071613727257,redpe_mid,0.5,46410.0,15041.057809418126,30082.11561883625,16327.884381163749,0.0,7219.7077485207,10.313868212172428,16.11541908151942,REDPE_2020,,mid,24.865,8784,1990,SFH,mad,I,2,36.0,True,12.0,3079.6306340432943,9,1015.2865739397402,3.0332624434232676,1.3733292902010659,1.3483596667428646,1.7694966379339554
2554795,17,11,Aysen,11301,11301,Cochrane,2024,CL.SFH.preRT.mad.I,27.0,1,27888,20143,0.7222819850831899,0.020444557218979954,1184.8823529411766,17,3.090909090909091,9596.713801158869,355.4338444873655,coverage_mid,0.5,14395.070701738303,7197.5353508691505,14395.070701738301,1.8189894035458565e-12,2399.178450289717,3454.8169684171926,4.935452812024561,7.711645018788377,coverage_sensitivity,0.75,,,8784,1990,SFH,mad,I,3,27.0,True,12.0,3079.6306340432943,9,1015.2865739397402,3.0332624434232676,1.3733292902010659,1.3483596667428646,1.7694966379339554
2554795,17,11,Aysen,11301,11301,Cochrane,2024,CL.SFH.preRT.mad.I,27.0,1,27888,20143,0.7222819850831899,0.020444557218979954,1184.8823529411766,17,3.090909090909091,9596.713801158869,355.4338444873655,redpe_mid,0.5,46410.0,9596.713801158869,19193.427602317737,27216.572397682263,0.0,4606.422624556258,6.580603749366082,10.282193358384504,REDPE_2020,,mid,24.865,8784,1990,SFH,mad,I,3,27.0,True,12.0,3079.6306340432943,9,1015.2865739397402,3.0332624434232676,1.3733292902010659,1.3483596667428646,1.7694966379339554
2577343,1,12,Magallanes,12101,12401,Natales,2024,CL.SFH.preRT.mad.I,76.0,1,50171,1384,0.027585657052879152,0.0014047196143110886,125.81818181818181,11,3.0384615384615383,25193.72219400996,331.49634465802575,coverage_mid,0.5,37790.58329101494,18895.29164550747,37790.58329101494,0.0,6298.430548502492,9069.739989843587,12.956771414062267,20.24495533447229,coverage_sensitivity,0.75,,,8784,1990,SFH,mad,I,3,76.0,True,12.0,3212.0945021588504,9,1015.2865739397402,3.1637318808369237,1.3849452954002677,1.3597644718475355,1.7957717319960935
2577343,1,12,Magallanes,12101,12401,Natales,2024,CL.SFH.preRT.mad.I,76.0,1,50171,1384,0.027585657052879152,0.0014047196143110886,125.81818181818181,11,3.0384615384615383,25193.72219400996,331.49634465802575,redpe_mid,0.5,43580.0,21789.999999999996,43579.99999999999,7.275957614183426e-12,3403.7221940099616,10459.199999999999,14.941714285714284,23.346428571428568,REDPE_2020,,mid,23.345,8784,1990,SFH,mad,I,3,76.0,True,12.0,3212.0945021588504,9,1015.2865739397402,3.1637318808369237,1.3849452954002677,1.3597644718475355,1.7957717319960935
2593509,2,12,Magallanes,12205,12101,Punta Arenas,2024,CL.SFH.CEV.mad.I,101.0,1,50171,1384,0.027585657052879152,0.0014047196143110886,125.81818181818181,11,2.4352941176470586,27071.153165289834,268.0312194583152,coverage_mid,0.5,40606.72974793475,20303.364873967374,40606.72974793475,0.0,6767.78829132246,9745.61513950434,13.922307342149058,21.7536052221079,coverage_sensitivity,0.75,,,8784,2018,SFH,mad,I,2,101.0,True,12.0,3212.0945021588504,9,1015.2865739397402,3.1637318808369237,1.3849452954002677,1.3597644718475355,1.7957717319960935
2593509,2,12,Magallanes,12205,12101,Punta Arenas,2024,CL.SFH.CEV.mad.I,101.0,1,50171,1384,0.027585657052879152,0.0014047196143110886,125.81818181818181,11,2.4352941176470586,27071.153165289834,268.0312194583152,redpe_mid,0.5,43580.0,21790.0,43580.0,0.0,5281.153165289834,10459.2,14.941714285714287,23.34642857142857,REDPE_2020,,mid,23.345,8784,2018,SFH,mad,I,2,101.0,True,12.0,3212.0945021588504,9,1015.2865739397402,3.1637318808369237,1.3849452954002677,1.3597644718475355,1.7957717319960935
2614773,3,12,Magallanes,12301,12301,Porvenir,2024,CL.SFH.preRT.mad.I,96.0,1,50171,1384,0.027585657052879152,0.0014047196143110886,125.81818181818181,11,4.0,24151.668626177583,251.57988152268317,coverage_mid,0.5,36227.50293926637,18113.751469633185,36227.50293926637,0.0,6037.917156544394,8694.600705423929,12.420858150605612,19.407590860321267,coverage_sensitivity,0.75,,,8784,1990,SFH,mad,I,4,96.0,True,12.0,3212.0945021588504,9,1015.2865739397402,3.1637318808369237,1.3849452954002677,1.3597644718475355,1.7957717319960935
2614773,3,12,Magallanes,12301,12301,Porvenir,2024,CL.SFH.preRT.mad.I,96.0,1,50171,1384,0.027585657052879152,0.0014047196143110886,125.81818181818181,11,4.0,24151.668626177583,251.57988152268317,redpe_mid,0.5,43580.0,21790.0,43580.0,0.0,2361.66862617758,10459.2,14.941714285714287,23.34642857142857,REDPE_2020,,mid,23.345,8784,1990,SFH,mad,I,4,96.0,True,12.0,3212.0945021588504,9,1015.2865739397402,3.1637318808369237,1.3849452954002677,1.3597644718475355,1.7957717319960935
2614434,4,12,Magallanes,12206,12102,Laguna Blanca,2024,CL.SFH.preRT.mad.I,59.0,1,50171,1384,0.027585657052879152,0.0014047196143110886,125.81818181818181,11,0.3,17810.29557955329,301.86941660259816,coverage_mid,0.5,26715.443369329936,13357.721684664964,26715.44336932993,7.275957614183426e-12,4452.573894888323,6411.706408639183,9.15958058377026,14.311844662141032,coverage_sensitivity,0.75,,,8784,1990,SFH,mad,I,1,59.0,True,12.0,3212.0945021588504,9,1015.2865739397402,3.1637318808369237,1.3849452954002677,1.3597644718475355,1.7957717319960935
2614434,4,12,Magallanes,12206,12102,Laguna Blanca,2024,CL.SFH.preRT.mad.I,59.0,1,50171,1384,0.027585657052879152,0.0014047196143110886,125.81818181818181,11,0.3,17810.29557955329,301.86941660259816,redpe_mid,0.5,43580.0,17810.29557955329,35620.59115910658,7959.4088408934185,0.0,8548.94187818558,12.212774111693687,19.082459549521385,REDPE_2020,,mid,23.345,8784,1990,SFH,mad,I,1,59.0,True,12.0,3212.0945021588504,9,1015.2865739397402,3.1637318808369237,1.3849452954002677,1.3597644718475355,1.7957717319960935
2577414,5,12,Magallanes,12103,12402,Torres del Paine,2024,CL.SFH.CEV.mad.I,390.0,1,50171,1384,0.027585657052879152,0.0014047196143110886,125.81818181818181,11,3.0,66750.02316396282,171.15390554862262,coverage_mid,0.5,100125.03474594423,50062.517372972114,100125.03474594423,0.0,16687.505790990705,24030.008339026615,34.32858334146659,53.63841147104154,coverage_sensitivity,0.75,,,8784,2018,SFH,mad,I,3,390.0,True,12.0,3212.0945021588504,9,1015.2865739397402,3.1637318808369237,1.3849452954002677,1.3597644718475355,1.7957717319960935
2577414,5,12,Magallanes,12103,12402,Torres del Paine,2024,CL.SFH.CEV.mad.I,390.0,1,50171,1384,0.027585657052879152,0.0014047196143110886,125.81818181818181,11,3.0,66750.02316396282,171.15390554862262,redpe_mid,0.5,43580.0,21790.0,43580.0,0.0,44960.02316396281,10459.2,14.941714285714287,23.34642857142857,REDPE_2020,,mid,23.345,8784,2018,SFH,mad,I,3,390.0,True,12.0,3212.0945021588504,9,1015.2865739397402,3.1637318808369237,1.3849452954002677,1.3597644718475355,1.7957717319960935
2577486,6,12,Magallanes,12204,12104,San Gregorio,2024,CL.SFH.preRT.mad.I,80.0,1,50171,1384,0.027585657052879152,0.0014047196143110886,125.81818181818181,11,0.46511627906976744,21604.846137970115,270.06057672462646,coverage_mid,0.5,32407.26920695517,16203.634603477585,32407.26920695517,0.0,5401.21153449253,7777.744609669241,11.111063728098916,17.361037075154556,coverage_sensitivity,0.75,,,8784,1990,SFH,mad,I,1,80.0,True,12.0,3212.0945021588504,9,1015.2865739397402,3.1637318808369237,1.3849452954002677,1.3597644718475355,1.7957717319960935
2577486,6,12,Magallanes,12204,12104,San Gregorio,2024,CL.SFH.preRT.mad.I,80.0,1,50171,1384,0.027585657052879152,0.0014047196143110886,125.81818181818181,11,0.46511627906976744,21604.846137970115,270.06057672462646,redpe_mid,0.5,43580.0,21604.846137970115,43209.69227594023,370.3077240597704,0.0,10370.326146225654,14.81475163746522,23.148049433539406,REDPE_2020,,mid,23.345,8784,1990,SFH,mad,I,1,80.0,True,12.0,3212.0945021588504,9,1015.2865739397402,3.1637318808369237,1.3849452954002677,1.3597644718475355,1.7957717319960935
2616043,7,12,Magallanes,12304,12303,Timaukel,2024,CL.SFH.preRT.mad.I,56.0,1,50171,1384,0.027585657052879152,0.0014047196143110886,125.81818181818181,11,14.0,18663.7296085624,333.2808858671857,coverage_mid,0.5,27995.594412843602,13997.797206421801,27995.594412843602,0.0,4665.932402140599,6718.942659082464,9.598489512974949,14.997639864023357,coverage_sensitivity,0.75,,,8784,1990,SFH,mad,I,8,56.0,True,12.0,3212.0945021588504,9,1015.2865739397402,3.1637318808369237,1.3849452954002677,1.3597644718475355,1.7957717319960935
2616043,7,12,Magallanes,12304,12303,Timaukel,2024,CL.SFH.preRT.mad.I,56.0,1,50171,1384,0.027585657052879152,0.0014047196143110886,125.81818181818181,11,14.0,18663.7296085624,333.2808858671857,redpe_mid,0.5,43580.0,18663.7296085624,37327.4592171248,6252.5407828751995,0.0,8958.590212109953,12.797986017299934,19.996853152031147,REDPE_2020,,mid,23.345,8784,1990,SFH,mad,I,8,56.0,True,12.0,3212.0945021588504,9,1015.2865739397402,3.1637318808369237,1.3849452954002677,1.3597644718475355,1.7957717319960935
2616079,8,12,Magallanes,12401,12201,Cabo de Hornos,2024,CL.SFH.preRT.mad.I,35.0,1,50171,1384,0.027585657052879152,0.0014047196143110886,125.81818181818181,11,2.4,13983.517303623217,399.5290658178062,coverage_mid,0.5,20975.275955434827,10487.637977717415,20975.27595543483,0.0,3495.879325905802,5034.06622930436,7.191523184720514,11.236754976125802,coverage_sensitivity,0.75,,,8784,1990,SFH,mad,I,2,35.0,True,12.0,3212.0945021588504,9,1015.2865739397402,3.1637318808369237,1.3849452954002677,1.3597644718475355,1.7957717319960935
2616079,8,12,Magallanes,12401,12201,Cabo de Hornos,2024,CL.SFH.preRT.mad.I,35.0,1,50171,1384,0.027585657052879152,0.0014047196143110886,125.81818181818181,11,2.4,13983.517303623217,399.5290658178062,redpe_mid,0.5,43580.0,13983.517303623217,27967.034607246434,15612.965392753566,0.0,6712.088305739145,9.58869757962735,14.982339968167734,REDPE_2020,,mid,23.345,8784,1990,SFH,mad,I,2,35.0,True,12.0,3212.0945021588504,9,1015.2865739397402,3.1637318808369237,1.3849452954002677,1.3597644718475355,1.7957717319960935
2616012,9,12,Magallanes,12302,12302,Primavera,2024,CL.SFH.preRT.mad.I,170.0,1,50171,1384,0.027585657052879152,0.0014047196143110886,125.81818181818181,11,3.796875,35853.08398132406,210.90049400778858,coverage_mid,0.5,53779.62597198609,26889.81298599304,53779.62597198608,7.275957614183426e-12,8963.270995331015,12907.110233276659,18.43872890468094,28.810513913563966,coverage_sensitivity,0.75,,,8784,1990,SFH,mad,I,4,170.0,True,12.0,3212.0945021588504,9,1015.2865739397402,3.1637318808369237,1.3849452954002677,1.3597644718475355,1.7957717319960935
2616012,9,12,Magallanes,12302,12302,Primavera,2024,CL.SFH.preRT.mad.I,170.0,1,50171,1384,0.027585657052879152,0.0014047196143110886,125.81818181818181,11,3.796875,35853.08398132406,210.90049400778858,redpe_mid,0.5,43580.0,21790.0,43580.0,0.0,14063.083981324058,10459.2,14.941714285714287,23.34642857142857,REDPE_2020,,mid,23.345,8784,1990,SFH,mad,I,4,170.0,True,12.0,3212.0945021588504,9,1015.2865739397402,3.1637318808369237,1.3849452954002677,1.3597644718475355,1.7957717319960935
2580174,10,12,Magallanes,12205,12101,Punta Arenas,2024,CL.SFH.preRT.mad.I,81.0,1,50171,1384,0.027585657052879152,0.0014047196143110886,125.81818181818181,11,2.857142857142857,25662.687389046587,316.8233010993406,coverage_mid,0.5,38494.03108356988,19247.015541784935,38494.03108356987,7.275957614183426e-12,6415.6718472616485,9238.567460056769,13.197953514366812,20.621802366198143,coverage_sensitivity,0.75,,,8784,1990,SFH,mad,I,3,81.0,True,12.0,3212.0945021588504,9,1015.2865739397402,3.1637318808369237,1.3849452954002677,1.3597644718475355,1.7957717319960935
2580174,10,12,Magallanes,12205,12101,Punta Arenas,2024,CL.SFH.preRT.mad.I,81.0,1,50171,1384,0.027585657052879152,0.0014047196143110886,125.81818181818181,11,2.857142857142857,25662.687389046587,316.8233010993406,redpe_mid,0.5,43580.0,21790.0,43580.0,0.0,3872.6873890465868,10459.2,14.941714285714287,23.34642857142857,REDPE_2020,,mid,23.345,8784,1990,SFH,mad,I,3,81.0,True,12.0,3212.0945021588504,9,1015.2865739397402,3.1637318808369237,1.3849452954002677,1.3597644718475355,1.7957717319960935
2577410,11,12,Magallanes,12103,12402,Torres del Paine,2024,CL.SFH.post2021.mad.I,112.0,1,50171,1384,0.027585657052879152,0.0014047196143110886,125.81818181818181,11,3.0,26036.60618789446,232.46969810620052,coverage_mid,0.5,39054.90928184169,19527.454640920845,39054.90928184169,0.0,6509.151546973615,9373.178227642005,13.39025461091715,20.922272829558047,coverage_sensitivity,0.75,,,8784,2022,SFH,mad,I,3,112.0,True,12.0,3212.0945021588504,9,1015.2865739397402,3.1637318808369237,1.3849452954002677,1.3597644718475355,1.7957717319960935
2577410,11,12,Magallanes,12103,12402,Torres del Paine,2024,CL.SFH.post2021.mad.I,112.0,1,50171,1384,0.027585657052879152,0.0014047196143110886,125.81818181818181,11,3.0,26036.60618789446,232.46969810620052,redpe_mid,0.5,43580.0,21790.0,43580.0,0.0,4246.60618789446,10459.2,14.941714285714287,23.34642857142857,REDPE_2020,,mid,23.345,8784,2022,SFH,mad,I,3,112.0,True,12.0,3212.0945021588504,9,1015.2865739397402,3.1637318808369237,1.3849452954002677,1.3597644718475355,1.7957717319960935
3136144,1,13,RM,14202,13302,Lampa,2024,CL.SFH.RT2.mad.D,18.0,1,2378702,28987,0.01218605777436602,0.02942095914742451,1449.35,20,6.0,1298.8640505972378,72.15911392206877,coverage_mid,0.5,1948.2960758958566,974.1480379479283,1948.2960758958566,0.0,324.71601264930945,467.5910582150056,0.6679872260214366,1.0437300406584946,coverage_sensitivity,0.75,,,8784,2011,SFH,mad,D,6,18.0,False,12.0,,9,,,1.0,1.0,1.0
3136144,1,13,RM,14202,13302,Lampa,2024,CL.SFH.RT2.mad.D,18.0,1,2378702,28987,0.01218605777436602,0.02942095914742451,1449.35,20,6.0,1298.8640505972378,72.15911392206877,redpe_mid,0.5,5225.0,1298.8640505972378,2597.7281011944756,2627.2718988055244,0.0,623.4547442866741,0.8906496346952487,1.391640054211326,REDPE_2020,,mid,2.795,8784,2011,SFH,mad,D,6,18.0,False,12.0,,9,,,1.0,1.0,1.0
3121824,2,13,RM,14201,13301,Colina,2024,CL.SFH.RT1.lad.D,50.0,1,2378702,28987,0.01218605777436602,0.02942095914742451,1449.35,20,3.171875,4999.757787196978,99.99515574393956,coverage_mid,0.5,7499.636680795467,3749.818340397733,7499.636680795466,9.094947017729282e-13,1249.939446799245,1799.912803390912,2.5713040048441598,4.017662507569,coverage_sensitivity,0.75,,,8784,2003,SFH,lad,D,3,50.0,False,12.0,,9,,,1.0,1.0,1.0
3121824,2,13,RM,14201,13301,Colina,2024,CL.SFH.RT1.lad.D,50.0,1,2378702,28987,0.01218605777436602,0.02942095914742451,1449.35,20,3.171875,4999.757787196978,99.99515574393956,redpe_mid,0.5,5225.0,2612.5,5225.0,0.0,2387.2577871969784,1254.0,1.7914285714285714,2.799107142857143,REDPE_2020,,mid,2.795,8784,2003,SFH,lad,D,3,50.0,False,12.0,,9,,,1.0,1.0,1.0
3012166,3,13,RM,14156,13103,Cerro Navia,2024,CL.SFH.preRT.mad.D,55.0,1,2378702,28987,0.01218605777436602,0.02942095914742451,1449.35,20,4.6875,3737.239710072431,67.94981291040784,coverage_mid,0.5,5605.859565108647,2802.9297825543235,5605.859565108647,0.0,934.3099275181079,1345.4062956260752,1.922008993751536,3.003139052736775,coverage_sensitivity,0.75,,,8784,1990,SFH,mad,D,5,55.0,False,12.0,,9,,,1.0,1.0,1.0
3012166,3,13,RM,14156,13103,Cerro Navia,2024,CL.SFH.preRT.mad.D,55.0,1,2378702,28987,0.01218605777436602,0.02942095914742451,1449.35,20,4.6875,3737.239710072431,67.94981291040784,redpe_mid,0.5,5225.0,2612.5,5225.0,0.0,1124.7397100724318,1254.0,1.7914285714285714,2.799107142857143,REDPE_2020,,mid,2.795,8784,1990,SFH,mad,D,5,55.0,False,12.0,,9,,,1.0,1.0,1.0
3676466,4,13,RM,16163,13129,San Joaquín,2024,CL.SFH.preRT.lad.D,105.0,1,2378702,28987,0.01218605777436602,0.02942095914742451,1449.35,20,5.421052631578948,8206.752294500573,78.15954566191022,coverage_mid,0.5,12310.12844175086,6155.064220875429,12310.128441750858,1.8189894035458565e-12,2051.688073625145,2954.430826020206,4.220615465743151,6.594711665223674,coverage_sensitivity,0.75,,,8784,1990,SFH,lad,D,5,105.0,False,12.0,,9,,,1.0,1.0,1.0
3676466,4,13,RM,16163,13129,San Joaquín,2024,CL.SFH.preRT.lad.D,105.0,1,2378702,28987,0.01218605777436602,0.02942095914742451,1449.35,20,5.421052631578948,8206.752294500573,78.15954566191022,redpe_mid,0.5,5225.0,2612.4999999999995,5224.999999999999,9.094947017729282e-13,5594.252294500574,1253.9999999999998,1.7914285714285711,2.7991071428571423,REDPE_2020,,mid,2.795,8784,1990,SFH,lad,D,5,105.0,False,12.0,,9,,,1.0,1.0,1.0
3284385,5,13,RM,15103,13123,Providencia,2024,CL.MFH.preRT.lad.D,52.75,4,2378702,28987,0.01218605777436602,0.02942095914742451,1449.35,20,8.545454545454545,3069.2265677819187,58.1843899105577,coverage_mid,0.5,4603.839851672878,2301.919925836439,4603.839851672878,0.0,767.3066419454799,1104.9215644014907,1.5784593777164153,2.466342777681899,coverage_sensitivity,0.75,,,8784,1990,MFH,lad,D,2,52.75,False,12.0,,9,,,1.0,1.0,1.0
3284385,5,13,RM,15103,13123,Providencia,2024,CL.MFH.preRT.lad.D,52.75,4,2378702,28987,0.01218605777436602,0.02942095914742451,1449.35,20,8.545454545454545,3069.2265677819187,58.1843899105577,redpe_mid,0.5,5225.0,2612.5,5225.0,0.0,456.7265677819187,1254.0,1.7914285714285714,2.799107142857143,REDPE_2020,,mid,2.795,8784,1990,MFH,lad,D,2,52.75,False,12.0,,9,,,1.0,1.0,1.0
4006486,6,13,RM,16404,13404,Paine,2024,CL.SFH.RT2.mad.D,66.0,1,2378702,28987,0.01218605777436602,0.02942095914742451,1449.35,20,6.65979381443299,4045.8838135552114,61.30126990235169,coverage_mid,0.5,6068.825720332818,3034.412860166409,6068.825720332818,0.0,1011.4709533888027,1456.5181728798764,2.080740246971252,3.251156635892581,coverage_sensitivity,0.75,,,8784,2011,SFH,mad,D,7,66.0,False,12.0,,9,,,1.0,1.0,1.0
4006486,6,13,RM,16404,13404,Paine,2024,CL.SFH.RT2.mad.D,66.0,1,2378702,28987,0.01218605777436602,0.02942095914742451,1449.35,20,6.65979381443299,4045.8838135552114,61.30126990235169,redpe_mid,0.5,5225.0,2612.5,5225.0,0.0,1433.3838135552114,1254.0,1.7914285714285714,2.799107142857143,REDPE_2020,,mid,2.795,8784,2011,SFH,mad,D,7,66.0,False,12.0,,9,,,1.0,1.0,1.0
3440779,7,13,RM,15151,13118,Macul,2024,CL.SFH.preRT.lad.D,71.0,1,2378702,28987,0.01218605777436602,0.02942095914742451,1449.35,20,2.6710526315789473,5885.336348829472,82.89206125111932,coverage_mid,0.5,8828.004523244208,4414.002261622104,8828.004523244208,0.0,1471.3340872073677,2118.7210855786097,3.0267444079694426,4.7292881374522535,coverage_sensitivity,0.75,,,8784,1990,SFH,lad,D,3,71.0,False,12.0,,9,,,1.0,1.0,1.0
3440779,7,13,RM,15151,13118,Macul,2024,CL.SFH.preRT.lad.D,71.0,1,2378702,28987,0.01218605777436602,0.02942095914742451,1449.35,20,2.6710526315789473,5885.336348829472,82.89206125111932,redpe_mid,0.5,5225.0,2612.5,5225.0,0.0,3272.8363488294717,1254.0,1.7914285714285714,2.799107142857143,REDPE_2020,,mid,2.795,8784,1990,SFH,lad,D,3,71.0,False,12.0,,9,,,1.0,1.0,1.0
2617391,8,13,RM,13101,13101,Santiago,2024,CL.SFH.preRT.lad.D,158.0,1,2378702,28987,0.01218605777436602,0.02942095914742451,1449.35,20,1.5060975609756098,9941.399010258416,62.92024690036972,coverage_mid,0.5,14912.098515387625,7456.049257693811,14912.098515387623,1.8189894035458565e-12,2485.3497525646053,3578.9036436930296,5.112719490990043,7.988624204671941,coverage_sensitivity,0.75,,,8784,1990,SFH,lad,D,2,158.0,False,12.0,,9,,,1.0,1.0,1.0
2617391,8,13,RM,13101,13101,Santiago,2024,CL.SFH.preRT.lad.D,158.0,1,2378702,28987,0.01218605777436602,0.02942095914742451,1449.35,20,1.5060975609756098,9941.399010258416,62.92024690036972,redpe_mid,0.5,5225.0,2612.499999999999,5224.999999999998,1.8189894035458565e-12,7328.899010258416,1253.9999999999995,1.7914285714285707,2.7991071428571415,REDPE_2020,,mid,2.795,8784,1990,SFH,lad,D,2,158.0,False,12.0,,9,,,1.0,1.0,1.0
3966952,9,13,RM,16402,13403,Calera de Tango,2024,CL.SFH.post2021.mad.D,92.0,1,2378702,28987,0.01218605777436602,0.02942095914742451,1449.35,20,3.4461538461538463,4540.126235825472,49.349198215494255,coverage_mid,0.5,6810.1893537382075,3405.0946768691033,6810.189353738207,9.094947017729282e-13,1135.031558956368,1634.4454448971696,2.334922064138814,3.648315725216897,coverage_sensitivity,0.75,,,8784,2022,SFH,mad,D,3,92.0,False,12.0,,9,,,1.0,1.0,1.0
3966952,9,13,RM,16402,13403,Calera de Tango,2024,CL.SFH.post2021.mad.D,92.0,1,2378702,28987,0.01218605777436602,0.02942095914742451,1449.35,20,3.4461538461538463,4540.126235825472,49.349198215494255,redpe_mid,0.5,5225.0,2612.5,5225.0,0.0,1927.6262358254717,1254.0,1.7914285714285714,2.799107142857143,REDPE_2020,,mid,2.795,8784,2022,SFH,mad,D,3,92.0,False,12.0,,9,,,1.0,1.0,1.0
3201094,10,13,RM,14504,13605,Peñaflor,2024,CL.SFH.preRT.lad.D,52.0,1,2378702,28987,0.01218605777436602,0.02942095914742451,1449.35,20,5.313432835820896,2890.6397384834468,55.58922574006628,coverage_mid,0.5,4335.95960772517,2167.979803862585,4335.95960772517,0.0,722.6599346208623,1040.630305854041,1.48661472264863,2.3228355041384843,coverage_sensitivity,0.75,,,8784,1990,SFH,lad,D,5,52.0,False,12.0,,9,,,1.0,1.0,1.0
3201094,10,13,RM,14504,13605,Peñaflor,2024,CL.SFH.preRT.lad.D,52.0,1,2378702,28987,0.01218605777436602,0.02942095914742451,1449.35,20,5.313432835820896,2890.6397384834468,55.58922574006628,redpe_mid,0.5,5225.0,2612.4999999999995,5224.999999999999,9.094947017729282e-13,278.13973848344716,1253.9999999999998,1.7914285714285711,2.7991071428571423,REDPE_2020,,mid,2.795,8784,1990,SFH,lad,D,5,52.0,False,12.0,,9,,,1.0,1.0,1.0
2688539,11,13,RM,14107,13126,Quinta Normal,2024,CL.SFH.preRT.mad.D,48.0,1,2378702,28987,0.01218605777436602,0.02942095914742451,1449.35,20,3.216666666666667,3615.4006964790515,75.32084784331357,coverage_mid,0.5,5423.101044718577,2711.5505223592886,5423.101044718577,0.0,903.8501741197629,1301.5442507324585,1.8593489296177979,2.905232702527809,coverage_sensitivity,0.75,,,8784,1990,SFH,mad,D,3,48.0,False,12.0,,9,,,1.0,1.0,1.0
2688539,11,13,RM,14107,13126,Quinta Normal,2024,CL.SFH.preRT.mad.D,48.0,1,2378702,28987,0.01218605777436602,0.02942095914742451,1449.35,20,3.216666666666667,3615.4006964790515,75.32084784331357,redpe_mid,0.5,5225.0,2612.5,5225.0,0.0,1002.9006964790515,1254.0,1.7914285714285714,2.799107142857143,REDPE_2020,,mid,2.795,8784,1990,SFH,mad,D,3,48.0,False,12.0,,9,,,1.0,1.0,1.0
3895588,12,13,RM,16303,13203,San José de Maipo,2024,CL.SFH.RT2.lad.D,405.0,1,2378702,28987,0.01218605777436602,0.02942095914742451,1449.35,20,5.260504201680672,95930.7150239875,236.86596302219138,coverage_mid,0.5,143896.07253598125,71948.03626799062,143896.07253598125,0.0,23982.678755996876,34535.0574086355,49.33579629805071,77.08718171570423,coverage_sensitivity,0.75,,,8784,2011,SFH,lad,D,5,405.0,False,12.0,,9,,,1.0,1.0,1.0
3895588,12,13,RM,16303,13203,San José de Maipo,2024,CL.SFH.RT2.lad.D,405.0,1,2378702,28987,0.01218605777436602,0.02942095914742451,1449.35,20,5.260504201680672,95930.7150239875,236.86596302219138,redpe_mid,0.5,5225.0,2612.5,5225.0,0.0,93318.2150239875,1254.0,1.7914285714285714,2.799107142857143,REDPE_2020,,mid,2.795,8784,2011,SFH,lad,D,5,405.0,False,12.0,,9,,,1.0,1.0,1.0
3505199,13,13,RM,15152,13122,Peñalolén,2024,CL.SFH.preRT.mad.D,123.0,1,2378702,28987,0.01218605777436602,0.02942095914742451,1449.35,20,3.53125,16811.49013210776,136.6787815618517,coverage_mid,0.5,25217.235198161638,12608.617599080819,25217.235198161638,0.0,4202.872533026942,6052.136447558793,8.645909210798276,13.509233141872306,coverage_sensitivity,0.75,,,8784,1990,SFH,mad,D,4,123.0,False,12.0,,9,,,1.0,1.0,1.0
3505199,13,13,RM,15152,13122,Peñalolén,2024,CL.SFH.preRT.mad.D,123.0,1,2378702,28987,0.01218605777436602,0.02942095914742451,1449.35,20,3.53125,16811.49013210776,136.6787815618517,redpe_mid,0.5,5225.0,2612.5000000000005,5225.000000000001,0.0,14198.990132107758,1254.0000000000002,1.7914285714285718,2.7991071428571432,REDPE_2020,,mid,2.795,8784,1990,SFH,mad,D,4,123.0,False,12.0,,9,,,1.0,1.0,1.0
2769525,14,13,RM,14109,13119,Maipú,2024,CL.SFH.preRT.mad.D,64.0,1,2378702,28987,0.01218605777436602,0.02942095914742451,1449.35,20,21.571428571428573,4018.258791515051,62.785293617422674,coverage_mid,0.5,6027.388187272577,3013.694093636288,6027.388187272576,9.094947017729282e-13,1004.564697878763,1446.5731649454183,2.066533092779169,3.2289579574674514,coverage_sensitivity,0.75,,,8784,1990,SFH,mad,D,8,64.0,False,12.0,,9,,,1.0,1.0,1.0
2769525,14,13,RM,14109,13119,Maipú,2024,CL.SFH.preRT.mad.D,64.0,1,2378702,28987,0.01218605777436602,0.02942095914742451,1449.35,20,21.571428571428573,4018.258791515051,62.785293617422674,redpe_mid,0.5,5225.0,2612.5,5225.0,0.0,1405.7587915150514,1254.0,1.7914285714285714,2.799107142857143,REDPE_2020,,mid,2.795,8784,1990,SFH,mad,D,8,64.0,False,12.0,,9,,,1.0,1.0,1.0
3577155,15,13,RM,16131,13111,La Granja,2024,CL.SFH.preRT.lad.D,78.0,1,2378702,28987,0.01218605777436602,0.02942095914742451,1449.35,20,4.645161290322581,5948.325642356522,76.26058515841694,coverage_mid,0.5,8922.488463534783,4461.24423176739,8922.48846353478,1.8189894035458565e-12,1487.0814105891304,2141.3972312483475,3.0591389017833537,4.77990453403649,coverage_sensitivity,0.75,,,8784,1990,SFH,lad,D,5,78.0,False,12.0,,9,,,1.0,1.0,1.0
3577155,15,13,RM,16131,13111,La Granja,2024,CL.SFH.preRT.lad.D,78.0,1,2378702,28987,0.01218605777436602,0.02942095914742451,1449.35,20,4.645161290322581,5948.325642356522,76.26058515841694,redpe_mid,0.5,5225.0,2612.5,5225.0,0.0,3335.8256423565213,1254.0,1.7914285714285714,2.799107142857143,REDPE_2020,,mid,2.795,8784,1990,SFH,lad,D,5,78.0,False,12.0,,9,,,1.0,1.0,1.0
2877483,16,13,RM,14111,13124,Pudahuel,2024,CL.SFH.RT1.mad.D,104.0,1,2378702,28987,0.01218605777436602,0.02942095914742451,1449.35,20,38.0,7682.101967504892,73.86636507216242,coverage_mid,0.5,11523.152951257338,5761.576475628669,11523.152951257338,0.0,1920.525491876223,2765.556708301761,3.950795297573944,6.173117652459287,coverage_sensitivity,0.75,,,8784,2003,SFH,mad,D,8,104.0,False,12.0,,9,,,1.0,1.0,1.0
2877483,16,13,RM,14111,13124,Pudahuel,2024,CL.SFH.RT1.mad.D,104.0,1,2378702,28987,0.01218605777436602,0.02942095914742451,1449.35,20,38.0,7682.101967504892,73.86636507216242,redpe_mid,0.5,5225.0,2612.5,5225.0,0.0,5069.601967504892,1254.0,1.7914285714285714,2.799107142857143,REDPE_2020,,mid,2.795,8784,2003,SFH,mad,D,8,104.0,False,12.0,,9,,,1.0,1.0,1.0
2973162,17,13,RM,14127,13104,Conchalí,2024,CL.SFH.preRT.mad.D,36.0,1,2378702,28987,0.01218605777436602,0.02942095914742451,1449.35,20,4.584905660377358,2343.903971746731,65.1084436596314,coverage_mid,0.5,3515.855957620096,1757.9279788100482,3515.8559576200964,0.0,585.9759929366825,843.8054298288231,1.20543632832689,1.8834942630107656,coverage_sensitivity,0.75,,,8784,1990,SFH,mad,D,5,36.0,False,12.0,,9,,,1.0,1.0,1.0
2973162,17,13,RM,14127,13104,Conchalí,2024,CL.SFH.preRT.mad.D,36.0,1,2378702,28987,0.01218605777436602,0.02942095914742451,1449.35,20,4.584905660377358,2343.903971746731,65.1084436596314,redpe_mid,0.5,5225.0,2343.903971746731,4687.807943493462,537.1920565065384,0.0,1125.0739064384309,1.607248437769187,2.5113256840143543,REDPE_2020,,mid,2.795,8784,1990,SFH,mad,D,5,36.0,False,12.0,,9,,,1.0,1.0,1.0
3031578,18,13,RM,14157,13106,Estación Central,2024,CL.SFH.preRT.lad.D,62.0,1,2378702,28987,0.01218605777436602,0.02942095914742451,1449.35,20,0.455531453362256,4456.1830325155515,71.8739198792831,coverage_mid,0.5,6684.274548773327,3342.1372743866636,6684.274548773327,0.0,1114.0457581288872,1604.2258917055985,2.291751273865141,3.5808613654142825,coverage_sensitivity,0.75,,,8784,1990,SFH,lad,D,1,62.0,False,12.0,,9,,,1.0,1.0,1.0
3031578,18,13,RM,14157,13106,Estación Central,2024,CL.SFH.preRT.lad.D,62.0,1,2378702,28987,0.01218605777436602,0.02942095914742451,1449.35,20,0.455531453362256,4456.1830325155515,71.8739198792831,redpe_mid,0.5,5225.0,2612.5000000000005,5225.000000000001,0.0,1843.6830325155508,1254.0000000000002,1.7914285714285718,2.7991071428571432,REDPE_2020,,mid,2.795,8784,1990,SFH,lad,D,1,62.0,False,12.0,,9,,,1.0,1.0,1.0
3048726,19,13,RM,14158,13107,Huechuraba,2024,CL.SFH.preRT.mad.D,29.0,1,2378702,28987,0.01218605777436602,0.02942095914742451,1449.35,20,3.1666666666666665,2874.2354995887877,99.1115689513375,coverage_mid,0.5,4311.353249383182,2155.676624691591,4311.353249383182,0.0,718.5588748971973,1034.7247798519636,1.4781782569313766,2.3096535264552758,coverage_sensitivity,0.75,,,8784,1990,SFH,mad,D,3,29.0,False,12.0,,9,,,1.0,1.0,1.0
3048726,19,13,RM,14158,13107,Huechuraba,2024,CL.SFH.preRT.mad.D,29.0,1,2378702,28987,0.01218605777436602,0.02942095914742451,1449.35,20,3.1666666666666665,2874.2354995887877,99.1115689513375,redpe_mid,0.5,5225.0,2612.5000000000005,5225.000000000001,0.0,261.73549958878806,1254.0000000000002,1.7914285714285718,2.7991071428571432,REDPE_2020,,mid,2.795,8784,1990,SFH,mad,D,3,29.0,False,12.0,,9,,,1.0,1.0,1.0
3165428,20,13,RM,14501,13601,Talagante,2024,CL.SFH.preRT.mad.D,38.0,1,2378702,28987,0.01218605777436602,0.02942095914742451,1449.35,20,2.642857142857143,2856.028099377866,75.15863419415437,coverage_mid,0.5,4284.0421490667995,2142.0210745334,4284.0421490668,0.0,714.0070248444663,1028.1701157760322,1.4688144511086174,2.2950225798572146,coverage_sensitivity,0.75,,,8784,1990,SFH,mad,D,3,38.0,False,12.0,,9,,,1.0,1.0,1.0
3165428,20,13,RM,14501,13601,Talagante,2024,CL.SFH.preRT.mad.D,38.0,1,2378702,28987,0.01218605777436602,0.02942095914742451,1449.35,20,2.642857142857143,2856.028099377866,75.15863419415437,redpe_mid,0.5,5225.0,2612.5,5225.0,0.0,243.52809937786608,1254.0,1.7914285714285714,2.799107142857143,REDPE_2020,,mid,2.795,8784,1990,SFH,mad,D,3,38.0,False,12.0,,9,,,1.0,1.0,1.0
2355533,1,14,Los Rios,10110,14107,Paillaco,2024,CL.SFH.preRT.mad.F,49.0,1,97794,67772,0.6930077509867681,0.06878660238518143,2053.6969696969695,33,2.5357142857142856,8171.059155740712,166.75630930083088,coverage_mid,0.5,12256.588733611068,6128.294366805534,12256.588733611068,0.0,2042.7647889351774,2941.5812960666567,4.202258994380938,6.5660296787202155,coverage_sensitivity,0.75,,,8784,1990,SFH,mad,F,3,49.0,True,12.0,1106.6182659429655,9,1015.2865739397402,1.0899565643312112,1.1191145016205086,1.0987669652274084,1.2367287674624154
2355533,1,14,Los Rios,10110,14107,Paillaco,2024,CL.SFH.preRT.mad.F,49.0,1,97794,67772,0.6930077509867681,0.06878660238518143,2053.6969696969695,33,2.5357142857142856,8171.059155740712,166.75630930083088,redpe_mid,0.5,26430.0,8171.059155740712,16342.118311481425,10087.881688518575,0.0,3922.108394755542,5.603011992507917,8.75470623829362,REDPE_2020,,mid,14.16,8784,1990,SFH,mad,F,3,49.0,True,12.0,1106.6182659429655,9,1015.2865739397402,1.0899565643312112,1.1191145016205086,1.0987669652274084,1.2367287674624154
2301379,2,14,Los Rios,10101,14101,Valdivia,2024,CL.SFH.preRT.mad.G,45.0,1,97794,67772,0.6930077509867681,0.06878660238518143,2053.6969696969695,33,3.5217391304347827,4670.362674116305,103.78583720258456,coverage_mid,0.5,7005.544011174457,3502.7720055872283,7005.5440111744565,9.094947017729282e-13,1167.5906685290772,1681.3305626818697,2.4019008038312424,3.7529700059863162,coverage_sensitivity,0.75,,,8784,1990,SFH,mad,G,4,45.0,True,12.0,1106.6182659429655,9,1015.2865739397402,1.0899565643312112,1.1191145016205086,1.0987669652274084,1.2367287674624154
2301379,2,14,Los Rios,10101,14101,Valdivia,2024,CL.SFH.preRT.mad.G,45.0,1,97794,67772,0.6930077509867681,0.06878660238518143,2053.6969696969695,33,3.5217391304347827,4670.362674116305,103.78583720258456,redpe_mid,0.5,26430.0,4670.362674116305,9340.72534823261,17089.274651767388,0.0,2241.7740835758264,3.2025344051083233,5.003960007981755,REDPE_2020,,mid,14.16,8784,1990,SFH,mad,G,4,45.0,True,12.0,1106.6182659429655,9,1015.2865739397402,1.0899565643312112,1.1191145016205086,1.0987669652274084,1.2367287674624154
2366833,3,14,Los Rios,10112,14203,Lago Ranco,2024,CL.SFH.preRT.mad.F,100.0,1,97794,67772,0.6930077509867681,0.06878660238518143,2053.6969696969695,33,1.5,20165.747258272906,201.65747258272907,coverage_mid,0.5,30248.620887409357,15124.310443704679,30248.620887409357,0.0,5041.436814568224,7259.669012978246,10.370955732826067,16.20461833254073,coverage_sensitivity,0.75,,,8784,1990,SFH,mad,F,2,100.0,True,12.0,1106.6182659429655,9,1015.2865739397402,1.0899565643312112,1.1191145016205086,1.0987669652274084,1.2367287674624154
2366833,3,14,Los Rios,10112,14203,Lago Ranco,2024,CL.SFH.preRT.mad.F,100.0,1,97794,67772,0.6930077509867681,0.06878660238518143,2053.6969696969695,33,1.5,20165.747258272906,201.65747258272907,redpe_mid,0.5,26430.0,13215.0,26430.0,0.0,6950.747258272903,6343.2,9.061714285714286,14.158928571428572,REDPE_2020,,mid,14.16,8784,1990,SFH,mad,F,2,100.0,True,12.0,1106.6182659429655,9,1015.2865739397402,1.0899565643312112,1.1191145016205086,1.0987669652274084,1.2367287674624154
2323851,4,14,Los Rios,10103,14103,Lanco,2024,CL.SFH.post2021.mad.F,46.0,1,97794,67772,0.6930077509867681,0.06878660238518143,2053.6969696969695,33,2.263157894736842,7768.989255642223,168.89107077483092,coverage_mid,0.5,11653.483883463334,5826.741941731667,11653.483883463334,0.0,1942.247313910557,2796.8361320312006,3.9954801886160007,6.242937794712501,coverage_sensitivity,0.75,,,8784,2022,SFH,mad,F,2,46.0,True,12.0,1106.6182659429655,9,1015.2865739397402,1.0899565643312112,1.1191145016205086,1.0987669652274084,1.2367287674624154
2323851,4,14,Los Rios,10103,14103,Lanco,2024,CL.SFH.post2021.mad.F,46.0,1,97794,67772,0.6930077509867681,0.06878660238518143,2053.6969696969695,33,2.263157894736842,7768.989255642223,168.89107077483092,redpe_mid,0.5,26430.0,7768.989255642223,15537.978511284446,10892.021488715554,0.0,3729.114842708267,5.327306918154667,8.323917059616667,REDPE_2020,,mid,14.16,8784,2022,SFH,mad,F,2,46.0,True,12.0,1106.6182659429655,9,1015.2865739397402,1.0899565643312112,1.1191145016205086,1.0987669652274084,1.2367287674624154
2363208,5,14,Los Rios,10111,14204,Río Bueno,2024,CL.SFH.preRT.mad.F,100.0,1,97794,67772,0.6930077509867681,0.06878660238518143,2053.6969696969695,33,2.142857142857143,15481.176903509004,154.81176903509004,coverage_mid,0.5,23221.765355263506,11610.882677631751,23221.765355263502,3.637978807091713e-12,3870.294225877251,5573.22368526324,7.9617481218046295,12.440231440319733,coverage_sensitivity,0.75,,,8784,1990,SFH,mad,F,2,100.0,True,12.0,1106.6182659429655,9,1015.2865739397402,1.0899565643312112,1.1191145016205086,1.0987669652274084,1.2367287674624154
2363208,5,14,Los Rios,10111,14204,Río Bueno,2024,CL.SFH.preRT.mad.F,100.0,1,97794,67772,0.6930077509867681,0.06878660238518143,2053.6969696969695,33,2.142857142857143,15481.176903509004,154.81176903509004,redpe_mid,0.5,26430.0,13214.999999999996,26429.999999999993,7.275957614183426e-12,2266.1769035090038,6343.199999999998,9.061714285714283,14.158928571428566,REDPE_2020,,mid,14.16,8784,1990,SFH,mad,F,2,100.0,True,12.0,1106.6182659429655,9,1015.2865739397402,1.0899565643312112,1.1191145016205086,1.0987669652274084,1.2367287674624154
2331913,6,14,Los Rios,10105,14202,Futrono,2024,CL.SFH.RT2.mad.F,55.0,1,97794,67772,0.6930077509867681,0.06878660238518143,2053.6969696969695,33,3.6575342465753424,11981.066251859367,217.83756821562486,coverage_mid,0.5,17971.59937778905,8985.799688894524,17971.599377789047,3.637978807091713e-12,2995.266562964842,4313.183850669371,6.161691215241959,9.62764252381556,coverage_sensitivity,0.75,,,8784,2011,SFH,mad,F,4,55.0,True,12.0,1106.6182659429655,9,1015.2865739397402,1.0899565643312112,1.1191145016205086,1.0987669652274084,1.2367287674624154
2331913,6,14,Los Rios,10105,14202,Futrono,2024,CL.SFH.RT2.mad.F,55.0,1,97794,67772,0.6930077509867681,0.06878660238518143,2053.6969696969695,33,3.6575342465753424,11981.066251859367,217.83756821562486,redpe_mid,0.5,26430.0,11981.066251859367,23962.132503718734,2467.8674962812656,0.0,5750.911800892497,8.21558828698928,12.836856698420751,REDPE_2020,,mid,14.16,8784,2011,SFH,mad,F,4,55.0,True,12.0,1106.6182659429655,9,1015.2865739397402,1.0899565643312112,1.1191145016205086,1.0987669652274084,1.2367287674624154
2339667,7,14,Los Rios,10108,14108,Panguipulli,2024,CL.SFH.preRT.mad.F,72.0,1,97794,67772,0.6930077509867681,0.06878660238518143,2053.6969696969695,33,3.2758620689655173,13113.440156624452,182.13111328645073,coverage_mid,0.5,19670.16023493668,9835.08011746834,19670.16023493668,0.0,3278.3600391561117,4720.838456384804,6.744054937692577,10.53758584014465,coverage_sensitivity,0.75,,,8784,1990,SFH,mad,F,3,72.0,True,12.0,1106.6182659429655,9,1015.2865739397402,1.0899565643312112,1.1191145016205086,1.0987669652274084,1.2367287674624154
2339667,7,14,Los Rios,10108,14108,Panguipulli,2024,CL.SFH.preRT.mad.F,72.0,1,97794,67772,0.6930077509867681,0.06878660238518143,2053.6969696969695,33,3.2758620689655173,13113.440156624452,182.13111328645073,redpe_mid,0.5,26430.0,13113.440156624452,26226.880313248905,203.1196867510953,0.0,6294.4512751797365,8.992073250256766,14.050114453526197,REDPE_2020,,mid,14.16,8784,1990,SFH,mad,F,3,72.0,True,12.0,1106.6182659429655,9,1015.2865739397402,1.0899565643312112,1.1191145016205086,1.0987669652274084,1.2367287674624154
2329058,8,14,Los Rios,10104,14104,Los Lagos,2024,CL.SFH.preRT.mad.F,57.0,1,97794,67772,0.6930077509867681,0.06878660238518143,2053.6969696969695,33,3.4827586206896552,8945.203529175873,156.93339524869953,coverage_mid,0.5,13417.80529376381,6708.902646881905,13417.80529376381,0.0,2236.3008822939682,3220.273270503314,4.600390386433306,7.18810997880204,coverage_sensitivity,0.75,,,8784,1990,SFH,mad,F,3,57.0,True,12.0,1106.6182659429655,9,1015.2865739397402,1.0899565643312112,1.1191145016205086,1.0987669652274084,1.2367287674624154
2329058,8,14,Los Rios,10104,14104,Los Lagos,2024,CL.SFH.preRT.mad.F,57.0,1,97794,67772,0.6930077509867681,0.06878660238518143,2053.6969696969695,33,3.4827586206896552,8945.203529175873,156.93339524869953,redpe_mid,0.5,26430.0,8945.203529175873,17890.407058351746,8539.592941648254,0.0,4293.69769400442,6.1338538485777425,9.584146638402723,REDPE_2020,,mid,14.16,8784,1990,SFH,mad,F,3,57.0,True,12.0,1106.6182659429655,9,1015.2865739397402,1.0899565643312112,1.1191145016205086,1.0987669652274084,1.2367287674624154
2321745,9,14,Los Rios,10102,14106,Mariquina,2024,CL.SFH.CEV.mad.G,43.0,1,97794,67772,0.6930077509867681,0.06878660238518143,2053.6969696969695,33,2.9420289855072466,3550.478842925441,82.56927541687072,coverage_mid,0.5,5325.7182643881615,2662.8591321940803,5325.718264388161,9.094947017729282e-13,887.6197107313604,1278.1723834531585,1.8259605477902265,2.8530633559222287,coverage_sensitivity,0.75,,,8784,2018,SFH,mad,G,3,43.0,True,12.0,1106.6182659429655,9,1015.2865739397402,1.0899565643312112,1.1191145016205086,1.0987669652274084,1.2367287674624154
2321745,9,14,Los Rios,10102,14106,Mariquina,2024,CL.SFH.CEV.mad.G,43.0,1,97794,67772,0.6930077509867681,0.06878660238518143,2053.6969696969695,33,2.9420289855072466,3550.478842925441,82.56927541687072,redpe_mid,0.5,26430.0,3550.478842925441,7100.957685850882,19329.04231414912,0.0,1704.2298446042116,2.434614063720302,3.804084474562972,REDPE_2020,,mid,14.16,8784,2018,SFH,mad,G,3,43.0,True,12.0,1106.6182659429655,9,1015.2865739397402,1.0899565643312112,1.1191145016205086,1.0987669652274084,1.2367287674624154
2334265,10,14,Los Rios,10106,14102,Corral,2024,CL.SFH.post2021.mad.G,90.0,1,97794,67772,0.6930077509867681,0.06878660238518143,2053.6969696969695,33,68.0,5763.4293451852245,64.03810383539138,coverage_mid,0.5,8645.144017777837,4322.572008888918,8645.144017777837,0.0,1440.8573362963052,2074.834564266681,2.9640493775238297,4.631327152380984,coverage_sensitivity,0.75,,,8784,2022,SFH,mad,G,8,90.0,True,12.0,1106.6182659429655,9,1015.2865739397402,1.0899565643312112,1.1191145016205086,1.0987669652274084,1.2367287674624154
2334265,10,14,Los Rios,10106,14102,Corral,2024,CL.SFH.post2021.mad.G,90.0,1,97794,67772,0.6930077509867681,0.06878660238518143,2053.6969696969695,33,68.0,5763.4293451852245,64.03810383539138,redpe_mid,0.5,26430.0,5763.4293451852245,11526.858690370449,14903.141309629551,0.0,2766.4460856889077,3.9520658366984396,6.175102869841312,REDPE_2020,,mid,14.16,8784,2022,SFH,mad,G,8,90.0,True,12.0,1106.6182659429655,9,1015.2865739397402,1.0899565643312112,1.1191145016205086,1.0987669652274084,1.2367287674624154
2350060,11,14,Los Rios,10109,14201,La Unión,2024,CL.SFH.RT1.mad.F,50.0,1,97794,67772,0.6930077509867681,0.06878660238518143,2053.6969696969695,33,2.28,8966.864883344697,179.33729766689393,coverage_mid,0.5,13450.297325017045,6725.148662508522,13450.297325017043,1.8189894035458565e-12,2241.716220836176,3228.0713580040906,4.611530511434415,7.205516424116273,coverage_sensitivity,0.75,,,8784,2003,SFH,mad,F,2,50.0,True,12.0,1106.6182659429655,9,1015.2865739397402,1.0899565643312112,1.1191145016205086,1.0987669652274084,1.2367287674624154
2350060,11,14,Los Rios,10109,14201,La Unión,2024,CL.SFH.RT1.mad.F,50.0,1,97794,67772,0.6930077509867681,0.06878660238518143,2053.6969696969695,33,2.28,8966.864883344697,179.33729766689393,redpe_mid,0.5,26430.0,8966.864883344697,17933.729766689394,8496.270233310606,0.0,4304.095144005454,6.1487073485792205,9.607355232155031,REDPE_2020,,mid,14.16,8784,2003,SFH,mad,F,2,50.0,True,12.0,1106.6182659429655,9,1015.2865739397402,1.0899565643312112,1.1191145016205086,1.0987669652274084,1.2367287674624154
2336620,12,14,Los Rios,10107,14105,Máfil,2024,CL.SFH.RT1.mad.G,42.0,1,97794,67772,0.6930077509867681,0.06878660238518143,2053.6969696969695,33,3.875,4539.794285489545,108.09034013070344,coverage_mid,0.5,6809.691428234317,3404.845714117159,6809.691428234318,0.0,1134.9485713723861,1634.3259427762362,2.3347513468231944,3.648048979411241,coverage_sensitivity,0.75,,,8784,2003,SFH,mad,G,4,42.0,True,12.0,1106.6182659429655,9,1015.2865739397402,1.0899565643312112,1.1191145016205086,1.0987669652274084,1.2367287674624154
2336620,12,14,Los Rios,10107,14105,Máfil,2024,CL.SFH.RT1.mad.G,42.0,1,97794,67772,0.6930077509867681,0.06878660238518143,2053.6969696969695,33,3.875,4539.794285489545,108.09034013070344,redpe_mid,0.5,26430.0,4539.794285489545,9079.58857097909,17350.41142902091,0.0,2179.1012570349817,3.1130017957642595,4.864065305881655,REDPE_2020,,mid,14.16,8784,2003,SFH,mad,G,4,42.0,True,12.0,1106.6182659429655,9,1015.2865739397402,1.0899565643312112,1.1191145016205086,1.0987669652274084,1.2367287674624154
2334777,13,14,Los Rios,10106,14102,Corral,2024,CL.SFH.preRT.mad.G,48.0,1,97794,67772,0.6930077509867681,0.06878660238518143,2053.6969696969695,33,3.7291666666666665,5515.688395837815,114.9101749132878,coverage_mid,0.5,8273.532593756721,4136.766296878361,8273.532593756721,0.0,1378.9220989594542,1985.6478225016133,2.836639746430876,4.432249603798244,coverage_sensitivity,0.75,,,8784,1990,SFH,mad,G,4,48.0,True,12.0,1106.6182659429655,9,1015.2865739397402,1.0899565643312112,1.1191145016205086,1.0987669652274084,1.2367287674624154
2334777,13,14,Los Rios,10106,14102,Corral,2024,CL.SFH.preRT.mad.G,48.0,1,97794,67772,0.6930077509867681,0.06878660238518143,2053.6969696969695,33,3.7291666666666665,5515.688395837815,114.9101749132878,redpe_mid,0.5,26430.0,5515.688395837815,11031.37679167563,15398.62320832437,0.0,2647.530430002151,3.7821863285745017,5.909666138397658,REDPE_2020,,mid,14.16,8784,1990,SFH,mad,G,4,48.0,True,12.0,1106.6182659429655,9,1015.2865739397402,1.0899565643312112,1.1191145016205086,1.0987669652274084,1.2367287674624154
2321737,14,14,Los Rios,10102,14106,Mariquina,2024,CL.SFH.preRT.mad.G,54.0,1,97794,67772,0.6930077509867681,0.06878660238518143,2053.6969696969695,33,5.444444444444445,4654.161900970081,86.1881833512978,coverage_mid,0.5,6981.242851455121,3490.62142572756,6981.24285145512,9.094947017729282e-13,1163.5404752425202,1675.498284349229,2.3935689776417557,3.739951527565243,coverage_sensitivity,0.75,,,8784,1990,SFH,mad,G,5,54.0,True,12.0,1106.6182659429655,9,1015.2865739397402,1.0899565643312112,1.1191145016205086,1.0987669652274084,1.2367287674624154
2321737,14,14,Los Rios,10102,14106,Mariquina,2024,CL.SFH.preRT.mad.G,54.0,1,97794,67772,0.6930077509867681,0.06878660238518143,2053.6969696969695,33,5.444444444444445,4654.161900970081,86.1881833512978,redpe_mid,0.5,26430.0,4654.161900970081,9308.323801940162,17121.67619805984,0.0,2233.997712465639,3.191425303522341,4.986602036753658,REDPE_2020,,mid,14.16,8784,1990,SFH,mad,G,5,54.0,True,12.0,1106.6182659429655,9,1015.2865739397402,1.0899565643312112,1.1191145016205086,1.0987669652274084,1.2367287674624154
2354580,15,14,Los Rios,10110,14107,Paillaco,2024,CL.SFH.preRT.mad.F,42.0,1,97794,67772,0.6930077509867681,0.06878660238518143,2053.6969696969695,33,2.5,7645.649472400902,182.03927315240242,coverage_mid,0.5,11468.474208601352,5734.237104300675,11468.47420860135,1.8189894035458565e-12,1911.4123681002266,2752.433810064324,3.9320483000918913,6.1438254688935805,coverage_sensitivity,0.75,,,8784,1990,SFH,mad,F,2,42.0,True,12.0,1106.6182659429655,9,1015.2865739397402,1.0899565643312112,1.1191145016205086,1.0987669652274084,1.2367287674624154
2354580,15,14,Los Rios,10110,14107,Paillaco,2024,CL.SFH.preRT.mad.F,42.0,1,97794,67772,0.6930077509867681,0.06878660238518143,2053.6969696969695,33,2.5,7645.649472400902,182.03927315240242,redpe_mid,0.5,26430.0,7645.649472400902,15291.298944801803,11138.701055198197,0.0,3669.911746752433,5.24273106678919,8.19176729185811,REDPE_2020,,mid,14.16,8784,1990,SFH,mad,F,2,42.0,True,12.0,1106.6182659429655,9,1015.2865739397402,1.0899565643312112,1.1191145016205086,1.0987669652274084,1.2367287674624154
2331594,16,14,Los Rios,10105,14202,Futrono,2024,CL.SFH.RT2.mad.F,56.0,1,97794,67772,0.6930077509867681,0.06878660238518143,2053.6969696969695,33,3.6575342465753424,12133.548331344042,216.67050591685788,coverage_mid,0.5,18200.322497016063,9100.161248508033,18200.322497016066,0.0,3033.3870828360104,4368.077399283856,6.240110570405508,9.750172766258606,coverage_sensitivity,0.75,,,8784,2011,SFH,mad,F,4,56.0,True,12.0,1106.6182659429655,9,1015.2865739397402,1.0899565643312112,1.1191145016205086,1.0987669652274084,1.2367287674624154
2331594,16,14,Los Rios,10105,14202,Futrono,2024,CL.SFH.RT2.mad.F,56.0,1,97794,67772,0.6930077509867681,0.06878660238518143,2053.6969696969695,33,3.6575342465753424,12133.548331344042,216.67050591685788,redpe_mid,0.5,26430.0,12133.548331344042,24267.096662688084,2162.9033373119164,0.0,5824.10319904514,8.320147427207344,13.000230355011475,REDPE_2020,,mid,14.16,8784,2011,SFH,mad,F,4,56.0,True,12.0,1106.6182659429655,9,1015.2865739397402,1.0899565643312112,1.1191145016205086,1.0987669652274084,1.2367287674624154
2326412,17,14,Los Rios,10103,14103,Lanco,2024,CL.SFH.RT1.mad.F,73.0,1,97794,67772,0.6930077509867681,0.06878660238518143,2053.6969696969695,33,2.7058823529411766,10807.341533767401,148.04577443516988,coverage_mid,0.5,16211.012300651102,8105.506150325551,16211.012300651102,0.0,2701.835383441852,3890.642952156265,5.558061360223236,8.684470875348806,coverage_sensitivity,0.75,,,8784,2003,SFH,mad,F,3,73.0,True,12.0,1106.6182659429655,9,1015.2865739397402,1.0899565643312112,1.1191145016205086,1.0987669652274084,1.2367287674624154
2326412,17,14,Los Rios,10103,14103,Lanco,2024,CL.SFH.RT1.mad.F,73.0,1,97794,67772,0.6930077509867681,0.06878660238518143,2053.6969696969695,33,2.7058823529411766,10807.341533767401,148.04577443516988,redpe_mid,0.5,26430.0,10807.341533767401,21614.683067534803,4815.316932465197,0.0,5187.523936208353,7.410748480297647,11.579294500465073,REDPE_2020,,mid,14.16,8784,2003,SFH,mad,F,3,73.0,True,12.0,1106.6182659429655,9,1015.2865739397402,1.0899565643312112,1.1191145016205086,1.0987669652274084,1.2367287674624154
2342848,18,14,Los Rios,10108,14108,Panguipulli,2024,CL.SFH.post2021.mad.F,200.0,1,97794,67772,0.6930077509867681,0.06878660238518143,2053.6969696969695,33,6.064516129032258,20612.663828310004,103.06331914155002,coverage_mid,0.5,30918.995742465006,15459.497871232503,30918.995742465006,0.0,5153.165957077501,7420.558978191601,10.600798540273717,16.56374771917768,coverage_sensitivity,0.75,,,8784,2022,SFH,mad,F,6,200.0,True,12.0,1106.6182659429655,9,1015.2865739397402,1.0899565643312112,1.1191145016205086,1.0987669652274084,1.2367287674624154
2342848,18,14,Los Rios,10108,14108,Panguipulli,2024,CL.SFH.post2021.mad.F,200.0,1,97794,67772,0.6930077509867681,0.06878660238518143,2053.6969696969695,33,6.064516129032258,20612.663828310004,103.06331914155002,redpe_mid,0.5,26430.0,13215.0,26430.0,0.0,7397.663828310004,6343.2,9.061714285714286,14.158928571428572,REDPE_2020,,mid,14.16,8784,2022,SFH,mad,F,6,200.0,True,12.0,1106.6182659429655,9,1015.2865739397402,1.0899565643312112,1.1191145016205086,1.0987669652274084,1.2367287674624154
2328792,19,14,Los Rios,10104,14104,Los Lagos,2024,CL.SFH.preRT.mad.F,38.0,1,97794,67772,0.6930077509867681,0.06878660238518143,2053.6969696969695,33,2.5,7003.500377773172,184.3026415203466,coverage_mid,0.5,10505.250566659757,5252.6252833298795,10505.250566659759,0.0,1750.8750944432932,2521.2601359983423,3.601800194283346,5.627812803567728,coverage_sensitivity,0.75,,,8784,1990,SFH,mad,F,2,38.0,True,12.0,1106.6182659429655,9,1015.2865739397402,1.0899565643312112,1.1191145016205086,1.0987669652274084,1.2367287674624154
2328792,19,14,Los Rios,10104,14104,Los Lagos,2024,CL.SFH.preRT.mad.F,38.0,1,97794,67772,0.6930077509867681,0.06878660238518143,2053.6969696969695,33,2.5,7003.500377773172,184.3026415203466,redpe_mid,0.5,26430.0,7003.500377773172,14007.000755546343,12422.999244453657,0.0,3361.6801813311226,4.802400259044461,7.50375040475697,REDPE_2020,,mid,14.16,8784,1990,SFH,mad,F,2,38.0,True,12.0,1106.6182659429655,9,1015.2865739397402,1.0899565643312112,1.1191145016205086,1.0987669652274084,1.2367287674624154
2363323,20,14,Los Rios,10111,14204,Río Bueno,2024,CL.SFH.preRT.mad.F,145.0,1,97794,67772,0.6930077509867681,0.06878660238518143,2053.6969696969695,33,3.3076923076923075,20472.855386093088,141.1921061109868,coverage_mid,0.5,30709.283079139634,15354.641539569819,30709.283079139637,0.0,5118.213846523271,7370.227938993513,10.528897055705018,16.45140164953909,coverage_sensitivity,0.75,,,8784,1990,SFH,mad,F,3,145.0,True,12.0,1106.6182659429655,9,1015.2865739397402,1.0899565643312112,1.1191145016205086,1.0987669652274084,1.2367287674624154
2363323,20,14,Los Rios,10111,14204,Río Bueno,2024,CL.SFH.preRT.mad.F,145.0,1,97794,67772,0.6930077509867681,0.06878660238518143,2053.6969696969695,33,3.3076923076923075,20472.855386093088,141.1921061109868,redpe_mid,0.5,26430.0,13215.000000000002,26430.000000000004,0.0,7257.855386093089,6343.200000000001,9.061714285714286,14.158928571428572,REDPE_2020,,mid,14.16,8784,1990,SFH,mad,F,3,145.0,True,12.0,1106.6182659429655,9,1015.2865739397402,1.0899565643312112,1.1191145016205086,1.0987669652274084,1.2367287674624154
2335409,21,14,Los Rios,10107,14105,Máfil,2024,CL.SFH.post2021.mad.G,60.0,1,97794,67772,0.6930077509867681,0.06878660238518143,2053.6969696969695,33,30.0,3238.8192693931783,53.98032115655297,coverage_mid,0.5,4858.228904089768,2429.114452044884,4858.228904089768,0.0,809.7048173482941,1165.9749369815443,1.665678481402206,2.602622627190947,coverage_sensitivity,0.75,,,8784,2022,SFH,mad,G,8,60.0,True,12.0,1106.6182659429655,9,1015.2865739397402,1.0899565643312112,1.1191145016205086,1.0987669652274084,1.2367287674624154
2335409,21,14,Los Rios,10107,14105,Máfil,2024,CL.SFH.post2021.mad.G,60.0,1,97794,67772,0.6930077509867681,0.06878660238518143,2053.6969696969695,33,30.0,3238.8192693931783,53.98032115655297,redpe_mid,0.5,26430.0,3238.8192693931783,6477.638538786357,19952.361461213644,0.0,1554.6332493087255,2.2209046418696077,3.470163502921262,REDPE_2020,,mid,14.16,8784,2022,SFH,mad,G,8,60.0,True,12.0,1106.6182659429655,9,1015.2865739397402,1.0899565643312112,1.1191145016205086,1.0987669652274084,1.2367287674624154
2353618,22,14,Los Rios,10109,14201,La Unión,2024,CL.SFH.preRT.mad.F,60.0,1,97794,67772,0.6930077509867681,0.06878660238518143,2053.6969696969695,33,17.0,8153.509265890067,135.89182109816778,coverage_mid,0.5,12230.2638988351,6115.13194941755,12230.2638988351,0.0,2038.3773164725171,2935.263335720424,4.193233336743463,6.55192708866166,coverage_sensitivity,0.75,,,8784,1990,SFH,mad,F,8,60.0,True,12.0,1106.6182659429655,9,1015.2865739397402,1.0899565643312112,1.1191145016205086,1.0987669652274084,1.2367287674624154
2353618,22,14,Los Rios,10109,14201,La Unión,2024,CL.SFH.preRT.mad.F,60.0,1,97794,67772,0.6930077509867681,0.06878660238518143,2053.6969696969695,33,17.0,8153.509265890067,135.89182109816778,redpe_mid,0.5,26430.0,8153.509265890067,16307.018531780133,10122.981468219867,0.0,3913.684447627232,5.590977782324617,8.735902784882214,REDPE_2020,,mid,14.16,8784,1990,SFH,mad,F,8,60.0,True,12.0,1106.6182659429655,9,1015.2865739397402,1.0899565643312112,1.1191145016205086,1.0987669652274084,1.2367287674624154
2284689,23,14,Los Rios,10101,14101,Valdivia,2024,CL.SFH.RT1.mad.G,39.0,1,97794,67772,0.6930077509867681,0.06878660238518143,2053.6969696969695,33,2.5846774193548385,4814.1063371570135,123.43862402966701,coverage_mid,0.5,7221.159505735521,3610.57975286776,7221.15950573552,9.094947017729282e-13,1203.526584289254,1733.0782813765247,2.475826116252178,3.8684783066440285,coverage_sensitivity,0.75,,,8784,2003,SFH,mad,G,3,39.0,True,12.0,1106.6182659429655,9,1015.2865739397402,1.0899565643312112,1.1191145016205086,1.0987669652274084,1.2367287674624154
2284689,23,14,Los Rios,10101,14101,Valdivia,2024,CL.SFH.RT1.mad.G,39.0,1,97794,67772,0.6930077509867681,0.06878660238518143,2053.6969696969695,33,2.5846774193548385,4814.1063371570135,123.43862402966701,redpe_mid,0.5,26430.0,4814.1063371570135,9628.212674314027,16801.787325685975,0.0,2310.7710418353668,3.301101488336238,5.1579710755253725,REDPE_2020,,mid,14.16,8784,2003,SFH,mad,G,3,39.0,True,12.0,1106.6182659429655,9,1015.2865739397402,1.0899565643312112,1.1191145016205086,1.0987669652274084,1.2367287674624154
2365647,24,14,Los Rios,10112,14203,Lago Ranco,2024,CL.SFH.preRT.mad.F,91.0,1,97794,67772,0.6930077509867681,0.06878660238518143,2053.6969696969695,33,2.5,18740.389606231704,205.93834732122752,coverage_mid,0.5,28110.584409347553,14055.292204673779,28110.584409347557,0.0,4685.097401557927,6746.540258243414,9.63791465463345,15.059241647864765,coverage_sensitivity,0.75,,,8784,1990,SFH,mad,F,2,91.0,True,12.0,1106.6182659429655,9,1015.2865739397402,1.0899565643312112,1.1191145016205086,1.0987669652274084,1.2367287674624154
2365647,24,14,Los Rios,10112,14203,Lago Ranco,2024,CL.SFH.preRT.mad.F,91.0,1,97794,67772,0.6930077509867681,0.06878660238518143,2053.6969696969695,33,2.5,18740.389606231704,205.93834732122752,redpe_mid,0.5,26430.0,13215.000000000002,26430.000000000004,0.0,5525.389606231704,6343.200000000001,9.061714285714286,14.158928571428572,REDPE_2020,,mid,14.16,8784,1990,SFH,mad,F,2,91.0,True,12.0,1106.6182659429655,9,1015.2865739397402,1.0899565643312112,1.1191145016205086,1.0987669652274084,1.2367287674624154
2331769,25,14,Los Rios,10105,14202,Futrono,2024,CL.SFH.RT1.hor.F,351.0,1,97794,67772,0.6930077509867681,0.06878660238518143,2053.6969696969695,33,1.3333333333333333,47277.534052963696,134.69382921072278,coverage_mid,0.5,70916.30107944555,35458.150539722774,70916.30107944555,0.0,11819.383513240924,17019.912259066932,24.314160370095617,37.9908755782744,coverage_sensitivity,0.75,,,8784,2003,SFH,hor,F,1,351.0,True,12.0,1106.6182659429655,9,1015.2865739397402,1.0899565643312112,1.1191145016205086,1.0987669652274084,1.2367287674624154
2331769,25,14,Los Rios,10105,14202,Futrono,2024,CL.SFH.RT1.hor.F,351.0,1,97794,67772,0.6930077509867681,0.06878660238518143,2053.6969696969695,33,1.3333333333333333,47277.534052963696,134.69382921072278,redpe_mid,0.5,26430.0,13215.000000000002,26430.000000000004,0.0,34062.5340529637,6343.200000000001,9.061714285714286,14.158928571428572,REDPE_2020,,mid,14.16,8784,2003,SFH,hor,F,1,351.0,True,12.0,1106.6182659429655,9,1015.2865739397402,1.0899565643312112,1.1191145016205086,1.0987669652274084,1.2367287674624154
2280231,26,14,Los Rios,10101,14101,Valdivia,2024,CL.SFH.post2021.mad.G,82.0,1,97794,67772,0.6930077509867681,0.06878660238518143,2053.6969696969695,33,3.243353783231084,6330.612191074491,77.20258769603038,coverage_mid,0.5,9495.918286611737,4747.959143305869,9495.918286611737,0.0,1582.6530477686229,2279.020388786817,3.2557434125525955,5.08709908211343,coverage_sensitivity,0.75,,,8784,2022,SFH,mad,G,3,82.0,True,12.0,1106.6182659429655,9,1015.2865739397402,1.0899565643312112,1.1191145016205086,1.0987669652274084,1.2367287674624154
2280231,26,14,Los Rios,10101,14101,Valdivia,2024,CL.SFH.post2021.mad.G,82.0,1,97794,67772,0.6930077509867681,0.06878660238518143,2053.6969696969695,33,3.243353783231084,6330.612191074491,77.20258769603038,redpe_mid,0.5,26430.0,6330.612191074491,12661.224382148983,13768.775617851017,0.0,3038.693851715756,4.3409912167367946,6.782798776151242,REDPE_2020,,mid,14.16,8784,2022,SFH,mad,G,3,82.0,True,12.0,1106.6182659429655,9,1015.2865739397402,1.0899565643312112,1.1191145016205086,1.0987669652274084,1.2367287674624154
2350425,27,14,Los Rios,10109,14201,La Unión,2024,CL.SFH.CEV.mad.F,35.0,1,97794,67772,0.6930077509867681,0.06878660238518143,2053.6969696969695,33,2.4545454545454546,6997.759525898336,199.93598645423816,coverage_mid,0.5,10496.639288847504,5248.319644423753,10496.639288847506,0.0,1749.439881474583,2519.1934293234012,3.5988477561762875,5.623199619025449,coverage_sensitivity,0.75,,,8784,2018,SFH,mad,F,2,35.0,True,12.0,1106.6182659429655,9,1015.2865739397402,1.0899565643312112,1.1191145016205086,1.0987669652274084,1.2367287674624154
2350425,27,14,Los Rios,10109,14201,La Unión,2024,CL.SFH.CEV.mad.F,35.0,1,97794,67772,0.6930077509867681,0.06878660238518143,2053.6969696969695,33,2.4545454545454546,6997.759525898336,199.93598645423816,redpe_mid,0.5,26430.0,6997.759525898336,13995.519051796671,12434.480948203329,0.0,3358.924572431201,4.798463674901716,7.497599492033931,REDPE_2020,,mid,14.16,8784,2018,SFH,mad,F,2,35.0,True,12.0,1106.6182659429655,9,1015.2865739397402,1.0899565643312112,1.1191145016205086,1.0987669652274084,1.2367287674624154
2342810,28,14,Los Rios,10108,14108,Panguipulli,2024,CL.SFH.RT1.mad.F,36.0,1,97794,67772,0.6930077509867681,0.06878660238518143,2053.6969696969695,33,2.3421052631578947,8358.934614999156,232.192628194421,coverage_mid,0.5,12538.401922498735,6269.200961249368,12538.401922498737,0.0,2089.7336537497886,3009.2164613996965,4.298880659142424,6.717001029910037,coverage_sensitivity,0.75,,,8784,2003,SFH,mad,F,2,36.0,True,12.0,1106.6182659429655,9,1015.2865739397402,1.0899565643312112,1.1191145016205086,1.0987669652274084,1.2367287674624154
2342810,28,14,Los Rios,10108,14108,Panguipulli,2024,CL.SFH.RT1.mad.F,36.0,1,97794,67772,0.6930077509867681,0.06878660238518143,2053.6969696969695,33,2.3421052631578947,8358.934614999156,232.192628194421,redpe_mid,0.5,26430.0,8358.934614999156,16717.869229998312,9712.130770001688,0.0,4012.288615199595,5.7318408788565645,8.956001373213383,REDPE_2020,,mid,14.16,8784,2003,SFH,mad,F,2,36.0,True,12.0,1106.6182659429655,9,1015.2865739397402,1.0899565643312112,1.1191145016205086,1.0987669652274084,1.2367287674624154
2334311,29,14,Los Rios,10106,14102,Corral,2024,CL.SFH.RT2.mad.G,56.0,1,97794,67772,0.6930077509867681,0.06878660238518143,2053.6969696969695,33,4.0,8108.955841129092,144.80278287730522,coverage_mid,0.5,12163.433761693637,6081.71688084682,12163.43376169364,0.0,2027.2389602822734,2919.2241028064736,4.170320146866391,6.516125229478736,coverage_sensitivity,0.75,,,8784,2011,SFH,mad,G,4,56.0,True,12.0,1106.6182659429655,9,1015.2865739397402,1.0899565643312112,1.1191145016205086,1.0987669652274084,1.2367287674624154
2334311,29,14,Los Rios,10106,14102,Corral,2024,CL.SFH.RT2.mad.G,56.0,1,97794,67772,0.6930077509867681,0.06878660238518143,2053.6969696969695,33,4.0,8108.955841129092,144.80278287730522,redpe_mid,0.5,26430.0,8108.955841129092,16217.911682258184,10212.088317741816,0.0,3892.298803741964,5.56042686248852,8.688166972638312,REDPE_2020,,mid,14.16,8784,2011,SFH,mad,G,4,56.0,True,12.0,1106.6182659429655,9,1015.2865739397402,1.0899565643312112,1.1191145016205086,1.0987669652274084,1.2367287674624154
2365900,30,14,Los Rios,10112,14203,Lago Ranco,2024,CL.SFH.preRT.mad.F,28.0,1,97794,67772,0.6930077509867681,0.06878660238518143,2053.6969696969695,33,1.7857142857142858,8134.042613643426,290.50152191583663,coverage_mid,0.5,12201.06392046514,6100.531960232571,12201.063920465142,0.0,2033.5106534108572,2928.2553409116344,4.1832219155880495,6.536284243106327,coverage_sensitivity,0.75,,,8784,1990,SFH,mad,F,2,28.0,True,12.0,1106.6182659429655,9,1015.2865739397402,1.0899565643312112,1.1191145016205086,1.0987669652274084,1.2367287674624154
2365900,30,14,Los Rios,10112,14203,Lago Ranco,2024,CL.SFH.preRT.mad.F,28.0,1,97794,67772,0.6930077509867681,0.06878660238518143,2053.6969696969695,33,1.7857142857142858,8134.042613643426,290.50152191583663,redpe_mid,0.5,26430.0,8134.042613643426,16268.085227286852,10161.914772713148,0.0,3904.3404545488447,5.577629220784064,8.7150456574751,REDPE_2020,,mid,14.16,8784,1990,SFH,mad,F,2,28.0,True,12.0,1106.6182659429655,9,1015.2865739397402,1.0899565643312112,1.1191145016205086,1.0987669652274084,1.2367287674624154
2354832,31,14,Los Rios,10110,14107,Paillaco,2024,CL.SFH.preRT.mad.F,85.0,1,97794,67772,0.6930077509867681,0.06878660238518143,2053.6969696969695,33,5.545454545454546,11346.990487951518,133.4940057406061,coverage_mid,0.5,17020.485731927278,8510.242865963637,17020.485731927274,3.637978807091713e-12,2836.7476219878768,4084.9165756625457,5.835595108089351,9.118117356389611,coverage_sensitivity,0.75,,,8784,1990,SFH,mad,F,6,85.0,True,12.0,1106.6182659429655,9,1015.2865739397402,1.0899565643312112,1.1191145016205086,1.0987669652274084,1.2367287674624154
2354832,31,14,Los Rios,10110,14107,Paillaco,2024,CL.SFH.preRT.mad.F,85.0,1,97794,67772,0.6930077509867681,0.06878660238518143,2053.6969696969695,33,5.545454545454546,11346.990487951518,133.4940057406061,redpe_mid,0.5,26430.0,11346.990487951518,22693.980975903036,3736.019024096964,0.0,5446.555434216729,7.78079347745247,12.157489808519484,REDPE_2020,,mid,14.16,8784,1990,SFH,mad,F,6,85.0,True,12.0,1106.6182659429655,9,1015.2865739397402,1.0899565643312112,1.1191145016205086,1.0987669652274084,1.2367287674624154
2322465,32,14,Los Rios,10102,14106,Mariquina,2024,CL.SFH.RT1.mad.G,30.0,1,97794,67772,0.6930077509867681,0.06878660238518143,2053.6969696969695,33,1.0909090909090908,4124.099225289522,137.4699741763174,coverage_mid,0.5,6186.148837934283,3093.074418967141,6186.148837934282,9.094947017729282e-13,1031.0248063223814,1484.6757211042277,2.1209653158631823,3.3140083060362224,coverage_sensitivity,0.75,,,8784,2003,SFH,mad,G,1,30.0,True,12.0,1106.6182659429655,9,1015.2865739397402,1.0899565643312112,1.1191145016205086,1.0987669652274084,1.2367287674624154
2322465,32,14,Los Rios,10102,14106,Mariquina,2024,CL.SFH.RT1.mad.G,30.0,1,97794,67772,0.6930077509867681,0.06878660238518143,2053.6969696969695,33,1.0909090909090908,4124.099225289522,137.4699741763174,redpe_mid,0.5,26430.0,4124.099225289522,8248.198450579044,18181.801549420954,0.0,1979.5676281389708,2.827953754484244,4.418677741381631,REDPE_2020,,mid,14.16,8784,2003,SFH,mad,G,1,30.0,True,12.0,1106.6182659429655,9,1015.2865739397402,1.0899565643312112,1.1191145016205086,1.0987669652274084,1.2367287674624154
2362450,33,14,Los Rios,10111,14204,Río Bueno,2024,CL.SFH.CEV.mad.F,44.0,1,97794,67772,0.6930077509867681,0.06878660238518143,2053.6969696969695,33,2.511111111111111,7683.956359359649,174.63537180362837,coverage_mid,0.5,11525.934539039474,5762.967269519736,11525.934539039472,1.8189894035458565e-12,1920.9890898399117,2766.2242893694734,3.951748984813533,6.174607788771145,coverage_sensitivity,0.75,,,8784,2018,SFH,mad,F,3,44.0,True,12.0,1106.6182659429655,9,1015.2865739397402,1.0899565643312112,1.1191145016205086,1.0987669652274084,1.2367287674624154
2362450,33,14,Los Rios,10111,14204,Río Bueno,2024,CL.SFH.CEV.mad.F,44.0,1,97794,67772,0.6930077509867681,0.06878660238518143,2053.6969696969695,33,2.511111111111111,7683.956359359649,174.63537180362837,redpe_mid,0.5,26430.0,7683.956359359649,15367.912718719297,11062.087281280703,0.0,3688.2990524926313,5.268998646418044,8.232810385028195,REDPE_2020,,mid,14.16,8784,2018,SFH,mad,F,3,44.0,True,12.0,1106.6182659429655,9,1015.2865739397402,1.0899565643312112,1.1191145016205086,1.0987669652274084,1.2367287674624154
45480,1,15,Arica y Parinacota,1106,15102,Camarones,2024,CL.SFH.preRT.mad.B,32.0,1,64076,122,0.0019039890130470066,0.0001238264399898503,12.2,10,2.2857142857142856,819.4778627252233,25.60868321016323,coverage_mid,0.5,1229.2167940878348,614.6083970439174,1229.2167940878348,0.0,204.86946568130588,295.0120305810804,0.421445757972972,0.6585089968327688,coverage_sensitivity,0.75,,,8784,1990,SFH,mad,B,2,32.0,False,12.0,,9,,,1.0,1.0,1.0
102596,2,15,Arica y Parinacota,1301,15201,Putre,2024,CL.SFH.preRT.adobe.H,30.0,1,64076,122,0.0019039890130470066,0.0001238264399898503,12.2,10,0.6494845360824743,7385.640729107974,246.18802430359912,coverage_mid,0.5,11078.461093661961,5539.2305468309805,11078.461093661961,0.0,1846.4101822769935,2658.8306624788706,3.798329517826958,5.9348898716046214,coverage_sensitivity,0.75,,,8784,1990,SFH,adobe,H,1,30.0,False,12.0,,9,,,1.0,1.0,1.0
103264,3,15,Arica y Parinacota,1302,15202,General Lagos,2024,CL.SFH.preRT.adobe.H,45.0,1,64076,122,0.0019039890130470066,0.0001238264399898503,12.2,10,1.703125,8504.951637282249,188.99892527293886,coverage_mid,0.5,12757.427455923375,6378.713727961687,12757.427455923375,0.0,2126.237909320562,3061.78258942161,4.373975127745157,6.8343361371018085,coverage_sensitivity,0.75,,,8784,1990,SFH,adobe,H,2,45.0,False,12.0,,9,,,1.0,1.0,1.0
795,4,15,Arica y Parinacota,1101,15101,Arica,2024,CL.SFH.preRT.lad.A,36.0,1,64076,122,0.0019039890130470066,0.0001238264399898503,12.2,10,5.1466666666666665,3468.0581166598568,96.33494768499602,coverage_mid,0.5,5202.087174989785,2601.043587494892,5202.087174989784,9.094947017729282e-13,867.0145291649642,1248.5009219975482,1.783572745710783,2.7868324151730985,coverage_sensitivity,0.75,,,8784,1990,SFH,lad,A,5,36.0,False,12.0,,9,,,1.0,1.0,1.0
103216,5,15,Arica y Parinacota,1302,15202,General Lagos,2024,CL.SFH.preRT.adobe.H,32.0,1,64076,122,0.0019039890130470066,0.0001238264399898503,12.2,10,1.703125,6583.178405168145,205.72432516150454,coverage_mid,0.5,9874.767607752217,4937.383803876108,9874.767607752216,1.8189894035458565e-12,1645.7946012920365,2369.944225860532,3.385634608372188,5.290054075581544,coverage_sensitivity,0.75,,,8784,1990,SFH,adobe,H,2,32.0,False,12.0,,9,,,1.0,1.0,1.0
815,6,15,Arica y Parinacota,1101,15101,Arica,2024,CL.SFH.preRT.lad.A,36.0,1,64076,122,0.0019039890130470066,0.0001238264399898503,12.2,10,5.1466666666666665,3468.0574063465383,96.33492795407051,coverage_mid,0.5,5202.086109519807,2601.043054759904,5202.086109519808,0.0,867.0143515866343,1248.500666284754,1.7835723804067916,2.786831844385612,coverage_sensitivity,0.75,,,8784,1990,SFH,lad,A,5,36.0,False,12.0,,9,,,1.0,1.0,1.0
102640,7,15,Arica y Parinacota,1301,15201,Putre,2024,CL.SFH.preRT.adobe.H,159.0,1,64076,122,0.0019039890130470066,0.0001238264399898503,12.2,10,0.6494845360824743,27056.809232545045,170.16861152544053,coverage_mid,0.5,40585.21384881757,20292.606924408785,40585.21384881757,0.0,6764.20230813626,9740.451323716215,13.914930462451736,21.742078847580835,coverage_sensitivity,0.75,,,8784,1990,SFH,adobe,H,1,159.0,False,12.0,,9,,,1.0,1.0,1.0
103221,8,15,Arica y Parinacota,1302,15202,General Lagos,2024,CL.SFH.preRT.adobe.H,32.0,1,64076,122,0.0019039890130470066,0.0001238264399898503,12.2,10,1.703125,6583.17773353077,205.72430417283655,coverage_mid,0.5,9874.766600296154,4937.383300148078,9874.766600296156,0.0,1645.794433382692,2369.9439840710775,3.385634262958682,5.29005353587294,coverage_sensitivity,0.75,,,8784,1990,SFH,adobe,H,2,32.0,False,12.0,,9,,,1.0,1.0,1.0
45212,9,15,Arica y Parinacota,1101,15101,Arica,2024,CL.SFH.post2021.lad.A,100.0,1,64076,122,0.0019039890130470066,0.0001238264399898503,12.2,10,4.625,2836.177601966478,28.36177601966478,coverage_mid,0.5,4254.266402949717,2127.1332014748587,4254.266402949717,0.0,709.0444004916188,1021.0239367079322,1.4586056238684746,2.2790712872944914,coverage_sensitivity,0.75,,,8784,2022,SFH,lad,A,5,100.0,False,12.0,,9,,,1.0,1.0,1.0
102594,10,15,Arica y Parinacota,1301,15201,Putre,2024,CL.SFH.preRT.adobe.H,41.0,1,64076,122,0.0019039890130470066,0.0001238264399898503,12.2,10,0.6494845360824743,9287.06494307829,226.5137790994705,coverage_mid,0.5,13930.597414617436,6965.298707308718,13930.597414617436,0.0,2321.7662357695726,3343.3433795081846,4.776204827868836,7.462820043545055,coverage_sensitivity,0.75,,,8784,1990,SFH,adobe,H,1,41.0,False,12.0,,9,,,1.0,1.0,1.0
1643605,1,16,Nuble,8117,16105,Pemuco,2024,CL.SFH.preRT.adobe.F,375.0,1,126745,58288,0.4598840190934554,0.05916061913219995,1942.9333333333334,30,3.272727272727273,29642.234394265008,79.0459583847067,coverage_mid,0.5,44463.35159139751,22231.67579569876,44463.35159139752,0.0,7410.558598566248,10671.204381935406,15.24457768847915,23.819652638248673,coverage_sensitivity,0.75,,,8784,1990,SFH,adobe,F,3,375.0,False,12.0,,9,,,1.0,1.0,1.0
1634101,2,16,Nuble,8114,16108,San Ignacio,2024,CL.SFH.RT2.mad.F,103.0,1,126745,58288,0.4598840190934554,0.05916061913219995,1942.9333333333334,30,2.7857142857142856,8301.010829881321,80.59233815418759,coverage_mid,0.5,12451.516244821982,6225.75812241099,12451.51624482198,1.8189894035458565e-12,2075.2527074703303,2988.3638987572754,4.269091283938965,6.670455131154633,coverage_sensitivity,0.75,,,8784,2011,SFH,mad,F,3,103.0,False,12.0,,9,,,1.0,1.0,1.0
1627419,3,16,Nuble,8112,16305,San Nicolás,2024,CL.SFH.RT2.mad.F,36.0,1,126745,58288,0.4598840190934554,0.05916061913219995,1942.9333333333334,30,2.403225806451613,3876.044278837133,107.66789663436481,coverage_mid,0.5,5814.066418255699,2907.03320912785,5814.0664182557,0.0,969.0110697092832,1395.375940381368,1.9933942005448115,3.114678438351268,coverage_sensitivity,0.75,,,8784,2011,SFH,mad,F,2,36.0,False,12.0,,9,,,1.0,1.0,1.0
1647301,4,16,Nuble,8120,16203,Coelemu,2024,CL.SFH.preRT.mad.E,136.0,1,126745,58288,0.4598840190934554,0.05916061913219995,1942.9333333333334,30,5.076923076923077,9470.965307728602,69.63945079212208,coverage_mid,0.5,14206.447961592903,7103.223980796452,14206.447961592905,0.0,2367.7413269321505,3409.5475107822976,4.870782158260425,7.610597122281915,coverage_sensitivity,0.75,,,8784,1990,SFH,mad,E,5,136.0,False,12.0,,9,,,1.0,1.0,1.0
1610029,5,16,Nuble,8107,16202,Cobquecura,2024,CL.SFH.RT2.mad.E,79.0,1,126745,58288,0.4598840190934554,0.05916061913219995,1942.9333333333334,30,36.0,5308.233480208801,67.19282886340254,coverage_mid,0.5,7962.350220313201,3981.1751101566006,7962.350220313201,0.0,1327.058370052201,1910.9640528751684,2.729948646964526,4.265544760882072,coverage_sensitivity,0.75,,,8784,2011,SFH,mad,E,8,79.0,False,12.0,,9,,,1.0,1.0,1.0
1604597,6,16,Nuble,8103,16302,Coihueco,2024,CL.SFH.preRT.mad.F,115.0,1,126745,58288,0.4598840190934554,0.05916061913219995,1942.9333333333334,30,3.5,15911.564443954703,138.3614299474322,coverage_mid,0.5,23867.346665932055,11933.673332966026,23867.34666593205,3.637978807091713e-12,3977.8911109886776,5728.163199823693,8.183090285462418,12.786078571035029,coverage_sensitivity,0.75,,,8784,1990,SFH,mad,F,4,115.0,False,12.0,,9,,,1.0,1.0,1.0
1644670,7,16,Nuble,8118,16104,El Carmen,2024,CL.SFH.preRT.adobe.F,24.0,1,126745,58288,0.4598840190934554,0.05916061913219995,1942.9333333333334,30,2.25,4432.248905544333,184.67703773101388,coverage_mid,0.5,6648.373358316499,3324.1866791582493,6648.3733583164985,9.094947017729282e-13,1108.0622263860823,1595.6096059959598,2.2794422942799426,3.5616285848124103,coverage_sensitivity,0.75,,,8784,1990,SFH,adobe,F,2,24.0,False,12.0,,9,,,1.0,1.0,1.0
1642459,8,16,Nuble,8116,16109,Yungay,2024,CL.SFH.preRT.mad.F,61.0,1,126745,58288,0.4598840190934554,0.05916061913219995,1942.9333333333334,30,2.35,6868.007922609552,112.59029381327134,coverage_mid,0.5,10302.011883914329,5151.005941957165,10302.01188391433,0.0,1717.0019806523874,2472.4828521394393,3.532118360199199,5.518934937811248,coverage_sensitivity,0.75,,,8784,1990,SFH,mad,F,2,61.0,False,12.0,,9,,,1.0,1.0,1.0
1612576,9,16,Nuble,8109,16301,San Carlos,2024,CL.SFH.RT1.lad.F,77.0,1,126745,58288,0.4598840190934554,0.05916061913219995,1942.9333333333334,30,3.5833333333333335,4074.654519064059,52.91759115667609,coverage_mid,0.5,6111.981778596089,3055.9908892980447,6111.9817785960895,0.0,1018.6636297660141,1466.8756268630614,2.0955366098043733,3.274275952819333,coverage_sensitivity,0.75,,,8784,2003,SFH,lad,F,4,77.0,False,12.0,,9,,,1.0,1.0,1.0
1601149,10,16,Nuble,8102,16106,Pinto,2024,CL.SFH.CEV.mad.F,76.0,1,126745,58288,0.4598840190934554,0.05916061913219995,1942.9333333333334,30,34.5,10334.214444865831,135.97650585349777,coverage_mid,0.5,15501.321667298747,7750.660833649374,15501.321667298747,0.0,2583.5536112164586,3720.3172001516996,5.314738857359571,8.30427946462433,coverage_sensitivity,0.75,,,8784,2018,SFH,mad,F,8,76.0,False,12.0,,9,,,1.0,1.0,1.0
1638979,11,16,Nuble,8115,16107,Quillón,2024,CL.SFH.RT1.mad.F,35.0,1,126745,58288,0.4598840190934554,0.05916061913219995,1942.9333333333334,30,4.25,3515.4200532005284,100.44057294858652,coverage_mid,0.5,5273.130079800792,2636.5650399003957,5273.1300798007915,9.094947017729282e-13,878.8550133001316,1265.5512191521898,1.8079303130745568,2.8248911141789947,coverage_sensitivity,0.75,,,8784,2003,SFH,mad,F,4,35.0,False,12.0,,9,,,1.0,1.0,1.0
1611409,12,16,Nuble,8108,16207,Treguaco,2024,CL.SFH.CEV.lad.E,62.0,1,126745,58288,0.4598840190934554,0.05916061913219995,1942.9333333333334,30,3.230769230769231,5378.6013324486385,86.75163439433288,coverage_mid,0.5,8067.901998672958,4033.95099933648,8067.90199867296,0.0,1344.6503331121587,1936.2964796815104,2.7661378281164435,4.322090356431943,coverage_sensitivity,0.75,,,8784,2018,SFH,lad,E,3,62.0,False,12.0,,9,,,1.0,1.0,1.0
1630006,13,16,Nuble,8113,16102,Bulnes,2024,CL.SFH.preRT.adobe.F,126.0,1,126745,58288,0.4598840190934554,0.05916061913219995,1942.9333333333334,30,7.285714285714286,10364.57806581158,82.25855607786968,coverage_mid,0.5,15546.86709871737,7773.433549358685,15546.86709871737,0.0,2591.1445164528945,3731.2481036921686,5.330354433845955,8.328678802884305,coverage_sensitivity,0.75,,,8784,1990,SFH,adobe,F,7,126.0,False,12.0,,9,,,1.0,1.0,1.0
1625886,14,16,Nuble,8110,16303,Ñiquén,2024,CL.SFH.preRT.lad.F,59.0,1,126745,58288,0.4598840190934554,0.05916061913219995,1942.9333333333334,30,2.347826086956522,3641.677601095983,61.72334917111836,coverage_mid,0.5,5462.516401643974,2731.2582008219874,5462.516401643975,0.0,910.4194002739955,1311.003936394554,1.8728627662779345,2.9263480723092727,coverage_sensitivity,0.75,,,8784,1990,SFH,lad,F,2,59.0,False,12.0,,9,,,1.0,1.0,1.0
1609062,15,16,Nuble,8105,16204,Ninhue,2024,CL.SFH.preRT.adobe.F,20.0,1,126745,58288,0.4598840190934554,0.05916061913219995,1942.9333333333334,30,3.0,3248.177929158962,162.4088964579481,coverage_mid,0.5,4872.266893738442,2436.133446869221,4872.266893738442,0.0,812.0444822897415,1169.3440544972261,1.6704915064246086,2.610142978788451,coverage_sensitivity,0.75,,,8784,1990,SFH,adobe,F,3,20.0,False,12.0,,9,,,1.0,1.0,1.0
1597367,16,16,Nuble,8101,16101,Chillán,2024,CL.SFH.RT2.lad.F,44.0,1,126745,58288,0.4598840190934554,0.05916061913219995,1942.9333333333334,30,2.4434250764525993,5632.437820908277,128.0099504751881,coverage_mid,0.5,8448.656731362415,4224.328365681207,8448.656731362415,0.0,1408.10945522707,2027.6776155269795,2.896682307895685,4.526066106087008,coverage_sensitivity,0.75,,,8784,2011,SFH,lad,F,2,44.0,False,12.0,,9,,,1.0,1.0,1.0
1626553,17,16,Nuble,8111,16304,San Fabián,2024,CL.SFH.CEV.mad.F,51.0,1,126745,58288,0.4598840190934554,0.05916061913219995,1942.9333333333334,30,5.1063829787234045,8887.838097053715,174.27133523634734,coverage_mid,0.5,13331.757145580572,6665.878572790285,13331.75714558057,1.8189894035458565e-12,2221.959524263428,3199.621714939337,4.570888164199053,7.142012756561019,coverage_sensitivity,0.75,,,8784,2018,SFH,mad,F,5,51.0,False,12.0,,9,,,1.0,1.0,1.0
1609438,18,16,Nuble,8106,16205,Portezuelo,2024,CL.SFH.RT1.mad.F,30.0,1,126745,58288,0.4598840190934554,0.05916061913219995,1942.9333333333334,30,3.2698412698412698,3302.926079466369,110.0975359822123,coverage_mid,0.5,4954.3891191995535,2477.194559599777,4954.389119199554,0.0,825.7315198665921,1189.053388607893,1.698647698011276,2.6541370281426184,coverage_sensitivity,0.75,,,8784,2003,SFH,mad,F,3,30.0,False,12.0,,9,,,1.0,1.0,1.0
1654060,19,16,Nuble,8121,16103,Chillán Viejo,2024,CL.SFH.preRT.lad.F,48.0,1,126745,58288,0.4598840190934554,0.05916061913219995,1942.9333333333334,30,1.7374100719424461,3194.8962168754165,66.56033785157118,coverage_mid,0.5,4792.3443253131245,2396.1721626565623,4792.3443253131245,0.0,798.7240542188547,1150.16263807515,1.6430894829645,2.567327317132031,coverage_sensitivity,0.75,,,8784,1990,SFH,lad,F,2,48.0,False,12.0,,9,,,1.0,1.0,1.0
1606482,20,16,Nuble,8104,16201,Quirihue,2024,CL.SFH.RT2.mad.E,49.0,1,126745,58288,0.4598840190934554,0.05916061913219995,1942.9333333333334,30,4.6571428571428575,4325.201342254476,88.26941514805053,coverage_mid,0.5,6487.802013381714,3243.9010066908563,6487.802013381713,9.094947017729282e-13,1081.3003355636192,1557.072483211611,2.224389261730873,3.4756082214544888,coverage_sensitivity,0.75,,,8784,2011,SFH,mad,E,5,49.0,False,12.0,,9,,,1.0,1.0,1.0
1646036,21,16,Nuble,8119,16206,Ránquil,2024,CL.SFH.post2021.mad.F,52.0,1,126745,58288,0.4598840190934554,0.05916061913219995,1942.9333333333334,30,7.117647058823529,3409.050336364345,65.55866031469894,coverage_mid,0.5,5113.575504546518,2556.7877522732592,5113.5755045465185,0.0,852.2625840910861,1227.2581210911644,1.753225887273092,2.739415448864206,coverage_sensitivity,0.75,,,8784,2022,SFH,mad,F,7,52.0,False,12.0,,9,,,1.0,1.0,1.0
1606829,22,16,Nuble,8104,16201,Quirihue,2024,CL.SFH.preRT.adobe.E,30.0,1,126745,58288,0.4598840190934554,0.05916061913219995,1942.9333333333334,30,1.6,4923.7048640147805,164.12349546715936,coverage_mid,0.5,7385.557296022171,3692.7786480110854,7385.557296022171,0.0,1230.9262160036958,1772.533751045321,2.5321910729218873,3.9565485514404486,coverage_sensitivity,0.75,,,8784,1990,SFH,adobe,E,2,30.0,False,12.0,,9,,,1.0,1.0,1.0
1640616,23,16,Nuble,8116,16109,Yungay,2024,CL.SFH.RT1.lad.F,50.0,1,126745,58288,0.4598840190934554,0.05916061913219995,1942.9333333333334,30,2.1944444444444446,4059.5503941703487,81.19100788340697,coverage_mid,0.5,6089.325591255523,3044.6627956277616,6089.325591255523,0.0,1014.8875985425866,1461.4381419013257,2.087768774144751,3.2621387096011736,coverage_sensitivity,0.75,,,8784,2003,SFH,lad,F,2,50.0,False,12.0,,9,,,1.0,1.0,1.0
1646533,24,16,Nuble,8120,16203,Coelemu,2024,CL.SFH.RT2.mad.E,70.0,1,126745,58288,0.4598840190934554,0.05916061913219995,1942.9333333333334,30,4.545454545454546,5552.652453821892,79.32360648316988,coverage_mid,0.5,8328.978680732838,4164.489340366419,8328.978680732838,0.0,1388.1631134554727,1998.9548833758813,2.855649833394116,4.461952864678306,coverage_sensitivity,0.75,,,8784,2011,SFH,mad,E,5,70.0,False,12.0,,9,,,1.0,1.0,1.0
1652365,25,16,Nuble,8121,16103,Chillán Viejo,2024,CL.SFH.preRT.lad.F,60.0,1,126745,58288,0.4598840190934554,0.05916061913219995,1942.9333333333334,30,2.433333333333333,3909.950294745802,65.16583824576337,coverage_mid,0.5,5864.925442118702,2932.462721059351,5864.925442118702,0.0,977.4875736864506,1407.5821061084887,2.0108315801549836,3.141924343992162,coverage_sensitivity,0.75,,,8784,1990,SFH,lad,F,2,60.0,False,12.0,,9,,,1.0,1.0,1.0
1561572,26,16,Nuble,8101,16101,Chillán,2024,CL.SFH.preRT.mad.F,68.0,1,126745,58288,0.4598840190934554,0.05916061913219995,1942.9333333333334,30,1.608695652173913,6069.658094559484,89.25967786116888,coverage_mid,0.5,9104.487141839227,4552.2435709196125,9104.487141839225,1.8189894035458565e-12,1517.4145236398715,2185.076914041414,3.1215384486305915,4.877403825985299,coverage_sensitivity,0.75,,,8784,1990,SFH,mad,F,2,68.0,False,12.0,,9,,,1.0,1.0,1.0
1643750,27,16,Nuble,8117,16105,Pemuco,2024,CL.SFH.preRT.mad.F,48.0,1,126745,58288,0.4598840190934554,0.05916061913219995,1942.9333333333334,30,2.761904761904762,4701.509595715402,97.9481165774042,coverage_mid,0.5,7052.264393573103,3526.132196786551,7052.264393573102,9.094947017729282e-13,1175.3773989288509,1692.5434544575444,2.417919220653635,3.7779987822713044,coverage_sensitivity,0.75,,,8784,1990,SFH,mad,F,3,48.0,False,12.0,,9,,,1.0,1.0,1.0
1626001,28,16,Nuble,8110,16303,Ñiquén,2024,CL.SFH.preRT.lad.F,31.0,1,126745,58288,0.4598840190934554,0.05916061913219995,1942.9333333333334,30,2.176470588235294,2069.7351725529766,66.76565072751538,coverage_mid,0.5,3104.6027588294646,1552.301379414732,3104.602758829464,4.547473508864641e-13,517.4337931382446,745.1046621190713,1.0644352315986734,1.6631800493729272,coverage_sensitivity,0.75,,,8784,1990,SFH,lad,F,2,31.0,False,12.0,,9,,,1.0,1.0,1.0
1611050,29,16,Nuble,8107,16202,Cobquecura,2024,CL.SFH.CEV.mad.E,129.0,1,126745,58288,0.4598840190934554,0.05916061913219995,1942.9333333333334,30,29.0,6393.859950380352,49.56480581690195,coverage_mid,0.5,9590.789925570527,4795.394962785264,9590.789925570529,0.0,1598.4649875950872,2301.7895821369266,3.288270831624181,5.137923174412783,coverage_sensitivity,0.75,,,8784,2018,SFH,mad,E,8,129.0,False,12.0,,9,,,1.0,1.0,1.0
1621877,30,16,Nuble,8109,16301,San Carlos,2024,CL.SFH.preRT.lad.F,84.0,1,126745,58288,0.4598840190934554,0.05916061913219995,1942.9333333333334,30,2.5681818181818183,4993.209789451956,59.442973683951855,coverage_mid,0.5,7489.8146841779335,3744.907342088967,7489.814684177934,0.0,1248.302447362989,1797.5555242027042,2.56793646314672,4.01240072366675,coverage_sensitivity,0.75,,,8784,1990,SFH,lad,F,3,84.0,False,12.0,,9,,,1.0,1.0,1.0
